amount,hour_of_day,is_international,distance_from_home,avg_monthly_spend,num_txns_last_24h,ratio_to_avg_amount,is_fraud,bank_id,cat_entertainment,cat_food,cat_gas,cat_online,cat_retail,cat_travel
99.09281969984117,17,0,41.40126277450018,781.370694173087,1,1.5996702415066157,0,A,False,False,False,False,True,False
46.25098858748697,22,0,4.063245093421902,1382.226797893282,5,0.37727640091728626,1,A,True,False,False,False,False,False
118.77444159821053,12,1,3.1507531624345404,1679.774161573748,3,0.5651529395955752,0,A,False,False,False,True,False,False
339.5549629431532,16,0,14.113035632693492,398.90611442800383,1,0.8953328283034309,0,A,False,False,True,False,False,False
41.223807868001316,3,0,13.553468663516048,1226.338288958887,1,0.9903168641262374,0,A,True,False,False,False,False,False
41.2246200398026,13,0,10.703258834783682,126.72468232302528,3,2.1406404692617484,0,A,False,False,False,True,False,False
363.2369508989553,19,0,0.06544041330764656,1010.404014605466,4,1.0240329651905609,0,A,False,False,False,False,False,True
137.1289432764146,12,0,12.153247324038357,1743.4126820026722,2,0.9813948605578657,0,A,False,False,True,False,False,False
31.082057917775252,2,0,40.500796744356165,1435.8844756435396,7,1.0995704063991765,1,A,False,False,False,True,False,False
104.69716627282035,17,0,6.110000788831536,2079.750700869493,4,1.7681606977769861,0,A,True,False,False,False,False,False
31.308786237734484,13,1,51.44357938455987,1451.515965633861,1,0.6984553168310164,1,A,False,False,False,False,False,True
31.222041249947203,14,0,6.618483170876844,710.6146348939845,4,0.44013675126174145,0,A,False,False,False,True,False,False
72.99235618557107,2,0,2.2598058138842556,320.0985067178356,4,1.0486284738118783,1,A,False,False,False,True,False,False
5.496237165709297,0,1,7.622522741561404,1200.5348632505654,4,1.0433670384891394,1,A,True,False,False,False,False,False
6.890189587564418,23,0,10.236412025660876,1608.477943334183,4,0.9138905349214215,0,A,False,False,True,False,False,False
27.80608731552285,16,0,14.892086699351527,268.79744108799423,2,2.271509502465809,0,A,False,False,False,False,False,True
16.19338224849221,2,0,10.544271140574768,1514.921375289404,3,1.526716368735964,0,A,False,False,False,False,True,False
79.60658369086617,13,0,11.541310399429953,1176.373249097594,2,0.3862438457032708,0,A,False,True,False,False,False,False
18.36361221127824,2,0,0.3654207265485374,819.1382144763047,3,0.7779971596030307,0,A,False,False,True,False,False,False
10.026539809923282,12,0,4.3878097754669225,1559.015347007707,1,1.2823330830018005,0,A,False,False,False,False,False,True
316.9609317863122,14,0,5.581107609256716,879.8039083729834,3,1.2338069770457296,0,A,False,False,False,True,False,False
41.64029962875137,17,1,65.24459738711175,835.8306659686704,0,1.7374437899513804,1,A,False,False,False,False,False,True
59.206648754477484,13,0,5.2554465512828825,396.6158199884195,1,2.128239895844263,0,A,False,True,False,False,False,False
9.877922106601407,20,0,34.034186715024134,1515.9231113763144,3,1.222799501768475,0,A,True,False,False,False,False,False
28.40998678093474,2,0,5.451959068021464,385.7296076949801,3,1.35702141668078,0,A,False,True,False,False,False,False
62.37141688248189,18,0,1.5157196047746155,634.4258630152589,2,0.502066165832086,0,A,False,False,False,False,True,False
13.7193563384931,7,0,4.267654598570592,1579.135051396003,3,0.7111027529198444,0,A,False,False,False,False,True,False
85.69869706233361,3,0,4.7788915506173595,959.1159631746755,4,0.758653207547503,0,A,False,True,False,False,False,False
26.555412089611103,3,0,57.421153121321275,4303.839495584814,2,0.4917796080751844,1,A,False,False,True,False,False,False
38.47341565224877,18,0,16.826287297459857,1762.1428020917044,2,1.4614902875417144,0,A,False,False,True,False,False,False
26.521402945294867,10,0,40.25350953771628,2000.3337534399589,4,1.063915233601679,0,A,False,False,False,True,False,False
504.079413138774,0,0,27.026694556214846,2171.451329742026,6,2.5015783171413166,1,A,False,False,False,False,True,False
53.720964747848015,7,1,12.962537939007511,904.112178942657,1,1.3871276307227178,1,A,False,False,False,True,False,False
15.344343204802275,14,0,16.876866339586545,716.6096895407788,3,1.176922039872165,0,A,False,False,False,False,True,False
146.50417033812855,0,0,14.705927956255737,415.26822828406955,2,2.1828830424520693,0,A,False,True,False,False,False,False
12.616274658028534,6,0,16.46103149726227,342.79443114274784,2,0.6973069987491594,0,A,False,False,True,False,False,False
70.1500355981342,20,0,4.613653318353788,2746.0106237542905,3,0.40292305746026585,0,A,False,False,True,False,False,False
5.198633753450879,19,0,7.866900626884418,666.6285432673305,2,1.5997110799598453,0,A,False,True,False,False,False,False
11.09147440215336,19,0,13.46997880401917,2242.017228057415,5,1.2308407305029287,1,A,False,False,False,True,False,False
69.14691770275763,23,0,0.5488467112673396,337.81554296918125,2,0.9352380411942831,1,A,False,False,False,True,False,False
132.44399753862692,10,0,9.890896737047981,947.549407401304,0,0.7866689329621464,0,A,False,False,False,False,False,True
67.06363450839322,13,0,29.462464205267654,3023.4760686351865,3,0.6954340626771742,0,A,False,False,False,False,True,False
47.523392387591564,21,0,10.169969500887468,1356.770680638159,2,0.995891786151713,0,A,False,False,False,True,False,False
38.04141996900172,15,0,12.05526168342637,1385.7596738435502,5,1.1106725506680704,1,A,False,True,False,False,False,False
9.260644174868329,13,0,3.38291688003695,686.0577380193351,2,1.4186987850428532,0,A,False,False,False,True,False,False
23.015938401834624,11,0,23.72320828633239,532.6376054131953,3,0.4881144057400802,0,A,False,False,True,False,False,False
31.413366116716254,16,1,6.668039427442144,1057.8877163155873,2,1.7414620925517348,1,A,False,False,False,False,True,False
194.13361739881734,13,0,47.05513639208193,445.6178370239908,6,0.9057123781905564,0,A,True,False,False,False,False,False
82.46236005574482,9,0,76.04338394670978,1006.2981738132661,4,1.0322653728353761,0,A,False,False,False,False,False,True
6.582086639723005,23,1,37.154174094510104,2404.240218229354,7,0.6900588438418266,1,A,False,False,False,False,True,False
80.55182477223838,13,0,1.3304477648935082,397.96299229936346,0,1.261119565450843,0,A,False,False,True,False,False,False
34.3946580645791,17,0,6.078598000814258,1833.0618193519988,3,2.5069241016171793,0,A,False,False,True,False,False,False
24.232473156419946,21,0,43.54391529804957,2432.628902036544,1,1.4838418003563296,0,A,False,False,True,False,False,False
113.75096560259378,8,0,24.48547830255156,890.5265386919666,2,0.8015567442780291,0,A,False,False,True,False,False,False
188.14245720936037,16,0,36.31775761442786,1126.2971528042353,4,0.41614889179352943,0,A,False,True,False,False,False,False
166.92358668464297,5,1,12.748881418757176,747.2597516906433,2,0.7363364210163659,0,A,False,False,False,False,False,True
19.944211924306437,7,0,9.820370287875678,855.7398193597046,9,0.7604346242302839,0,A,True,False,False,False,False,False
37.67305618840236,12,0,1.6890723360594846,2110.111776447583,3,1.2306058408195488,0,A,False,False,True,False,False,False
81.24880534733028,17,0,27.439260685962772,1958.624447912109,2,0.7199586723367832,0,A,False,False,True,False,False,False
176.02995026958692,4,0,20.505704696838592,1502.2928294443564,6,0.6756811335514432,0,A,False,False,False,True,False,False
30.72236572481256,5,0,0.9102152116548874,1783.505246562424,1,0.8366577474011542,1,A,False,False,False,False,False,True
43.69393162329185,20,0,3.5247237317459215,1286.9398796346002,4,0.9760793250354711,0,A,False,False,False,False,True,False
14.474638241466018,18,0,12.22218388593485,410.9632957490862,3,0.8505170276687168,0,A,False,False,False,False,False,True
12.994836043245911,3,0,17.299309517161014,2568.80979867283,4,0.8158575084511461,0,A,False,False,False,False,False,True
144.7533105311418,6,0,2.2217633610444367,536.5749205900225,5,0.5069158628010133,1,A,True,False,False,False,False,False
277.9630063868281,3,0,4.212082921812666,1012.2063695946541,3,1.2496256875445793,0,A,False,False,False,False,False,True
50.07830368450231,10,0,3.2185228453572963,2170.2562945856785,6,0.5961220465601583,1,A,True,False,False,False,False,False
182.0423727834384,11,0,3.7268656332417094,357.45629358916676,3,1.578198198115771,0,A,False,False,True,False,False,False
84.26471645963721,13,1,38.02023985060813,1807.3718846453685,6,1.742335292412353,1,A,False,False,True,False,False,False
25.175122246804545,12,0,18.872189045113707,422.55027904810316,4,0.5396348020264036,0,A,False,True,False,False,False,False
84.24040930499022,9,0,20.040121487278125,1764.8008887844446,3,2.3776279185649996,0,A,True,False,False,False,False,False
345.72507550926656,17,0,23.697845215217264,2870.1924679255512,5,1.7334818566416663,0,A,True,False,False,False,False,False
52.30064758246174,15,0,6.614201501563459,607.8798868283553,2,1.0867594803977152,0,A,False,False,False,False,True,False
356.94167282069765,4,0,21.862642139368326,547.8063633972973,2,0.6102525385031299,0,A,False,False,False,True,False,False
2.3544469875950256,7,0,57.53523396272405,1165.4112273012752,3,0.27802088497216165,0,A,False,False,False,False,False,True
146.3912753650361,13,0,17.979518468777623,534.212934468078,3,1.0020545979581668,0,A,False,False,False,False,True,False
60.60979307312275,4,1,8.087170563236645,192.1382492420957,1,1.0661252098842284,1,A,True,False,False,False,False,False
38.13723797332287,23,1,18.900730425752002,1074.6556760601304,3,1.5587499383760817,1,A,False,False,False,False,True,False
60.95360078339765,7,0,34.6584576202335,1433.8163500634753,4,0.37483137280214623,0,A,False,True,False,False,False,False
5.027472146793341,5,0,2.0675934982730064,843.2183451844404,2,1.6389621853989194,0,A,False,False,False,True,False,False
41.946447056016595,15,1,4.624286689826421,1200.470467511614,2,1.75740026574401,1,A,True,False,False,False,False,False
83.80855460033588,3,0,37.75454710162498,2537.929639988019,3,1.237929665508935,0,A,True,False,False,False,False,False
321.65284849123617,11,0,43.84640296954161,823.6164723654839,4,0.5088508921456785,0,A,False,False,False,False,False,True
29.314308398577648,10,0,9.928772640807308,914.7909958054248,2,0.8911910679375066,0,A,False,False,False,True,False,False
20.693252408514105,2,0,7.039281429882104,1079.4539139922363,3,0.5618781502744705,0,A,False,True,False,False,False,False
29.90098872867448,11,0,4.985627533819166,853.0543691000142,2,0.5188100962605621,0,A,False,False,True,False,False,False
163.7731995698319,4,1,10.35980062292673,853.2306149356243,4,0.5578981667379523,1,A,False,False,False,False,True,False
81.00422644071419,5,1,40.89271269424373,4302.222604963204,3,1.1159203485136073,0,A,False,False,False,False,False,True
28.912896911269087,18,0,2.4344248025830395,1212.6780102711439,6,0.6602690040894579,1,A,True,False,False,False,False,False
101.08087305356703,17,0,8.166528233419701,864.846605542136,3,0.8892128758278978,0,A,False,False,True,False,False,False
61.34373575235836,15,0,36.38958289347253,3319.0729943845135,1,1.395513185153827,0,A,False,True,False,False,False,False
174.57841121265602,22,0,6.441432963386188,2613.1581759436986,2,0.997419010809719,1,A,False,False,False,True,False,False
23.512596230276586,10,0,21.920532919830297,1806.9870827651216,4,0.8198160008015969,0,A,False,False,False,False,True,False
36.84815037715509,4,0,7.396253884350928,673.3323543178194,5,0.9314008850895432,0,A,False,False,False,False,False,True
34.10589407888905,8,0,24.51569673738183,9758.458303862715,4,2.2283971190548857,0,A,True,False,False,False,False,False
9.428924716881944,2,0,59.451599841349314,313.3708520156353,3,1.9094883012259651,1,A,True,False,False,False,False,False
77.89364203037499,7,1,7.360983095400259,263.7606168448788,2,0.2937843319541912,1,A,False,False,True,False,False,False
74.68403342205178,5,1,27.974502687402964,1489.6877709752785,2,0.7845594942889049,1,A,False,False,True,False,False,False
54.934202339598926,3,0,66.8730247651567,824.2464743497785,7,1.007310946819914,0,A,False,False,False,False,True,False
41.20235603144944,11,0,61.86909674498465,151.15946865402714,0,2.8002565920912814,0,A,False,False,False,True,False,False
9.9897054679635,11,0,8.531352494382705,979.8229896253295,4,0.9115141524211701,0,A,False,True,False,False,False,False
32.95772279449388,20,0,9.97601063211938,1168.062373823766,5,0.8176059067320607,0,A,False,False,False,True,False,False
36.18854311373808,15,1,5.42319244290153,958.5274404181506,5,0.8874330355641011,0,A,False,False,False,True,False,False
20.848192981480263,9,0,5.653575059929473,1396.5754228224935,4,0.9435583455806729,0,A,False,False,False,True,False,False
44.99076047904262,21,0,10.17301024953907,753.0835064062211,0,1.113160171146682,0,A,False,False,False,False,True,False
88.6646280717643,13,0,3.356879986371288,981.51125394696,2,1.2005973169106663,0,A,False,False,False,False,True,False
525.0130300637265,12,0,18.62632968294252,3122.8593293132694,3,0.907450860767245,0,A,False,True,False,False,False,False
67.32242397264811,8,0,11.528038402819707,2361.536219617621,3,2.5143465879123275,0,A,False,False,False,True,False,False
74.37058262817449,6,0,34.25171930235724,928.0661467029142,8,1.016550119270793,0,A,False,False,False,False,True,False
49.932140872940636,11,0,24.957020340275935,1700.3384938084403,3,1.7840158974055162,0,A,False,True,False,False,False,False
5.460140607098919,4,0,5.839546339076476,2205.92077537239,1,1.0384383837307967,1,A,True,False,False,False,False,False
52.8883638405275,17,0,10.57236510029211,517.989485999086,1,0.8114454672970395,0,A,False,True,False,False,False,False
58.69040480739509,3,0,20.82534293693985,1428.4364083039097,1,1.263298195842585,0,A,False,False,False,True,False,False
1049.3125715481372,1,1,3.2201944636056052,1242.7173942876964,2,0.3005533960955438,1,A,False,False,False,False,False,True
43.34393745118188,2,0,0.4816156448987259,1855.862983726382,4,0.924311550697388,1,A,False,False,False,True,False,False
78.4025781043957,11,0,28.689041027959135,515.335230795713,1,0.2328060206624515,0,A,False,False,False,False,False,True
52.37062677117387,2,0,2.219676019971004,1067.0447308086939,4,0.5418110694338887,1,A,False,True,False,False,False,False
13.431280535281523,3,0,33.02907823870663,599.7701114412292,4,0.6709900709543514,0,A,True,False,False,False,False,False
215.161170476377,5,0,36.732907147191725,1430.2897342850886,3,0.9880568016211767,1,A,True,False,False,False,False,False
134.60164509307046,11,0,9.262261335862897,566.7009942041652,2,1.1822674544511027,0,A,False,False,False,False,True,False
141.06747703713634,18,0,24.659020576848224,708.9292238779414,2,0.43380414962154434,0,A,True,False,False,False,False,False
18.333592892673163,9,0,6.76928847364903,1209.6794134309666,4,0.7794833252225014,0,A,False,False,True,False,False,False
293.9333888478192,0,0,29.306894649676696,516.8759999502055,5,0.8397315243040782,0,A,False,True,False,False,False,False
10.15309641669809,16,0,26.117297257568197,301.0774540907294,3,2.791726736324927,0,A,False,False,False,False,True,False
110.41306978397004,15,1,1.226586875094734,2518.305918257492,2,0.9649696555921274,0,A,True,False,False,False,False,False
756.3821599019425,8,0,13.10571682220092,655.4201642231271,3,0.5291186952744795,0,A,False,True,False,False,False,False
16.63246336212351,20,0,15.324723029580458,357.87411279003993,3,1.533252736327646,0,A,False,False,False,True,False,False
27.672599183925453,8,1,0.012864875580515947,451.73924160484415,2,0.8732359905602269,0,A,True,False,False,False,False,False
61.533493609694005,22,0,58.61920888564357,1012.5201229909597,2,1.4513825171421884,0,A,False,False,False,False,False,True
29.839386487701038,8,0,7.827478945712867,3872.537566688549,8,1.653206936239567,0,A,False,True,False,False,False,False
8.492673772493651,11,0,10.926741735629664,980.6715994657333,5,0.6526773042638149,1,A,False,False,False,False,True,False
59.280212743224645,22,1,3.2500447805455113,1748.1198369404294,5,0.8149477379782536,1,A,False,False,False,True,False,False
15.260007899682307,8,0,14.159499674572418,806.4491356077439,3,0.8269337141809255,0,A,False,False,True,False,False,False
96.38117637809113,14,1,24.95998491495118,1272.4303057281122,2,1.5537845162217605,1,A,False,False,False,True,False,False
18.114105042787,1,0,13.224439566997821,929.4986150118323,2,2.2506280832041234,0,A,True,False,False,False,False,False
350.6965382135187,10,0,23.270014925439654,1730.3356039084704,7,2.2938751370223196,0,A,False,False,False,False,False,True
21.329605755137237,10,0,19.70167981348296,443.1639064178117,3,0.8996597639471713,0,A,False,False,False,True,False,False
37.096631878763176,7,0,4.070396367873086,1164.6335758146945,2,2.155046706174959,0,A,False,False,True,False,False,False
144.92562225389653,22,0,8.58553860789619,1240.1132811505647,2,1.205077224687582,1,A,False,False,False,False,True,False
12.465474966729873,5,0,2.4135720423991294,1505.2736093403853,3,0.8346284038773804,1,A,False,True,False,False,False,False
71.73307379581941,20,0,0.6426085050618482,373.6646421683493,0,0.6749175419193345,0,A,False,False,False,False,False,True
262.05942869998876,19,0,0.9771838647339052,749.3738101516698,4,1.2682777933142502,0,A,False,False,True,False,False,False
7.93291150158508,6,0,42.83953667366509,1773.6688899814865,1,2.223512828900094,1,A,True,False,False,False,False,False
68.1397422954124,2,0,62.54002347571854,1313.7792147078694,4,1.846431527609936,1,A,True,False,False,False,False,False
74.57902885147458,7,0,1.4969322391115842,4389.906335056284,2,0.6718888543034669,0,A,True,False,False,False,False,False
139.51713791218427,17,0,6.1238874089704725,718.0315396537152,6,1.188829469984827,1,A,False,False,False,False,False,True
12.374762878604711,16,0,1.8226987415508042,223.68331732896684,2,0.6523514547674598,0,A,False,False,False,True,False,False
11.19482999679886,10,1,26.957203433959066,755.1653551734095,2,1.11066459660178,1,A,False,False,False,False,False,True
102.13851464197282,1,0,10.286529783829575,130.37512500633187,5,1.2624001598720296,0,A,True,False,False,False,False,False
77.97448110819649,20,0,14.563649420813926,1923.1501415418031,5,1.1695852750283262,1,A,False,False,True,False,False,False
73.7433941540034,23,0,11.64502557193072,1093.84900936371,1,1.642479895502357,0,A,False,True,False,False,False,False
82.74287033042948,18,0,18.581237483593586,1508.1588168119606,5,0.6982281348442035,0,A,False,True,False,False,False,False
24.142416980045425,6,0,5.765807723742253,1713.1504082129254,5,1.951728124860603,1,A,False,False,False,False,False,True
72.1469085378183,17,0,2.218686378203829,2519.8198804850153,7,0.8308871139133902,0,A,True,False,False,False,False,False
77.60927691816728,7,1,0.26665624322032966,137.9943265580162,1,0.5664599827981258,1,A,False,False,False,False,True,False
23.168145545657115,13,0,8.850545897561492,214.0910423760656,5,1.6520600546801332,0,A,False,False,False,False,False,True
512.3097452828358,6,0,35.76252948569809,599.24706027675,3,1.2573920979604607,0,A,True,False,False,False,False,False
96.40899487486502,20,0,5.463405223599568,859.9564008324494,1,1.6250614436589061,0,A,False,False,False,True,False,False
13.07151981202634,3,0,3.271534592850605,1286.467412803995,2,1.078747348219124,0,A,False,True,False,False,False,False
120.04471883975074,16,0,39.06402007006634,1211.780074268354,3,0.3356711332253306,0,A,False,True,False,False,False,False
16.951935154676168,4,0,1.6714943810112164,1262.061999853276,4,0.6575174854820534,0,A,False,True,False,False,False,False
140.40084702160706,11,0,0.7978637757877185,314.05530744135785,1,1.0603643332865804,0,A,False,False,False,False,True,False
219.2723785767821,8,0,31.73077868590043,580.6535905036515,4,0.9711642191767437,0,A,True,False,False,False,False,False
20.39278614519029,19,0,18.105130216835217,847.3073099201322,2,2.4622998315507654,0,A,True,False,False,False,False,False
173.47809799756882,12,0,8.224502526960304,972.0837312252479,3,0.6708028566481332,0,A,True,False,False,False,False,False
89.59836860877701,17,0,20.935717252711903,734.8356568109959,0,1.5434713822940742,0,A,True,False,False,False,False,False
146.41897327359948,19,0,20.289409772656104,1344.0916376719003,2,1.339776998959577,0,A,False,False,False,False,True,False
531.7383681514829,8,0,0.6132762486012069,440.1069906622818,6,0.30026484054363095,0,A,False,False,True,False,False,False
40.67177084603659,3,0,16.91660728655452,745.4076082482399,5,0.9906776184825782,0,A,False,False,False,False,False,True
22.09865181398942,20,0,15.361161886595836,1639.8840865286377,5,1.0574526401811026,0,A,False,False,False,False,False,True
18.77606056960829,7,0,49.77179976120997,1291.5096851989094,4,1.928736644583936,0,A,True,False,False,False,False,False
20.51236054881226,0,1,50.99814838687982,813.4641757987563,1,0.42313657782507436,1,A,False,False,False,True,False,False
49.7732628207364,16,0,7.117389173864078,828.3696734668966,3,1.471935849125967,0,A,False,True,False,False,False,False
82.21866708567232,8,0,13.368189192607485,749.2971224023415,2,1.2188205697362469,0,A,False,False,False,False,True,False
76.09853085257144,19,0,2.286037192850754,838.796521895089,2,1.9299323136503708,0,A,False,False,False,True,False,False
147.32188677856297,12,0,1.0315161910404966,732.8623427266812,2,0.7293710656685786,0,A,False,False,False,True,False,False
55.45668525851432,1,0,8.505117273741726,819.3205835910272,3,1.4707236503042749,0,A,True,False,False,False,False,False
312.3864029682132,12,0,17.562036655604903,1389.3074443728988,0,0.5737020020611093,0,A,False,False,False,False,True,False
39.7421286502616,8,0,12.581653288779295,1366.3242594924116,4,2.8043100317556586,0,A,False,False,False,False,False,True
1428.246861142667,19,0,8.422758124732034,383.62158247627605,10,0.808891455319841,1,A,False,True,False,False,False,False
115.67688349640696,5,0,25.565507580869706,4598.156218264544,3,0.4754775758731633,0,A,False,False,False,False,False,True
19.51944078568926,0,0,23.729345608496565,710.1480780453644,2,0.6476018688832159,0,A,False,False,False,True,False,False
15.103537717791442,4,0,19.748281641680983,1595.7574019950384,5,1.6230262208882473,1,A,False,True,False,False,False,False
97.41370394042559,2,1,1.2024147525163131,465.2960236752237,4,0.9829741965290038,0,A,False,False,True,False,False,False
41.75606280369881,3,0,23.87910054848859,3533.8407928711563,2,1.6566266817907649,0,A,False,False,False,True,False,False
128.6120608158885,0,0,37.777816963236795,1686.7412247579134,5,2.2044455855517553,1,A,False,False,False,False,False,True
96.340149162006,13,0,0.9192308503273107,1489.1755995120404,9,1.6260492203223946,1,A,False,False,False,False,False,True
50.02912344764023,8,1,7.704227383771834,950.4057952611952,0,1.5944569106710944,1,A,True,False,False,False,False,False
19.763712185572967,23,1,66.79380645506347,251.62820456307858,2,0.6076344418656661,1,A,False,False,False,False,False,True
8.865641768121055,3,0,13.715845292667503,4147.4849242033115,2,0.6820851909051339,0,A,False,False,False,False,True,False
31.950315561996533,17,0,10.810162349512385,2171.0202094363817,2,0.553463964047314,0,A,False,False,False,True,False,False
152.57839860899358,13,0,2.930119864257249,847.9457898965754,9,1.0154578265887966,0,A,False,True,False,False,False,False
70.59169428966699,3,0,12.502916488857204,1608.19845826371,1,2.6194751680261468,0,A,False,False,False,False,False,True
12.244948266716749,9,1,8.67167234353637,384.33257252345663,2,0.8816130088464936,1,A,True,False,False,False,False,False
67.20966832212613,2,0,2.0449104181960105,238.593701192452,2,2.4063045449277674,0,A,True,False,False,False,False,False
86.69366869388347,22,0,9.363628966980375,1111.1575004187425,1,0.44907640110318636,1,A,False,False,False,False,False,True
18.903953433343286,6,0,2.6940662665821087,579.3951860534961,3,0.7975051832453425,0,A,False,False,False,False,True,False
65.65870093376856,9,0,19.676913055807432,745.3950521396928,3,0.6303077387051823,0,A,True,False,False,False,False,False
58.54820676341747,12,0,54.54337499973661,1051.3630753498805,3,1.2461317344559302,0,A,False,True,False,False,False,False
13.852083334756415,3,0,9.511208532716777,424.1885268665895,4,1.1985096495840575,0,A,False,False,False,True,False,False
83.87644577641166,17,0,15.01010615987887,1028.4908202947922,2,0.4362399702527135,0,A,False,False,True,False,False,False
107.01204857656246,10,1,8.457477469670707,453.35743795188955,1,0.6598059208896159,0,A,False,False,False,False,True,False
200.26900580070492,3,0,2.2353998900679763,2465.0758903959945,5,1.7827713373622827,1,A,True,False,False,False,False,False
193.36168727574304,23,0,52.87861337708884,1012.0466210045978,6,1.6194103734478507,1,A,False,False,False,True,False,False
10.452035649670536,13,0,2.0816683561476568,1672.453224901799,4,0.6576324412517754,0,A,False,False,True,False,False,False
17.71851170521365,17,0,1.7754504538770584,265.58673252026847,2,0.689594768596672,0,A,False,False,False,False,False,True
101.29553372025107,7,0,9.219835824198151,1757.7785547893188,3,0.941826225957814,0,A,False,False,False,False,False,True
101.14378730299435,9,0,16.133133861156757,3632.872559196141,2,0.6448034452962529,0,A,False,True,False,False,False,False
101.29704333041776,4,0,6.575790142943412,1204.82382320977,3,1.2249091655839899,0,A,False,False,True,False,False,False
5559.579688455814,22,0,3.207499563412771,1665.2206014821115,2,0.9038365661737032,0,A,False,False,False,False,False,True
108.31770403763305,6,0,25.635838224077776,906.4468068199177,2,1.626233241328955,1,A,False,False,False,False,False,True
213.29555119271205,11,0,6.767217529870831,1480.6405809755286,3,0.883321191449984,0,A,True,False,False,False,False,False
171.537536811281,2,0,3.2410476869247367,3947.9273951536497,3,1.5596600761992974,1,A,False,True,False,False,False,False
119.30336102219023,3,1,6.813959315829094,6614.412620528555,2,0.7717174831851286,1,A,False,False,False,True,False,False
37.4002319559344,9,0,3.6225575105124816,1413.3873096798827,1,0.780186177840527,0,A,False,False,False,False,False,True
135.74295554213154,3,0,10.992289353404605,485.0514935022039,2,0.9761456010645839,0,A,False,False,False,False,True,False
21.59819491730792,14,0,16.552385027431622,1805.59519414385,7,0.46036172157107136,0,A,False,False,False,False,True,False
41.09217326716549,9,0,24.108408656394452,407.4367788112904,3,0.9636366169440872,0,A,False,False,False,True,False,False
30.495030704109194,20,0,3.8730535737449876,665.4511416835418,1,1.7305498133385115,0,A,False,False,True,False,False,False
60.23472222963476,21,0,2.73999634648257,729.1290952101583,4,0.5639247956609079,0,A,False,True,False,False,False,False
877.9505580277178,15,0,0.29697174929216086,5613.55727444826,2,1.6449637585778079,0,A,True,False,False,False,False,False
5.808264219871717,14,0,3.883266374842154,3439.107695600882,1,1.038511365654706,0,A,False,False,False,False,True,False
124.40124999543555,18,1,0.3629358355651089,2914.056096450064,5,1.0931848626128344,1,A,False,False,False,False,True,False
7.8832555118361665,19,0,6.357664209618204,2114.592948238885,2,1.225567678944208,0,A,False,False,False,True,False,False
30.990532699529528,18,0,2.361971534914259,530.2095942493859,0,0.8632318523035799,0,A,False,False,True,False,False,False
201.69178520880544,17,0,13.00878034419597,1324.7429027929184,1,1.1916521363449648,0,A,False,False,True,False,False,False
58.976320914480254,11,0,7.260972623149211,4771.1091912826505,3,0.8901528908322935,0,A,False,False,False,True,False,False
14.979854520874897,15,1,1.4738759505867047,1568.742177767218,1,0.7459487605644052,1,A,False,False,False,False,True,False
23.14168528098116,0,0,7.659046303852113,2500.1799029280564,2,1.8023013090124627,0,A,False,True,False,False,False,False
123.4106359650256,15,0,3.5234625618815354,302.517075131148,2,0.5369451677911568,0,A,False,False,False,False,True,False
22.727145383892214,1,0,17.09982989646744,1953.7397979130635,4,0.7811538531450662,0,A,False,False,True,False,False,False
70.79230493955563,23,0,6.798643056648562,471.7897930958579,3,1.5126516980331517,0,A,True,False,False,False,False,False
57.66706468653989,14,0,2.3854636935121873,918.9928966714261,2,0.6322620219655716,0,A,False,False,False,False,True,False
24.980101873033924,6,0,6.452555765254654,3420.7848691236413,1,0.9164009168881047,1,A,False,True,False,False,False,False
715.3220831368748,0,1,3.8113563211720414,1447.6986327720717,1,0.503286599801106,1,A,False,False,False,False,False,True
116.82800690334125,4,0,23.828288193139443,2104.8778863315733,2,0.810761642289955,1,A,False,False,False,False,True,False
4.805825827451971,9,0,61.446004435375066,945.7851306619874,4,0.4871924259040219,0,A,False,False,False,True,False,False
68.28875950636602,21,0,0.38732885666679845,234.9069660305228,1,0.6964505022485583,0,A,False,False,False,False,False,True
24.67662013863436,20,0,17.568719140416484,518.9323926603807,4,1.0863148153749018,0,A,False,False,False,True,False,False
151.85407119311915,3,0,4.597018059328595,1889.7396471414784,5,0.9719431006329128,1,A,False,False,False,True,False,False
21.093714685041128,13,0,1.030746850437832,1433.3519027457905,6,1.7279018565270257,1,A,False,False,False,True,False,False
47.575421376377015,12,0,0.21682928433712273,4146.201739612796,3,1.432867691858529,0,A,False,False,False,False,True,False
100.08148806234138,0,0,31.93069564586739,1213.5224751859034,5,0.8329447108529108,0,A,False,False,True,False,False,False
154.30115318619445,15,0,6.545202460999942,536.8703218624995,1,1.6098373672876127,0,A,False,False,False,False,False,True
12.93121701269944,22,1,78.1652937078222,1074.2094909475916,3,0.9323767363884015,1,A,False,True,False,False,False,False
36.54697856545149,8,0,8.761087091934348,2436.364105054855,3,0.7115598381896256,0,A,False,False,True,False,False,False
30.878669145463714,21,0,3.116395228327778,268.8957212836644,4,0.5388902927755149,0,A,False,False,False,False,True,False
24.928330328680747,15,0,22.518412798309637,1445.9449764918456,1,2.076487664433524,0,A,False,False,False,True,False,False
454.2033877386668,18,0,39.15545967908529,400.0561765510268,1,1.8919315310161242,0,A,False,True,False,False,False,False
88.76372401179786,14,0,25.361430361836597,1249.090048287036,0,0.9037110324021485,0,A,False,False,False,False,False,True
12.02441606582199,13,0,20.509100236758737,1960.892776131998,1,0.9591312040206197,0,A,False,False,True,False,False,False
164.25733870628326,19,0,6.112751296078053,1705.3044965923484,5,0.8895099563928585,1,A,True,False,False,False,False,False
696.8620255394336,9,0,0.9999574925207566,3204.498295292321,5,0.38571575695944105,1,A,False,False,True,False,False,False
188.47366947742287,20,0,3.371535861507714,1340.2139314221536,2,0.9465149892323383,0,A,False,True,False,False,False,False
8.817655698383462,11,0,8.88081323403461,1653.8574082694122,3,0.3428307963850599,0,A,False,False,False,False,True,False
30.53639077528251,0,0,46.921777408447035,1700.781567656829,1,0.5541488245078917,0,A,False,False,False,False,False,True
249.70828561749823,20,1,19.248172262162736,504.82928286680243,4,0.9934331888599278,1,A,False,True,False,False,False,False
23.354662459709907,16,0,26.428616536766828,990.3089946483907,6,1.500947493920383,1,A,False,False,False,True,False,False
92.99849533003861,8,1,4.871289538173984,153.36325403544174,6,0.4331234134631061,1,A,False,False,False,False,False,True
138.3187582709938,22,1,17.271797736822446,1482.5289443529384,2,0.9224727269819578,1,A,False,False,True,False,False,False
17.95167515729856,18,0,29.755223950397877,121.3569521752304,1,0.9644881592937684,0,A,False,True,False,False,False,False
50.8342109960228,17,0,9.791931077652373,2163.054644413957,0,0.9214505210706895,0,A,False,False,True,False,False,False
1.1168131100705763,6,1,8.42893825881733,4116.050044102502,2,1.1787644525203622,1,A,False,False,True,False,False,False
15.970365208881557,8,0,19.062617945619593,1634.3188990342173,2,1.4700544223064154,0,A,False,False,True,False,False,False
40.3228464733362,21,0,12.311697886948252,1849.1123798708982,6,1.0223197417794148,1,A,False,False,False,False,True,False
12.214944750855151,20,0,74.79883817311483,2875.25772806713,6,2.158580234911662,1,A,False,False,True,False,False,False
387.1814958891427,11,0,8.303460570664324,774.43531011801,7,0.8965740381089108,0,A,False,False,False,True,False,False
9.814200293806167,6,0,2.9027386986611035,396.23387195697103,2,0.6014191097740129,1,A,False,False,False,True,False,False
32.19936126824203,13,0,9.578039951309629,1023.7320606886661,3,2.474010051828459,0,A,False,False,False,False,False,True
63.8724861989834,14,0,4.022211688473421,595.6540933098271,6,3.395048027949683,1,A,True,False,False,False,False,False
307.82392483084186,14,0,12.35751318905272,1166.0877487288658,2,1.349171168788463,0,A,False,False,True,False,False,False
9.747057246537022,5,0,2.016639842993902,1344.5174446041513,6,0.31973520901295543,1,A,False,False,True,False,False,False
220.47768822654956,20,0,44.928867856364995,748.0169201378264,1,1.1414728087213977,0,A,False,True,False,False,False,False
55.272730813261084,13,1,29.472727861827202,619.5694663426958,3,0.7068536878009261,0,A,False,False,False,False,True,False
16.813625825901,1,0,2.536319768743179,195.7218903596127,4,2.103278735251042,0,A,True,False,False,False,False,False
95.06151126924462,7,0,2.8382517241371343,958.0953755282346,3,0.9941812387996511,0,A,False,False,False,False,False,True
69.32957859508262,12,1,10.775088008007918,773.1881064045563,1,0.7119214928272822,0,A,True,False,False,False,False,False
26.568857186112076,22,0,22.234243108854347,818.3166264112613,6,1.184942524864242,1,A,False,False,True,False,False,False
59.368423967410905,5,0,3.70922574694496,1969.0538147010334,3,1.905541431341752,0,A,False,True,False,False,False,False
34.385112129464574,4,1,0.9436452391862752,5282.846355518058,4,0.665348331273494,0,A,False,False,False,False,True,False
62.565925842749266,4,1,11.829491763478357,824.2686338450726,6,1.4731991068971255,0,A,False,False,False,False,False,True
120.85080997274038,0,0,17.645224195362946,1493.447718981049,2,0.38882639046820594,1,A,True,False,False,False,False,False
366.2148486615084,8,0,4.202962106926617,1343.765804331711,2,0.9577610824399322,0,A,False,False,False,False,False,True
12.361927684621707,5,1,20.192713837928398,2718.185637132309,2,0.5019214506934617,1,A,False,False,True,False,False,False
706.0175175558828,19,0,45.130373740896104,528.7827255087145,1,0.6540747086142029,0,A,False,False,False,False,False,True
5.246150872556616,6,0,2.211402779599705,516.4438982399947,4,1.8145179479674582,1,A,False,True,False,False,False,False
45.50662346206186,8,0,10.731783442993184,566.8967750140845,2,0.8390885026051151,0,A,False,False,False,False,False,True
110.60669799428311,4,0,0.8778211158269082,178.75083318219356,4,0.694685227162092,1,A,False,False,False,True,False,False
76.49231217070867,13,0,3.472570009010638,1057.0064207198777,0,1.796563954979914,0,A,False,True,False,False,False,False
25.861634477910258,4,0,1.411682797382054,472.4259655584954,5,1.3354260434846017,1,A,True,False,False,False,False,False
42.53185393610911,7,0,7.762885867938113,1340.6933088997982,0,0.39176965818055837,0,A,False,False,False,False,True,False
30.216824696519346,6,0,25.79145293735539,161.75297478078085,0,0.9656247113370064,1,A,False,False,False,False,True,False
26.917113977802547,12,0,12.91037311751219,1047.7420438506626,2,1.0317370993608124,0,A,False,False,True,False,False,False
151.33902464088405,12,0,3.7767113431135635,893.4260449362177,8,1.4776391967213665,1,A,False,False,True,False,False,False
83.79879124986535,7,0,0.6140588783141535,709.1236415250584,3,0.8678126007513565,0,A,False,False,False,True,False,False
23.772001620841596,10,1,12.091318478674758,2437.099752067475,4,2.6412207283380567,0,A,True,False,False,False,False,False
160.69687887898263,17,0,2.137227903593273,576.1182556703432,1,1.1547648579760121,0,A,False,False,False,False,True,False
78.94563295023883,18,0,6.294997701662593,1398.2619741499445,1,0.4535685516258804,0,A,False,False,False,False,True,False
144.81173834822815,5,0,10.706134950039168,661.5168449999002,2,0.8297913212614766,0,A,False,False,False,False,True,False
116.22809659274088,21,0,35.109373122864795,4134.95952278239,3,1.7220912899861385,0,A,False,False,False,False,True,False
20.190374620218847,1,1,1.2804817909027004,982.8262092548453,4,0.8626617937396225,0,A,False,False,False,False,False,True
27.87646408873406,12,0,16.566781258930817,1883.046796678664,4,1.055977423167526,0,A,True,False,False,False,False,False
133.85435771583573,22,0,0.21272051156936098,1786.0347378207746,2,0.9828544272280686,1,A,False,True,False,False,False,False
113.57283151899462,10,0,14.910077221482625,2742.1649659168097,6,0.2961770357117462,0,A,False,True,False,False,False,False
53.24575522049175,0,0,12.02878560129323,1232.5822121876165,4,0.8158161703599036,1,A,False,False,False,True,False,False
62.85263503735613,23,0,25.05906150149002,382.2333494919601,4,0.796578391683097,0,A,False,False,False,False,False,True
252.95152635756043,1,0,11.378490467770911,1563.0360325419288,4,2.2827453055260665,1,A,False,False,False,False,True,False
26.845932867138995,16,1,6.522248676320114,1368.8290096068101,0,1.941236866430825,1,A,False,False,False,False,True,False
105.26877667926131,7,0,4.170944695852352,96.64626056574912,8,0.5532330753891469,1,A,False,False,True,False,False,False
42.83556935218213,1,0,1.3365628920052446,287.85618025239165,3,0.4750514271257742,0,A,False,False,True,False,False,False
42.04676941034247,5,0,11.473278924148422,1928.992413056919,4,1.4304961723138885,1,A,False,False,False,True,False,False
204.0841119577277,21,0,32.88202337439407,3416.3075936553987,5,1.0050833291780314,0,A,False,False,False,False,True,False
147.00985403527844,4,0,10.846195652663802,1026.4281075252288,6,1.089227268311152,1,A,False,False,False,True,False,False
144.9243037783448,15,0,20.154435588613687,2095.1607565938307,5,0.5592772088694081,1,A,False,False,False,False,False,True
261.5366871217446,7,0,5.316624556195618,1196.7058693679776,0,0.9681025959431201,0,A,False,True,False,False,False,False
55.99176408224049,18,0,8.916664886998646,1129.04331058324,4,0.7090231920477847,0,A,False,False,False,False,True,False
123.75992070565016,15,0,5.886823711155822,977.9484744965457,1,0.5664498715013931,0,A,True,False,False,False,False,False
37.625420236679645,12,0,1.7356434309529294,1169.7882028069996,1,0.8403174557515737,0,A,False,False,False,False,False,True
80.55978849610598,19,0,8.09322816635882,1496.2608883186053,2,0.9127064707480962,0,A,False,False,False,False,True,False
46.70393090834952,6,0,21.677119488912457,795.2270675242937,2,0.5406381742482073,0,A,True,False,False,False,False,False
61.33773041936657,15,0,7.537282481072344,2973.0982206673975,3,0.8247772638596389,0,A,False,False,True,False,False,False
111.51826961469223,22,0,15.75501478693078,492.6681481628808,1,0.7043245330952214,0,A,False,False,False,True,False,False
20.453114723730906,15,0,21.320461726330464,4276.609544520535,4,0.9064553844176099,0,A,False,False,True,False,False,False
672.4076178564653,11,0,5.845416928313008,922.9792734357081,1,0.8124105005153022,0,A,False,True,False,False,False,False
16.326330003568103,13,0,23.95630941460089,1051.9201164699566,4,2.3020805135906435,0,A,False,False,True,False,False,False
12.717432176989519,23,0,6.208335985066111,663.723924682316,2,1.1220945320844475,1,A,False,False,False,False,True,False
219.1448766255119,17,0,4.43787229457667,1521.6305501461725,4,0.7835911632486693,0,A,True,False,False,False,False,False
141.17429090751398,17,1,3.774035995765046,811.3279442101682,3,1.6436136293277515,0,A,False,False,True,False,False,False
115.46226659785603,15,0,3.3453561097176507,749.6900213481371,10,0.3504117020006953,1,A,False,False,False,False,True,False
116.04924317040377,19,0,20.041096767971517,1790.7268852933619,2,1.3243180876584222,0,A,False,True,False,False,False,False
53.801635836247875,15,0,32.77326571848173,2776.4881725962327,2,1.1071235227244076,0,A,True,False,False,False,False,False
18.602477192004446,12,0,3.933109398434948,476.42748998539406,4,1.158266655824559,0,A,False,False,True,False,False,False
59.797596619075556,8,0,1.3364080310951083,2122.739174841904,4,0.7699869445783963,0,A,False,False,False,True,False,False
24.225503604433758,8,0,5.648070363379656,2975.9343513071417,6,1.5196103913605004,0,A,False,False,False,True,False,False
175.9401147616128,12,0,16.087469577393176,267.202187153239,1,1.1894027897108503,0,A,True,False,False,False,False,False
45.76552791882689,3,0,6.895337315490959,557.3206926932157,3,1.5411559826252161,1,A,False,False,False,True,False,False
20.275299339217952,8,0,11.950191834069303,2919.201046860581,2,0.6453275469635156,0,A,False,False,True,False,False,False
37.12672237612552,14,0,20.45654725200035,1478.117326735666,4,1.7432843549851884,0,A,False,False,True,False,False,False
89.6145544754023,13,0,7.875859509397563,4304.570036719843,4,0.7670991492102437,0,A,True,False,False,False,False,False
27.75817903139386,18,1,121.4196907921665,951.6072109417948,3,0.4788802217749806,1,A,False,False,True,False,False,False
20.35518204301554,11,1,5.306243980522677,719.9450080385354,4,2.4970020488880778,1,A,False,False,False,False,True,False
73.1436015804631,20,0,57.42098622520002,3258.7216154855746,1,1.5138408492918098,0,A,False,True,False,False,False,False
73.25598018608876,5,1,3.4040673300785964,562.0040180461897,2,2.612018602647508,0,A,False,False,False,True,False,False
29.71548200308005,2,0,1.7637190077800475,902.1213802354898,3,0.9902209153524292,0,A,False,False,False,False,True,False
31.023780808697722,21,0,20.84433589886987,1715.7177470404079,4,1.6397941240495275,0,A,True,False,False,False,False,False
72.12926992645346,19,0,18.175521735172993,1857.0991906910845,2,1.8596948327860658,0,A,False,False,False,True,False,False
9.60514401828345,15,0,25.00357024112568,579.333286294343,4,0.8410142974050944,0,A,False,False,False,False,True,False
10.084942509027524,19,0,6.314554916309924,1350.928468105292,4,0.4479832744557732,0,A,False,False,True,False,False,False
23.054637320922186,23,1,40.062975409313694,868.9427414010462,4,1.2300597457204607,1,A,True,False,False,False,False,False
42.260946877935424,22,0,1.9086638869646975,285.3791149174108,2,1.1528090813322935,0,A,True,False,False,False,False,False
79.28818122190633,16,0,0.46117379657947455,758.3431748939706,2,1.1777638244268414,0,A,False,False,False,True,False,False
320.67477910424003,15,0,5.362212280928559,296.6548364131763,9,1.0003937110457697,0,A,False,False,True,False,False,False
152.80942363618848,5,0,23.942233807869044,647.0560008732891,3,0.7725598992737325,0,A,False,False,False,True,False,False
45.063552176538394,7,0,16.766115050276646,419.35654908381633,2,0.7374587173144791,0,A,False,False,False,False,False,True
53.366358164582515,18,0,8.596068680057149,2036.646624307824,2,1.412132992148251,0,A,False,False,False,False,True,False
16.39480903441498,1,0,4.440827723325897,1394.4999263493835,3,0.21232377076748474,1,A,False,False,False,False,False,True
53.398584429778154,13,1,0.9165310757771622,3755.2025314720604,1,0.42630698109833537,1,A,False,False,False,False,True,False
38.61379643842581,21,1,6.176147121829237,524.5747450663146,5,0.3964875787812982,0,A,False,True,False,False,False,False
80.41994941073564,11,0,9.243341205706619,1210.2964073852118,2,0.36514668623081115,0,A,True,False,False,False,False,False
20.233160507814805,16,0,17.42442376971305,453.78398275533834,2,0.9310670313235127,0,A,False,False,False,True,False,False
101.82094373477494,14,0,15.575687185067956,661.6484565674385,3,1.3233479431389492,0,A,False,True,False,False,False,False
343.5342087869212,17,0,44.159883520159525,796.6589328196306,3,1.3001058509500962,0,A,False,True,False,False,False,False
47.91783732549936,15,0,1.5870078375806598,5318.347758641558,3,0.5437277690105342,0,A,True,False,False,False,False,False
88.41609882949047,12,0,6.149782409905265,1467.2014972875277,2,0.42482983361752513,0,A,True,False,False,False,False,False
124.98238283545385,20,0,9.85448781935308,990.0839818456335,2,1.0860835460525846,0,A,False,False,False,False,True,False
33.73498514505267,16,0,16.661599750352494,2599.84664685186,2,1.2921619221595952,0,A,False,False,False,False,False,True
71.44378939270494,7,0,10.261375326801117,1878.814316072328,2,1.3358143638848805,0,A,False,False,True,False,False,False
55.429441130199386,0,1,36.58608106965749,1048.5186220680755,3,0.4918164107468857,1,A,False,False,False,False,True,False
61.387812272452734,2,0,14.073151186825648,1882.1220766894035,2,1.5127617888978835,1,A,False,False,True,False,False,False
21.593411810092,15,1,0.6071028550743556,858.6772567757419,3,1.094536379897306,1,A,False,True,False,False,False,False
56.22785131319064,1,0,1.8097516046947522,11950.3022368717,2,0.60768259382471,0,A,False,False,True,False,False,False
99.24563606622047,14,0,21.005629192461576,2910.296540517297,1,0.7309539399699778,0,A,False,False,False,False,False,True
311.49158684953323,0,0,18.8705065802909,792.1302667467719,1,0.6404599104958423,0,A,False,False,False,False,True,False
172.6255833997391,8,0,2.4996230335089487,2013.0252869678206,2,0.6661390642886328,0,A,True,False,False,False,False,False
723.2962932117372,15,0,0.9107261743465269,1701.2395062576854,2,1.7304058516155416,0,A,False,False,False,False,False,True
21.740631400538152,3,0,12.966787389985447,1375.3832649337155,3,1.2974902152368053,1,A,False,False,False,False,False,True
155.5216210482579,11,0,15.1482626128413,1655.450235069955,2,0.5744694590036566,0,A,False,False,False,False,True,False
68.03419230982048,0,0,2.18058350715217,572.5221698483558,2,0.797779112302003,0,A,True,False,False,False,False,False
755.7899698038049,0,1,9.625959056243008,774.295655313449,3,1.3506860016653366,1,A,False,False,False,False,False,True
20.69810308308226,6,0,5.4756089175524645,4133.803354344337,2,0.3630889011951043,1,A,True,False,False,False,False,False
19.932145682801057,17,0,40.17132391876914,1291.0551632698048,4,1.3491098508407824,0,A,False,False,False,True,False,False
26.595148859889186,22,0,3.7115398811502494,626.2812781991666,1,2.6887411282245446,0,A,False,False,False,True,False,False
4.2687674442452455,22,0,19.82225398770875,980.2961588952347,5,1.1706741609839006,1,A,False,False,False,True,False,False
29.05219308718188,14,1,10.951335480723776,715.2679189838435,2,0.9123743105346681,0,A,False,False,True,False,False,False
21.956007804215915,12,0,0.17381839609348948,2248.865283285442,2,0.4677321859057,0,A,False,False,False,False,False,True
65.39674873998094,15,0,10.916035380399851,700.1740942549319,6,0.31610360081930716,1,A,False,False,False,False,True,False
82.27828087180355,6,0,1.5716128123851296,1136.0442592072316,3,0.7749582893346305,0,A,False,False,False,False,True,False
518.741147873497,15,0,16.140828161756104,645.4740798287672,2,1.278996759329973,0,A,False,False,True,False,False,False
170.8026174393249,12,0,12.504202362323198,6414.564419219468,1,0.9221343982240009,0,A,False,False,False,False,True,False
27.322638652105525,13,0,0.15722957633942206,1814.155179408443,6,1.8464156955411937,1,A,False,False,False,True,False,False
18.5765938735583,16,1,3.435402916042131,1757.5489289647494,4,1.2026264631814279,1,A,False,False,False,False,False,True
98.52427906828966,11,1,22.456716487474587,1916.511551741014,0,0.6711452614060902,0,A,False,False,False,False,True,False
11.197831590608605,23,0,4.839748008930539,799.7537318314157,1,1.8759304631224505,0,A,False,False,False,False,True,False
491.6418572613386,23,0,10.375725134004032,3703.429210665248,1,1.3442154051206443,0,A,False,True,False,False,False,False
224.82630917439246,19,0,5.609466406660221,1038.8348624107496,4,0.45419400289957484,0,A,False,True,False,False,False,False
31.093202229822218,12,0,38.174982486659395,4528.945331586163,2,0.6087931599810851,0,A,False,True,False,False,False,False
6.988308686477851,23,0,11.536726101649831,845.6930405726487,6,0.782243887979571,1,A,False,False,False,False,False,True
277.1743828262239,19,0,17.869477696219167,1943.769304147915,5,2.418151297142017,0,A,False,False,False,True,False,False
47.58664647769491,14,1,1.3075070954801093,1253.2028513037442,1,1.447811564821562,0,A,True,False,False,False,False,False
241.1404573656052,23,0,0.6175806418993076,1358.4724413904282,2,0.597315181272093,1,A,False,False,False,True,False,False
8.058172625785181,20,0,4.500939850054229,288.2954749498466,4,4.875220729434785,0,A,False,False,False,True,False,False
26.595711273137592,3,0,5.547147283459671,499.41630099840296,3,1.4814834407657695,0,A,False,False,False,False,False,True
54.94278876994537,21,0,17.455930627990114,3670.0631813625023,3,0.5524179576952225,0,A,False,False,False,False,False,True
57.76463357366235,1,0,12.629250378671973,391.0927587774244,2,0.8617049736422076,0,A,False,True,False,False,False,False
31.81447688744058,17,0,7.039968396827179,2238.641247040174,6,0.7720735698208399,0,A,False,False,False,False,True,False
115.28645207080459,1,0,15.924841668478159,8777.820027802594,3,0.6569751589209126,0,A,False,False,True,False,False,False
15.162958073181537,14,0,2.6791103966235217,1706.856358112427,3,1.9187219534778017,0,A,False,False,True,False,False,False
46.023154013636194,18,0,0.9839212983503819,6011.311898743835,2,0.938273412359308,0,A,True,False,False,False,False,False
63.07690890086034,14,0,28.91421287600369,1907.769763341074,2,1.591559403944948,0,A,False,False,False,False,True,False
101.22306044152594,19,0,12.449842263743301,1353.2790355384734,2,0.9397774923627736,0,A,True,False,False,False,False,False
128.2444045304219,9,0,15.708607908387444,1479.8797797071586,3,0.8356074470731667,0,A,False,True,False,False,False,False
14.160118966150156,23,0,5.5061236362995505,951.5552888946333,1,0.7418391215749369,1,A,True,False,False,False,False,False
8.663016565484574,19,1,6.977150876074841,928.4467353104404,3,1.0091331197610685,0,A,False,False,False,False,True,False
252.95514645676366,10,0,1.28937356580868,720.4466343879105,1,0.6774160200433731,0,A,False,False,False,False,True,False
81.35130004118393,9,1,29.172420740232763,1538.4920175514762,5,0.9848794592238208,1,A,False,False,True,False,False,False
22.238302858072558,22,0,13.463486528641296,6376.0759325885965,2,0.7520357541061025,0,A,False,True,False,False,False,False
351.2093100371611,4,0,1.309987734817818,3427.4715229947974,3,0.5105858838987667,0,A,False,False,False,False,False,True
62.728103013436986,8,0,24.48519474393926,1291.9398469454966,2,0.835930917039456,0,A,True,False,False,False,False,False
224.7877493760811,19,0,8.807917580905904,1792.502120263281,3,0.4110313724079009,0,A,False,False,True,False,False,False
59.205957939274505,18,0,21.729017027759912,1024.2184075806183,3,1.9698497283249088,0,A,True,False,False,False,False,False
647.3567346460674,12,0,0.19050253357065036,3419.221956861776,5,1.2853642493965147,0,A,True,False,False,False,False,False
448.72445389646094,17,0,0.43741154022650763,297.1275960651749,2,0.7927992589735275,0,A,False,False,False,False,False,True
40.49761250273595,16,0,2.8091002085300594,5138.284059537244,1,0.4129670796712293,0,A,False,True,False,False,False,False
175.1924600172939,5,0,3.5532480707671126,708.9616598193757,4,1.0072370375367756,0,A,False,False,False,False,True,False
118.44528683766654,9,0,21.656025912272256,806.5457371477331,3,1.1203940335234703,0,A,False,False,False,True,False,False
282.1271537225737,1,0,18.398091083064433,412.32932810438905,4,1.2326840287089602,0,A,True,False,False,False,False,False
17.151606579062445,23,0,14.360133444432858,1241.159180135916,2,0.6793022109250758,0,A,False,False,False,True,False,False
124.37009431384601,5,0,32.423953734764744,636.0708313817704,3,1.110739998000044,0,A,False,True,False,False,False,False
194.43722964683127,20,0,4.258314878435339,2781.6202582196415,5,2.599496527285481,1,A,False,False,False,True,False,False
6.616143294656666,12,0,35.21450634468157,1882.0280617870008,6,0.7711290956042242,0,A,True,False,False,False,False,False
13.198323115277422,17,0,36.031287041011865,629.5958625322609,3,1.677840671286598,0,A,False,False,False,False,False,True
4.725254333476552,6,0,8.54430369575617,543.722052376261,3,0.9929471113451305,0,A,False,False,False,True,False,False
39.51624284570393,1,0,1.4871350039607425,656.1711376848242,2,0.931604464304567,0,A,False,True,False,False,False,False
129.15983997926486,13,0,19.450090857809393,514.6460994869401,2,1.0673253177118764,0,A,False,True,False,False,False,False
331.2351223115198,4,0,6.163090677726919,876.8718217054321,4,0.7647468030442054,0,A,False,False,False,False,False,True
59.67503367334904,17,0,23.76602312330369,559.7133284756244,3,1.0730004776123132,0,A,False,False,False,True,False,False
385.4219293848874,10,1,2.681343910599454,2792.288349414614,4,1.6207133604948363,0,A,False,False,False,True,False,False
10.421575767108072,9,0,11.632128656219676,736.0671664923914,3,1.570307238035569,0,A,False,False,False,False,True,False
7.0705698145190885,10,0,10.641396481350958,1738.1235312287474,4,1.7765797173175992,0,A,False,False,True,False,False,False
51.07743228109838,1,0,1.585650160355071,1749.5863940384681,4,0.732103849047262,1,A,False,True,False,False,False,False
86.56352510910314,14,0,6.772623738556519,249.01417978482192,1,1.029296724325572,0,A,False,False,False,False,True,False
52.49753952385768,6,0,1.328457486870848,1940.6117176509947,5,2.969951141338456,1,A,False,True,False,False,False,False
4.567972626791685,8,0,9.375048706126583,279.9178234906357,3,0.6147909861049542,0,A,False,False,False,False,True,False
49.06058449226821,4,0,27.763526271238096,562.8017663241351,4,0.9458523200121177,1,A,False,False,True,False,False,False
11.41167095162574,6,0,4.724869227951364,1870.3726481707567,5,0.5455538700007317,1,A,False,False,False,False,True,False
121.94950414427359,19,0,21.71373972990481,1211.8088578722777,2,1.0563350086436092,0,A,False,True,False,False,False,False
84.76798153978294,1,0,3.0395921030788218,835.1794212465028,6,1.6835401700685861,1,A,False,False,False,True,False,False
17.67487706416623,2,0,16.800676832250236,263.38523012140706,2,2.35872549282391,0,A,False,True,False,False,False,False
29.469614017622078,1,0,37.07169667985582,2372.526965855094,0,0.6069561270594862,1,A,True,False,False,False,False,False
15.316700571672497,20,0,5.871837305725215,1551.9684172840807,6,0.6614052788208538,0,A,False,False,False,False,False,True
50.64219303477768,21,0,34.60064954247264,552.7083986875374,4,2.2038603262637193,0,A,False,False,False,False,False,True
171.7724755589286,22,0,10.560723521860682,508.14544979857976,5,0.2198701313777068,1,A,True,False,False,False,False,False
16.72874913460339,18,0,5.714627249276668,2493.6588009290763,5,0.7264957438817563,1,A,False,False,False,False,False,True
99.96856820415647,3,0,34.02394853605903,1394.5449031190103,1,1.6251157576035347,0,A,False,False,False,False,False,True
28.895644024234347,23,0,0.48842536763569744,369.35587227187165,4,0.42698899243885696,0,A,False,False,True,False,False,False
21.084804207426362,19,0,0.4262830353504166,611.3574048878587,2,0.5918683717459507,0,A,False,False,False,True,False,False
48.01740589816443,6,0,13.737972496466224,5249.210723446084,2,1.8768345479539448,1,A,False,False,False,True,False,False
15.763690299777831,21,0,23.89983089790736,2444.975083712133,3,0.37026779364868856,0,A,False,True,False,False,False,False
28.095820639379962,6,0,20.88748197974747,1097.134456454969,1,0.3629947326580511,0,A,True,False,False,False,False,False
12.968800726877337,16,0,1.2420772249899728,1116.4359856010979,0,1.521995785023558,0,A,False,False,False,False,True,False
576.9007028012517,18,0,45.011532094343885,192.42284579857255,5,2.251976819886925,0,A,False,True,False,False,False,False
56.95812008116696,21,0,18.21355641758218,3119.099313685076,4,2.047463643521798,0,A,False,True,False,False,False,False
23.578361136121313,15,0,44.671937931148456,764.227106623159,2,0.27382221056491257,0,A,False,True,False,False,False,False
70.58205211749578,2,0,5.986977661366621,574.2503680038533,4,2.0778776322005763,0,A,False,True,False,False,False,False
47.71311655920602,14,0,17.759569029789176,1998.1524894382721,2,1.0402823063207418,0,A,False,False,False,True,False,False
41.88117661660872,13,0,29.485131430890135,662.5109504101978,4,0.6677106394948015,0,A,False,False,False,False,True,False
114.0914180840598,14,0,7.181772426256587,255.09276381474186,3,0.6261754683191723,0,A,False,True,False,False,False,False
135.50509648620815,13,0,50.22619326861701,1522.1020046647316,2,1.4187416153963286,0,A,False,False,False,True,False,False
28.887200936969712,6,0,4.6181245793128145,326.23898236816234,0,1.2442874955444982,0,A,False,True,False,False,False,False
27.358249521394605,2,0,5.688489699045036,1046.2463449865265,3,2.018962322761494,0,A,False,False,False,False,False,True
39.24947088175866,16,0,37.94766464836158,1413.8716866519894,5,0.7312645834052638,0,A,False,True,False,False,False,False
3.4476560774841603,9,0,52.429199248188425,878.0713620573246,1,0.7836950479024304,0,A,True,False,False,False,False,False
8.861984514416836,14,0,5.036198214365825,881.2190599021646,3,1.4965838876143926,0,A,True,False,False,False,False,False
281.53284546512015,5,0,2.199510703158927,3792.3415277179033,3,0.6728709914061554,1,A,False,True,False,False,False,False
393.0596007415287,16,0,21.347824316066735,3836.2051196739703,2,1.506652292062265,0,A,False,False,True,False,False,False
40.49411895304183,16,0,39.817342859283336,526.350657681835,2,0.5722779906434479,0,A,False,False,False,False,False,True
109.05674637092592,13,1,13.771146518208926,681.4308189134916,3,2.770809286533,0,A,False,False,False,False,True,False
79.32078382830025,23,0,15.098112899664606,712.0200390622368,4,2.709468426268897,0,A,False,True,False,False,False,False
2196.5801884971365,17,0,21.591841051598507,1069.3954623818436,3,0.6921745794850475,0,A,False,False,False,False,True,False
209.241668741495,4,0,2.4923209447962975,1027.0171303962597,4,1.0317309790563718,0,A,False,False,False,False,False,True
46.82882303769424,7,0,54.4415627561673,4331.486761155796,1,1.063308699710441,0,A,False,True,False,False,False,False
17.34581854474189,6,1,6.796121254732018,945.368077229562,0,0.9353170866713229,1,A,False,False,True,False,False,False
7.942788544585759,22,0,14.842619099270149,480.96169366736194,1,0.6061630133731102,0,A,False,False,False,True,False,False
69.69693642294087,3,0,9.484055907507871,685.1155090143502,0,1.05380304068351,0,A,False,False,True,False,False,False
22.029426012403896,17,0,9.471780525679504,1478.3829793533314,3,0.47701053577010366,0,A,False,False,True,False,False,False
9.907534700092118,4,0,18.197442156534414,892.7443986280797,2,2.1561692913607957,0,A,False,False,False,True,False,False
25.13126123984151,15,1,78.49440328686184,1409.3498601522379,2,2.228551839831477,0,A,False,False,False,True,False,False
14.91164416991852,13,1,16.14072497631005,902.0410474728479,3,1.962592548751795,0,A,True,False,False,False,False,False
413.4637986770269,18,0,23.702492968018017,1958.3122343288655,3,2.0324986191515038,0,A,False,False,False,True,False,False
157.27057165180776,13,0,0.42006824547267546,1021.8680661454018,1,1.4493943106512497,0,A,False,True,False,False,False,False
54.07829102790678,8,0,24.944745767829044,414.4189404065039,2,0.6347485711499185,0,A,False,False,False,False,True,False
322.4451249835474,5,0,5.34960734873341,830.9059809074865,0,0.5184709846303444,1,A,True,False,False,False,False,False
59.90991211696565,16,0,2.032173784206481,6432.5395427892245,2,0.584338041824878,0,A,True,False,False,False,False,False
19.42301995823215,18,0,1.8043052118623109,2948.287576459599,3,1.2535916055138636,0,A,False,False,False,False,True,False
339.5933569070357,11,1,17.085647309541823,432.96878994948327,6,0.5124036337426036,1,A,True,False,False,False,False,False
104.23959550841008,3,0,90.5898941915198,4549.233661559096,0,1.0910993342440942,1,A,False,False,False,True,False,False
15.725830494116918,15,0,16.457978753084515,1223.75844372134,3,1.3206785888720114,0,A,False,False,True,False,False,False
43.44924982433636,10,0,4.564249706216234,741.9583325809803,7,0.9118330246929741,0,A,False,False,False,False,False,True
19.0917842004229,21,1,3.409268659396303,875.4469482445108,3,1.0187096773257627,1,A,False,False,False,True,False,False
10.387886034316514,3,0,11.196861802639788,1147.6342116867102,0,3.681586485130058,1,A,False,False,True,False,False,False
165.90462201210056,16,0,1.0087617295188036,2610.380819703759,4,0.9842548246282659,0,A,False,False,True,False,False,False
539.854667223713,7,0,7.6456645015844,1276.686125455601,1,1.2236015661670194,0,A,True,False,False,False,False,False
10.193180430241997,13,0,16.459767582708828,1431.8491314233183,4,1.8006648988264273,0,A,False,True,False,False,False,False
107.29296504089324,1,1,51.47281197943817,2890.150986456349,2,1.5722871189338685,0,A,False,True,False,False,False,False
25.008828863249747,10,0,8.317834730936697,796.8989805761479,4,1.5181096322485057,0,A,True,False,False,False,False,False
30.430626121142527,10,0,3.351352740147021,1396.808454401144,1,1.147259677946912,0,A,True,False,False,False,False,False
26.81944786394791,23,0,25.503771538777347,1557.9105303996148,2,1.1488721148000116,1,A,False,False,False,False,True,False
19.360038614251405,21,0,20.450362985621382,1221.4363335591781,6,0.4025406116999694,0,A,False,False,False,False,True,False
57.87155313289473,23,0,29.460000086440406,1634.6796061867078,2,2.3814956720943554,0,A,False,False,False,False,False,True
20.143060969135522,5,0,3.6256997477169235,630.8285491729958,5,0.7435909290883128,1,A,False,False,False,False,False,True
75.53137938756288,20,0,7.78367834123923,2401.8601307371773,0,1.551602011624896,0,A,False,False,False,False,False,True
51.4039114934987,20,1,59.89397196631141,704.0968199571707,7,0.8893361612195748,1,A,False,False,False,False,False,True
40.98730332562321,13,0,2.5803829053001235,1577.7011949850917,7,4.746354310331345,1,A,False,False,True,False,False,False
18.373760840075132,9,0,16.69603108328608,1297.6527208604937,4,0.6610646811891205,0,A,False,False,True,False,False,False
27.326977561460225,7,0,4.061085527688186,633.1515096819221,2,3.2646832118371876,0,A,False,False,False,False,True,False
135.16137987505726,6,1,10.40197865552629,4015.707902487798,2,0.9382488507085058,0,A,False,True,False,False,False,False
99.59387086024077,7,0,24.179840905112748,4329.687561474984,3,1.4407814562743078,0,A,True,False,False,False,False,False
16.89358064436898,7,0,10.058639151516267,524.9656202143233,1,1.008721689324562,0,A,False,True,False,False,False,False
61.50993869269333,22,0,24.558434978447227,2078.570542132967,0,2.209717220421766,0,A,False,False,False,True,False,False
134.51349761829692,1,0,8.335642678444353,994.2306642649703,4,1.0674518602691807,0,A,False,False,True,False,False,False
7.364813025201735,15,0,110.14583815210642,639.6588166310042,4,1.1748672231538992,0,A,False,False,False,False,False,True
104.7977425242634,8,1,8.585947868922636,1472.6337892641836,4,1.0529668308760094,0,A,False,False,False,False,False,True
24.65183868190709,12,1,2.4268375605680683,2136.7321147312064,4,1.327151806697651,1,A,False,False,False,True,False,False
108.27977667984328,22,1,7.7091952136775035,1247.4619493362097,5,0.629026605552094,1,A,False,True,False,False,False,False
21.847554916587715,11,0,20.356462597188376,819.9156123312493,2,0.3312146285006599,0,A,False,False,False,False,False,True
6.259757705696109,21,1,28.25198030284938,3176.5110350825526,5,1.2591840198035542,1,A,False,True,False,False,False,False
7.744237934693754,16,1,9.245661787407773,3269.257711751631,2,2.9028712455206263,0,A,True,False,False,False,False,False
57.84123536819229,1,1,13.538659424917007,635.0392844866394,1,0.814202373327049,1,A,False,False,False,True,False,False
74.56468487786815,12,0,27.95431760436324,1179.3401397940465,4,1.4680647451111795,0,A,False,True,False,False,False,False
18.44549283533084,0,0,25.193575267375017,310.0791738653041,3,0.47698381221499564,0,A,True,False,False,False,False,False
117.48503344472759,18,0,16.082063600108736,2139.3848851397524,2,0.7571992187856968,0,A,False,True,False,False,False,False
7.434831564697669,10,1,25.31318961152179,3171.627377624207,1,1.024456665690963,0,A,False,True,False,False,False,False
50.4359513702496,4,0,12.86717055527073,1497.6246209566084,2,0.9851313382460094,0,A,False,False,False,False,False,True
12.765938384426544,0,0,0.0698850788233883,478.99474476304147,3,1.7482955770807893,0,A,False,False,False,False,True,False
24.973035696168314,19,1,0.6321364950181769,3992.757353751623,1,0.40318619662869615,0,A,False,False,True,False,False,False
57.79362096033301,12,0,58.53732847373741,5565.44950295184,6,0.9185209416659721,0,A,False,True,False,False,False,False
19.443327686247823,7,0,2.3496675373427562,776.2690412619789,6,0.7312376703094683,0,A,False,True,False,False,False,False
34.41640523009598,5,1,7.775721678986545,1566.1391651999554,2,0.6341137130886498,1,A,False,True,False,False,False,False
182.64627723203836,16,1,40.728677218739136,2107.6711411330284,5,0.6937850051289557,1,A,False,False,False,False,True,False
27.323025088947013,11,0,3.254430781865372,2058.8484235242568,3,1.1460012549778633,0,A,True,False,False,False,False,False
148.8338427653628,0,1,27.848439449478015,1139.7401349339866,2,1.0758910899276861,1,A,False,False,False,True,False,False
14.074318791905581,2,0,25.578297425492487,4620.689353303879,5,0.9063490443377139,0,A,False,False,False,False,False,True
103.10676589921144,13,0,64.38789536996829,313.4887810396166,5,0.5087281465486767,1,A,False,False,False,False,True,False
307.93303631979336,7,0,4.962640191940281,316.71661785510884,6,0.8750690290117001,0,A,True,False,False,False,False,False
2.8123673440193215,10,0,5.68217287368622,1082.9587961668308,0,1.7567766251443122,0,A,False,True,False,False,False,False
20.983275033597582,13,0,34.97681054540364,4424.224313957877,0,0.4397998554831772,0,A,True,False,False,False,False,False
109.12418576214498,7,0,4.000144875224259,2773.1927797205717,2,0.6998607199162172,0,A,False,False,False,False,True,False
42.79175897557151,2,1,11.907810021654385,332.0674514402392,3,0.563658569047088,1,A,False,False,False,False,True,False
85.23183787788905,6,0,18.431410480373707,10665.396965439924,5,0.5755818149807654,1,A,False,False,False,False,True,False
26.4489848059738,18,1,4.75942859498155,1708.6769513327579,2,0.8858491532894793,0,A,False,False,False,True,False,False
60.57654336555681,3,0,41.80955375777961,436.2538928266354,0,0.7260683866655706,0,A,False,False,True,False,False,False
45.29457723693479,15,0,16.435637266122242,1018.7207852945099,5,0.6515367213690721,1,A,False,False,False,False,False,True
221.70296134859663,12,1,0.7242984702039036,2377.2892653062563,4,1.009624099047252,1,A,False,False,False,True,False,False
74.09181089530226,19,1,2.1881815957206454,2986.867017447212,2,0.4567538560731833,1,A,False,False,False,True,False,False
81.86922805975064,18,0,3.1752959772035454,1040.2528238863367,1,2.712928930552005,0,A,False,False,True,False,False,False
33.306335716745025,4,0,4.214715896935719,1665.2517475150714,5,0.7531993476168689,1,A,False,False,False,True,False,False
30.41307245997758,22,0,19.67767875190677,992.447907313862,3,0.828951451421354,0,A,False,False,False,False,True,False
32.489929332229494,4,0,1.397119541257636,1040.3569748402722,4,0.8424541596324154,1,A,False,False,False,False,True,False
87.64920760259218,19,1,6.475473229137018,1958.296776128657,4,0.6158904111781537,0,A,True,False,False,False,False,False
32.94431207110346,23,0,36.351528221912254,3472.2972243860895,3,1.8697072190615571,1,A,False,True,False,False,False,False
77.30277300808058,3,0,12.201534696680582,441.4344527672587,1,1.1373570245591909,0,A,False,False,False,True,False,False
658.84016171892,1,0,4.628409077205988,910.2962025961485,1,0.28558932856635694,1,A,False,True,False,False,False,False
155.29858894492483,12,0,47.21797862308173,677.5278034732912,4,0.5384773066186616,0,A,False,False,False,False,False,True
36.920677553341775,15,0,4.201977549663117,489.6037413778618,2,0.7243790909307072,0,A,False,False,False,False,True,False
230.77811472669688,21,0,35.32391373775386,470.0158104771379,3,1.3729782880900647,0,A,True,False,False,False,False,False
33.458623377364816,1,0,19.406803776904773,1118.7427457923789,2,1.8138325578213186,0,A,False,False,False,False,False,True
4.7315391808640666,18,0,20.236194704113235,464.9602988869215,4,0.9340708090589257,0,A,True,False,False,False,False,False
16.28584664937109,16,0,21.718673679049825,452.5180324653211,2,2.213815870170541,0,A,False,False,True,False,False,False
5.783735156197613,4,0,10.595593199048556,950.0532969926969,5,1.4722956475809945,0,A,False,False,False,False,True,False
35.808447138036634,17,0,25.276873289303758,500.9177452060596,2,2.9206619645781005,0,A,False,False,False,False,False,True
55.81831576404396,22,1,27.13600455281662,1647.2713166391864,3,0.7558594516823721,1,A,False,False,True,False,False,False
408.186743656801,20,0,6.70571841864253,747.4619110086439,2,0.817331603429581,0,A,False,False,False,False,False,True
80.82714390392019,17,0,7.670999785612916,421.7395607423417,3,1.1127957607274832,0,A,True,False,False,False,False,False
41.975216695059544,7,1,32.94053626682174,7048.543783607834,4,0.6912955335199483,0,A,False,False,True,False,False,False
147.71528890554478,14,0,11.158059889202645,199.09727587320728,3,1.4786723244218576,0,A,False,False,True,False,False,False
3.844477216408851,12,0,30.25472097657129,2175.565086461373,4,0.5389902692175974,0,A,False,False,False,False,True,False
72.43846694786166,12,0,14.783384779040261,1446.4693222911833,1,0.4771304715554281,0,A,False,True,False,False,False,False
137.6946059738777,15,0,13.505070707354232,744.121178170686,3,0.9724488807996561,0,A,True,False,False,False,False,False
9.25993014658398,21,0,0.47206516836825857,530.5045738824806,2,2.096118542651893,0,A,True,False,False,False,False,False
215.40174197398989,19,0,4.883758311094394,4370.950337524041,1,1.2789775851314926,0,A,False,False,True,False,False,False
81.95707945846424,12,0,10.459064482346811,5997.606617367092,2,1.504153864327482,0,A,False,False,True,False,False,False
33.1702869336848,19,0,13.276139284988517,867.618252363466,4,2.302150412257293,0,A,False,False,False,False,True,False
116.66869359402975,1,1,14.931410492997102,772.3297233066113,4,1.2415266946804924,0,A,False,True,False,False,False,False
832.8315737658382,2,0,18.893489158321408,2705.3780054596946,1,0.841256417462776,1,A,True,False,False,False,False,False
67.91381712087394,14,0,16.016886512982186,900.7232020464108,0,2.0709885469782012,0,A,False,False,False,True,False,False
73.54259068975412,22,1,28.315141525498692,1748.937431386017,3,1.6209729926007899,1,A,False,False,False,True,False,False
31.461573760474472,18,0,5.253372777711264,1713.7035059594418,5,0.6929304960793498,0,A,False,True,False,False,False,False
19.691493818649846,12,0,15.390327840539177,1129.8722058124647,4,0.6539356363871307,0,A,False,False,False,False,False,True
147.88027295488791,4,1,0.7877187167086532,1251.4762687620246,1,0.9739572561264457,1,A,False,False,False,False,True,False
19.54460733833587,21,0,9.814381013127626,1473.911532665745,3,1.5674909648343973,0,A,False,True,False,False,False,False
59.49423901956164,5,0,4.680297022325356,459.037984905437,6,0.6149369361963556,0,A,False,False,False,True,False,False
30.778335938785034,13,1,7.1920156497282655,636.646308264562,5,1.069574102192745,1,A,False,False,True,False,False,False
97.00628700578766,3,0,6.5697335002831,1313.7080746030515,4,1.5728107607463686,1,A,False,False,False,True,False,False
81.48300951821545,21,0,0.9350051383859818,762.480247653645,6,0.8839478602054248,0,A,False,False,True,False,False,False
189.62490432298256,18,1,9.428543048947663,10116.085793589256,2,1.1513154578993492,1,A,False,False,False,False,True,False
29.60609704516324,22,0,78.40192183835009,1219.337307541916,4,1.2775987417349257,0,A,False,False,True,False,False,False
39.494051974645174,6,1,5.327342685618201,272.992403273603,5,1.4571566021464684,1,A,False,True,False,False,False,False
16.86909991678399,3,0,19.985388776098556,115.45080927790902,0,1.0406878175623444,0,A,False,False,True,False,False,False
32.03560972211677,1,0,11.904073847806796,2115.0804075490873,2,0.939644048029747,0,A,False,False,False,False,False,True
85.8636516053458,6,0,5.900646335868256,1227.8383522027405,5,1.6624682015728942,1,A,False,True,False,False,False,False
135.42071500823727,2,0,1.408184563563387,3472.2025884792383,1,0.2772621119360443,0,A,False,False,False,False,True,False
18.05462005922557,14,0,3.647475390470779,655.1082215491167,3,1.5377374928853547,0,A,False,True,False,False,False,False
155.0158088233048,0,0,22.838829068608707,995.7825834525635,2,1.338669176322372,0,A,False,False,False,False,False,True
277.7622218372234,1,0,4.9071619111926275,1371.1028480207865,4,2.1419349993620513,0,A,False,False,False,False,True,False
89.66871045643771,9,0,2.3375749888934907,968.6967571539536,10,1.3330575504820321,0,A,False,False,False,True,False,False
519.1303330601706,15,0,6.03625902278399,906.6953934314793,0,0.5953538903445815,0,A,False,False,False,False,False,True
21.573224970613776,14,0,13.157599118983661,1959.5673755663427,2,1.0525741540742486,0,A,False,False,False,False,True,False
12.26088796900897,23,1,18.233757497269256,562.8292928351312,6,0.6127551712304478,1,A,False,False,True,False,False,False
6.459395265848477,14,0,7.349785298593127,1683.3559326195536,4,1.7739721004688775,0,A,False,True,False,False,False,False
328.73540063367517,13,0,10.341725157827087,4735.329514391027,2,0.29211367019098633,0,A,False,False,False,False,True,False
119.72994970097263,21,1,9.102249560195814,4122.069025897418,2,0.4489533853707345,1,A,False,True,False,False,False,False
51.0751662087279,13,0,0.13566187506612365,258.6041213576257,3,0.5486649788545476,0,A,False,False,True,False,False,False
76.39844568923503,5,0,7.552797513730988,741.1291774952317,5,0.4431009773636679,1,A,False,False,False,False,True,False
14.14573468899782,13,0,13.276235171428466,1383.6184736886175,1,0.850003509579971,0,A,False,False,False,True,False,False
1027.518936146459,16,1,12.657622681252732,3048.228616278548,3,0.8109896061213883,1,A,False,False,False,False,False,True
63.7561352338536,17,0,20.780475396332566,1297.1416437862117,3,1.5135525120264965,0,A,False,False,False,False,True,False
62.25717274497801,19,0,16.64703594519212,3052.8050119790087,1,0.3848844393770315,0,A,False,False,True,False,False,False
130.44086061430286,18,1,4.861183029233791,641.9406247223216,2,0.76486986373921,1,A,False,False,False,False,True,False
97.2428130612664,16,1,4.428531340884878,1427.7249306073581,4,1.1392151443802698,0,A,False,True,False,False,False,False
71.42592003264475,15,0,9.358285523044582,1456.763109118984,1,0.6276721913503799,0,A,True,False,False,False,False,False
21.145574782645117,7,0,19.805895344933877,3135.9107093504285,2,0.437675563866108,0,A,False,False,False,False,True,False
96.13582435528505,6,1,1.4778807038968496,2268.4331796463957,1,1.4232642087846297,1,A,False,False,False,True,False,False
522.3978152273733,19,0,44.44217712528151,1904.550213980495,2,1.329323822049689,0,A,False,False,False,False,True,False
274.37726951771117,11,0,11.751105105734524,2163.459557295628,2,0.34608593118112424,0,A,False,False,False,False,False,True
369.37927140587567,8,0,5.488079355165812,416.68032768198356,3,0.8069564636355664,0,A,False,False,False,False,True,False
29.563520575140533,13,0,17.73274067675867,956.0694987833575,1,0.7355933921255237,0,A,True,False,False,False,False,False
16.651065621832256,19,1,0.6863531444600928,490.8183455335514,3,2.479556986305549,1,A,False,True,False,False,False,False
46.948708433883176,0,0,9.936270391999999,650.3456554805724,0,0.38883750126026195,0,A,False,False,False,False,True,False
58.37395969423142,9,1,9.982094454654298,954.3250871542451,2,0.7985290496057378,1,A,False,False,False,True,False,False
202.96424330352664,16,0,2.650615289800397,180.34691000371177,3,1.4623162535696157,0,A,False,False,True,False,False,False
7.163813452898675,16,0,27.245807279534944,982.2598123919885,2,0.9419241992160824,0,A,False,False,False,False,True,False
342.22225121574724,16,0,23.904363063461634,586.249454425592,2,1.7079122889926408,0,A,False,False,False,False,True,False
45.16807453602767,3,0,2.486080336128538,471.1216215814506,3,0.3710583245527882,0,A,False,False,False,False,False,True
32.712023977929476,16,1,6.784278022565038,1184.0375201284814,3,0.5250097304021992,1,A,False,False,False,True,False,False
16.207510561147316,17,0,1.5875687211010103,803.5286030206543,3,0.8542601593101323,0,A,True,False,False,False,False,False
7.49451930265343,19,0,28.318316681219187,1441.156783190909,1,1.276748197696583,0,A,False,False,True,False,False,False
146.61420788527727,22,0,5.858354170427267,652.5854047459137,2,1.0020279910823808,1,A,False,True,False,False,False,False
59.619431965772606,1,1,8.67897541640758,952.9097527435697,1,1.3578223926024366,1,A,False,False,False,False,True,False
11.612091434970647,7,1,5.870591967464305,7839.634555736172,0,0.8450104550696789,1,A,True,False,False,False,False,False
11.540994934487635,12,0,5.566520806850284,1805.2979973913134,2,0.5195557811135956,0,A,False,False,True,False,False,False
36.49073383600219,22,0,20.63341774950677,557.3214758518309,5,1.3180367336638612,1,A,False,True,False,False,False,False
404.57042709209315,21,0,20.649095673906096,2955.8624525110713,5,0.46524865176880953,0,A,True,False,False,False,False,False
39.9844399971957,19,0,10.940576717159455,3784.717969480079,2,0.6161336168530599,0,A,False,False,False,True,False,False
8.991039373973644,21,0,16.077377062153868,1770.3726804356274,5,0.5044788675352618,0,A,False,False,False,True,False,False
40.6544508943922,14,0,10.75124912756817,586.6537864434284,1,1.0956573079022969,0,A,False,False,True,False,False,False
39.35927751914464,19,0,0.4350876208572839,2505.8524980423517,5,0.9606329460639346,0,A,False,True,False,False,False,False
2.146279822867262,22,0,1.0242859274464302,691.0071703602634,4,0.5660830738796128,1,A,False,False,False,True,False,False
51.15427978603523,8,0,7.261308760808287,3231.421900816067,2,0.6724441792119202,0,A,False,False,True,False,False,False
41.38334742285108,2,0,20.77920464935775,904.3938814348026,8,0.838595012349775,1,A,False,False,False,True,False,False
125.89492592003005,2,0,36.66676305635976,876.8956224736233,1,1.3728189519583964,0,A,False,False,False,True,False,False
502.07389694829703,1,0,0.4523780483006278,1667.7753339274439,2,1.0141582021774818,1,A,True,False,False,False,False,False
211.00419935982987,0,0,6.883701565282948,3388.7373666338676,3,1.1531767604651504,0,A,True,False,False,False,False,False
39.54082060553233,13,0,3.7998364839705827,7292.303094742107,3,1.2415857236533911,0,A,False,False,False,True,False,False
14.471322167901322,16,0,25.327645468771316,1120.5912206750622,3,0.9893270547821322,0,A,False,False,False,False,False,True
1197.5484214301218,12,1,28.058937676015148,790.1804840765939,3,1.1125148502981532,0,A,True,False,False,False,False,False
58.61919020163404,18,0,3.4678034562124225,568.7627406946827,3,0.9312429585701324,0,A,False,True,False,False,False,False
55.518436251086996,22,1,18.61096545697216,335.12392156497987,3,2.0892917013463066,0,A,False,False,True,False,False,False
53.040188270608375,14,0,19.73787605961149,490.3750866043103,2,1.3027726130386637,0,A,False,False,True,False,False,False
69.24851583979243,13,0,2.9230377931378717,1324.131059145037,3,2.501971174250124,0,A,False,True,False,False,False,False
45.91388173661075,1,0,8.529361439152902,2549.6750381449624,7,1.8852758278952335,1,A,False,True,False,False,False,False
27.429130120558437,6,0,14.527100749750295,532.1938129654317,4,0.9054635998408649,0,A,False,True,False,False,False,False
28.32569293987391,16,0,0.3961854392853788,2058.44356978117,2,0.9063052102920144,0,A,False,True,False,False,False,False
52.49385293241821,17,0,7.777621706138617,550.3081569122357,4,0.43653526858709935,0,A,False,False,False,False,True,False
28.44266409116469,5,0,2.525538365732329,606.5135864331395,3,0.5741053017292784,1,A,False,False,True,False,False,False
23.21004271806885,20,1,11.709902104683097,466.081842331007,3,1.656818532871933,1,A,False,False,False,False,True,False
62.03608756592731,7,0,27.76476997891902,3182.658485278051,1,1.6171206792661974,0,A,False,False,False,True,False,False
40.20644632429312,1,0,11.15883877695594,3964.454212148258,2,0.36413674159442133,1,A,False,False,False,True,False,False
331.88601654215785,0,0,0.5497045220300276,611.986167800577,0,1.9302650350308852,0,A,False,False,True,False,False,False
2.267859034715572,15,0,0.4515887226757314,574.0332439619463,1,1.8080568259614846,0,A,False,False,False,True,False,False
202.3114258490097,6,0,13.952161697047408,1804.5329021649416,3,1.7488274143063116,1,A,False,True,False,False,False,False
243.5451219237003,21,0,5.962042442479667,4369.592164923027,6,1.2919313197450168,1,A,False,False,False,False,True,False
4.535483627043995,23,0,12.752858224179862,3988.359529360444,2,1.2891443408759318,0,A,False,True,False,False,False,False
36.189712273559586,10,0,2.6803901975846323,805.8939063583745,4,0.9115512537945198,0,A,False,False,False,True,False,False
34.96232177131293,14,0,22.499496691313844,946.8698283896783,2,0.7287034171818029,0,A,True,False,False,False,False,False
10.084362597037412,12,0,29.569003061335206,409.4303331064811,5,1.764350402326039,1,A,False,False,False,False,True,False
21.46921341802467,23,1,33.00389395675341,798.655609789137,2,0.8771782646443959,1,A,False,True,False,False,False,False
14.401163262553206,1,1,5.437691883776099,1184.7717760042626,6,0.14646586464077688,1,A,False,False,True,False,False,False
447.0741802146351,13,1,16.21462274484516,372.47837654517355,1,1.3637266816162315,0,A,False,True,False,False,False,False
167.80692654837276,23,0,4.907623991815625,709.1093816494453,3,0.5904832810688415,1,A,True,False,False,False,False,False
251.1037283176539,5,0,21.580043870619285,1309.9857560695766,4,1.0789517029187536,1,A,False,False,False,True,False,False
129.80151510997223,8,0,1.9264521447235041,325.06343496173736,2,2.2928678687678796,0,A,False,False,False,False,True,False
14.085386965492356,6,0,21.580549076554135,1595.9869662029998,4,2.8609085819459854,1,A,False,False,True,False,False,False
29.095271817107005,17,0,8.6900105553143,2480.748180564733,0,1.4145701515291367,0,A,False,False,False,False,True,False
98.22389085240867,23,1,29.022274866866344,1730.25499918663,1,1.9304730842593378,0,A,False,False,True,False,False,False
12.59684806798905,8,0,20.14455003709119,736.983883566285,5,1.4512943067967936,0,A,False,False,False,False,True,False
128.45750075500987,22,0,7.086570226114476,2800.6235896879325,3,1.4952526602390834,1,A,False,False,False,True,False,False
40.91961458152428,3,0,35.07927628523564,3327.4362072095187,5,1.5835567200194687,1,A,False,False,True,False,False,False
34.82080423291482,8,0,4.997246357390276,1414.0754047395783,5,0.5862547919818429,1,A,False,False,False,False,False,True
128.143657889661,3,0,51.1635491235166,1235.4996447840063,2,0.5271788795071539,1,A,False,False,False,False,True,False
93.04804510470424,11,0,21.863851486839245,667.9640535953587,2,1.6598391871143914,0,A,False,False,False,False,True,False
35.40455913661759,3,0,70.12560546163694,792.076987575532,3,1.165504942451632,1,A,False,True,False,False,False,False
219.46565785585233,23,0,0.8311783002251136,2585.6706969862894,3,1.0828371264603596,1,A,False,False,True,False,False,False
14.920319472019541,19,0,4.803823730376618,4815.086782409045,2,0.7887772744723073,0,A,True,False,False,False,False,False
114.33385581902824,13,0,20.27922050341448,786.8346685823416,2,0.8360608331696905,0,A,False,False,False,False,False,True
111.2435019121562,23,1,38.31379328236909,956.1942309824154,1,1.8745153587446273,0,A,False,False,False,True,False,False
37.65795698513547,23,0,0.43789216286398486,653.4130312216741,0,0.6541482972035861,0,A,False,True,False,False,False,False
80.75013441557476,6,0,0.00013944028188889778,776.92965142398,2,1.0067124692736165,0,A,False,False,False,False,False,True
12.166225467743592,12,1,4.440606178915547,400.8539341180103,0,0.6742806951556984,1,A,False,False,True,False,False,False
165.4770348657506,21,0,28.737273350078976,1545.853083816818,6,0.45989087892907726,0,A,False,False,False,False,False,True
43.73363283887934,7,0,21.86061198207946,397.6248964464506,2,1.0549710683311906,0,A,False,False,False,False,True,False
29.15808915639319,22,0,6.239038943683415,707.2648104372272,3,1.4484285039240115,0,A,False,False,False,False,True,False
192.25278045851556,4,0,0.030199344804676904,1044.2947917903284,3,0.5878776380948646,0,A,False,True,False,False,False,False
23.44805552352515,11,0,12.135299385986123,383.28059097594786,6,0.7010543435587298,0,A,False,False,True,False,False,False
10.072877789093644,12,0,4.076254328801349,590.4639188038914,0,0.5532546576336297,0,A,False,False,True,False,False,False
8.432092752276647,19,0,20.533238166547147,445.7302619446573,2,1.0688290178745068,0,A,False,False,False,False,False,True
112.98012763557232,13,0,8.868329319715453,2643.0493591235804,2,0.7842345150588355,0,A,False,True,False,False,False,False
11.74567135039179,17,1,17.026122135651637,3428.0275316837915,0,0.346072442506244,0,A,False,False,True,False,False,False
448.43019052527177,23,0,28.68947810730213,583.2126168218701,3,0.8378022562664249,0,A,True,False,False,False,False,False
4.489245782799021,19,0,11.510297808765845,10003.114144116968,3,1.6824080777122927,0,A,True,False,False,False,False,False
418.11129035154784,3,0,6.141092625190588,519.4500075003083,3,1.7851850370330102,1,A,False,False,False,False,True,False
70.33158316885046,20,0,22.01540031298321,781.6375884562021,2,1.8304230114773539,0,A,False,False,False,False,False,True
48.61559021369411,17,1,4.622093403166169,1626.7360485008492,4,0.6084615693202037,1,A,False,False,False,True,False,False
28.391707009843728,6,1,33.317678120646995,1754.3124924639585,3,0.5526519745276146,0,A,False,False,False,False,True,False
88.14325046998862,14,0,1.1116046449222283,849.6151403735757,1,0.723397615607786,0,A,False,True,False,False,False,False
52.18725756244156,20,1,27.069811430783975,2631.724556213614,2,1.626515375112847,0,A,False,False,True,False,False,False
205.19531023287522,5,0,1.440325993443583,2861.1268095454748,3,1.5983245209988175,1,A,False,False,False,False,True,False
62.619277525679074,15,1,0.8666134459787089,1089.9205126421416,4,1.001444426764382,1,A,False,False,False,True,False,False
65.38952737462807,19,0,6.770835901713758,972.5463743811193,1,1.7491187557810954,0,A,False,False,False,True,False,False
35.292318899370976,23,0,47.04194355967894,672.879224334001,3,1.3545769022667917,0,A,True,False,False,False,False,False
50.99182121520921,7,0,61.5532508182119,477.13623642205016,4,0.7857765827124277,0,A,False,True,False,False,False,False
78.99322763637332,20,0,3.3860254876582294,578.0329050160572,1,0.8415430620570149,0,A,False,False,False,False,True,False
7.01322693914305,15,0,2.413760055604039,1695.3173793243354,5,0.5303629623669329,1,A,False,False,False,False,False,True
10.828456103601827,21,1,6.530052848465987,1097.2503624367382,3,0.9399011933528781,0,A,False,False,False,False,True,False
133.20867889156546,15,1,6.166669186443088,902.0191358964881,3,0.7373393182714109,0,A,True,False,False,False,False,False
67.02317973506962,2,0,21.381322062661255,694.4919870741865,2,0.6057032094826215,1,A,False,False,False,True,False,False
43.78187838976413,16,0,8.804778352293155,706.6098337860294,2,0.6919876521874673,0,A,False,True,False,False,False,False
55.819357603150394,8,1,22.70398075246649,1057.7311407726638,3,2.1110970597337366,1,A,False,True,False,False,False,False
82.8554933493243,2,0,20.717399293230628,992.9780826103624,1,0.7933607475110297,1,A,False,False,False,False,False,True
28.568033519900194,19,0,12.952287780851707,1095.7209529076654,4,2.200308480804777,0,A,False,True,False,False,False,False
21.45664375355108,6,0,26.892489649850457,768.3946726141384,4,1.0291753275128133,0,A,True,False,False,False,False,False
69.06266674505672,17,0,3.2657696936129326,641.2055472942646,0,0.891847622263037,0,A,True,False,False,False,False,False
16.877015503347828,11,0,2.64766597853473,1104.048963175298,3,1.2979643737133233,0,A,True,False,False,False,False,False
89.11282886259048,18,0,20.833481755449775,1844.2677501251053,5,0.30358714490381133,0,A,False,True,False,False,False,False
7.077350927555265,15,0,4.211531610058173,730.0596779033805,6,2.831401048286171,0,A,False,True,False,False,False,False
187.7266217266406,21,0,0.04197443099281285,162.40829392351262,4,1.6121471701945815,0,A,True,False,False,False,False,False
96.26617190974535,23,1,36.44948906805322,367.2420372217333,1,1.1085702675291256,0,A,False,True,False,False,False,False
74.2349958506119,16,0,14.63014725975104,2589.9682285400436,1,1.5020428296743782,0,A,False,True,False,False,False,False
177.54590243218044,19,0,8.830123735415546,2428.4061432983426,1,1.027695725620788,0,A,False,False,False,True,False,False
402.8520340479157,14,0,19.404989885595448,1839.7891012491789,4,0.7382165276644743,0,A,False,False,False,False,True,False
184.4252215409207,0,0,6.081940616759609,1652.6429986068542,1,0.9883764311215233,0,A,False,False,True,False,False,False
5.995150679759255,1,0,46.078207175881374,2475.423105096552,3,0.8099006893473821,1,A,False,True,False,False,False,False
11.75769170854209,7,0,1.066323479273536,833.3651877580479,1,0.6380457980406308,0,A,False,False,True,False,False,False
25.795955259896342,21,0,15.364328778039567,1225.5341115979393,5,0.820838391214807,1,A,False,False,True,False,False,False
56.33461966324205,1,0,22.52823720366984,591.4583845257616,4,1.112186498057843,0,A,False,False,False,True,False,False
101.61496570704445,18,0,9.49845600800055,953.1122061597514,7,1.1945028953707946,0,A,False,True,False,False,False,False
22.8535718912564,8,0,21.095518706736893,4999.065765569901,2,2.024325188075964,0,A,True,False,False,False,False,False
68.31436847050632,8,0,39.24103746276942,566.0601616217291,4,0.8567147733024206,0,A,False,False,True,False,False,False
22.055025310753987,12,0,20.438310139722773,431.7594384693028,4,0.7024741299476169,0,A,False,True,False,False,False,False
26.210986014485005,5,1,5.552197773797067,939.2608626258343,1,0.5332840014444206,1,A,False,False,False,False,False,True
10.094661136902479,14,0,12.37778531176939,796.3931484845698,2,1.2474584150616488,0,A,True,False,False,False,False,False
18.031497768360992,18,0,36.38884657383737,1356.6632271391854,4,2.073491092284713,0,A,False,False,False,False,False,True
10.783082526501692,20,0,8.94296768672575,2067.914213898043,2,0.822461714922554,0,A,False,False,False,False,False,True
16.927712916272572,14,1,17.171343242950147,812.7118652753704,2,0.7546598127090807,1,A,False,False,True,False,False,False
193.32450613921847,17,0,9.396766473734324,5916.04263784781,2,1.541197893495835,0,A,False,False,False,False,False,True
17.474127063103197,6,0,1.940429854816896,2935.2785480259386,3,0.5875587376232171,1,A,False,False,False,True,False,False
1285.4427336632534,10,0,0.9057695809983152,595.3672733905796,1,2.2480743738728375,0,A,False,False,False,True,False,False
98.6897884950379,7,0,45.63417165470682,1029.3976004557671,1,0.9629220889055414,0,A,False,False,True,False,False,False
68.15628305796658,5,0,14.222208575652754,1673.583353516471,1,1.2066493260614772,0,A,False,True,False,False,False,False
19.491347785226637,7,0,1.6441247574614544,565.024497272486,3,1.0190411193252473,0,A,False,False,False,False,True,False
126.5163887726229,1,0,29.21973305350802,210.23871909202504,2,0.2857819464516174,0,A,False,True,False,False,False,False
27.364173149429835,18,1,11.09393512877053,5133.294892219178,5,0.9674862018079852,1,A,False,True,False,False,False,False
63.20679287487692,15,0,22.171679115203002,452.32282591049193,4,0.8260480804646616,0,A,False,True,False,False,False,False
1178.622244539103,6,0,2.033107353374008,2168.8221705570218,6,1.2151051243834354,1,A,False,True,False,False,False,False
48.6537127057871,9,0,35.61289726056271,1920.50501021956,2,1.7707240558918158,0,A,True,False,False,False,False,False
216.8331126531335,11,0,13.393573848362896,570.9605190162814,4,1.279561971334263,0,A,False,False,False,False,True,False
23.480922662122484,16,0,20.1060935282696,5260.1947155063,5,0.7167748913033115,0,A,True,False,False,False,False,False
52.35323920867019,6,1,0.478238681661557,1154.7871591389132,4,2.2785357848382026,1,A,False,False,False,False,False,True
457.12677652517016,21,0,5.681724743853624,1224.4103194986321,6,1.0228305245001708,1,A,False,True,False,False,False,False
25.72953440342186,7,0,4.668261319059815,320.3439148923779,5,1.897141486888845,0,A,False,False,False,True,False,False
480.5533582522841,6,0,44.81497213486327,202.43292398978895,3,1.5542967854851724,0,A,False,False,True,False,False,False
127.65129933797415,3,1,3.0747401098790306,903.1966721643064,4,0.6076178772098556,0,A,False,False,True,False,False,False
27.800106981007833,2,0,18.416388408550656,3095.825799171958,3,1.699256169341908,0,A,True,False,False,False,False,False
116.61632665294186,18,0,0.6554157656075659,247.2842802632266,3,1.5432075819724203,0,A,True,False,False,False,False,False
175.39934393752128,14,0,3.3037926084770026,1231.8631254471074,2,1.0394694603545216,0,A,False,False,False,True,False,False
115.14266844797065,3,0,6.200887173333525,1170.613674625124,3,0.7998447010270789,0,A,False,True,False,False,False,False
8.295642161451964,8,0,23.735065533932183,2959.636888591012,3,1.502841584695078,0,A,False,False,False,False,True,False
22.81539184256638,12,1,23.408043464515757,2472.991858866867,3,1.6432708771692601,1,A,False,False,False,False,False,True
40.567921251319724,17,0,45.737584925015625,1226.874584485106,4,0.8148550900087954,0,A,False,False,True,False,False,False
49.932889061712174,20,0,37.29176121705668,1017.5460449874995,4,1.3538652604372945,0,A,False,False,False,False,False,True
114.98555560742825,15,0,1.275438968104827,616.5335817372429,2,0.845100538635253,0,A,False,False,False,False,True,False
67.57521008812243,0,0,26.567685592011777,438.6280203395627,2,0.7598753474852933,1,A,True,False,False,False,False,False
10.996606987649171,3,0,8.999595922375248,664.3972034809873,3,1.2414106150578865,1,A,False,False,True,False,False,False
86.16270446345753,17,0,30.135986564314653,452.39262855666533,2,1.4837010170971612,0,A,False,False,False,False,False,True
113.60220250423288,7,0,1.4028997189129948,1008.1957983424571,2,1.296080838395718,0,A,True,False,False,False,False,False
106.88447064116384,19,1,25.954528279288013,1066.581752789192,0,0.9335489718195179,1,A,False,False,False,False,True,False
199.7240913127235,15,0,2.60891857585492,880.2934715507939,4,0.5636130852595105,0,A,False,False,False,False,False,True
148.51806274000387,20,0,6.093417660319091,1196.8899865466701,1,0.856553356339845,0,A,False,True,False,False,False,False
94.72861270699266,10,0,0.4390904320906785,759.4909575682195,3,1.204813058901688,0,A,True,False,False,False,False,False
50.189264349621176,19,0,1.9811825189625607,2150.227516870778,2,2.9360525576079186,0,A,False,False,False,False,True,False
7.439821672299611,20,0,8.851438843942367,1316.8162935532216,3,0.6149289429234384,0,A,False,False,False,False,False,True
91.42709355806547,20,0,25.58413963453055,744.5518680232764,3,0.9438806419665996,0,A,False,True,False,False,False,False
70.05111743339336,20,0,22.286402363354828,431.2865682911236,1,0.9223940917836374,0,A,False,True,False,False,False,False
75.63314436495382,18,1,4.024031280087422,1027.3484576174883,5,0.326163934841239,1,A,False,False,False,False,True,False
11.797665925893057,22,0,2.4676450998740105,2732.3543226451575,3,0.7444738628744887,1,A,False,False,False,True,False,False
14.92044099299542,18,0,7.39634418670009,1757.3380167660946,4,0.5504955859498192,0,A,False,False,True,False,False,False
193.21110974852468,17,0,32.21816316536172,2011.2984477703253,4,0.8177694631399681,0,A,False,False,False,False,True,False
52.06712832481828,18,1,1.438168837785412,1957.1392113361599,2,2.1206370635878713,1,A,False,True,False,False,False,False
123.69277086765156,10,1,11.74325616923888,2900.1839185136987,3,1.387994145373654,0,A,False,True,False,False,False,False
56.485391734868436,2,0,1.3950161277441424,2185.6940191860367,1,1.0907321839480897,1,A,False,False,False,False,True,False
56.58293100599944,7,0,9.529178717408826,1235.5317156514557,1,2.650897445308033,0,A,False,False,False,True,False,False
168.33239514087887,19,0,2.033714009548863,791.8243772258479,1,2.02358126933841,0,A,False,False,True,False,False,False
29.392699469333124,18,0,1.2562186457092634,2210.072053347662,4,0.6692879024174456,0,A,False,False,False,False,False,True
61.273345775946595,9,0,3.1765521116451794,158.3359372763985,3,0.4011141625837802,0,A,False,False,False,False,True,False
31.351736414078335,15,1,4.420721547348639,3022.7245451165168,5,0.3132121144517727,1,A,False,False,True,False,False,False
32.414457003192936,4,0,4.849957493285628,1904.563504043781,2,0.6441126903951138,1,A,False,False,True,False,False,False
37.67487594867637,19,1,15.545888332135485,4067.8918730853547,7,0.7529784880930878,1,A,True,False,False,False,False,False
71.27606137545408,8,0,0.8482675865590079,447.7912654168875,6,2.1676121832259603,1,A,False,True,False,False,False,False
30.73806085572767,7,0,1.2639211318511543,2778.381052353766,6,1.8240296005976013,1,A,False,False,False,False,False,True
246.38795602307425,10,0,3.1368746127848812,1864.686976206124,3,1.5835485406996095,0,A,False,False,False,False,True,False
18.661661596153397,15,0,30.843267967090497,674.5348845519466,3,0.7774990283725522,0,A,False,True,False,False,False,False
43.630394411347936,6,1,14.857333404745443,983.3034902534257,3,0.9099752381620125,0,A,True,False,False,False,False,False
32.21147418003904,14,0,19.66055049258188,929.812747132171,2,0.8155035767050584,0,A,True,False,False,False,False,False
309.9383668886907,23,0,6.939157124666139,818.9525314988165,5,3.0111171243242665,0,A,False,True,False,False,False,False
69.12149351396172,20,0,3.597105838199717,372.8145905109849,2,0.7311192491601539,0,A,False,False,False,True,False,False
188.33333425315902,19,0,0.580509957057269,2805.8700062533667,4,0.6724503430203865,0,A,False,False,True,False,False,False
9.182757606198935,22,1,10.057160014185468,514.3654371438868,0,1.3263915110474997,1,A,False,False,False,False,True,False
75.22324701666909,16,0,12.80963536117415,473.52174576766504,2,0.6179117898557331,0,A,False,False,False,False,True,False
158.78593188567712,5,0,34.0958013150183,2862.158715288537,8,1.3216865278884422,1,A,False,False,False,False,True,False
60.264354148891776,14,0,32.067883809247895,357.03631834756766,3,1.1556103009479,0,A,False,True,False,False,False,False
196.09053190798375,7,0,8.292567563292291,860.8255319706911,2,0.69024995648636,0,A,False,False,False,True,False,False
29.34886457628277,6,0,8.263726867178741,495.0145292058927,2,0.8419443754697861,0,A,False,False,False,False,False,True
296.25392112380587,1,0,2.6353659485881096,4061.8100434278863,1,0.6552040736284838,0,A,True,False,False,False,False,False
861.5023194842846,12,0,4.464955611344102,2738.057301586594,3,1.6603278084156787,0,A,False,True,False,False,False,False
35.32509887134509,22,1,38.98731334343848,568.3045170203343,2,0.9288827895640197,1,A,False,False,False,False,False,True
31.989156126371732,5,0,2.2804241970528665,493.91642401348406,2,0.8985301279839225,0,A,True,False,False,False,False,False
312.3303283797087,4,0,51.96184050761073,2025.9450010232954,3,1.4988886465319464,0,A,True,False,False,False,False,False
363.39361108979455,19,0,10.540042117030424,1551.038288773524,5,1.4015834027162168,1,A,False,False,False,True,False,False
29.153295728455813,0,1,9.148830741508167,826.115840409043,1,1.1242269268306389,0,A,False,False,True,False,False,False
32.97586134732005,17,0,2.87900493365468,767.2051476813319,3,1.6854882340305006,0,A,False,False,False,False,True,False
38.933632639987984,14,0,16.25029584949719,909.5046811693138,4,0.9251617941872743,0,A,False,False,False,False,False,True
10.877097008557689,22,0,9.238501548436824,2256.445871731503,4,0.6400377307946585,1,A,False,True,False,False,False,False
18.130899985605637,9,0,6.946327539043822,3852.84065721971,5,1.0769008693119397,0,A,False,False,False,False,False,True
16.363137309884902,2,0,4.608401854281937,4713.457937845919,5,0.9823276735027489,1,A,False,False,True,False,False,False
21.728894571011907,4,1,1.03200268496771,609.3818085885541,0,2.0507666333095402,1,A,False,False,False,False,True,False
52.372316211063676,23,0,10.9885559496276,1148.7347107865537,4,0.8765202099198325,1,A,False,False,False,False,False,True
72.31688762823433,12,0,5.629313473311407,3212.51907870716,3,2.214495380933966,0,A,False,False,True,False,False,False
350.9348491839984,7,0,18.458099245225387,546.5065526552272,2,0.5447625255759853,0,A,False,True,False,False,False,False
16.477159531714996,21,0,19.28437976286633,635.4525138183213,3,0.8886472448365217,0,A,False,False,False,True,False,False
177.89382404187427,20,0,6.054409727868843,2074.5427836722765,4,0.8540289060738288,0,A,True,False,False,False,False,False
42.233484878225354,1,0,16.590023595144114,753.7443055984106,5,0.8515737760121006,0,A,False,True,False,False,False,False
51.45170230991104,8,0,4.489747162078012,336.8619131589296,5,1.7659785453402683,1,A,False,False,False,False,True,False
122.70503557427776,16,0,19.483800693321296,565.9275776007748,2,0.7931128518789,0,A,True,False,False,False,False,False
14.192782689917301,17,0,0.24311677421476796,2421.7345004018384,4,1.6418439219080887,0,A,False,True,False,False,False,False
86.39170769233334,12,0,2.4662008484514106,1338.395395327055,1,0.9582871517997409,0,A,False,True,False,False,False,False
66.66917151210508,0,0,4.215735037860084,314.2563687581283,6,0.9522792998763686,1,A,False,True,False,False,False,False
98.5872079927034,11,1,22.237816553701382,673.7442825144934,5,0.511932011826589,0,A,False,True,False,False,False,False
77.24655912304964,19,1,1.0302264371522443,4713.468816527947,4,1.8724339995302002,1,A,True,False,False,False,False,False
1039.3597399520247,19,0,3.124879729960991,1037.3342722248858,1,2.152834275246744,0,A,False,False,False,False,True,False
25.399056277330004,20,0,6.662093626037531,902.6019350899178,2,0.5353039616192293,0,A,False,False,True,False,False,False
28.87001906353059,4,0,0.13826015472565023,1103.8586112604312,3,2.243414096740968,0,A,False,False,False,False,False,True
25.847951916770203,7,0,21.53989551646978,1292.2043335087112,5,0.48591715598239,1,A,False,False,False,True,False,False
28.034263458233223,14,0,12.318293357352736,802.191288165129,1,0.9192383360725322,0,A,False,False,False,False,False,True
25.409813234648073,2,0,34.64103219890051,3204.8845370887125,0,0.9506764410027463,0,A,False,False,False,False,False,True
227.42484617454352,5,0,0.4728403940156055,752.3704527217412,2,0.8598113063548594,0,A,False,False,False,True,False,False
300.24688841360006,12,1,4.749264120051709,2428.461998271672,2,1.7235443741005774,0,A,True,False,False,False,False,False
27.52526877996143,11,0,19.709698001484234,4712.415225308121,4,1.4531625594613922,0,A,False,False,False,False,True,False
20.109117361111558,18,0,16.865849317822715,1483.5284007190157,1,0.42758236563966673,0,A,False,False,False,True,False,False
96.12973329594828,17,0,4.1770186153518365,474.32180795740805,1,2.087765678827121,0,A,False,False,False,False,True,False
28.143948183218324,23,0,13.583516494990265,1274.8625055898026,3,2.3090919036062183,1,A,True,False,False,False,False,False
116.68968907857864,0,0,23.68055040649167,698.5364401729989,5,1.4041007541795592,1,A,False,False,False,False,False,True
69.65173603365871,6,0,0.5092583448898659,2249.500180716006,2,0.839820866826461,0,A,False,False,False,False,True,False
8.856105091206446,11,0,18.967970008585326,1294.393889291444,1,1.116155248287052,0,A,True,False,False,False,False,False
349.6757307972834,9,0,4.357231134347632,997.0061934051546,3,0.8674348476318295,0,A,True,False,False,False,False,False
471.0919075177722,11,0,44.30483709104126,489.46338707805495,3,1.6305384459073817,0,A,False,False,True,False,False,False
26.171043022907412,10,0,11.590007567343925,247.4597896655657,1,0.4081619610704366,0,A,False,False,False,True,False,False
34.286720716147464,3,0,0.5093433728664709,572.9321750200785,3,1.221653769118675,0,A,False,False,True,False,False,False
76.94096726080896,18,1,7.748395955222619,1846.11202824536,1,1.7813878030980486,0,A,False,False,False,False,False,True
81.56075054126138,5,0,50.859140692437315,2824.9333922921132,4,0.8845586910042146,0,A,False,False,False,True,False,False
120.33182406709422,8,0,19.660735973017502,855.6987928899051,2,1.317816905848059,0,A,False,False,False,False,False,True
609.2602074687221,19,0,5.360392037299919,515.0427337393693,1,0.41540120456305085,0,A,False,False,True,False,False,False
44.153108267518796,9,0,12.844428535696544,1276.378183270072,3,0.6207658360338169,0,A,True,False,False,False,False,False
20.948002726101976,4,0,13.710699611702125,1902.2686480130399,3,1.2193635341933051,0,A,False,False,False,False,False,True
10.431362845398873,12,1,0.35437571165505766,2042.139945130651,5,1.2530555872880225,1,A,False,False,False,True,False,False
22.711784984220493,8,0,2.9554382949244316,1281.3024332241905,3,0.7479103965794418,0,A,False,False,False,True,False,False
52.47031769908944,1,0,12.036963973918937,5745.788459923338,2,1.1648412537045723,1,A,False,False,False,False,False,True
470.3463960996291,17,0,7.731356648558359,3026.330528863975,2,0.9720954834848935,0,A,False,False,False,True,False,False
29.337496478897396,20,0,3.161515754973048,412.30819188482735,2,0.39911185858054227,0,A,True,False,False,False,False,False
71.41768601522983,0,0,22.220205112367164,339.00783193203597,1,0.8903318980550844,0,A,True,False,False,False,False,False
53.532691572521514,23,0,10.070635058811687,443.96149724617993,1,1.436412428066677,1,A,False,False,False,True,False,False
227.25481663299976,20,0,5.565371370635094,2792.4906744334257,4,1.941313531116584,0,A,False,False,False,False,False,True
1132.654091287342,11,0,2.645283366913013,279.38575108889347,6,0.8865903736069553,0,A,False,False,True,False,False,False
28.874460148046012,9,1,14.168939689985327,1581.371466067328,2,1.21296207750849,0,A,False,False,False,True,False,False
30.346241429945692,1,0,16.46095403239769,957.1864181202877,2,1.0900743526442442,0,A,False,False,False,True,False,False
191.13749773475624,8,0,16.611642194510015,405.1130012898596,3,1.3064771159084374,0,A,False,False,False,True,False,False
123.75079028274175,1,0,3.732447567073632,1338.1928633980322,2,0.7232922582814548,0,A,False,False,False,True,False,False
500.72086537849714,22,0,13.570562018252227,952.2663803403293,4,0.964706758130897,0,A,False,False,False,False,False,True
110.0256832237038,23,0,35.37249216215285,2091.3162697321422,2,1.3128534146470978,0,A,False,False,True,False,False,False
35.47575449065748,21,0,6.535484720065178,298.3930438900816,1,1.2231126751163048,0,A,False,False,True,False,False,False
110.91740184957739,13,0,3.5504040879876024,536.5452019283672,1,1.3543950650534782,0,A,False,False,False,False,True,False
206.5297142452753,10,0,22.185984557416532,545.209410511577,3,1.4895954193574032,0,A,False,False,False,True,False,False
146.14198036733802,22,0,2.9198527933554055,1861.832770443507,2,1.0831824399171512,0,A,False,False,False,True,False,False
100.3564990858162,10,0,4.390393493446241,906.773468610253,4,1.1599060213897667,0,A,False,False,False,False,True,False
196.37176591324558,16,0,1.5911514867551382,2820.4120818257397,3,0.75321948108989,0,A,False,False,True,False,False,False
222.10599181342806,3,0,4.67704620611891,797.0875785926445,4,1.5378722741292175,1,A,False,True,False,False,False,False
286.74427458745373,12,0,7.923012183639347,1308.3479164342857,3,0.5828662186813908,0,A,True,False,False,False,False,False
118.92010310102968,6,0,0.9946270897583009,3595.3338798736986,2,1.3629084256781103,0,A,False,True,False,False,False,False
44.676976580730276,15,0,30.801801950637554,265.51055352788535,3,1.0680854784912617,0,A,False,False,True,False,False,False
65.10858559640387,0,0,10.813165905695662,1122.370821147682,2,0.6990959712244041,1,A,False,False,False,True,False,False
232.24915974797952,12,1,13.304752424738181,1069.2801134632025,2,0.7143380315182148,0,A,False,True,False,False,False,False
20.484678056510514,0,0,6.961176423965223,583.8974917111074,4,1.1133155917725683,1,A,False,False,False,False,False,True
84.97932321864512,10,0,16.62245167125722,961.8994633686343,1,0.8829450531755131,0,A,False,False,False,False,False,True
34.0555639729702,5,0,8.478744993076061,1407.7442752126765,2,0.8067892695468663,1,A,False,False,False,False,True,False
56.51430474991309,19,0,21.489081806891697,603.6571431493697,4,1.233505460380574,0,A,False,False,True,False,False,False
253.19051653583563,2,0,25.839279185666367,1146.3361094110655,2,0.43234548512446386,0,A,False,False,True,False,False,False
68.67044354036493,11,0,16.714226274610827,485.03055405011054,0,1.0471441652358777,0,A,False,True,False,False,False,False
57.726933966911375,4,0,10.139502744080783,931.272924351864,3,0.8295794199323867,1,A,False,False,False,True,False,False
10.677862049097994,8,0,22.867448000092033,2305.288655049119,3,0.5409947405772638,0,A,False,False,True,False,False,False
133.68740540142696,11,0,10.226739378793042,2393.217299041636,1,0.844647192964146,0,A,False,True,False,False,False,False
118.46067125791687,9,0,1.7734766811340195,2802.3512870285567,7,0.5187204110917644,0,A,False,True,False,False,False,False
732.0916184649257,18,0,1.8552473752253693,1010.992279049083,6,1.8057119220320839,0,A,True,False,False,False,False,False
37.73794617398471,4,0,44.5168370640667,844.3957599835188,6,1.4338500712372193,0,A,True,False,False,False,False,False
71.02133985335892,4,0,3.6036400824489156,1979.0378375247099,4,1.512569977656567,0,A,False,False,True,False,False,False
73.64530699066191,8,0,25.386179204304476,2789.1816400111256,6,1.2914100561139081,0,A,False,True,False,False,False,False
362.4708059409117,19,0,4.249483534388656,1172.3341120766136,5,0.34286782466340826,0,A,False,False,False,False,True,False
48.69836034959724,16,0,8.45232661854039,3676.556091197446,3,0.5550124870907136,0,A,False,False,False,False,True,False
76.31166659981973,9,0,15.960907103162342,1936.1705090248388,1,1.5633288596842605,0,A,True,False,False,False,False,False
113.23618969847057,20,0,2.595085379979484,694.4994568235267,5,2.680806105115172,1,A,False,False,True,False,False,False
68.30144669202477,0,0,20.048083565722127,765.113031203838,4,1.2065073284955667,0,A,False,False,False,True,False,False
31.953434225375428,21,0,17.56353430819031,1061.6900071926639,1,2.0034520089520886,0,A,False,False,False,False,True,False
68.91735213193923,15,0,11.748799217066164,312.1981862956563,4,0.6657203857570265,0,A,False,False,False,False,True,False
198.018032510254,14,0,12.516851382052769,704.3306974493944,1,0.732038525132579,0,A,True,False,False,False,False,False
15.929641846407636,22,0,1.676914077987447,2731.6242258034717,3,1.3976169439689876,0,A,True,False,False,False,False,False
64.04356846250704,16,0,8.589163091177461,3216.685322786811,5,0.6702110656022763,0,A,False,False,True,False,False,False
23.567178960630475,19,1,1.358250930839656,1378.601632818596,2,0.4457780807682699,1,A,True,False,False,False,False,False
229.07648758547367,12,0,5.519576798492847,1577.3388684383176,7,1.4545424540624121,1,A,False,False,False,False,False,True
8.77736030894598,0,0,34.58567078497068,855.8237360848709,5,0.6981311050618085,1,A,False,True,False,False,False,False
27.918618144404917,7,0,12.81853246861237,657.129015510439,2,0.37967949024665004,0,A,False,False,False,False,True,False
85.85452121475754,4,0,20.36288883317325,1730.6376854835066,2,1.7865471411653366,0,A,False,False,False,False,False,True
357.31896243268824,5,0,12.795720774571597,771.3581590838401,6,1.2871845287121255,1,A,False,False,False,True,False,False
50.45589996356449,22,0,3.239479860779638,4239.786289161839,1,1.4174562084751507,0,A,False,False,False,False,False,True
28.043603534214277,19,1,13.550925442101184,1520.619834463806,1,1.4616500133049577,1,A,False,False,True,False,False,False
521.8543277526874,13,0,21.121234699146928,1565.9020795929107,2,1.6245406279552734,0,A,False,False,False,True,False,False
9.605955968674058,21,0,2.234549394619431,469.83684286473164,2,1.286045392378897,0,A,False,False,False,True,False,False
3.9017799718579087,22,0,25.466392126964248,171.5932997148094,2,0.4751434156181857,0,A,True,False,False,False,False,False
92.57483459309239,10,0,12.158440296972428,1565.7215421215196,1,0.5809467278054241,0,A,False,False,False,False,False,True
29.890327431231103,5,0,0.06426550463753862,736.9188594942899,2,1.6543383806438494,0,A,False,False,True,False,False,False
16.030940232304943,10,0,11.002616921049013,2409.5055469637086,2,1.3326028746029004,0,A,False,False,False,False,True,False
127.74393299960279,12,0,7.554560125645093,528.3742975761893,2,0.9367720219340224,0,A,True,False,False,False,False,False
73.15356461753773,11,0,5.2741705955479965,716.9678220885279,8,0.43081976471512295,1,A,False,False,False,False,False,True
27.74638726631542,21,1,22.1273570671069,2685.3496012445,2,0.6571692379960739,0,A,False,False,False,False,True,False
11.747432682319973,1,0,34.46394590790454,1555.316985231023,4,0.8585683125637465,0,A,False,False,False,False,False,True
155.54713333208318,20,0,21.573486750885433,492.2282440936077,3,0.6855639178718076,0,A,True,False,False,False,False,False
119.13310691983543,2,0,28.13748099525237,1126.8774133333802,6,0.5923793365314686,0,A,False,False,False,False,True,False
48.47212853928895,22,1,35.91737171568422,5029.038954509835,2,1.1813861547055595,1,A,True,False,False,False,False,False
500.678608510764,3,0,36.56393134515208,1230.166883730852,1,2.083847330233638,0,A,False,False,False,False,False,True
15.118184343040932,16,0,1.8263825935839066,974.1531034658749,2,1.3778155037230293,0,A,False,False,False,True,False,False
8.752766264234369,21,1,9.14272353890066,2244.3840012693454,3,0.7888338995052592,1,A,False,True,False,False,False,False
23.800588711349842,5,0,0.004297731518064457,1453.6297792961047,5,0.9673477378315535,1,A,False,False,False,True,False,False
51.691676911042684,6,0,10.592349101688091,3480.506194942531,3,1.360178598896572,0,A,True,False,False,False,False,False
73.11308405555015,14,0,38.703551446935535,2006.361287444516,5,0.7420509475100852,0,A,True,False,False,False,False,False
40.87492239295875,10,0,3.3303306515558004,2264.7848881342043,1,1.112787748839326,0,A,True,False,False,False,False,False
83.30149330286005,23,1,15.3158808785607,3618.6156729706668,4,0.8369480766693013,0,A,False,False,False,False,True,False
12.160009903514736,2,0,15.508347787414076,863.296388697292,2,0.8276566364407247,0,A,False,False,True,False,False,False
308.74556543883944,5,0,2.6216232945848477,679.2499951060539,3,0.45215009104809145,0,A,True,False,False,False,False,False
49.472580456598294,1,1,4.08751710814444,373.6859152016997,3,1.0224395682028151,0,A,False,False,False,True,False,False
208.67019639204557,13,0,9.299058154088081,926.4145218532963,2,1.2267819267215052,0,A,False,True,False,False,False,False
82.3740463361889,8,0,3.1276923726973425,384.9499468836447,3,1.524609326290312,0,A,True,False,False,False,False,False
94.45314231281733,17,0,13.191933739158083,1469.0753562986315,3,0.41841779434687454,0,A,True,False,False,False,False,False
108.17180349411885,18,0,9.9404839697772,671.2952525031558,3,1.6104476172707562,0,A,True,False,False,False,False,False
93.43352977881851,11,0,10.984501609747689,2368.157270493195,8,1.4385408482628192,0,A,False,False,False,False,True,False
118.06877714613717,12,1,2.1661562332308106,2044.5694674914268,6,2.0880572484800277,1,A,True,False,False,False,False,False
269.07308554048785,11,0,10.923902085209216,802.9722218741239,1,0.8336096857127587,0,A,False,False,False,True,False,False
69.11870602668118,11,0,0.7611625891188765,2394.7491118001126,3,1.0349498487615365,0,A,False,False,False,False,False,True
127.8431995029989,17,0,31.99710354444569,1235.694682095165,3,0.5988670028863944,0,A,False,False,True,False,False,False
49.02435261801673,8,0,6.306770694328746,265.8655244062228,2,0.9695129326560696,0,A,True,False,False,False,False,False
307.39718036641136,16,0,29.104308915174393,497.25067714692193,2,0.853904838680525,0,A,False,False,False,False,True,False
24.247881131100147,20,0,18.14263997696133,614.4143794784072,2,1.0789811857951,0,A,False,False,False,True,False,False
473.9626492278867,15,1,21.79757995283257,1105.6570150692385,8,0.9787289842744197,1,A,True,False,False,False,False,False
52.02947886620553,16,0,5.665075353591802,778.0210874483068,3,1.5004932259811825,0,A,False,False,False,False,True,False
9.806739735952878,20,0,3.8765864969941632,718.247821640906,2,0.9031870489474958,0,A,False,False,False,False,False,True
63.670751556457354,23,0,7.831851915962821,1745.4648570141585,5,1.889949046936145,0,A,False,True,False,False,False,False
24.112684046551298,7,0,0.36786203634764475,2058.088923071352,3,0.2912621677090284,0,A,True,False,False,False,False,False
149.72080485948942,10,0,37.654414940432545,668.5816074579334,3,1.9089287205851047,0,A,False,False,False,True,False,False
24.949436202228295,23,0,7.3412042353820794,555.690860182845,3,0.5019071812425683,0,A,False,False,False,False,True,False
31.963028648938305,1,0,67.05513836478193,3015.01817963645,1,1.5086051615285176,0,A,False,False,False,False,True,False
5.65506228053907,7,1,21.497608785772922,9709.531782727967,2,1.4018732125347868,0,A,True,False,False,False,False,False
31.729042127198042,11,0,1.259123384128749,516.1922218225513,2,0.5848638997788614,0,A,False,False,False,False,True,False
2.9782765909708955,20,0,16.190453596698525,2237.046573068432,6,1.8436003030241686,0,A,False,True,False,False,False,False
8.160591154995725,0,0,4.737914204137652,981.2029348200606,3,0.5529080247767391,0,A,False,False,False,False,True,False
135.97860910506668,22,0,4.190127151624294,1883.3137540825485,1,0.5168449462086655,0,A,False,False,True,False,False,False
140.18460909728188,12,0,4.447062105333075,511.64983979911017,2,0.799261438388603,0,A,False,False,True,False,False,False
90.9717550381869,21,0,37.16748474465945,402.8650540209273,2,0.818683343113374,0,A,False,False,False,False,True,False
17.109410405390484,20,0,10.39661300232976,446.6633867676895,2,0.7386596237058604,0,A,True,False,False,False,False,False
51.56001003144433,16,0,16.605908573392536,698.3283629181284,2,1.0356624021861736,0,A,False,False,True,False,False,False
54.362629120199884,13,0,4.947320384130923,908.8984269865527,6,1.2034315032087644,0,A,False,False,False,True,False,False
13.598539169548868,13,0,11.102149662895306,2335.781852501266,3,0.9606538646634547,0,A,False,False,True,False,False,False
331.64925914414863,15,0,6.464054801207609,562.971435491651,3,0.559016028588199,0,A,False,False,False,False,True,False
156.46537643877676,16,0,5.810084170486131,658.3500876596393,5,0.652929659924099,0,A,True,False,False,False,False,False
41.88144929931523,5,0,4.254730222207415,5793.054271436874,2,2.868653350651077,1,A,False,False,False,False,False,True
56.38837424189965,6,0,7.889264013327447,1144.4741865837093,2,0.5914577731424733,1,A,True,False,False,False,False,False
70.10957459611865,0,0,16.183473389552944,1377.814779264381,1,0.6027374622130403,1,A,True,False,False,False,False,False
4.711084601712399,14,0,3.766275357378909,1990.7072831556907,4,0.46024082575153896,0,A,True,False,False,False,False,False
40.58453736456849,19,0,50.47760554102972,721.2088722846308,2,1.6242903068465417,0,A,False,False,False,True,False,False
24.08571442758396,20,0,1.996315391199532,1080.6567841085987,2,1.6163043620104,0,A,False,True,False,False,False,False
16.412709236043803,17,0,9.814875348102811,847.2828540415851,2,1.219638385425842,0,A,False,False,False,False,True,False
38.965617258857485,12,0,1.332930775933989,1026.1494988308857,1,1.9028807855175225,0,A,False,True,False,False,False,False
472.1155817605124,23,0,0.3438919175911538,2152.949717697766,5,0.6966270708092801,0,A,False,False,False,False,False,True
117.80272855088423,1,0,38.39651940289809,1881.3272423694812,5,0.5614575034305779,1,A,False,True,False,False,False,False
27.510980400256976,18,0,24.94137737542213,176.6508883382321,1,1.1479124362377295,0,A,False,False,False,False,True,False
108.53789097889619,14,0,17.77017091940129,2436.4629231434615,0,1.2668006946328516,0,A,False,False,False,False,True,False
292.72292814908116,11,0,30.058423966792667,831.6564320166517,1,1.0998838882869368,0,A,False,False,False,False,False,True
165.59754541950485,14,0,24.356736293271073,1503.9390281720878,0,0.8567156015836139,0,A,False,False,False,False,True,False
58.64817418381714,17,0,15.629413191921042,791.5141809316314,1,1.6719138865711285,0,A,False,False,False,False,False,True
25.120289513519577,13,0,28.193359315256636,1052.1132348674937,2,0.9784274776773247,0,A,False,False,False,False,False,True
126.20000331012447,5,1,7.434143496970056,3140.7977018020765,3,1.1348724264965941,0,A,False,False,False,False,True,False
87.54758398377119,11,0,12.069624832596103,1434.9144142715456,2,0.9856987369304883,0,A,False,False,True,False,False,False
159.8493587673956,19,0,22.462455500092112,3014.9454594834892,3,0.7817811207675729,0,A,False,False,False,False,False,True
117.0037706455694,22,0,1.329157361939361,1052.8171313583655,3,0.5877099213808353,0,A,False,False,False,False,True,False
192.37820619159004,5,0,29.347261907621682,968.8144043042341,2,1.2346477343725792,0,A,False,False,True,False,False,False
28.723561556741743,8,0,2.558808315481963,1107.369267570995,3,0.33901323064994116,0,A,False,False,False,False,False,True
265.30308217182574,3,0,29.986322016672755,397.1915217231106,4,0.7281134500263499,0,A,False,False,True,False,False,False
69.20821196732086,16,1,5.5949587131653065,127.38234036187261,4,0.778719725479175,0,A,False,False,False,True,False,False
658.7295443480177,1,0,5.935310034914745,587.2268993141579,1,0.5451796773616057,0,A,True,False,False,False,False,False
23.8784079679338,15,0,1.1523845304477174,2494.3582282106486,3,0.864049463150916,0,A,False,False,False,True,False,False
438.41088480243826,23,1,32.56015088776367,3416.698608953973,5,1.2501485506774745,1,A,False,False,True,False,False,False
69.23406014461216,13,1,2.8766792553422538,220.98811305287512,9,1.0662933222392776,1,A,False,False,False,False,False,True
24.985568436865538,7,0,14.91580729215007,3069.720709158849,3,0.7503136691304806,0,A,False,False,False,False,True,False
30.549154189659564,13,0,15.491003084081493,682.7582995123989,4,1.3623490081404916,0,A,False,True,False,False,False,False
37.17302003120989,1,0,4.951569862981145,350.331545705283,4,1.1408855746385098,1,A,False,False,False,False,True,False
90.8308636310213,15,0,63.67153821445038,2559.024390531809,4,0.5640972683411827,0,A,False,True,False,False,False,False
102.24813811803993,3,0,0.9947610258955053,731.9007663282875,1,0.6783477237475916,0,A,False,True,False,False,False,False
27.42787947756213,0,0,14.042504848640743,8887.740464162354,2,0.4936905628536712,0,A,False,False,False,False,False,True
53.02558268623435,22,1,9.795746838284696,639.9601450957585,1,0.8397595675260032,0,A,False,False,True,False,False,False
713.8868171199728,19,0,4.225184053654386,879.1152693747233,5,0.7157661975061708,0,A,False,False,False,False,True,False
434.00315520034405,13,0,2.6788586871401447,502.10357055621137,3,0.8918485583134113,0,A,False,False,True,False,False,False
92.16573314421947,7,0,20.038830775694805,1236.3520391920829,1,2.6304178115124657,0,A,False,False,False,True,False,False
57.14570154217171,2,0,37.210410436821896,2074.8662591718085,3,0.44140791514983935,1,A,False,False,False,False,False,True
63.05690622270576,4,0,1.706709011920736,274.72746803350765,3,0.3873849708195776,0,A,False,False,False,False,False,True
114.00263558301427,5,0,3.234704790598609,1853.1440019379716,4,2.1120801262223123,1,A,False,False,False,True,False,False
16.000963221346552,21,0,64.32230481143979,790.8197178232626,4,1.3014499112537918,0,A,False,False,False,False,True,False
40.09085105709547,7,0,0.22704986408758224,550.7456762219978,2,1.6290721591749178,0,A,True,False,False,False,False,False
7.372074247761727,5,0,10.64683240673778,357.45782482729663,0,0.841600943310579,0,A,False,False,False,True,False,False
88.15245397875557,5,0,10.888553411668438,2399.219608384048,5,1.4109484671845276,1,A,False,False,False,False,True,False
118.70425262566097,3,0,4.580798648203046,1379.3258494307554,2,0.9389088382766096,0,A,False,True,False,False,False,False
30.574803209767584,6,0,16.316370764219876,688.3772426675123,0,1.5424853038951605,0,A,False,False,False,False,False,True
360.9661244885763,23,0,43.49022362902825,2045.8470755099358,3,1.6631864047679568,0,A,False,False,False,False,True,False
12.541977327550622,18,0,8.973390626968031,1675.4899599587973,0,1.5868716528498752,0,A,False,False,True,False,False,False
9.41919985359131,6,0,20.759626115260403,2195.7477399681097,2,0.720909904513204,1,A,False,False,True,False,False,False
71.47460289054831,2,0,15.579852870973244,4074.401391305683,4,1.04725005580726,1,A,False,False,False,False,False,True
191.81242917413556,7,0,9.606666309974973,1305.073588743935,2,0.6192451271389431,0,A,False,False,False,True,False,False
411.87225053459576,0,0,0.766436021238295,5145.617278486955,7,1.3185251889128164,0,A,True,False,False,False,False,False
31.47957379541922,0,1,20.307396236024253,3436.0013792779077,0,1.1849169342736936,1,A,False,False,False,True,False,False
199.22144602380257,13,0,6.770706566899982,2052.3754071310777,1,0.4509046714225723,0,A,False,False,False,False,True,False
52.13256683070365,5,0,3.813606707003677,283.444273585979,2,1.258044874320579,1,A,False,False,False,True,False,False
44.38258843098555,9,0,44.425369412551504,1197.3112114416917,1,1.2435673823636963,0,A,False,False,False,False,False,True
157.6522920888988,13,0,22.275338425726428,1335.4992597294588,1,1.3281345818976065,0,A,False,False,False,False,True,False
119.43681109790641,3,0,49.15897206958957,1303.042149209135,3,1.0234432890484206,0,A,False,True,False,False,False,False
8.234473372031498,5,0,4.440087932352419,1004.4084359696415,2,1.326324943672225,0,A,False,False,False,True,False,False
321.13076881871604,15,0,27.09944170267154,1838.747533144874,3,1.1701914845391104,0,A,False,False,False,True,False,False
286.03369683387064,20,0,14.0367448231261,2045.350970348605,1,0.6405849486989558,0,A,True,False,False,False,False,False
25.77293107959883,0,1,59.85275982871026,287.79918706639853,3,1.3710231480366541,0,A,False,False,False,False,True,False
87.79146094194269,5,0,43.86986832064257,3241.7616782243203,2,0.621015765463109,0,A,False,False,True,False,False,False
98.77417891072476,8,0,54.16103388218408,336.58087265787833,3,0.5861788537138333,0,A,False,False,False,True,False,False
74.64985032716054,14,0,45.47586997231983,792.569920724598,2,1.1114622189644068,0,A,False,False,False,False,False,True
28.208795187111324,11,0,0.1153554310025913,539.1198335359095,7,0.2637360559033023,1,A,False,False,False,True,False,False
24.38704280024177,2,0,20.268855608848614,615.5948243852381,4,0.7162202037239996,1,A,True,False,False,False,False,False
52.94931391873779,10,0,4.760465195653219,2615.541491861665,7,0.8549905403516441,1,A,False,True,False,False,False,False
223.02298170233044,14,0,18.313076642869934,1208.694153054648,2,1.9392014093645182,0,A,True,False,False,False,False,False
104.82792386752857,2,0,59.14589645828114,1893.3050887263707,1,0.8978640868360653,0,A,False,False,False,True,False,False
34.99701602746262,13,0,0.6023237356702025,1818.2188931417568,4,2.6194793855317346,0,A,False,False,True,False,False,False
137.8323997888991,1,0,12.554841761587497,236.9770994118044,2,0.4748985180927151,1,A,False,False,False,True,False,False
1.7891646863129294,3,0,19.917730601893997,701.9110939501282,5,1.265992399450588,0,A,False,False,False,False,True,False
216.70106874627803,18,0,4.382557600581194,1995.9152287211086,2,1.3834788226868013,0,A,False,False,False,True,False,False
6.768932986824291,11,0,3.825744002383305,1854.6854399265349,2,0.6312117326933445,0,A,False,False,True,False,False,False
35.34195801126834,1,0,0.9336454533390326,268.9859504090724,1,0.9559740637032356,0,A,False,False,False,False,True,False
14.244859808504627,16,0,1.4794127846916498,2499.939223955875,1,0.9488732257190698,0,A,False,False,False,False,False,True
11.546498480401043,2,1,16.039439619091247,1795.1516045853184,5,1.7219555643929785,1,A,False,False,False,False,True,False
219.86025607186187,9,0,10.55434649932675,507.6367624289536,2,0.4862704903000208,0,A,True,False,False,False,False,False
31.148265404236657,15,0,0.45800507368026183,1520.6643984834216,3,2.5588957630714133,0,A,False,True,False,False,False,False
82.74839829158063,21,1,52.430194122931994,912.9769080777028,2,0.3867983454245858,0,A,True,False,False,False,False,False
51.60896023331799,8,0,16.00870458055104,1625.5025578203367,4,1.2360054872111421,0,A,False,False,False,False,True,False
96.78083534106808,10,0,10.868594650852586,259.77376541022903,3,0.6461090601260752,0,A,False,False,False,False,False,True
59.87064206938207,20,0,4.776743347328706,827.092145158635,5,1.2693394286485236,0,A,False,False,False,True,False,False
11.709603662600884,14,0,16.09850580887548,2820.2294388635974,2,0.7184761129478908,0,A,False,False,False,False,True,False
180.46199170654373,2,0,6.79231028743885,1687.587608819283,2,1.9601343889144713,0,A,True,False,False,False,False,False
30.189437157609678,15,0,18.184821493295875,2065.8823283125553,4,1.0515540455268122,0,A,False,False,False,False,True,False
8.43257111709256,20,1,17.212560104404414,909.7474222641517,3,0.8108164717042415,0,A,False,False,False,False,True,False
32.66361629248481,20,0,1.4599559054922129,1722.4048462586795,2,0.5709053395828808,0,A,False,False,False,False,True,False
330.60084745261304,20,0,35.99647216075114,962.494926388499,3,1.2140204333863673,0,A,False,False,False,False,False,True
151.45159826981632,11,0,10.011438648920192,523.285855442541,2,1.252546898255265,0,A,False,False,True,False,False,False
35.93161105055167,22,0,7.487036728980413,896.3006495581897,7,0.8340162690052195,0,A,False,False,True,False,False,False
35.905509612459014,4,0,46.67123619724592,3509.5111593564766,2,1.0148013903886197,1,A,False,False,False,False,True,False
37.115621234941926,6,0,8.649388271404966,2713.126903992095,5,1.1517210890852487,0,A,False,False,False,False,False,True
659.9061185443743,8,0,19.160034415052724,495.8326588186719,2,1.3779106129948502,0,A,False,False,False,False,False,True
86.34255160491604,20,0,15.969097896705911,785.3479779690559,2,0.6070389306013158,0,A,False,False,False,False,True,False
91.47356071842718,17,0,2.707370255155137,523.5379004884752,5,0.7942955479468699,1,A,True,False,False,False,False,False
187.98085919200906,20,0,70.89782440408878,1266.0011854697686,3,1.3572981299322833,0,A,True,False,False,False,False,False
72.71494911421661,7,1,9.343247783538141,2435.2830193903965,5,0.9484250302629751,1,A,False,True,False,False,False,False
40.01080029386574,11,0,7.532512516203186,5571.584338366118,2,0.3912952639246285,0,A,False,False,False,False,True,False
43.136960468594594,19,0,37.813634057916424,350.0367821866397,3,2.2168789698336733,0,A,False,True,False,False,False,False
50.102879861443746,1,0,11.301050032424982,2179.123207052291,0,1.5268874869660805,1,A,True,False,False,False,False,False
52.213094513961835,9,0,18.31561266863188,1089.9111933757583,3,0.4170810249206695,0,A,True,False,False,False,False,False
130.73278781960082,18,0,28.08602495641511,817.5323066062541,3,0.720112165263943,0,A,False,False,False,False,True,False
58.1098429220105,8,0,4.027888844974759,518.9287279765133,4,2.1952782055283304,0,A,False,True,False,False,False,False
131.5212049063798,23,0,2.785306742611401,4554.580685934673,2,1.2558361010915535,0,A,False,True,False,False,False,False
49.557821742580835,7,0,1.064495925345204,297.9449141217137,2,0.48618804413364225,0,A,False,False,False,False,True,False
60.001059978795325,23,0,34.11481944521894,741.1446961134416,3,0.3755695236938834,0,A,False,True,False,False,False,False
4.96373845978184,23,0,3.3540378758322116,1471.2056670765821,7,0.41423971948864974,0,A,False,False,False,True,False,False
163.95519833887275,23,0,5.517209382919541,1575.9770589674413,3,0.7824807242411386,1,A,True,False,False,False,False,False
82.7468685361423,0,0,5.049029123145963,2973.331306481199,0,1.397142524349978,0,A,False,False,True,False,False,False
180.83990404725785,5,0,5.448761780386786,542.102742368189,4,0.46421899025454405,0,A,False,False,False,False,False,True
1.6896029257777057,11,0,16.542066659568402,1807.1558148701347,3,1.329618701945457,0,A,False,True,False,False,False,False
669.1777003684688,23,1,46.22378404427086,1042.7871764419504,5,0.6445172484295243,1,A,False,True,False,False,False,False
46.177489829058274,18,0,5.9949319789021684,1132.489614550657,6,0.3949585961462664,0,A,False,False,False,False,False,True
206.40069071413492,16,0,7.85479198669548,759.2553987482871,3,0.8402440240214311,0,A,False,True,False,False,False,False
15.67571794602486,1,0,22.12013000258621,1248.2441218509546,3,2.682759543477892,1,A,False,False,False,False,False,True
113.90089020281854,10,0,8.493435142328662,978.5686446566625,3,1.9576817123091552,0,A,False,False,False,False,True,False
15.423638871680163,17,0,39.06402446698667,824.6804838664956,4,0.7791681585588752,0,A,False,False,False,True,False,False
25.82846677818609,22,0,10.494061245767677,720.4223608208249,1,1.1092114575828949,1,A,False,False,False,True,False,False
542.8524894953332,21,0,6.4095620517180985,1477.3370256459255,4,0.7475676632446875,0,A,True,False,False,False,False,False
43.431332128722694,10,0,53.405965804239386,378.1486760444283,4,0.373600626970848,0,A,False,False,True,False,False,False
70.87511947889008,17,0,8.321189219850906,940.227108460268,5,0.7374860398705876,0,A,False,True,False,False,False,False
155.10173816022558,7,0,3.943376041509782,593.374679836573,2,1.37612647651351,0,A,False,False,True,False,False,False
98.97014762955442,14,0,2.9347646680843544,993.9353985888638,2,0.5552213171201521,0,A,False,False,False,False,True,False
65.39871998470409,8,0,80.02884685312729,1004.0900622547694,2,1.7081902044957555,0,A,False,False,False,True,False,False
84.60160203014918,14,0,20.97475677309193,2194.0011901803764,4,1.7456912464062113,0,A,False,False,False,False,True,False
976.6210465997472,6,0,7.880456825531873,1857.9185770555528,1,0.7981039579331909,0,A,False,False,False,False,True,False
50.95064624834306,19,0,26.26185510541805,1384.9740309545882,4,1.0571134832215714,0,A,False,True,False,False,False,False
69.49945119452825,12,1,11.87152912328272,1259.1408666767368,0,1.9173946692602108,0,A,False,False,False,False,True,False
192.6327016036606,12,0,5.727464522045982,941.345340044374,7,1.199025661083428,1,A,False,False,False,True,False,False
205.74367945552072,0,0,20.402722849887166,927.5276519728276,2,2.0741841710680173,1,A,False,False,True,False,False,False
226.8834312067595,19,0,20.550100259451646,270.8888741308051,6,0.4159404349662665,1,A,False,False,False,True,False,False
117.50445719450644,3,0,10.40228544327264,1972.386360881584,0,0.7476047394489934,0,A,False,True,False,False,False,False
13.85150796053342,23,0,0.6931463050102433,1357.2568395019196,2,0.8488564365498753,0,A,False,False,False,True,False,False
387.6558024259744,3,0,1.2022561089160306,2864.9304520135356,5,1.8623647468214426,1,A,False,False,False,False,False,True
13.796094272570006,3,0,23.320658197225853,703.6982711360768,3,1.0004479338333119,0,A,False,False,True,False,False,False
78.50501894006794,12,0,26.01450846709848,3005.7901599495026,2,0.691436880482253,0,A,False,False,False,False,False,True
22.084344856608563,1,0,17.011559682582842,940.623234764859,3,0.9459461353721699,1,A,False,False,False,False,False,True
50.55359112989142,22,0,27.401654085071467,693.3062522270752,2,1.2969097298137053,0,A,True,False,False,False,False,False
81.00532492805314,14,1,19.067053290902916,3775.755212200295,4,0.8540626561954533,1,A,False,True,False,False,False,False
80.28868151604436,3,0,34.08587609672907,1467.2046991980285,2,1.5205523560332008,0,A,False,False,False,False,True,False
90.58647370804346,5,0,2.4448139298010565,4174.732961361686,3,1.0599471667206166,0,A,False,False,False,False,False,True
378.589885493535,2,0,7.359011194421863,1256.8837497926088,2,0.8597805222230283,1,A,False,False,False,True,False,False
94.08900178548848,6,0,9.357417664469208,2092.1304148923673,2,1.8031115297261135,1,A,False,False,False,False,True,False
40.731919079518676,5,0,5.300145971375649,2497.295747988036,6,2.053133567176967,1,A,False,False,False,True,False,False
173.6261808053331,2,0,19.38476412990067,875.5948457753128,4,1.7936647543672881,0,A,False,False,False,True,False,False
227.54876946911335,3,0,36.53126169676058,1446.429923525002,1,0.6681764243680572,0,A,False,False,False,False,True,False
12.514282872899651,9,0,7.977731014600598,1240.6293481949306,5,1.8143833073611135,1,A,False,False,False,False,True,False
111.81884247010045,20,0,42.591691885699625,2134.224153014915,2,1.6500521893993796,0,A,False,False,False,True,False,False
126.6474561748584,8,0,10.908904299507999,467.6478549669539,1,0.564118054814278,0,A,False,True,False,False,False,False
38.20337245843806,5,0,11.088357688698107,1773.8476173826077,1,0.845854563045639,0,A,False,False,True,False,False,False
284.53269730374075,19,0,13.752596013641579,2290.1502411640804,1,1.8631592713293685,0,A,True,False,False,False,False,False
45.601166419170475,10,0,4.686407131216153,635.0476075152409,0,1.612359695086796,0,A,False,False,True,False,False,False
63.4778955781477,6,0,7.2520610345024386,541.7704905420856,3,0.7690744710974237,0,A,False,True,False,False,False,False
44.35891977516483,17,1,12.085920600328793,291.01654332955854,4,0.5804553680384018,1,A,True,False,False,False,False,False
55.628455343822715,3,0,42.7052585345865,5783.557452493766,4,1.9155142771921638,1,A,False,False,False,False,True,False
14.650433064249002,4,0,15.437381144736367,610.7302205116339,8,1.3248118309321584,1,A,True,False,False,False,False,False
9.698186806650495,3,0,6.077099966929711,3409.6412483070712,2,1.0182704649507666,1,A,False,False,False,True,False,False
369.9641377238168,3,0,0.15785631417941554,928.5407501912108,1,0.66971973219521,0,A,False,False,True,False,False,False
19.759736990188486,12,0,59.984683883801296,2640.0844417199296,4,1.433183903888841,0,A,True,False,False,False,False,False
16.6153867825261,15,0,10.188207268543577,1745.4229845044908,3,0.5957589194279557,0,A,False,False,False,True,False,False
4.12032425805356,13,0,41.8295907140924,5894.168610060505,5,0.6362537841487835,0,A,False,True,False,False,False,False
25.361845595596726,10,1,11.955805767520804,3486.502734954453,2,1.222447540754055,0,A,True,False,False,False,False,False
11.159512217749786,1,0,13.950706026725246,1300.46887569565,4,1.6400937109017422,0,A,False,False,False,True,False,False
391.6694295923633,21,1,18.667352673714905,1405.1056717318684,1,1.0738621639157484,1,A,False,True,False,False,False,False
183.42034887991198,13,0,5.806476205770197,1888.0425876202157,6,0.8342818528014634,0,A,False,False,False,False,True,False
23.908154322447558,23,0,18.008875932885704,9367.895219365315,4,1.5580701644367672,0,A,False,True,False,False,False,False
814.783933981306,23,0,11.223300755172179,1157.6962523216878,5,0.561241797745069,1,A,False,True,False,False,False,False
177.34883005610848,6,0,16.743090046980388,389.88678395659855,3,0.6216737372057421,0,A,False,False,True,False,False,False
36.973533274945204,10,0,27.103089988197983,1333.7771835043707,2,1.7216692339304205,0,A,False,False,False,True,False,False
2.7202210411961407,3,0,3.054326405262042,656.8576654216907,2,0.553777357579051,0,A,True,False,False,False,False,False
853.3169821755519,6,0,14.261327116029303,1298.574472314455,1,0.40982597192009784,0,A,False,False,True,False,False,False
10.303802891740759,15,0,0.8027732829842532,2754.310149053956,4,0.610399091705126,0,A,False,False,False,False,False,True
7.580062944562014,5,0,1.6157007045974174,1641.3343110810135,3,1.7225265589574643,0,A,False,True,False,False,False,False
186.24900564219564,5,0,16.840235549373556,682.2777629989594,2,1.5631587800809812,0,A,False,False,False,False,False,True
1020.1478916758937,1,0,1.1036914378380434,932.3276530696515,2,0.48104667229109854,1,A,False,False,True,False,False,False
287.4725513782658,23,0,13.571280138863365,467.32016823004614,1,0.6635605834698469,1,A,False,False,False,True,False,False
107.41404475575847,7,0,3.72716267319161,3042.7185474082694,1,0.4752051804020576,0,A,False,False,True,False,False,False
111.46439471557251,6,1,5.4379125918196305,2114.324461222998,1,1.3747551140441852,1,A,False,False,False,True,False,False
152.03316236994294,23,0,2.0826651145450072,459.1264594450925,5,0.5424914908849582,0,A,False,False,False,True,False,False
135.7363373048514,13,1,4.288604456803964,8240.502123533675,1,1.2528129555937857,1,A,False,False,False,False,True,False
76.5106317854247,8,0,25.83001328942166,921.8961975097183,3,0.9017885488394813,0,A,False,True,False,False,False,False
61.870365974466424,14,0,15.278108261818144,1389.1163015038476,1,1.0480467753413054,0,A,False,False,True,False,False,False
50.64741771740918,21,0,44.86409506051588,837.1314129748458,2,0.43221472287947604,0,A,False,False,False,True,False,False
22.092595195682225,17,0,0.7495944227992796,1534.6748301533614,1,1.5623830045302458,0,A,False,False,True,False,False,False
38.9855048979385,11,0,23.582998788964435,1182.3316452816373,2,2.1667825887353023,0,A,False,False,True,False,False,False
7.159583600778351,22,1,18.013522049556812,358.49300591147386,4,2.0962700234461713,1,A,False,False,False,True,False,False
48.520793976638465,18,0,4.534674573025533,2804.0146523590784,2,1.032565617643129,0,A,True,False,False,False,False,False
16.67133323083042,12,1,19.593776803512434,565.3750917837797,2,0.3590057729069577,0,A,False,False,False,False,False,True
14.522407760002807,6,0,18.910716335745512,2284.010974501648,2,0.8342804315870432,1,A,False,True,False,False,False,False
67.75328741980547,9,0,9.224614306279772,910.9708597988672,0,1.1436584667212268,0,A,False,True,False,False,False,False
290.1513674734706,9,0,17.50206383777212,1153.6197128586778,3,1.0694056213620073,0,A,True,False,False,False,False,False
164.3469804403993,1,0,8.820484807501533,1612.740733095082,1,0.4617480850746265,1,A,False,False,False,False,True,False
8.292896256737526,13,0,6.131835304131838,1223.920496363695,5,1.4270932804341832,0,A,True,False,False,False,False,False
16.650599738625353,12,1,9.424188964659283,1988.344729526288,2,1.4704103601457945,1,A,False,False,False,False,True,False
168.83559412223298,21,0,33.82543270293986,622.3114174984754,3,1.4723249637000326,0,A,False,False,False,False,True,False
16.793889965949152,5,1,7.281847207458504,2513.6920857284513,2,0.6987007855728098,0,A,True,False,False,False,False,False
41.69746018034005,8,0,7.754873348209422,480.858817260953,0,0.4845606426397856,0,A,False,True,False,False,False,False
105.64268660731399,12,0,14.06283915749723,528.3361186490856,3,0.7831722601021615,0,A,False,False,False,False,False,True
17.081340248500045,8,0,20.97547227908841,1742.7368996747018,3,1.8031425716119744,0,A,False,True,False,False,False,False
61.9576202752697,12,0,19.89893639531497,2539.2834587280518,3,0.6162177714537403,0,A,False,True,False,False,False,False
11.014024398877151,4,0,0.29996026461187464,1376.1679498091353,3,0.6478524656442256,1,A,False,True,False,False,False,False
26.532193036794972,13,1,17.44319868243137,3618.2975398219824,4,0.5883848055340648,0,A,True,False,False,False,False,False
80.13705216546776,4,1,8.982673029956382,562.9162919018381,0,0.8105650143493535,1,A,True,False,False,False,False,False
8.072050342885671,8,0,11.137896751233406,431.7116411735213,4,1.230552079938827,0,A,True,False,False,False,False,False
92.62598200954871,7,0,12.371520401091447,2144.366950594506,6,1.4029646808388352,1,A,False,True,False,False,False,False
53.32656654783262,6,0,19.735839608133467,1209.353138724143,3,0.5320726177071551,0,A,False,False,False,False,False,True
105.95218901172831,7,0,26.69743237344646,2090.0095692160817,2,1.6586462958888741,0,A,False,False,False,False,True,False
71.42850082222886,21,0,15.587936540895305,481.8229616412032,1,1.7796377070657998,0,A,False,False,True,False,False,False
280.6107607393776,2,0,12.448503929317745,769.2556404075942,3,0.8668688705941832,0,A,False,False,False,False,True,False
63.451091921529894,22,0,7.02054559895466,4421.476287946262,7,0.49991875767705474,1,A,False,False,False,False,True,False
32.61307725245236,23,0,2.2253811195599735,933.7301080373786,4,1.8746075161601068,0,A,False,False,True,False,False,False
63.228617274177566,14,0,47.75903179056438,3433.046415901757,2,1.2062889321617671,0,A,False,True,False,False,False,False
104.78992532214733,7,0,9.29405437252176,2041.492068188641,3,2.5905646776415265,0,A,False,False,False,False,False,True
57.895061329746476,0,0,12.527998606841965,872.7326992134524,1,0.48693785117026117,0,A,False,False,False,False,False,True
57.323463750752396,6,0,20.858942375125437,3392.7853769071526,3,1.1567278968595154,0,A,False,False,False,False,True,False
23.51432887348553,18,0,1.0629449376605167,1423.7990534327425,4,2.0830181893472006,0,A,False,False,True,False,False,False
24.643641082137115,1,1,28.9664619541142,1108.5676667629739,3,1.2617699474547581,1,A,False,False,False,True,False,False
10.143911505605933,13,0,23.920141837149078,1028.7588516201108,2,0.33536881087144094,0,A,False,True,False,False,False,False
445.63137277529347,17,0,22.33677690370834,1557.8519612222753,3,0.3520143206848909,0,A,False,False,False,False,True,False
12.272538420107946,14,0,0.33341890241989897,444.67876772134775,2,2.4565444841113555,0,A,False,False,False,False,False,True
23.772127065019482,13,0,11.21464770080011,2251.1846232429243,5,0.7350931903854302,1,A,True,False,False,False,False,False
23.05565974344142,23,0,0.8369466025482264,1561.07631230396,5,1.269568274812647,0,A,True,False,False,False,False,False
159.79779781155887,18,0,12.006729641122185,694.4083720306753,3,0.5219696919484779,0,A,False,False,True,False,False,False
38.32338890036849,18,0,19.01158923823156,397.51087031961305,2,0.7524026376686436,0,A,False,False,True,False,False,False
244.0298337310553,21,1,1.9490721314717694,897.3644902168745,5,1.6112785784440147,1,A,False,False,False,False,True,False
24.332459744073905,16,0,17.80590472605236,1339.6112285566828,3,1.1517731030426528,0,A,False,False,False,True,False,False
76.30916085155121,21,1,8.954819854967766,1242.373318167618,3,0.7984783817277058,0,A,False,False,False,False,False,True
20.037059543574163,18,1,25.034071663161324,1236.2650202279583,2,1.490637118157521,1,A,False,False,False,False,True,False
716.35722011993,15,0,11.440318940216429,1880.0266963313002,2,0.9724079546729258,0,A,False,False,False,True,False,False
13.129766404276898,19,0,6.1448427323155865,436.78940000661413,1,1.649756436619094,0,A,False,False,True,False,False,False
79.18483888472048,18,0,6.051817138800263,1040.7213979051073,3,0.8067181152184458,0,A,True,False,False,False,False,False
116.80808128896464,0,0,34.16641465394255,1391.6873078610786,3,1.1586895057956725,1,A,False,True,False,False,False,False
89.70790721306801,18,1,9.046076115213323,1585.3509483379667,2,2.7169030945646386,0,A,True,False,False,False,False,False
43.71340516224059,6,0,7.806925963593644,2250.8619769644447,3,1.0820680515973522,0,A,False,False,False,False,False,True
46.72200067732812,22,0,0.6103553961723162,931.8774528994059,3,1.4141428020100835,0,A,False,False,False,False,False,True
57.545374961821985,10,0,6.796008470018298,1144.409263774176,4,0.41744582476163433,0,A,True,False,False,False,False,False
45.7685694068725,4,1,28.419551553697524,605.9303469040929,2,1.0761017469555256,0,A,True,False,False,False,False,False
173.58283839256856,16,0,21.468601231157642,1496.068078252403,6,1.107807832617578,0,A,False,False,False,True,False,False
774.8175652070339,10,1,3.744492270068197,546.5574729405338,3,0.5455379530516392,1,A,False,False,False,False,True,False
27.966569711590584,23,0,7.992403887600405,1735.3755400210273,2,0.8733916459987935,0,A,False,False,True,False,False,False
10.551166520837734,7,0,3.283158899894947,2821.1882294751977,2,0.8649162638131548,0,A,False,False,False,True,False,False
49.109944109283525,9,0,46.25757652629146,1594.998264814849,2,0.5739886353018245,0,A,False,True,False,False,False,False
1206.7079221389647,11,0,13.673946953270901,3061.4328632911493,3,0.7757852730673926,0,A,True,False,False,False,False,False
20.81326488790843,9,0,21.058005453301718,762.9668047415402,1,2.8761476689714436,0,A,False,True,False,False,False,False
390.309559479832,12,0,18.76641952210482,420.32682129596384,2,1.0112117215406597,0,A,False,True,False,False,False,False
408.8061067009242,17,0,31.035165542241685,963.504929922899,3,1.1690126018610776,0,A,False,False,False,True,False,False
28.097879474476066,9,0,44.735661282632066,670.9980974402583,5,2.5672330046847143,1,A,False,False,True,False,False,False
108.07005724547832,18,0,0.4947633192809432,738.9672097156005,1,0.2880885984461409,0,A,False,False,False,False,False,True
385.32068967133057,19,0,55.514997085770474,185.40515091152375,4,2.9358837454568363,0,A,False,False,False,False,True,False
34.641303427985825,16,0,30.666035280677228,1262.0582035429873,6,1.4518778579016354,0,A,False,False,False,False,False,True
42.764296814232964,19,0,7.242015323866014,1115.6649673791724,0,0.5402186622245959,0,A,False,False,True,False,False,False
27.166453998218415,15,0,27.21644954088731,2152.655689875879,3,0.537868050107803,0,A,False,False,False,False,False,True
16.156006873852668,4,1,20.008829730170113,1706.974989620717,3,1.4900077235124003,1,A,True,False,False,False,False,False
25.049827616260576,2,0,23.633837742304845,953.105289800671,0,1.4737071806536417,0,A,True,False,False,False,False,False
12.569480332791324,14,0,3.7402153726818606,2276.243303783283,4,1.242655496199503,0,A,False,False,False,True,False,False
56.87751874466796,1,1,15.685902194862159,2229.0141638253285,4,0.6226483051712229,0,A,False,True,False,False,False,False
21.672238782259274,12,1,0.39401841528303105,742.7862383872753,2,1.1244808114577869,1,A,False,False,True,False,False,False
72.27968402324024,21,0,28.280750197332793,1282.9079143161434,2,0.7245090562661576,0,A,False,False,True,False,False,False
8.439518224350259,7,0,45.25218532430141,3671.651150565505,5,0.872229175977589,1,A,False,False,False,False,False,True
81.21145256453212,22,0,16.276119887764516,1424.0020921542132,1,0.6107132016439866,1,A,False,False,False,True,False,False
148.44800376484568,16,0,10.782195834411466,568.079980957116,5,0.7125490521417622,1,A,False,False,False,False,False,True
4.990405799062017,3,0,19.404693422927394,446.7571626129788,1,0.34924408264194867,0,A,False,False,False,False,False,True
85.53005920597313,18,0,5.925920215950371,337.9659633164402,4,2.1205214992181305,0,A,False,False,True,False,False,False
238.22194734096914,21,0,14.768053600594856,213.1081972331876,3,0.65582696522717,0,A,False,False,False,False,False,True
12.787022348390375,8,1,19.03956469326779,744.5172881313903,4,1.9855849310536193,0,A,False,True,False,False,False,False
406.2979933752133,22,0,2.309174190799321,953.7001892093645,4,0.796641509437601,0,A,False,False,False,False,False,True
90.27159164827995,14,0,2.2635295353014437,502.16974603956623,0,0.7427658660850696,0,A,False,True,False,False,False,False
23.429262448568817,8,1,18.889015507021334,634.3574262541797,0,0.3522232193714666,1,A,False,False,True,False,False,False
51.06386513285177,23,0,8.478765011307235,511.19330082339707,2,2.5927526825934706,1,A,False,False,False,True,False,False
106.69692033229384,20,0,33.0006304316362,309.8416969356124,5,1.689949229024954,0,A,True,False,False,False,False,False
59.8120095683236,8,0,5.608164163799133,957.2844970030795,2,0.6229725002987753,0,A,False,True,False,False,False,False
104.22032740291002,13,0,0.6503583519960384,1872.3560735121891,2,1.584082777903515,0,A,False,False,False,True,False,False
18.086968169248145,22,0,15.742019775267128,729.252937127626,2,1.7080891627412242,0,A,False,False,False,True,False,False
66.90227609105753,20,0,17.291555974651704,2721.3438254419525,2,1.1072485401239955,0,A,False,True,False,False,False,False
10.009579692797146,15,0,12.097816065014943,1239.5531131591194,4,1.0906537370090195,0,A,False,False,True,False,False,False
47.776253453536164,23,1,17.24855117350912,2240.3952689231483,5,0.9936834424979882,1,A,False,False,False,False,True,False
18.45454774288774,22,0,11.127322122581727,1124.7952450412665,4,0.6760765065792953,0,A,False,False,False,True,False,False
22.58676395254158,16,0,17.69568310971265,1876.0914056383886,2,0.8179608172609631,0,A,False,False,False,True,False,False
240.64235094181004,12,0,0.6739784063915258,354.69532999955135,4,0.6167207736907484,0,A,False,False,True,False,False,False
202.26367029162088,8,0,6.89242249397087,2151.602179340261,3,1.6767992703943917,0,A,False,False,True,False,False,False
113.40502983189378,14,0,3.5513541285433092,1102.3529239260733,1,2.2928148061952953,0,A,False,False,False,False,False,True
14.720258619308662,6,0,1.5691809141596678,2639.4888822502335,5,1.198816945115722,1,A,False,False,True,False,False,False
37.34913904713285,0,0,4.000410772461272,896.2345178088623,2,0.7695115101257005,0,A,False,False,False,True,False,False
234.09271152189834,0,0,3.1851058308033102,4417.6242104546545,4,0.8002178214898742,0,A,False,True,False,False,False,False
64.71935433175503,4,0,54.25194790903511,1680.704024170222,2,1.1939730289124326,0,A,False,False,False,False,True,False
882.8854358639655,23,0,5.064557995997411,531.5452701249538,1,1.3224131546531923,0,A,False,False,False,False,False,True
87.52998385324611,8,0,3.939164341270101,2704.034252922055,3,1.0752960452966023,0,A,False,True,False,False,False,False
68.74877648373067,11,0,27.015742891502526,470.4645380091679,1,0.6977598258875782,0,A,False,False,False,False,True,False
37.67739237984965,5,0,8.148068577921801,449.880304434888,0,1.7967375754448225,0,A,False,False,False,False,True,False
64.08748389025789,12,0,8.208855120431345,3074.856441827959,0,1.0649612403122546,0,A,False,False,False,False,True,False
45.46924650043063,7,0,8.793760269124682,1434.1990232390158,3,1.2593030690796594,0,A,True,False,False,False,False,False
127.70595721469188,14,0,8.081549481864764,1162.0182591047883,5,0.34906551208195624,1,A,False,True,False,False,False,False
172.09433403395786,5,0,5.930467112002868,732.7775016493714,2,0.8968027164298156,0,A,False,False,False,False,False,True
21.259686937678776,5,0,5.06021759139292,2133.1602180439604,4,1.4264822844380187,0,A,False,False,False,False,False,True
11.05099485160576,3,1,32.05093482287112,882.3627677492136,2,0.5391901896039012,1,A,False,False,False,False,True,False
6.028833558300457,10,0,2.6458201576630467,1288.5976786159508,4,0.41750034370096784,0,A,False,True,False,False,False,False
100.4429186284939,20,0,2.9962099653355954,445.0587968939722,2,1.760751852183545,0,A,True,False,False,False,False,False
14.526289439351125,17,0,12.719639868866135,1047.1876636971244,3,1.0649361271147166,0,A,False,False,False,False,True,False
4.122794822906488,2,0,6.316112513970803,1261.6830289851978,7,1.1056098606546416,0,A,False,False,True,False,False,False
87.03360647919123,2,0,8.21051240940077,1681.5157513371425,5,1.222682559414023,1,A,False,False,False,False,False,True
1087.4593912859145,11,0,24.640779947665212,1436.873317320653,3,1.1381160540871653,0,A,False,False,False,True,False,False
54.20184270701751,20,1,35.09356998549313,839.8009601946766,0,0.22570367075252917,0,A,False,False,False,False,True,False
149.33452585362897,20,0,23.449316991778733,1377.1603071954305,1,0.8160197217977143,0,A,False,False,True,False,False,False
60.23148548294153,5,0,4.016785141138755,2403.232251465382,3,0.9309074597284697,1,A,False,False,False,False,False,True
48.488779282203616,20,0,58.65882772880756,334.52849823990135,3,1.0841064770916058,0,A,True,False,False,False,False,False
164.49690897203408,5,0,6.768941147220768,960.6587403181384,1,1.0132913030972333,1,A,False,True,False,False,False,False
38.53899350201724,7,0,2.7780928010818307,1295.9222022837675,3,0.8064801061518511,0,A,False,False,False,False,False,True
75.25412932590545,14,0,10.382116466506316,524.3657371467156,1,1.5535035071121825,0,A,False,True,False,False,False,False
80.32150292108207,17,0,19.38035825891937,2307.162020880814,2,0.8672524535571449,0,A,False,True,False,False,False,False
24.490651067082016,19,0,1.304148747423547,1771.5331352979651,2,1.0967696414930075,0,A,True,False,False,False,False,False
179.5494790852208,15,0,15.08859259104234,2436.9366849558155,3,2.2207119987489934,0,A,True,False,False,False,False,False
44.25853755614539,5,0,29.28715692792255,6171.8588627906565,4,0.4871339322694506,0,A,False,False,False,False,True,False
22.045440679516553,20,0,4.5527310644348375,1428.1150676146012,6,0.32193793843996144,1,A,False,False,False,False,True,False
103.93979240128068,16,0,17.719634318243596,874.3355563288962,2,1.1870044994141418,0,A,False,False,False,False,False,True
18.575405519838256,8,0,7.660100279409973,2323.5705067532717,3,1.3411816778569803,0,A,True,False,False,False,False,False
56.476091474007056,18,0,8.019992035410807,685.1442244504168,1,2.9703580621531676,0,A,False,False,True,False,False,False
54.0039506474927,17,0,4.944529582235719,1589.6942337456983,4,1.016213009883334,0,A,False,False,False,False,False,True
200.95372928533845,22,0,14.688210230755784,2513.578228834289,6,0.9156972454650331,0,A,False,False,False,True,False,False
96.50915549650095,4,0,6.717744834575869,2133.9991838619444,2,0.768646165984126,1,A,False,True,False,False,False,False
52.98281679164529,5,1,26.659241770314082,3380.828932932201,2,1.7203243880234524,0,A,False,True,False,False,False,False
145.66647039740613,11,0,49.414267408424806,881.3264619004752,2,1.2898642178368862,0,A,False,False,False,False,True,False
289.5271453159138,10,0,41.020767651144105,1933.8045888782149,2,1.5073515835261946,0,A,False,False,True,False,False,False
106.63079648558532,15,1,2.6712688951041703,1181.1524372512647,5,1.1483464887188422,0,A,True,False,False,False,False,False
55.28066139337062,19,0,0.21437917544793625,1342.9066043130465,3,1.53509333809593,0,A,True,False,False,False,False,False
11.31123547067028,16,0,8.656306855615508,1342.9591861561846,4,2.0181583129545166,0,A,False,False,False,False,True,False
15.208638736082131,19,0,19.578111407527643,1687.7108396598649,5,1.3470581217699558,0,A,False,False,False,True,False,False
37.85376152651966,8,0,56.88380804060699,1067.6989832287882,6,0.7635005675457291,0,A,False,False,False,False,False,True
26.27414451689665,0,0,22.947088675944197,352.00559553519014,5,0.616923591616706,1,A,False,False,False,False,False,True
43.62517693877269,2,0,13.032139994575827,1240.6269633934119,1,1.0807733672253763,1,A,False,False,True,False,False,False
58.438791648263724,20,0,0.40059560823851625,1464.7044829937936,5,2.1312994130172322,0,A,False,False,False,False,True,False
103.09298059351589,22,1,26.190956305295515,1060.5115264061546,2,1.108614126288139,1,A,False,False,False,False,True,False
50.16920871661819,8,0,2.924629796266432,1553.688244331198,2,0.4361075245098312,0,A,False,False,False,True,False,False
97.88584694021003,21,0,0.8581855724012204,993.4816875068894,2,2.432049321497093,0,A,False,False,False,False,False,True
58.9900802121294,18,0,28.492727501103808,882.7887666887274,3,1.2594349477107623,0,A,False,False,False,False,True,False
5.101017962869344,12,0,12.529334228710841,3337.1403153842703,4,0.9558507206629552,0,A,True,False,False,False,False,False
17.686427321276536,22,1,2.063979323720872,6671.712818183106,2,0.9195782417352232,0,A,False,False,True,False,False,False
45.92891766294958,13,0,7.329668368129222,2216.509099147926,3,0.3158656848180167,0,A,False,False,False,False,False,True
12.786198008676294,19,0,1.341350625576029,692.5265228578461,2,0.6607796319438671,0,A,False,False,False,True,False,False
112.15865999986465,18,1,15.242113814905583,1312.9107823421443,5,0.6554840726000315,1,A,False,False,True,False,False,False
342.7156171714872,22,0,4.97821448302609,1236.4995026108013,2,1.3667770878580898,1,A,False,True,False,False,False,False
235.68925517563832,6,0,30.159272981352558,1875.3987219453325,7,0.8996444566164856,0,A,True,False,False,False,False,False
42.26116397035556,3,0,6.642739704496856,1274.775795847901,2,1.7251836087371943,1,A,False,False,False,True,False,False
326.6441539754378,11,0,10.23708133029858,1793.7030284125785,5,0.33992954333264,0,A,False,False,True,False,False,False
65.26141338227758,22,0,0.9844611209909145,4585.7514710898995,4,3.09376005130005,0,A,False,False,False,False,True,False
36.4337970649965,13,0,4.836020409756003,250.96896223925427,5,1.861603732256942,1,A,False,True,False,False,False,False
26.1517681459988,1,0,16.940740411926512,731.417309967175,2,1.2391383059209338,0,A,False,False,False,True,False,False
37.97911396846267,0,0,19.992030059987986,2362.633827593289,7,0.8409229119526944,1,A,False,False,False,False,True,False
34.26717222015273,17,1,4.172350844915307,1058.5240265842324,6,1.4834476253284603,0,A,True,False,False,False,False,False
66.98706002952879,19,0,10.512250707395296,1762.021904168352,3,1.045321027787575,0,A,False,True,False,False,False,False
66.20055041006525,7,0,25.51763339944184,942.144964557004,4,0.9055033920673201,0,A,False,False,False,False,False,True
54.798083690117636,2,0,7.168363644738157,3820.4934816398118,6,1.452978850992687,1,A,False,False,False,False,True,False
92.23372122796697,5,0,2.1540941976095227,2776.704649553758,3,1.5436271368787067,1,A,False,False,True,False,False,False
227.87005442438507,21,0,8.481085484846364,1392.6377827596543,3,1.194258644716814,0,A,False,False,False,True,False,False
170.6244534191064,12,1,13.767954477195511,4185.460350388221,4,0.7874087504575613,0,A,False,True,False,False,False,False
9.190059748910489,8,0,0.11139049574553032,1404.914450284964,3,0.9413826827385082,0,A,False,False,False,False,True,False
2.547964074492183,8,1,6.428722576513378,1156.3098230645917,7,0.5100541474683262,1,A,False,False,False,False,False,True
167.53359419060038,19,0,14.0258286222552,3555.0777096034403,4,0.49597450895361245,0,A,False,False,False,True,False,False
10.588257053678246,8,0,45.52082361621458,358.0355709299808,6,0.7401265233817214,0,A,False,False,False,True,False,False
41.69084322363335,14,0,7.877639803698701,1254.2317291297984,4,1.6239839874885642,0,A,False,False,False,False,True,False
13.408171958555748,12,0,2.6684711012038425,1454.6607874887964,5,1.0606239277109455,0,A,False,False,False,False,False,True
6.281592146773536,21,0,11.460598840959632,917.7316753061219,7,1.610796959001498,0,A,True,False,False,False,False,False
104.55939402738969,15,0,5.047883153723343,604.0081651412769,3,1.907420296801508,0,A,True,False,False,False,False,False
135.7732469445662,1,0,3.6268587104592087,1035.3327236442124,2,1.1986722312930282,1,A,False,True,False,False,False,False
27.335535409901393,13,0,13.388732428499587,327.5846187618271,3,0.5955010721650442,0,A,False,False,False,False,True,False
2.436954854464433,5,0,37.13329416662546,3799.900720891927,3,1.5012392121765055,0,A,False,True,False,False,False,False
28.34658777039029,1,0,27.047543149262676,3954.9812210628506,3,0.567085715571238,0,A,True,False,False,False,False,False
87.37112115415302,7,0,3.0187594998374907,1162.872535802815,4,0.7652910809156139,0,A,False,False,False,True,False,False
9.256315890267684,3,0,21.778787415060446,855.1031382405372,2,1.9696069156362928,1,A,False,True,False,False,False,False
68.03565484629694,20,0,3.9179126096373893,336.4173257575872,2,0.9974533352227166,0,A,False,False,False,False,False,True
53.60424062002048,23,0,5.152177322284066,650.0012726436086,0,1.2593400526719951,0,A,False,False,True,False,False,False
109.41519775848903,13,0,37.89559031554944,3591.46827534007,2,0.36041785283733,0,A,True,False,False,False,False,False
63.02279221134531,10,0,36.29523838855167,1103.7779560791284,5,0.8533092780095751,1,A,True,False,False,False,False,False
16.98477358007219,23,0,2.7702188422514125,727.0391238388938,3,1.1514675257999403,1,A,False,False,False,False,False,True
229.49604632206928,13,0,0.9951719668780046,1138.206976881656,3,1.0488188359481143,0,A,False,True,False,False,False,False
45.139807748167435,11,0,5.203375131980651,712.2911306505224,2,1.4829861145590184,0,A,False,False,False,False,True,False
52.83820732424059,15,0,13.07603785045322,310.68106163627044,3,0.7284889539447725,0,A,False,False,False,True,False,False
17.815670748345298,5,0,31.420359645156733,858.2098789563956,2,1.7747033287250327,0,A,False,False,True,False,False,False
32.07449925120558,19,1,1.8976964172387103,475.29695467565324,5,0.7935719340603234,1,A,False,False,False,False,True,False
18.882522205120296,0,0,8.041087467902987,1544.4246953842633,2,1.0114453976070312,1,A,False,False,False,False,True,False
44.365614805760615,11,0,4.756658854153455,2304.500352611392,4,0.610288575129068,0,A,False,False,False,False,False,True
425.8342457933967,6,0,0.22562288893458038,620.3842899616026,2,1.3189190483317683,1,A,False,True,False,False,False,False
10.524634251174207,7,0,23.299143400276392,1281.4292360010309,1,0.6843052560898815,0,A,True,False,False,False,False,False
7.875260964784064,8,0,25.17251512189062,1083.0231789465902,2,1.140661156180894,0,A,True,False,False,False,False,False
319.06804683279154,1,1,3.750574834140545,608.1423434742431,1,1.5028786562056278,1,A,False,False,False,False,False,True
42.470579426094474,16,1,2.4596866911177355,177.3114435863452,3,1.5866981434526841,0,A,False,True,False,False,False,False
24.461799914939423,19,0,2.3421048061386323,483.13362695390003,2,3.7028763178393693,0,A,False,False,False,False,False,True
190.1637655520112,12,0,9.352838943083885,589.4087331462384,0,1.0035985964102758,0,A,True,False,False,False,False,False
26.397289972221376,4,0,4.245306072632741,1229.8391224101624,1,0.8568060522223272,0,A,False,False,False,False,True,False
488.4375662519246,9,0,10.741805090400652,1332.1536457923053,5,0.7304122284426869,0,A,False,False,False,True,False,False
123.1632911933337,11,0,7.288379436424745,2960.847547233909,2,1.3597250851236127,0,A,False,True,False,False,False,False
30.40193659679633,16,0,3.552749058845637,479.7648422926998,1,0.9381285105036385,0,A,False,False,True,False,False,False
726.8861450022658,20,0,20.8660937773506,569.1397812690092,0,0.6556433697680851,0,A,False,False,True,False,False,False
26.394142021253092,5,0,2.4442069115830196,654.6847239046232,1,0.6451367793991782,0,A,False,False,False,False,True,False
133.02198913674417,2,0,24.059467395939084,941.6298855826192,4,1.8740761159116999,0,A,False,False,False,False,False,True
78.19072985633977,14,0,12.364098038377932,1307.2102819892634,2,1.5538803904494882,0,A,False,False,False,False,False,True
260.36631603903203,6,0,26.760186170731163,1547.1010864635634,5,1.9377542328342088,0,A,True,False,False,False,False,False
355.6024651815324,5,0,0.07155600537210342,243.26114572087658,3,0.49010554820386043,1,A,False,False,False,False,True,False
56.73577583577623,3,0,20.745805408509604,2852.635638612151,5,0.8362519997280629,1,A,True,False,False,False,False,False
22.10709406839459,18,0,0.7933489447274117,1596.6127644378028,3,0.6329390924044552,0,A,True,False,False,False,False,False
94.81869282551271,4,1,44.96562908954089,2222.0166177981914,4,1.0692443483358096,1,A,False,False,True,False,False,False
24.209413770360808,2,1,18.197195717681264,162.20898612269136,3,0.6735248185761119,1,A,True,False,False,False,False,False
611.5915740308002,8,0,5.788738222140626,2133.4980718602787,2,2.0106576325920025,0,A,True,False,False,False,False,False
64.31818442823058,5,0,5.781639622744209,494.6983079049412,2,0.8364993505580282,0,A,False,False,True,False,False,False
35.220001245287975,12,0,29.65244902179246,764.6521476791751,2,2.52997884402235,0,A,False,False,False,False,False,True
68.14354029238423,21,0,34.97096245383769,3453.711274382886,4,1.538879667919689,0,A,False,True,False,False,False,False
10.842227377839897,19,0,33.32521103199842,1855.809379204202,4,1.5719095114030657,0,A,False,False,False,True,False,False
17.014452905667177,3,0,24.811845746107537,638.1984917825114,2,2.3724088714168685,0,A,True,False,False,False,False,False
230.5566701110069,1,0,25.641527610975714,2073.416169103544,1,1.035243096505081,1,A,False,True,False,False,False,False
24.821913334808382,3,0,12.756417906674553,1463.584877742302,4,1.5242751796312022,1,A,False,False,True,False,False,False
15.544499105747132,7,0,0.42955817361374005,791.6445442908894,2,1.1703095224308089,0,A,False,True,False,False,False,False
103.95761864252749,12,0,1.3615666089486522,1604.6011067124857,1,0.6741675909356041,0,A,False,False,False,True,False,False
226.52266034578227,9,1,15.728197622628555,810.3460384104275,4,0.7291778887458011,1,A,False,True,False,False,False,False
129.3787271893992,17,0,7.691541684639061,1494.4836856581385,3,0.9040593324519627,0,A,False,True,False,False,False,False
180.41454359326804,8,0,12.565993343224653,1479.3224053037075,2,1.2520763697558266,0,A,False,True,False,False,False,False
22.01768279046583,0,0,3.9414788139288155,1640.4844946831959,4,1.4566032280138619,1,A,False,True,False,False,False,False
9.9128034555,12,1,15.722374369122946,5112.628578049364,3,1.3243773304781328,1,A,False,False,False,False,True,False
330.8285887056722,17,0,4.17250317144243,2336.0260437146444,4,1.3353517794275724,0,A,True,False,False,False,False,False
37.069116863247196,14,0,9.265386821748276,2440.562927311229,5,0.8705918087869887,0,A,False,False,True,False,False,False
40.40689263749731,1,0,9.77201641423103,719.4428837092823,4,0.32993583252665,0,A,False,False,False,True,False,False
268.76381162621004,10,0,2.9341702803232903,325.7373250147579,2,1.4647304499892124,0,A,False,False,True,False,False,False
106.42877810843306,13,0,31.337254963779856,943.7365926379815,3,0.6711151838167716,0,A,False,False,False,False,True,False
94.35510019721947,21,0,11.192557651771008,743.1482992768157,1,2.938265911603042,0,A,False,False,False,False,True,False
733.6285324149347,14,0,30.236726115624876,1771.6891942332163,1,1.1878795145529701,0,A,False,False,False,False,True,False
25.223551049613533,13,0,4.568063889179278,936.2420546602533,1,1.9918038806338185,0,A,True,False,False,False,False,False
166.2359481732325,15,0,2.8372190725467537,3168.3914767396705,7,0.5761689355800852,0,A,False,False,False,False,True,False
58.46426716243485,22,0,0.2727138531204071,272.7789596733472,1,1.7587432193101111,1,A,False,True,False,False,False,False
75.36257014898388,14,0,1.478499028428667,877.0178271211811,2,1.4301760144400673,0,A,False,False,True,False,False,False
341.77824205098244,18,0,2.3932138402125105,1477.6877610197355,2,1.207577476942369,0,A,False,False,False,False,False,True
100.4241692177601,8,0,1.232076421075767,502.4815029022285,4,0.5912483654064153,0,A,False,False,False,True,False,False
104.16282448244587,4,0,34.077826275874614,2262.097889926009,0,0.7031723377895921,1,A,False,False,False,False,True,False
197.75102793169245,4,0,36.360838266234495,2203.706546408228,1,1.387434567291148,0,A,False,False,True,False,False,False
35.23559257909308,10,0,41.55590833575013,776.6635378597182,3,0.7032818064973291,0,A,False,False,False,False,True,False
19.94439994048227,19,0,48.231041659166806,9128.092381398308,2,0.6605470057704177,0,A,True,False,False,False,False,False
15.583754090699257,23,0,10.154236363045987,448.43051393146675,3,0.776665291361173,0,A,False,False,False,False,True,False
5.157088070347653,3,0,11.326125066426522,373.4905124439672,2,1.285625235120142,1,A,False,False,False,False,True,False
643.8389105574041,19,0,2.103255581631047,750.4047846918822,3,2.0354305372966923,0,A,False,False,False,False,True,False
14.529048077191135,17,0,2.2110133257985645,1276.9548337919305,4,1.2300074931738427,0,A,False,False,False,False,True,False
41.86690473507162,2,0,22.225993188688847,301.6911690410231,5,1.84009279812263,1,A,False,False,False,True,False,False
39.16658814608537,3,0,29.04093580231088,1799.7501634822622,0,0.9319665417214388,0,A,False,False,True,False,False,False
78.95578698411957,13,0,23.03684853822457,7849.733132044619,4,2.7713468626903355,0,A,True,False,False,False,False,False
145.3122179872888,6,0,26.98863882034344,359.8154226311375,4,1.9454162874948213,1,A,False,False,False,False,True,False
153.3262778955502,7,0,4.856278882644978,1283.2272537736112,3,1.5639847923312389,0,A,False,False,False,False,True,False
27.120965777890426,23,0,9.41223958828156,2359.8705507075447,1,1.2567419009907141,1,A,False,False,False,False,True,False
44.67678178223378,15,0,9.220569211241713,2023.4222323887407,1,1.2193688213102627,0,A,False,False,False,False,True,False
76.63822250321878,19,0,80.3500161605601,6165.500868791866,7,0.4745844059904208,0,A,False,True,False,False,False,False
40.51088277782043,14,0,44.69139514631983,753.3269800454862,1,0.4634910231778202,0,A,False,True,False,False,False,False
375.7089187144349,6,0,13.687697130370221,5371.098708639301,4,1.3865529698774197,1,A,False,False,False,False,False,True
98.4127079906411,16,0,2.2270326113087675,1045.0179857898072,1,1.0369924298659525,0,A,False,False,False,False,True,False
131.8748468970976,21,0,4.488144677798199,729.1097438232728,1,1.3244887633019151,0,A,False,False,False,False,False,True
120.959710902277,21,0,6.782728085307139,4931.054729083151,3,0.5684056937475225,0,A,False,False,False,True,False,False
223.2224100646215,21,0,30.978542919378015,817.153350285884,2,2.141628691743459,0,A,False,False,False,False,False,True
67.84501213384404,11,0,2.80637797680396,2583.5614620981614,4,0.9039682305855766,0,A,False,False,True,False,False,False
11.516740384019657,17,0,3.7220541909713982,739.4175141106607,4,1.2093497964062745,0,A,False,True,False,False,False,False
88.20163869099807,23,0,6.447551034931561,395.74050156308107,3,0.7775780546324282,0,A,False,True,False,False,False,False
24.987400740434026,13,1,39.240994524058515,396.6281312401361,4,1.1773571648081878,0,A,False,False,False,False,True,False
28.952599186336247,14,0,10.512008621419627,1928.4824600040363,2,3.292044125803963,0,A,False,False,False,False,True,False
110.34775879256122,14,0,15.612342664942101,468.18282730769977,6,1.783859409911737,1,A,False,False,False,True,False,False
241.27556070617769,4,0,7.346320376189002,926.9783718355185,1,0.7524099779983456,0,A,True,False,False,False,False,False
56.0097561252354,15,0,3.133472094085291,652.2017429590423,1,0.604662375430419,0,A,False,False,False,True,False,False
79.09104166861955,4,1,3.7808737941976918,542.9188370770205,3,1.1941128855242154,1,A,False,False,True,False,False,False
421.01056718205655,1,0,24.34326013436337,598.5486318962854,1,0.8477193513870129,0,A,False,False,False,False,True,False
72.88652760254172,19,1,33.591624806690575,1294.4143178658946,3,0.7127353345693487,1,A,False,False,False,False,True,False
1238.9502618232698,8,0,10.190902637920335,101.2570915856618,1,2.7013550755466356,0,A,False,False,False,True,False,False
107.62054570974944,21,0,6.6240306574635195,2154.3893583401896,3,0.37190171578930237,0,A,False,False,False,True,False,False
6.6000992646186845,8,0,24.741024172122223,389.1828405690937,3,1.4262378354297733,0,A,False,False,False,True,False,False
134.8293554709215,3,0,16.77127473219116,430.9818816725495,1,2.6417094831938006,0,A,False,True,False,False,False,False
86.26207635836452,14,0,0.6259920359106977,345.4319678649832,1,0.5599506946594236,0,A,False,False,False,False,False,True
256.64743759172563,10,1,6.478851159664259,1360.1310969679612,3,0.811824423719574,0,A,False,False,False,False,False,True
122.46406273595467,0,0,17.193720013758,3537.3056414574435,3,0.8484169004281366,1,A,False,False,False,False,True,False
46.24035118744497,17,0,12.788469291872689,983.8632703960541,2,2.2362519848786624,0,A,False,True,False,False,False,False
12.56408210319846,0,0,57.29665512676145,1555.4314714226186,2,0.985411323096072,0,A,False,False,False,True,False,False
42.48589299315654,7,0,30.16165322195721,1687.6218883206227,2,2.785051579409864,0,A,False,False,False,False,True,False
19.675524555190183,15,0,0.9239572598820985,1984.1732495967312,3,1.5309815694530953,0,A,False,True,False,False,False,False
27.204213250841097,21,1,19.406767788466826,491.342493670198,3,0.8385116448098606,1,A,False,False,True,False,False,False
110.6413717174953,17,0,6.149477048418048,3923.60194986409,4,0.5688305665940773,0,A,True,False,False,False,False,False
404.99932693719444,21,0,17.18946003936028,839.5199998812088,3,0.6032314795474141,0,A,False,True,False,False,False,False
87.67228560309447,8,1,14.404602726824967,1373.1297092089676,3,1.3928167306557515,0,A,False,False,False,False,True,False
12.999882585781387,11,1,10.488995745644043,972.6458932446437,2,3.613583981036542,0,A,False,False,False,False,False,True
93.08594459789082,18,0,28.754693749707883,767.8680558423799,1,0.7892320580192336,0,A,False,False,False,True,False,False
229.5125664958574,17,1,18.50050209958916,2325.416938092097,1,0.725413823193279,0,A,True,False,False,False,False,False
26.265610941795448,4,0,33.048579843407396,1822.7262860936125,2,1.3874051744610432,0,A,False,False,True,False,False,False
46.487311295594665,1,1,4.961009710386151,190.76877807005147,3,0.9064798084802059,1,A,True,False,False,False,False,False
55.569018997173934,6,0,6.418594890820478,1533.5275755873156,5,0.7928005854497365,1,A,True,False,False,False,False,False
21.287542113369117,9,0,14.590985811586743,5872.875714414619,6,2.173364207024253,0,A,False,True,False,False,False,False
118.85883406924395,14,0,50.927232478919926,1272.308776059862,3,2.1475508822377236,0,A,False,False,False,False,True,False
47.22211030958233,6,0,6.968248303653676,728.7565278177242,2,1.1538461718112754,0,A,False,False,False,False,True,False
90.327227049468,4,0,0.49239892853242956,806.9285951776551,4,0.7218981722887258,0,A,True,False,False,False,False,False
18.821679806640574,14,0,8.855825492297424,699.5658490574236,1,1.2141489200366489,0,A,False,False,False,True,False,False
32.29944474785306,19,0,11.776620198879273,437.3706152735271,4,1.6692423289959293,0,A,False,False,False,False,True,False
129.9120430308289,19,0,24.215807750890065,946.0137294041227,3,1.9610531201167989,0,A,True,False,False,False,False,False
34.9039574753857,14,0,19.562449502666546,942.5830249555293,2,1.7546973422777001,0,A,False,False,False,False,True,False
433.7015485887974,9,0,50.142235050634845,1772.4718693965394,3,0.2740638376268032,0,A,False,False,False,True,False,False
33.799181197262314,23,0,22.89595590158601,721.9881727036195,6,1.2788106005938158,0,A,False,False,True,False,False,False
71.4945820212511,13,1,5.320762280910874,5479.343248273585,3,1.4701626449291256,0,A,True,False,False,False,False,False
167.18633991627473,9,0,15.382392211143078,518.342150369206,0,1.588289068785636,0,A,False,False,False,False,False,True
9.953867015886305,16,0,16.73215930227704,1233.7440377974724,2,1.196323763016315,0,A,False,False,False,False,False,True
6.599734530837622,20,0,93.37377717674022,603.014823189591,3,1.0218768109643137,0,A,True,False,False,False,False,False
8.751388929004658,13,0,2.240346306620144,712.7041091073299,5,0.8636385484409728,1,A,False,True,False,False,False,False
248.4150470505643,1,1,3.185381921895607,876.934346104268,3,0.6724664203319589,0,A,False,False,True,False,False,False
28.156274499339645,15,1,2.5354004877088805,1290.8427562385766,2,0.7287831784385616,0,A,False,True,False,False,False,False
1175.958857587458,12,0,13.339625075413975,2084.5780952241607,5,1.9949917233798495,0,A,False,False,False,False,False,True
27.740761937400112,8,0,2.180608395352251,755.5779303999207,4,1.4295185116048588,0,A,False,False,False,True,False,False
68.132992270644,6,0,16.007040471990685,331.13948185101367,6,1.5113438305313933,1,A,True,False,False,False,False,False
347.4191385411018,15,0,24.427327230061707,3280.3636949450815,2,0.7527972708415168,0,A,False,False,False,False,True,False
606.261533130373,9,0,8.505462433340806,501.84243485658527,7,1.3063957943409317,1,A,False,False,False,False,False,True
647.9440123750121,23,0,12.3380815463238,900.3716230972516,3,2.5102678206637057,1,A,False,False,True,False,False,False
232.7673546160587,21,0,36.57986710198717,1146.0945644813119,2,1.0718460850766434,0,A,False,False,False,False,False,True
186.58278555588387,8,0,12.644416282277,1010.5408834918962,4,1.4855674100620087,0,A,False,False,True,False,False,False
111.16686258184235,21,0,3.509381482727977,354.4114128765663,1,0.776692391609155,0,A,False,False,True,False,False,False
138.93876429192397,22,0,6.305494182161811,2185.591516880806,0,0.8232584821035128,1,A,True,False,False,False,False,False
28.17900340191764,6,1,11.32041840124082,115.05321842938578,0,1.153621592883271,1,A,False,False,True,False,False,False
20.453649779575812,15,0,2.5244636504097335,2401.4599718595605,4,0.7063858811169081,0,A,False,True,False,False,False,False
54.377510100264054,8,0,14.221359292749206,2765.8274535577507,2,0.688401455594893,0,A,False,False,False,True,False,False
44.512874100922055,23,0,107.85360089227714,2258.735305672208,3,0.9190320622227012,0,A,False,False,False,False,False,True
31.693966793790583,16,0,15.856368563622361,859.7219154722926,3,1.1073924231611834,0,A,False,False,False,True,False,False
125.92228575571306,19,0,6.9880502225511405,1216.2488585649512,5,0.7362209466736706,1,A,False,False,False,False,True,False
171.80605446486115,6,0,6.046315109508849,641.9957444524078,5,1.089734633198297,1,A,False,False,False,False,False,True
60.70877575924586,10,0,40.23646547494867,1158.563344883051,2,0.5706736944313241,0,A,False,False,False,True,False,False
321.5123952176861,7,0,30.779063873401096,1814.0647839796864,2,1.0855614298197636,0,A,False,False,False,True,False,False
13.873396189975502,6,1,9.590076464429146,456.6733455823804,2,0.3879219132991009,0,A,True,False,False,False,False,False
43.27645180548669,18,1,6.540749080346232,984.9292538714029,4,1.7173113132644664,0,A,True,False,False,False,False,False
23.099551812347208,19,0,18.592149252825752,748.6271020390919,5,0.4598883351360453,0,A,False,False,False,False,True,False
5.81334455133119,11,1,5.664155869472292,2802.574831435482,3,2.1764572221050145,0,A,False,False,True,False,False,False
49.44115512171025,6,0,1.9073318426827337,516.5423247407845,2,1.2388992202195277,0,A,False,False,False,False,False,True
47.176835081176804,7,0,5.569264548967378,1809.7168176432513,4,1.343596025366564,0,A,True,False,False,False,False,False
335.6737452262972,6,0,8.545264112412243,1051.3067698547197,8,0.8034974458189058,0,A,False,False,False,False,False,True
116.39318918926648,5,0,4.423850934579279,992.8611743945636,3,1.3117022761960195,0,A,False,False,False,False,True,False
15.97421421772442,8,0,3.6657706987270626,1853.5602294498888,2,1.0985299807831608,0,A,True,False,False,False,False,False
505.1781198196216,12,1,0.09238636477839862,806.5855193063934,2,0.5623678706465703,0,A,True,False,False,False,False,False
236.3326708367225,6,0,14.947989885398005,1191.0806830722333,3,1.4697830286268507,1,A,False,False,True,False,False,False
109.78426844361685,7,0,14.296224740926307,2667.4630187905955,4,0.6592825995297559,0,A,False,False,False,False,False,True
41.60494712123558,21,1,3.1242903045287562,588.9983689303684,5,3.221911459498636,0,A,False,False,False,False,False,True
17.26485471718786,16,1,43.14261469312317,1362.0970229875877,1,0.6759055020710596,1,A,False,False,False,False,False,True
34.93020294025668,16,0,7.903585820239815,2219.5919866872587,1,0.4453647692082132,0,A,False,False,True,False,False,False
201.64290654673283,15,0,0.38714483499693786,1593.2806032106346,2,2.332140384930761,0,A,True,False,False,False,False,False
524.0062266244506,21,0,3.7225348242007565,3056.2588386051348,3,1.4763438927956973,0,A,False,False,False,False,True,False
347.8920511911498,1,0,17.668119371881904,996.3776310634984,5,1.2554358708114683,1,A,False,False,False,False,False,True
30.3677349319113,7,0,3.3775571648315843,1876.4643318379676,3,0.7585119699898241,0,A,False,False,False,True,False,False
14.245756602003906,16,0,0.8313026403849808,2649.6202113120007,4,1.0327611494843372,0,A,False,False,True,False,False,False
64.65487421677007,12,0,14.423488680080501,283.3636329843616,4,0.9242616935494593,0,A,False,True,False,False,False,False
6.5395788104581,17,0,10.95821274063606,792.0119894640115,0,1.5627100738366841,0,A,False,False,False,False,True,False
80.46330620956412,23,0,21.48606946544038,1485.1251402330909,0,0.7435076182180055,0,A,False,False,False,True,False,False
45.73559580896799,21,0,22.217741092337597,2290.3915382632904,5,0.7778956841284739,0,A,False,False,False,False,False,True
31.210550595304543,9,0,48.258877172579794,1332.5273220339677,4,1.4348179978827094,0,A,False,True,False,False,False,False
8.055509918992504,1,0,0.8806140149291233,3352.007536797259,4,1.943292811453221,1,A,False,False,False,False,True,False
101.12123341721689,1,0,0.5965479077708441,715.2720264568676,5,0.8238829589447442,0,A,False,False,True,False,False,False
28.81104995087177,13,0,65.37119267710378,408.3391249942181,1,1.3812115603813404,0,A,False,True,False,False,False,False
13.411328994893552,15,0,15.528136016440746,2070.9229112978046,4,1.6816056025550086,0,A,True,False,False,False,False,False
1.7389567145504106,6,0,18.84850625718271,1001.8475196697867,3,0.6318070656317497,1,A,False,True,False,False,False,False
52.824870601999145,20,0,1.52188902701055,561.027995638966,4,0.8702683741267206,0,A,False,False,False,True,False,False
457.9233976121417,20,0,1.0855395813702151,4301.565154469345,3,0.4242892183297193,0,A,False,False,False,False,True,False
400.819442352413,23,0,2.6198299540139893,1993.2195105849976,4,2.801929012956707,0,A,False,False,False,True,False,False
31.547189118319164,11,0,8.358164800271574,1846.262582603412,6,1.1305029245734504,0,A,False,False,False,True,False,False
26.505321590458067,22,1,1.750976909687801,3923.036320596454,2,1.5771639564508921,1,A,False,False,False,False,False,True
95.82552665789053,13,0,8.867897899960656,804.5880226597166,3,0.8204784888239669,0,A,False,False,True,False,False,False
16.476538714696925,3,0,12.367160214090255,3397.3771570054864,6,0.7805098570020892,1,A,False,True,False,False,False,False
78.42559020576229,3,0,0.004995349968335958,1532.7345051840714,6,0.9485942172969595,1,A,False,False,False,False,True,False
136.9062430242785,17,0,1.8197340370623674,684.2220685007724,3,0.9158107543295408,0,A,True,False,False,False,False,False
238.01170869554954,2,0,7.054739772784128,1090.5159366346218,6,3.2645075750863235,1,A,False,False,True,False,False,False
48.415262659861106,0,0,0.8220674458946294,1273.1731156161181,7,1.2197231757443232,1,A,False,False,True,False,False,False
42.759504569722985,16,0,2.1498991134077112,2670.9058897971577,1,1.4029190485843275,0,A,False,False,False,False,True,False
19.03769375839475,6,0,3.9555069656677433,372.4083476689041,1,1.010762804709076,0,A,False,False,True,False,False,False
20.24167453930094,15,0,8.42129833711751,270.7579006401501,3,1.0407520304477267,0,A,False,False,False,False,False,True
41.60520708381843,4,0,18.820425397447156,584.0290489433811,6,1.4050962705868293,0,A,False,False,True,False,False,False
84.84606445122826,18,1,2.135358161586421,1038.789625806505,5,0.9826175322067405,1,A,False,False,False,False,False,True
163.4164011264921,6,1,20.088789978564265,1942.140937434596,3,2.015750152706311,0,A,False,True,False,False,False,False
20.8256470663489,13,0,28.97160674894283,760.3151967553229,1,0.6623462003763269,0,A,False,True,False,False,False,False
327.41428078387776,1,1,15.810841852184371,1531.0602185069044,2,1.836930779413261,0,A,False,False,False,True,False,False
39.434918444519944,2,0,0.6706571642743889,3954.1081106817846,2,1.793858567052045,0,A,False,False,False,False,False,True
53.21600765093721,16,0,8.714797127410703,281.627347772963,4,2.834362341254293,0,A,True,False,False,False,False,False
22.272349692535297,15,0,16.18505704001403,983.5500733033922,3,0.41792824587239924,0,A,False,True,False,False,False,False
2.9769869180155433,7,0,57.604701637489335,7597.4883362311075,1,1.715633434967035,0,A,False,False,True,False,False,False
157.72523112665993,17,0,45.48855449104128,621.0580672556154,4,0.7175591808360179,0,A,False,False,False,False,True,False
132.18635093479006,14,0,7.555346034272778,570.4872870843315,1,1.5646679620486545,0,A,False,False,False,False,True,False
38.95499211844298,6,0,14.353998646330215,1663.7833341387745,1,1.5590986345782292,0,A,False,False,False,False,False,True
59.16847366925692,8,0,33.2206940609276,717.7996344143965,3,0.6520388759476554,0,A,True,False,False,False,False,False
101.40547271458672,5,0,26.671953819337467,2593.1480861644745,7,1.4289606366564989,0,A,False,False,False,True,False,False
8.372436754791885,17,0,9.792228413803768,7943.171633162442,5,0.8446577760750399,0,A,False,False,True,False,False,False
28.937455301377707,17,0,4.5417596324551175,1164.1966349946194,3,0.7077506063049886,0,A,False,False,False,False,False,True
141.6157799741775,23,0,2.211846117209366,9800.22255987807,2,0.3905583340921233,1,A,False,False,False,False,True,False
12.119948024166927,13,0,10.040878426361308,763.2998426341994,3,2.0245294926576562,0,A,False,False,False,False,False,True
77.6545014237286,13,0,19.247722812430286,959.0041363632387,4,0.955375509892919,0,A,False,False,True,False,False,False
10.719900077300947,13,0,52.483664752643016,508.8328728708937,1,0.5914242326761695,0,A,True,False,False,False,False,False
95.5563359618148,3,0,29.68741834687975,765.0195854013132,4,1.171709170694028,1,A,True,False,False,False,False,False
52.312231794150904,3,0,3.426882698417101,905.9986525575658,3,1.0545340155307252,1,A,False,True,False,False,False,False
7.860433997733437,14,1,19.082603780908233,1527.1972344811923,4,0.6311620380020108,1,A,False,False,True,False,False,False
220.89494474423304,14,0,5.118379047154346,404.69898699140384,4,0.6372441593365558,0,A,False,True,False,False,False,False
22.61221185348289,17,0,17.255181775188717,724.8513909896841,4,1.739877939787573,0,A,False,True,False,False,False,False
20.649623268464754,13,0,16.4404800278325,739.7018410494873,4,1.1115732011578499,0,A,False,True,False,False,False,False
69.45527614166731,0,0,4.770688399774454,2241.355089876408,3,0.7235859277503989,0,A,False,False,False,False,False,True
216.66769477256437,9,0,4.006208626182617,1203.8929161571023,2,0.8265011708463263,0,A,False,False,False,False,True,False
16.135370975699114,19,0,1.646181105348743,1204.0658433165033,3,0.8330672710855695,0,A,True,False,False,False,False,False
58.79258960387828,9,0,0.7779224178658636,1172.1619987598945,3,0.4322982289763063,0,A,False,False,False,False,False,True
91.33917727142784,9,0,29.326646218403134,271.59387210256756,2,1.6014938673469712,0,A,False,False,False,False,True,False
125.42735278754597,23,0,0.7670216248395036,3967.236157135544,1,0.8331113432113313,0,A,True,False,False,False,False,False
67.47315845887525,1,0,1.3939245285997992,523.2447196939286,3,0.9258074857705848,1,A,False,False,True,False,False,False
35.147960474915834,7,0,4.09391258325318,2235.1434660548734,6,1.3243514094346849,0,A,True,False,False,False,False,False
20.22443921457663,0,1,32.79315619070714,915.8588963388424,2,1.8632387485189708,0,A,True,False,False,False,False,False
60.544138417439484,0,1,6.073137336065736,672.3903072027477,3,1.1060044393781145,1,A,True,False,False,False,False,False
15.080962482118865,3,0,3.1941776815681884,2527.441517754753,4,0.5797381271893998,0,A,False,False,False,True,False,False
1.6394804941711885,6,0,18.858256631241026,422.0212799627745,2,0.8830066252446183,0,A,False,False,True,False,False,False
92.19185305409752,8,1,5.7644311220362265,451.57503159329934,0,0.9662742028288602,0,A,False,False,False,False,False,True
161.53499545351352,15,0,6.082725997055355,1243.867734944687,3,0.40037597649080886,0,A,False,False,False,False,False,True
3.204259688775859,4,0,20.147178074190677,1273.8484911232695,1,1.2687490102771453,0,A,False,False,False,False,True,False
16.253741921314212,1,0,4.348323876536918,2112.443585844839,3,1.3894361428871251,1,A,False,False,False,False,False,True
114.77631109045679,22,1,34.060490493248125,1945.4470019561727,2,1.0474120356665682,1,A,False,True,False,False,False,False
644.8350603164017,10,1,12.363253044909754,1037.4445871646162,4,0.6584191703972391,1,A,True,False,False,False,False,False
55.97764693705141,17,0,11.577392890439281,1192.2209698837144,5,1.111939379323729,0,A,False,False,False,False,False,True
22.791700818888042,18,0,4.6132161213763565,976.3156265710725,4,1.6692330974022396,0,A,False,False,False,False,True,False
43.83901922400047,12,0,27.03572590441329,3409.3391549890553,5,0.8971322060014035,0,A,False,False,False,False,True,False
284.24930937202384,23,0,12.755773586689031,499.8750422697965,4,1.4895547317087072,0,A,False,True,False,False,False,False
25.14962497869203,10,0,2.535452067610246,1124.7506453385142,3,1.2412861047177366,0,A,False,False,False,False,True,False
20.925522621880358,19,0,3.4657125293080835,2029.652137103176,0,0.3880328551159486,0,A,False,False,False,True,False,False
30.591058897868418,18,0,9.47389405486602,2665.044477162529,2,0.7727061994089657,0,A,True,False,False,False,False,False
17.391918948437212,16,0,22.687514648844875,642.7872587454449,5,1.2987277441107687,1,A,True,False,False,False,False,False
63.2569105403093,4,1,42.02600578976996,504.50571070885724,6,1.0688126598600178,0,A,True,False,False,False,False,False
383.6052964609114,12,0,16.33729589555099,406.19981155705693,2,1.6000833272832606,0,A,False,False,True,False,False,False
80.45476714973847,19,0,10.582646740637497,833.5018846033536,4,1.1255596904302576,0,A,False,False,False,False,False,True
40.33323413442154,0,0,4.3298777855497965,1343.9178817696115,3,1.384054505971996,1,A,False,False,False,True,False,False
38.46799040035456,9,0,16.76087098396787,751.6386088749634,3,0.8459375674778301,0,A,False,False,False,False,False,True
8.365959479745275,7,0,60.46189191788101,1918.6200196502452,3,1.1819387149853795,0,A,False,False,False,True,False,False
157.54824559178277,23,1,9.700323846853717,1040.6016343375038,3,0.5998279938011352,0,A,False,False,False,False,False,True
49.72935305957595,7,0,2.6535974907782083,1785.7651356455833,5,1.5447107179694048,0,A,False,True,False,False,False,False
43.96632955952578,18,0,1.6361876773976995,1233.662416780176,1,1.145458106285635,0,A,False,False,False,False,True,False
2519.2816526940255,5,0,4.7053850347174055,284.802107048404,4,0.5445610889052875,0,A,False,False,False,False,True,False
78.1401094282624,11,0,12.640099219586892,437.08270531897983,1,0.8920378397051014,0,A,False,True,False,False,False,False
22.15029334313357,6,0,44.0069479825986,2767.474688985969,3,3.4941005740472875,0,A,False,False,False,True,False,False
32.73257909600762,15,0,5.332243743095722,518.2425768651215,1,0.9086249597016968,0,A,False,False,True,False,False,False
216.61787380466356,8,0,5.466096425627619,2167.985376196838,2,0.8570348288215295,0,A,False,False,False,True,False,False
62.54738895056001,20,0,9.84296429606246,1213.1739457464607,1,0.683971173657079,0,A,False,False,False,False,True,False
9.718841518397518,21,1,37.61507764148293,498.87786735307753,3,0.5831070982427794,1,A,False,False,True,False,False,False
164.52700510275295,9,0,8.146489170954645,1997.6285253322933,2,0.6135000989410618,0,A,False,False,False,False,False,True
24.489074941741325,9,1,3.789152997344869,748.3423224675284,1,2.7427988741535794,1,A,False,False,True,False,False,False
516.9557761360563,9,0,2.67131445751592,1237.996688065979,2,1.2003814003069702,0,A,False,False,False,True,False,False
199.54857269635832,19,0,9.160113957269834,927.1509966664385,2,0.493200717114599,0,A,False,True,False,False,False,False
31.919392013672564,15,0,24.192462608416918,126.04546592000648,6,1.0098028065080817,0,A,False,False,False,False,False,True
253.97088490296056,0,0,5.165953811444352,1879.9544724651812,4,1.6727917552960516,1,A,False,False,False,True,False,False
59.22990774010755,16,0,10.777671436050785,2025.8509660951047,1,1.2366538180817204,0,A,False,False,False,False,False,True
151.91610233618897,20,0,13.857597537726638,738.5908591317354,1,0.5027591538368904,0,A,False,False,True,False,False,False
97.6782955917561,13,0,8.980389909774132,1833.3279250177923,2,1.3830700607454354,0,A,False,False,False,False,True,False
19.774080490942897,18,0,3.1921489389709143,545.9883352220155,5,1.0152406401149872,0,A,False,False,False,True,False,False
25.222594532055258,20,0,38.21686825541794,554.9682924129653,1,1.113028927241636,0,A,False,True,False,False,False,False
187.90809390631128,20,0,12.501637592969729,1328.3453908833353,3,2.523497977642439,0,A,False,False,True,False,False,False
36.534959673747665,16,0,19.591986940401473,628.3423993541101,6,0.9899980287573134,0,A,False,False,False,True,False,False
33.636838291511765,13,0,15.160793476991824,988.9633689110555,3,0.70462369772482,0,A,False,True,False,False,False,False
17.354518500309773,7,0,93.58367882973484,517.3862427176695,7,0.4210970461305299,1,A,False,False,False,True,False,False
90.7690963141377,20,0,9.14064442149133,392.4212716220845,1,0.7069129879143096,0,A,False,False,True,False,False,False
648.7386266115204,20,0,8.300057893539305,1294.8735054693382,7,0.6863935447487544,0,A,False,False,False,True,False,False
15.164550542664982,8,0,6.697585009163507,1304.5792847695102,6,0.38550749754549135,0,A,False,False,False,False,False,True
56.20823902411983,7,0,6.732522195109452,1113.6123006068228,2,1.3989964469092702,0,A,False,False,True,False,False,False
297.2770899025815,12,1,4.839698226620934,869.1411635189921,2,1.2870386505593405,0,A,False,False,False,True,False,False
49.62180383100902,16,0,59.16054393642058,624.6093851591987,1,0.9883065598373808,0,A,False,False,False,False,True,False
93.9578385416762,18,0,30.693819658648312,461.76365184423366,2,0.6075973302554503,0,A,False,False,False,True,False,False
15.258363305784215,6,0,5.711726566619349,447.5021412410638,2,1.1328977986293498,0,A,False,False,False,False,False,True
91.28336017862979,16,0,5.462595725724519,676.4775946912011,2,1.3692285292503557,0,A,False,True,False,False,False,False
43.61612327994419,0,0,1.6394234643913532,2482.511217771629,0,2.419325924869508,1,A,False,True,False,False,False,False
178.19456137963465,4,0,31.437327803117444,1319.2270642617575,3,1.1901678177118735,1,A,False,True,False,False,False,False
226.98030733219673,5,1,6.972639770329893,1462.9355769105218,3,1.2591913644107713,1,A,False,False,False,False,True,False
1221.0621459779884,1,1,12.751064252814437,401.59014637730115,3,1.0877671248269327,1,A,False,False,False,False,False,True
109.46006809952233,15,0,34.595543006616786,1272.2878857887724,4,0.9076803441914051,0,A,False,False,True,False,False,False
80.71751417331114,21,0,7.866280093001097,1436.053309608733,4,1.478452132003451,0,A,False,True,False,False,False,False
68.94169600029493,4,0,24.665724163010594,3899.841745152358,5,0.9741952726888501,0,A,False,False,False,False,False,True
35.737496103853076,4,0,8.439302136412103,1080.2785518677636,2,0.9294894310931441,1,A,False,False,False,True,False,False
81.95584381406529,11,0,18.10671295093335,800.28586240039,2,0.8333495266994964,0,A,False,False,False,False,True,False
38.3026202556904,2,1,8.462984810294902,594.0028854642376,2,0.8632893213674379,1,A,False,False,False,False,False,True
66.83007284477699,15,0,7.482446305610133,1150.3200704876772,3,1.1835126870603343,0,A,False,False,False,False,False,True
265.3678675339907,5,0,70.18102310929318,938.3097436833385,3,1.3652754028077059,0,A,False,False,True,False,False,False
16.316044056671462,14,1,14.214780011134701,2691.7931761928135,1,0.6983071231731601,0,A,False,False,False,False,False,True
214.40232500012604,14,0,6.8685454247044095,2256.5622049233207,1,1.1115621732532401,0,A,False,False,True,False,False,False
265.2142741101046,15,0,4.472441596045688,494.6934714313917,8,0.6392699466438792,1,A,False,False,False,False,True,False
47.38557074100401,19,0,0.6086798967660583,1077.3357544691892,4,1.3704286007300632,0,A,False,False,False,False,True,False
4.279234426108987,12,0,18.39155545162207,7769.677971302783,0,2.0866712325347465,0,A,False,False,False,True,False,False
26.32748934300048,11,0,6.981987386692079,339.46182995520974,5,1.3170570140546307,0,A,False,False,True,False,False,False
258.88746154771735,9,0,25.82685587319813,944.4367110815234,2,0.8532950014374451,0,A,False,False,True,False,False,False
53.120256042903506,13,0,6.785248711590662,2002.1947896848094,0,1.669587076080919,0,A,False,True,False,False,False,False
16.458421989559934,1,1,7.010008560235274,906.7998230693336,2,0.538948115205441,0,A,False,True,False,False,False,False
29.7928995362907,2,0,22.6561791985548,847.5795236486166,6,1.1631054833592638,0,A,False,False,False,True,False,False
149.71657875281986,8,0,10.084489929422608,753.1901257644664,3,4.111454186509018,0,A,False,False,False,False,True,False
105.22282893444148,10,0,32.428627961436256,468.20161198310046,0,0.6443724021320296,0,A,True,False,False,False,False,False
40.98808771682785,10,0,13.37893932041461,957.9152752459705,0,0.850521358790843,0,A,False,True,False,False,False,False
35.15654158656946,21,0,4.129284669966096,2491.946778555143,1,0.8960675859004146,0,A,False,False,False,False,False,True
34.12022173035713,9,1,12.599387717801415,396.44414362554517,1,0.5717351146895746,1,A,False,False,False,False,True,False
18.049315806471135,13,1,0.06014556096476963,1357.4431112165007,3,0.6870239840932223,0,A,True,False,False,False,False,False
379.34680041598045,8,0,5.618162811676925,2599.819361791293,7,1.0148594526206924,1,A,False,False,False,False,False,True
37.0851061284425,19,1,3.497005692586417,1078.6626713281664,6,2.235615683763842,1,A,False,False,True,False,False,False
235.23622569830192,20,0,15.927893799536001,782.9087092706018,3,1.2711125119641682,0,A,False,False,False,False,True,False
338.8573635361124,9,0,2.1934075200555796,1880.8293400235375,2,1.7513660662621298,0,A,False,False,False,True,False,False
180.9051892590008,21,0,5.1394135098914635,533.669458117128,3,1.5189003913046601,0,A,False,False,True,False,False,False
32.52651571136717,8,1,6.036488137081409,1536.8953147951809,3,1.1895304040267645,1,A,False,False,True,False,False,False
88.6305058707844,4,0,0.04947995215434664,959.8435168457235,4,0.40856788016594414,0,A,False,False,False,False,False,True
53.03570003339181,7,0,0.718431918015033,1152.990086889367,3,2.2410076685367453,0,A,False,False,True,False,False,False
18.459105414063995,10,0,5.590456262997258,4193.228233897293,2,1.6729783703199428,0,A,False,True,False,False,False,False
80.57844146110583,0,0,3.77230538775488,2765.425072418278,3,1.1518749780204338,0,A,False,False,False,False,True,False
13.26530858753018,20,0,1.8648669775959694,3587.561481791806,4,0.5270418025819898,0,A,False,True,False,False,False,False
227.06021943486104,9,0,2.5114053119300057,569.9989997258367,4,0.48250974707669547,0,A,False,False,False,False,False,True
31.26374886922559,0,0,27.076041348956483,484.251624378901,2,0.5494239388978629,1,A,True,False,False,False,False,False
69.50450614220303,21,0,17.24793207375059,1593.0318774699685,4,0.7088320255963864,0,A,False,False,False,False,False,True
76.70335473824504,6,0,9.92814469055781,1421.145618229012,5,1.2016463148964194,0,A,False,False,False,False,True,False
40.0173868753451,13,1,35.93280949641821,225.6154825245915,3,0.8828856910290904,1,A,False,False,True,False,False,False
110.3914363753311,4,0,0.44997410197117305,1436.702466494112,6,1.0476631559885454,0,A,False,False,False,True,False,False
30.880212668092998,16,0,6.3453107076496025,5641.188055187987,3,1.3189320765771329,0,A,False,False,False,False,False,True
155.3307566063317,21,0,26.006636927979855,5002.24792116156,6,1.9250212625488343,0,A,False,False,False,False,True,False
10.857155803999035,20,0,14.844578906872584,626.5582550616633,1,0.7299904647197959,0,A,False,False,False,True,False,False
63.53910197102026,5,1,60.002517224727995,1936.8607604776191,4,0.43439418568593996,0,A,False,False,True,False,False,False
559.3161064177215,15,0,43.374617736937076,538.4939336515554,5,0.6695482275756557,0,A,True,False,False,False,False,False
16.438109851362277,10,0,2.7939043909548156,1015.6466053717776,4,1.3516067616372807,0,A,False,False,False,False,False,True
24.208553844807206,9,0,53.62629736097714,568.9622120747815,4,1.5196286627941082,0,A,True,False,False,False,False,False
101.15858354624531,14,0,43.65289583775916,430.4311587763612,2,1.537042106178438,0,A,False,False,False,False,True,False
67.72789532977215,6,0,7.016754111549273,2223.045044257067,2,0.7065311021132906,0,A,True,False,False,False,False,False
83.15913980892307,22,0,61.01287419479709,1379.1120892001616,4,1.1773314733436973,0,A,True,False,False,False,False,False
98.20180108472404,1,0,0.547534945879449,1564.4492318455325,1,2.1391903575333444,1,A,False,False,False,False,True,False
116.9405589191762,11,0,16.21529423961911,1819.7009115339442,1,1.4554460869726804,0,A,False,False,False,False,True,False
206.77677098779682,18,1,4.641714582788438,1284.0841702612151,3,0.4154380472894753,1,A,False,False,False,False,False,True
89.28043655180612,11,0,2.079676909948897,478.13814249992265,4,0.9755604721333153,0,A,True,False,False,False,False,False
40.873863087510095,15,0,12.924727472859521,1297.6535890930545,4,0.8454924790471571,0,A,False,False,False,True,False,False
122.37479693018821,5,0,5.486823191256818,921.2256479702123,1,0.47354266958375096,1,A,False,False,False,False,True,False
533.7130430051626,2,0,16.486326501607433,940.9382680404124,2,2.083475166767133,1,A,False,False,True,False,False,False
46.56454917695523,1,0,11.647313989375748,515.4726509794223,5,0.5004571800215148,0,A,True,False,False,False,False,False
16.95503490728882,19,0,7.4782541487957666,328.66396697617677,1,0.949843550685693,0,A,False,False,False,False,True,False
206.12789035955623,4,0,3.0101333895494897,696.6002394366484,5,1.9233281621765514,1,A,False,False,False,True,False,False
47.25425029633047,10,0,13.79131680166852,1696.440672615683,2,0.6449504458701741,0,A,False,False,False,False,False,True
4.02609347500406,2,0,26.511620147869117,1037.4046710583298,3,0.983851699423183,1,A,True,False,False,False,False,False
150.9435630900024,2,0,13.744528548146361,4566.6588312788845,1,1.2776094196997565,0,A,False,False,False,False,True,False
28.72035706865339,21,1,14.144239873624892,1040.6292485949407,6,0.6701820321679681,1,A,False,False,False,False,True,False
48.97745358183914,4,0,10.756599876932464,1281.6837191787902,2,0.7500234998383152,0,A,False,False,True,False,False,False
81.31873206215661,21,0,7.371231330514375,1111.311956911361,3,1.1625763586402045,0,A,False,False,True,False,False,False
68.62106899158654,22,0,9.172347809209999,468.66224617695,3,1.3753590736571981,0,A,True,False,False,False,False,False
127.91195562525355,10,0,68.40547228751777,1077.9660532423873,1,1.4818811648273638,0,A,False,False,False,False,True,False
32.3759659321331,2,1,20.774538718372703,466.5315282864521,1,0.6165266101233484,1,A,True,False,False,False,False,False
101.06126911414677,12,0,8.446513738648896,1038.1643983583726,2,0.44390404985606374,0,A,False,False,False,False,True,False
39.986583561927894,20,0,9.167879465277101,268.28549639990445,4,1.532107392367737,0,A,False,False,True,False,False,False
132.4986659488472,7,1,10.38617200144812,1037.3551622986683,3,1.8648187114811006,0,A,False,False,False,True,False,False
114.25593556065218,19,0,16.151919263708592,1234.5209701146384,3,3.6600323486021686,0,A,False,True,False,False,False,False
17.769323249188258,9,0,9.409218450012979,1307.7918148616163,2,4.779668047714907,0,A,False,True,False,False,False,False
200.97460150636394,1,1,17.383993450897485,348.05747522007727,1,2.412015902930295,0,A,False,False,False,False,True,False
28.698471567600325,3,0,5.9889910780424875,1610.9427144459332,4,0.5961309822678205,1,A,False,False,True,False,False,False
143.97927389574832,17,0,7.930761783562208,1857.9230345869612,1,0.9085165495379111,0,A,False,False,False,False,False,True
84.83810354051059,18,0,29.93236638572189,509.51862487689414,2,1.3804696554310705,0,A,False,False,False,False,False,True
495.6254062962115,3,0,5.982683218090924,2412.1924427285503,5,1.2606063374247551,1,A,False,True,False,False,False,False
41.75590260874176,19,0,50.04663006879682,1275.3234485647458,4,0.919355170807853,0,A,False,False,False,True,False,False
35.902963637306286,8,0,2.8402822496739994,1045.056522330796,5,1.9386026279567248,0,A,False,True,False,False,False,False
53.340530958649296,15,0,4.149743637143982,1727.2568286105686,4,0.7797055516228936,0,A,False,False,False,False,True,False
37.94676515681314,5,0,9.345357245948,4012.485181242722,2,1.1186854912115007,0,A,False,False,False,True,False,False
142.58385493638266,3,0,23.948471376858734,979.8200074382698,3,1.0390521218840298,0,A,False,False,False,False,False,True
7.849322873147504,8,0,19.72778269555542,738.6333942320374,4,1.271171871963612,0,A,False,False,True,False,False,False
15.418700594223287,12,1,2.8758727597168434,5793.619414163928,1,1.3161815184126198,0,A,False,False,True,False,False,False
15.15963789090837,8,0,4.051267843161784,954.9610642221563,3,0.6505770875029109,0,A,False,False,False,False,True,False
170.77879291224048,5,0,12.844276490381294,1470.448245474556,2,0.24644432752864748,1,A,False,True,False,False,False,False
425.2750121639981,20,0,5.246867771285216,954.6329679001796,0,0.7932575492533048,0,A,False,False,False,False,True,False
48.166364126553454,18,0,8.231166208304343,303.1882837653198,1,1.1329812215953818,0,A,False,False,True,False,False,False
44.585733544543004,13,0,10.000329984434776,857.4655221806298,3,1.2813707935842242,0,A,False,False,False,False,False,True
59.38624273377641,20,0,13.530123413028491,2667.617529232959,3,0.7357173860221634,0,A,False,False,True,False,False,False
220.13785486383463,14,0,4.3362723264561875,573.7234519059052,3,1.1563975348385696,0,A,False,False,False,True,False,False
17.942572463609977,2,0,2.6714798709163756,3148.359782877741,2,1.1431887277530097,1,A,True,False,False,False,False,False
72.67829463859174,4,0,7.6265119798016965,2020.1251512273852,9,0.7174721554939844,1,A,False,False,True,False,False,False
175.95656164470154,20,0,1.2837968422579493,491.06724436927556,4,0.9216394871551323,0,A,False,False,True,False,False,False
99.61502473112299,17,1,11.222453199764239,418.41352843725326,2,0.5490130593872226,1,A,True,False,False,False,False,False
68.54551244643496,13,0,27.451751233103913,409.2164261866114,2,0.3755148482558601,0,A,False,False,False,True,False,False
181.4999378136936,15,1,1.9000503763185992,790.8160375607802,6,1.8421815806412054,0,A,False,True,False,False,False,False
2.1299984422880787,13,1,1.7940981883013707,458.6653777677719,5,1.1048545639771665,0,A,False,False,True,False,False,False
123.15582006743105,8,1,1.2542756229778016,2909.8345511594803,4,0.8436782261809753,1,A,False,False,False,False,True,False
24.906011007162675,14,1,28.244439103745897,425.45295946550624,3,1.208979565048846,0,A,False,False,True,False,False,False
6.069283288830054,6,0,1.2622213912805946,537.3409380927159,3,1.2620948499792186,0,A,False,False,False,False,True,False
100.8307248719815,13,0,61.53144982899275,3696.268378143789,1,2.741628211284061,0,A,False,False,False,True,False,False
283.83419697162054,5,0,6.655247142351994,888.2504342065293,3,1.9546273935459841,0,A,False,False,True,False,False,False
46.296287877535576,20,0,5.979476212527942,1536.365340159651,3,1.1914508873088037,0,A,False,False,False,True,False,False
171.30566178355846,14,1,1.4415813484999662,1590.1950895342209,4,2.9219438996300724,1,A,False,False,False,True,False,False
377.9394167349008,19,0,13.215345664950119,342.5620861645303,3,0.9553909500496784,0,A,False,True,False,False,False,False
264.51483701528434,7,0,13.22407251595988,2084.3717249092365,6,1.8343410624886438,0,A,False,False,True,False,False,False
390.7068112046118,1,0,10.212524141563868,1791.1708976365362,4,0.7667870900651428,0,A,False,False,False,False,True,False
133.0271162854642,7,0,5.588148744573353,1848.274512172874,4,1.0273396856969264,0,A,False,False,False,False,True,False
59.77098644300041,0,0,6.896781560167141,637.1843713447033,5,1.3985285205807128,0,A,False,False,True,False,False,False
7.985608832000147,16,0,5.7960455965862145,1379.6164792063555,1,1.1146271795712495,0,A,True,False,False,False,False,False
40.638870669668236,18,0,8.33071472832572,954.9401747099719,5,1.1567171125956877,1,A,False,True,False,False,False,False
19.84801665706528,4,0,6.273425570290802,1181.46459519185,1,1.1334527373071317,1,A,False,True,False,False,False,False
738.8768485588319,21,0,16.882846774040534,588.8813606648652,5,1.9187489342327437,1,A,False,True,False,False,False,False
44.20938182663688,19,0,5.260104937308875,941.8108001269136,3,1.050059172444177,0,A,False,False,False,False,True,False
63.29749583768019,15,0,6.481100028596582,2395.9171638152643,0,0.7431821366450914,0,A,False,False,False,True,False,False
105.82454123285392,6,1,8.576157519843951,234.9147244744691,2,0.9746249480519285,0,A,True,False,False,False,False,False
57.530942623640634,6,0,0.05954554689859356,818.3051997330306,2,1.908736204431458,0,A,False,True,False,False,False,False
417.4067844220618,17,0,10.16154588442323,1828.0537817031122,1,1.5346312280142904,0,A,False,False,False,False,True,False
25.863191128864866,17,0,4.4320811019785396,459.3044421150658,1,0.9480417761908854,0,A,False,False,False,False,True,False
68.9601599825069,1,0,0.8668275720318195,1510.630728208808,3,0.6782542533756318,1,A,False,False,False,True,False,False
22.39942518532559,14,0,36.290373747804935,1595.9562614657439,4,0.7591034587533037,0,A,False,False,True,False,False,False
11.2006631518538,13,0,5.838386751589752,970.1754577100922,1,0.9928406879880353,0,A,False,False,True,False,False,False
26.203083401265086,17,1,8.329116550199664,1395.4862912582764,2,0.9593959230126173,1,A,False,True,False,False,False,False
52.22471464856426,8,0,26.346738428738227,4035.6195291400763,1,0.6944337401944329,0,A,False,True,False,False,False,False
32.617120870132425,13,0,2.737024987041613,640.4114594634768,2,1.6084769735258189,0,A,True,False,False,False,False,False
23.785944146882123,4,1,28.487712562903965,361.3079916356126,4,0.7527926148371624,0,A,False,False,False,True,False,False
10.098824627836898,10,0,4.14891549472616,780.875755934232,0,0.6365447833813085,0,A,False,True,False,False,False,False
49.41595327482055,7,0,13.338813936708567,494.92214589541,3,0.9060664986111555,0,A,False,False,False,True,False,False
8.974036287420583,4,0,17.36007825436052,1492.218919782261,4,1.2621546520490365,0,A,False,False,False,False,True,False
135.92009229838933,10,1,35.31037795148593,761.7307623555861,2,0.6318107109329038,1,A,False,True,False,False,False,False
60.27561959728458,4,1,14.033555735866043,1790.928647556986,4,1.0254364406921341,1,A,False,False,False,False,True,False
9.496641413167817,16,1,9.055955019852675,1384.2967926963765,3,0.8050333579213047,1,A,False,False,False,False,False,True
37.67320531981191,21,0,12.738924141174223,633.8637022495383,1,0.8492075258201015,0,A,False,False,False,True,False,False
22.140584193986562,3,0,3.3862503545866907,524.2265347395411,1,0.9952741762124978,0,A,False,False,False,False,False,True
80.07866087308057,14,0,17.523021178963774,359.8025865135312,2,1.3445167963723306,0,A,False,True,False,False,False,False
272.7458843739068,18,0,3.103161818286114,2543.050733309948,2,1.004820402048856,0,A,False,False,False,False,True,False
5.75341180610141,21,1,12.221169134212973,1668.3025991124528,3,3.7051301940572574,1,A,False,True,False,False,False,False
62.679302844892625,1,1,15.644981621397156,789.4659820386688,2,1.4119357242872623,0,A,False,False,False,False,False,True
45.05304824314193,23,0,34.327744918346866,1781.1332044832461,3,1.2259242719313226,0,A,False,True,False,False,False,False
122.19377345801244,16,0,8.972732977059207,453.27915709560705,7,0.8593460436129716,0,A,True,False,False,False,False,False
70.51574046364098,11,0,22.397054724237798,544.6339733194056,5,0.7766820651228721,0,A,False,False,True,False,False,False
22.145555061155815,23,0,2.7503802057882156,502.8008545994106,2,1.657339072096092,1,A,False,False,False,False,False,True
37.230759101952316,16,0,2.547534092930964,1368.2435234268146,3,0.4524309338950527,0,A,False,True,False,False,False,False
21.00517785459286,9,0,11.160229965902037,676.0634602508347,6,1.754353355879865,1,A,False,False,False,False,True,False
198.58328150459454,17,0,13.60776352416022,342.6616096866561,5,1.7883525258094195,0,A,False,True,False,False,False,False
56.01244949321933,18,0,15.008992674379316,1179.7535662194828,5,0.9424787399698256,0,A,False,False,False,False,True,False
534.551898427815,17,0,20.53707803353709,1734.4067596247828,2,1.7815799402445998,0,A,False,False,True,False,False,False
50.7649940437058,12,1,5.241904506165482,983.6248617421248,1,0.8663903525603981,1,A,False,True,False,False,False,False
23.334008290706528,13,0,14.61705160373016,2729.2965453860847,4,0.9548037808184071,0,A,False,False,True,False,False,False
8.87770190354034,23,1,3.126394268123521,2084.395365520223,1,1.2896638124937156,0,A,False,False,False,False,False,True
6.272859984302448,15,0,3.7076579369688214,2683.6760941991292,6,0.8309004784658752,0,A,False,False,False,False,True,False
8.15830860256585,17,0,1.045218045285839,2052.927390235057,1,1.4287301207231902,0,A,True,False,False,False,False,False
75.23014245879624,17,0,20.61552160516763,1324.3699671017232,1,0.792727677188136,0,A,False,False,False,False,False,True
100.53139108933678,15,0,10.608477692824989,405.41702857657083,3,1.1476824941678705,0,A,False,False,False,False,True,False
8.18719343790247,16,0,4.080786916995787,831.3868718022125,2,3.7397325030586006,0,A,False,False,True,False,False,False
159.8196475885019,6,0,12.18699417272012,727.8301933031585,4,1.2716594039945035,0,A,False,False,False,True,False,False
30.57940484189814,11,0,6.559915032808735,538.7228394327848,4,1.7217652333835767,0,A,False,True,False,False,False,False
65.1147836208048,1,0,27.229405519189502,692.3917701163605,3,1.5779703962402503,0,A,False,False,True,False,False,False
377.9132809813169,9,0,11.26634473885861,339.82860243707995,2,0.3711547471706082,0,A,False,False,False,False,True,False
160.1654236654635,4,0,0.4539614316265716,2224.2042645922866,2,0.9543677529523232,1,A,False,False,False,False,True,False
39.55781301585929,20,0,63.09116644533213,470.0644183310242,6,1.9844709020710194,0,A,False,False,False,False,True,False
18.73829572493723,2,0,1.158052377295937,2101.95165497904,3,0.5530152375486518,1,A,False,False,False,False,True,False
4.128117609326513,18,0,17.85885075780399,3169.7037348482145,8,0.9170244276062666,1,A,False,True,False,False,False,False
23.035028068653304,12,0,8.623952631631916,594.1177131748943,0,2.902158391349383,0,A,False,False,False,False,False,True
42.37860828766473,11,1,4.30159341859101,703.7313986330446,1,0.5688323770008111,1,A,True,False,False,False,False,False
16.699596666401707,2,0,16.92640602239108,1634.0799861075652,5,1.7781303895913882,0,A,False,False,False,True,False,False
46.641543690473924,5,1,2.0183619892375515,773.4099000282085,4,0.6496730685817985,1,A,False,True,False,False,False,False
59.872796869222775,13,0,29.305005679999294,578.3385327692764,5,1.3287106609612305,0,A,False,False,False,False,True,False
41.686311846246554,3,0,4.327475801447631,1560.507274923681,3,1.4416601637078525,1,A,False,True,False,False,False,False
25.02804266966618,12,0,6.72841540892186,606.3762795517864,2,1.4978206295032093,0,A,False,False,True,False,False,False
66.84560828725344,18,0,15.021343257241869,6064.442366259299,9,0.6254923236993796,0,A,True,False,False,False,False,False
92.78906320785696,17,0,0.015447685116461794,1718.7793771835804,3,1.799202107518043,0,A,False,False,False,False,True,False
14.754101428292563,2,0,9.60116747445371,1873.2799990663593,4,0.7025976258603561,0,A,False,False,False,True,False,False
296.8179107590039,19,0,33.70000893812999,1020.6232770140646,4,0.4572764848928165,0,A,False,False,False,False,True,False
48.50632691344205,5,0,17.111010096644,4867.739166605707,6,0.6134413765997072,0,A,True,False,False,False,False,False
55.84720879948909,15,0,7.362903109992443,605.4021202640631,5,0.65911940130221,1,A,False,False,False,True,False,False
127.72216360295342,19,0,16.200881388623742,2015.3162225935077,5,1.4598872667584948,1,A,True,False,False,False,False,False
72.2302806468477,23,0,41.367139151135945,375.9442763296662,6,1.6636162830540535,0,A,False,False,False,True,False,False
171.3595465814325,2,1,3.120228149498454,6869.834867662383,2,1.0766190686301644,1,A,False,False,False,False,False,True
77.05727667406707,11,0,11.383152444970225,2113.1202572869165,2,0.6192743038688817,0,A,False,False,False,False,False,True
26.182078511389047,18,1,4.0130470932498365,517.0299385266927,3,0.7680547288645619,1,A,False,True,False,False,False,False
84.25131945083312,18,0,28.885326999432824,1669.9871286442906,5,0.9578583190598542,0,A,False,True,False,False,False,False
13.83952392638371,23,0,19.150854399755485,2566.2425298337494,4,0.540047823692343,1,A,False,False,False,True,False,False
62.19481567107957,3,0,24.222480537630968,536.3430671784527,3,0.5748940434317805,1,A,False,False,False,False,True,False
52.46383164981825,0,0,42.973679568695815,758.8053211080584,5,0.9974088165309453,1,A,False,False,True,False,False,False
42.532129190470485,1,0,3.9655151889035913,495.31649609611037,1,0.900339677995372,0,A,False,False,True,False,False,False
46.79399984543319,12,0,0.7491894290692528,1608.522563757896,3,0.5765696126647285,0,A,False,False,False,False,True,False
5.7075002624366755,12,1,5.156459475161448,1268.660722770906,1,1.915279800892835,1,A,False,False,False,False,True,False
28.262338144143218,1,0,7.640882490570863,1124.5392986348218,3,0.7053174192628858,1,A,False,False,False,False,False,True
61.032949944925285,18,0,14.718832424513506,575.6943616794822,2,0.5518070328390173,0,A,False,False,True,False,False,False
66.14356919875266,21,1,23.97039132122394,929.3375210938398,1,1.9036946856103014,1,A,False,False,False,True,False,False
15.907486236264923,23,0,6.457204921541872,618.5772414020137,2,1.1651129404796805,0,A,True,False,False,False,False,False
249.347974549524,15,0,9.622473363416525,1616.077744036973,9,0.8658056065869411,0,A,False,True,False,False,False,False
19.309364435368657,11,0,23.089394191983246,472.34270276779705,1,0.7045118816633362,0,A,True,False,False,False,False,False
174.74864735603435,0,0,3.8297475392435185,578.7351840397021,4,0.8313969457888746,0,A,False,False,False,False,False,True
91.16155245603497,8,0,3.6718663129537683,2105.373779220573,1,0.6924291950657777,0,A,False,False,True,False,False,False
25.14168506560708,16,1,13.345936656859665,771.3075112512645,1,0.7720092549544386,1,A,False,False,False,False,True,False
459.6075950248258,9,0,8.592026938358925,4486.056857189382,4,1.0903976484444566,0,A,False,False,True,False,False,False
13.034970730028464,17,0,44.60862331233179,1282.8688526278459,3,0.6349884696481093,0,A,False,False,False,True,False,False
164.51224552758308,18,0,6.6248708493950215,257.08427438087705,4,0.27647010798427046,0,A,False,False,False,False,False,True
181.39895585926055,6,0,21.378996236695244,380.14376864099387,3,2.3311448945667883,0,A,False,False,False,False,True,False
24.41641737081726,18,0,13.123372324618185,683.8693381619826,1,0.5451224875118003,0,A,True,False,False,False,False,False
290.31262514475674,23,0,0.8418280818430226,1986.5504974417454,3,0.4485112717215878,1,A,False,False,False,True,False,False
40.445046754905704,14,0,1.3223986028006978,1831.5509993838843,3,1.834755719402278,0,A,True,False,False,False,False,False
77.20253977549022,8,1,3.4064544901114258,744.7780579864718,2,0.7906986522354829,0,A,False,True,False,False,False,False
74.61833142087151,9,0,2.3174319887452235,2939.209275339362,3,1.1870576199761123,0,A,False,False,False,False,False,True
46.47104870675714,22,0,5.993098967356605,1426.508266564942,1,1.5222466376204005,0,A,False,False,False,True,False,False
144.45527264827052,19,0,12.976441767783612,849.5391124213987,7,1.5910446598072194,0,A,False,False,False,True,False,False
141.48397568989293,19,0,13.833219013636283,2803.0998235369766,2,1.2906257073434755,0,A,True,False,False,False,False,False
6.697682909063017,3,1,13.29252690248362,574.830175833734,4,0.7147397138494949,0,A,False,False,False,False,True,False
261.1795995229633,5,0,1.876793947296127,1709.7374118517293,2,0.5234472282312952,0,A,False,True,False,False,False,False
7.4261652942203,3,0,13.75281626799746,1855.1837386897269,2,2.4599209435502623,0,A,True,False,False,False,False,False
188.4919772944136,4,0,7.908057431285709,1798.5721965201722,5,1.0677854025820372,0,A,False,False,False,True,False,False
211.0396782115384,8,0,35.00381083011327,968.292073115474,4,1.2622210470990434,0,A,False,False,False,False,False,True
14.744059910511515,11,0,36.45358336414406,2201.1997755364064,1,0.7845187383495413,0,A,False,False,False,True,False,False
33.348835508128,22,0,21.926511616405264,4785.1178424972495,1,1.1778576959497553,0,A,False,False,True,False,False,False
14.48559051617332,7,1,18.215759750810754,968.5160072744827,3,0.809584115457922,0,A,False,False,False,False,False,True
42.18626793293002,20,0,1.8317131296217284,1157.4857685403229,5,0.8660646462111307,1,A,False,False,False,False,False,True
37.726352628591286,4,0,1.3274561182515865,2298.693820097591,2,0.5095080473652241,1,A,False,False,False,True,False,False
139.15558708920662,10,0,27.567084814689448,886.6456229743212,5,1.2517317081623551,0,A,False,False,False,False,True,False
263.0569359746449,22,0,8.353457483114342,867.4850000835926,2,0.31454270247309707,0,A,False,False,False,False,False,True
291.43604234384395,10,0,9.00475405889216,433.509825161189,3,1.757790142825407,0,A,False,False,True,False,False,False
27.810075083212517,12,0,28.237716508234644,276.0775399249786,2,2.606262456065957,0,A,True,False,False,False,False,False
42.47576812266088,13,0,14.570352240451454,442.36952039444384,6,0.7996010241493585,1,A,False,False,False,False,True,False
7.241831683329812,7,1,2.9659248438732444,2186.778903294508,3,1.5585437783190574,1,A,False,False,False,False,True,False
20.75850246720218,17,0,3.555085875813248,481.945364117017,3,0.823944445565512,0,A,False,False,False,False,True,False
173.78553121102144,18,0,0.09596385063586972,1618.380451182254,5,0.9961341044757853,0,A,False,False,False,False,False,True
379.441102915507,11,0,18.602815477203134,3598.4827848941472,0,0.75814081905352,0,A,False,False,False,False,True,False
12.413459825885903,11,0,9.971651558608437,1245.0387647411085,1,0.8090740848949017,0,A,False,False,False,True,False,False
26.817184347200154,17,0,44.92516185939057,541.3630342910575,2,0.8090380599456627,0,A,False,False,False,False,True,False
52.89522613774541,9,0,18.777123431600312,986.5030452319448,2,0.38429616131056865,0,A,False,False,True,False,False,False
76.41609874890311,6,0,1.6330443267386991,1486.0265062467809,1,1.1784241985633637,1,A,False,True,False,False,False,False
20.66570940298942,17,0,2.6428521646078647,1492.1590743853144,2,0.39056569025582083,0,A,False,False,True,False,False,False
90.81943035032914,11,0,10.449036549819096,1204.2914474045429,0,0.82010615575364,0,A,False,False,False,False,False,True
30.919677190567512,13,1,38.828862302017754,1817.7171793253494,4,0.41071896963635723,0,A,False,False,False,False,True,False
53.65943281403878,14,0,4.260353392362937,2439.8146159618304,3,0.8296421669058098,0,A,False,False,False,False,True,False
105.16610973610777,15,0,26.19435379209037,747.0566936857464,1,1.1386240204640374,0,A,False,False,False,True,False,False
55.02054845731746,1,1,5.61543718441475,3373.7840179525315,0,1.9767498132521406,0,A,True,False,False,False,False,False
32.3410373939058,17,0,4.718548777968433,1427.514774737129,1,0.9761958428719291,0,A,False,False,False,False,True,False
47.86900584063854,11,0,34.74915725812999,184.88290138590637,1,0.8620492016244232,0,A,False,False,True,False,False,False
49.105176107731026,15,0,0.7259087154456364,943.6129062389685,1,0.5713844858284575,0,A,False,False,False,False,False,True
35.02236173331014,12,0,16.214873485239394,954.478088130876,1,0.6457567694440174,0,A,False,True,False,False,False,False
40.022617219244914,19,0,0.6619041584529725,2602.2027479683247,6,1.7965750184346763,0,A,False,False,False,False,True,False
371.8076328788987,16,0,24.198962340521057,688.8261566300973,5,1.258537065583312,1,A,False,True,False,False,False,False
107.02937585992845,17,1,26.526887573091056,1235.6221426967827,3,0.6346643479456323,0,A,False,False,False,False,True,False
38.29899357265642,2,0,33.573967245474265,352.3759698613564,3,0.3606438383346225,0,A,False,False,False,False,False,True
126.00798593920254,22,0,3.088583398195248,564.4322010215758,4,2.270896266656082,0,A,True,False,False,False,False,False
36.57688971033079,9,0,1.9943703142405313,2074.7252080505996,2,0.5380418475806209,0,A,False,False,True,False,False,False
223.1288852135217,0,0,10.503635778227409,412.78198751796344,6,0.994425755319432,1,A,False,False,False,False,False,True
85.07818273661512,5,1,4.75424576039319,2375.0220605907293,6,0.6455283501083697,1,A,False,True,False,False,False,False
48.00174801360555,2,0,13.982394908216419,2729.7598485873164,1,0.5772298331055657,0,A,False,False,False,False,True,False
93.43446775820577,18,0,10.815402179610267,2960.449040190682,2,1.096100124805961,0,A,False,True,False,False,False,False
8.289159837568887,3,0,2.3472128175970726,3775.3801987861157,4,1.5346040347616379,0,A,False,False,True,False,False,False
14.124050270824798,19,0,20.164076759673875,2038.8602505757888,2,1.389236495451217,0,A,False,False,False,False,False,True
13.030463891689966,22,0,24.428116723006962,1541.2752994604396,2,1.3487905413007812,0,A,False,True,False,False,False,False
64.81465360781645,2,0,49.47001215431444,1800.2945517407873,2,0.5993305456594665,0,A,False,True,False,False,False,False
436.60024242931917,7,0,7.551268838904219,1160.9901012671673,3,1.0880862608769708,0,A,False,False,True,False,False,False
794.3786012972481,7,0,6.181341054134345,813.3188003078888,3,1.1806620395817153,0,A,False,False,False,False,True,False
117.4087365679777,6,0,3.2027751395870494,2030.5992453699719,4,0.49289404116042057,1,A,False,True,False,False,False,False
99.58518115465228,1,0,2.992596614211704,1570.6651248482206,0,0.3521857208348773,0,A,False,False,True,False,False,False
6.288551254701324,20,0,5.808189461430701,2217.7455059082317,2,1.0259953698958995,0,A,False,False,False,False,True,False
28.468307196490482,5,1,60.10877727041426,928.0833158248718,2,0.6615457831020116,1,A,True,False,False,False,False,False
21.21396089471771,15,0,1.4519373753818443,995.7966495337738,2,0.5241695710213039,0,A,False,False,False,False,True,False
25.919170848392188,9,1,4.50373463516546,1298.7968666187044,1,0.365546347742035,1,A,True,False,False,False,False,False
44.62201814995911,3,0,1.3485160800479434,990.967746898318,6,0.7026610833890123,1,A,False,False,False,False,False,True
30.984630981672872,12,0,4.795465042512223,10651.530276329786,5,2.1980818976047733,1,A,False,False,True,False,False,False
5.077607710539133,9,0,1.4542965667500314,5154.1736983173,3,1.5384518208983808,0,A,False,False,False,False,True,False
133.95344407966488,20,0,10.64856806376492,1100.4062387059546,0,2.080866684528503,0,A,True,False,False,False,False,False
15.070035512102436,13,0,8.653296972880781,987.6186773096842,4,0.6903974653448063,0,A,True,False,False,False,False,False
72.75489848655718,8,0,2.8683215998352036,1566.8505864251938,3,1.709516181958115,0,A,False,False,False,False,False,True
657.7988619708129,10,0,2.8820859558620415,777.7850436607097,2,1.8568258064255803,0,A,False,False,False,True,False,False
18.114966772578164,22,0,14.756867475960657,767.3744730026236,3,2.102237830448965,1,A,False,False,True,False,False,False
2.6212596186169645,17,0,7.343824582912947,1134.9264673971686,2,0.8797112543852817,0,A,False,False,False,True,False,False
38.73698908014901,10,0,0.8675345240641902,814.7604257575153,3,0.7869437241282137,0,A,False,False,False,False,True,False
204.61937827279232,16,0,37.92208566116181,1270.3073314717717,5,0.9570755822796925,0,A,False,False,True,False,False,False
572.5024100218648,1,0,7.786710312644437,1474.4980832797403,6,1.0470291401247627,0,A,False,False,False,False,False,True
12.485156849108401,2,0,13.412346011138764,85.98518389938536,0,0.5196513784750425,1,A,False,False,False,False,True,False
99.0910443955758,10,0,32.496176327519315,234.83565853372588,2,0.7505668320846793,0,A,False,False,True,False,False,False
31.237754764807146,17,0,7.716456631692401,556.5935807194977,2,1.7444380459587325,0,A,False,False,True,False,False,False
48.07979251640441,2,0,25.777080798231307,1371.6024973671376,3,0.7567056472992091,0,A,False,False,False,True,False,False
1304.0264374777264,14,0,36.932898873123875,591.9588194482141,1,1.0373541974946452,0,A,False,False,False,False,True,False
8.992902057711333,10,0,2.8686313061070003,6961.015885321697,3,1.2687854401299994,0,A,False,False,False,False,False,True
74.03127164928951,10,1,33.45291441554965,2243.296149868556,7,1.8635065780850104,0,A,False,False,False,False,False,True
95.70129269175538,19,0,1.9146448224587918,5253.368046502432,2,1.352517873535991,0,A,False,False,False,False,True,False
200.92738817427085,10,1,4.8263906496896025,2253.2745601944484,4,1.5932942575859503,0,A,False,False,False,False,True,False
61.41043575608352,18,0,24.770427054968945,308.8743434150273,3,1.241566021662408,0,A,True,False,False,False,False,False
79.01681258884761,0,1,34.64181170501945,431.61556230225705,1,1.1561290159637925,1,A,False,True,False,False,False,False
34.124708764458084,4,0,17.28678548378447,728.4209103981372,6,1.5469504873392956,0,A,False,False,False,True,False,False
75.41093790108506,9,0,1.6610549714504959,421.2409478278629,0,0.31223378508977506,0,A,False,False,False,False,True,False
36.16780177859313,9,0,11.103338958742603,2604.4720752449653,2,1.4236735402041147,0,A,False,False,False,False,True,False
115.10977840198575,13,0,12.75172117801095,966.0289642467072,4,0.3541422040210704,0,A,False,True,False,False,False,False
35.039205676011306,1,0,4.966355503477953,1292.1602959605377,5,0.772547223839711,0,A,False,True,False,False,False,False
85.84303658878628,3,1,71.15925605937196,3298.5885075648584,1,1.5652538959304472,0,A,False,False,True,False,False,False
52.71418706448484,1,1,6.133694707257311,5122.391573679447,1,0.9213955413852188,0,A,False,False,False,False,False,True
210.87389503064648,17,0,3.5406731746588744,882.6158312206189,3,0.9654487871421367,0,A,False,False,False,True,False,False
51.33267719220601,12,1,1.7503000367914898,368.0937906527651,5,1.1274456180587331,1,A,False,False,True,False,False,False
6.503633613374265,18,1,7.134320951872426,423.8546314156659,2,2.5304457118754513,1,A,False,False,False,False,True,False
248.21760497535172,4,0,17.694993830120787,2750.464923849848,0,0.3382354233507907,0,A,False,True,False,False,False,False
18.414184032262348,19,0,3.948102609229907,1356.2564467786028,2,0.6971076391972938,0,A,True,False,False,False,False,False
24.915258167778276,1,0,22.015444016423398,538.0609173484338,3,2.0077285471011894,1,A,False,False,False,False,False,True
26.714498877732776,10,0,2.18234659502951,1932.09603074764,3,0.8814412997055883,0,A,False,False,True,False,False,False
284.0998360586758,17,0,8.709816533803302,463.5985363447058,3,0.9068608299188283,0,A,True,False,False,False,False,False
4.208856279570679,5,0,18.17875111537546,265.6263369261976,1,1.4072678136738754,0,A,False,False,False,False,False,True
2357.3614440942174,22,0,2.1807529050794727,220.04277249600963,1,0.5366587122317822,0,A,True,False,False,False,False,False
193.8855760499996,9,0,13.663661323885066,344.8907123132155,3,1.5547106853980759,0,A,False,True,False,False,False,False
71.37064832602742,21,1,24.063212132924306,2767.9240207208145,4,0.8329373917611951,1,A,False,False,True,False,False,False
51.11751507585054,22,0,13.578366459061884,932.5766739727217,5,0.9208168006670516,0,A,False,False,True,False,False,False
76.91222909639148,16,0,10.745129405003647,1067.3775169955188,3,0.6657418437405355,0,A,False,False,False,False,False,True
102.03816541704624,21,0,27.330146239182607,1273.564930898367,1,1.286971609527144,0,A,True,False,False,False,False,False
118.42249585053627,10,0,63.42192837390266,488.63268071920413,3,0.8537169887201556,0,A,False,True,False,False,False,False
106.34891710279507,18,0,3.0008007504220555,747.1499800724978,3,1.1477402938884433,0,A,False,False,False,False,True,False
60.79434759763811,16,0,17.6330321463286,806.9532239748546,4,0.8303765479292066,0,A,False,False,True,False,False,False
43.08581806005363,23,0,1.261448961902908,520.7241566021464,3,0.9788050307396464,0,A,False,False,False,False,True,False
45.534581015996665,3,1,0.6567867326394053,743.4707407716431,3,0.7559974648584443,1,A,False,True,False,False,False,False
43.21164692146426,23,0,4.9446325953492485,994.9335010260331,2,0.8404897656699418,0,A,False,False,True,False,False,False
212.83646827138176,13,0,53.065460313415635,899.3814212164735,1,0.6513615168444624,0,A,False,False,True,False,False,False
111.30431946491642,19,0,12.05098295645337,1550.8359022226034,4,0.6094141614116989,0,A,True,False,False,False,False,False
1.6024498883492917,3,1,4.68518283309681,743.5947967721905,7,2.399676285436215,1,A,False,False,False,False,True,False
119.95071281099159,13,0,2.1335852799406725,3773.9451207589996,4,1.096364363142292,0,A,True,False,False,False,False,False
68.97081427975397,3,0,37.92035720794006,480.01012787138467,5,0.35172139664921814,1,A,False,False,False,True,False,False
53.386050874564205,5,0,6.749876107610133,717.4987071636161,6,0.9429698143132836,0,A,False,False,False,False,True,False
34.253126879516486,8,1,5.494328038654922,1502.978967610807,4,1.6363791390877456,1,A,False,False,False,False,True,False
210.38417496353907,20,0,29.27506100099978,1797.3831392866196,2,0.4340271807397277,0,A,False,False,False,True,False,False
170.20979331881136,11,0,13.91038255911816,417.83176294025134,3,1.3231605245093485,0,A,False,True,False,False,False,False
21.596835484537337,7,0,2.7703153176819235,1010.1082489205571,1,0.9696307762061952,0,A,False,True,False,False,False,False
88.98454870014608,23,1,8.21002406081041,2078.967938213088,1,0.41123275216538807,1,A,False,False,True,False,False,False
17.0135811884757,3,0,39.514553999898204,304.2734980351568,3,0.726751055862233,0,A,False,False,False,False,False,True
10.427621534934206,4,1,34.72040782025968,1022.2373178728476,3,0.8967493852864243,1,A,True,False,False,False,False,False
25.737249270051514,5,0,1.09033134745324,333.77249898263597,3,0.5258952382624451,0,A,False,False,False,False,False,True
153.67994596596924,4,0,4.6921921665091375,572.2926377629135,4,0.6815810859269255,0,A,False,False,True,False,False,False
171.35716363023383,18,0,2.5181056356507407,1174.3283512783214,0,1.1211308525117745,0,A,False,False,False,False,False,True
101.05879782295749,7,0,11.447485197081722,921.6214241224196,4,1.1253461153234108,0,A,False,False,False,False,True,False
130.33589739323222,8,0,20.793414472014554,440.32526021710447,6,1.2412996359170756,0,A,False,False,False,False,True,False
101.4345684238673,14,0,5.254924281674875,2913.537393633264,2,0.7140201821568928,0,A,False,False,False,True,False,False
25.285271845566253,3,0,21.282020157078815,839.7244896979846,8,1.715288327522785,1,A,False,False,False,True,False,False
91.68025676324558,8,0,16.57166965087293,1702.5997084189767,1,0.9305461058710215,0,A,False,False,True,False,False,False
142.6638880263526,6,0,19.541557393797447,3646.090450981112,4,0.8035178310227814,1,A,False,False,True,False,False,False
134.98310139833913,7,0,44.418140582110084,638.3365857000506,3,0.8868876235598704,0,A,False,False,True,False,False,False
227.39669464066583,14,1,8.29065661789079,1794.511476220849,3,1.1901973103927945,1,A,False,False,False,False,True,False
127.73587004195487,18,0,6.291209696514878,1528.636059415214,5,1.1526247801873832,0,A,False,False,False,False,False,True
83.24081971197256,14,0,17.2729449552308,360.8138740997443,3,0.7915570314541801,0,A,True,False,False,False,False,False
197.19247574311368,4,0,24.719340122479984,2880.701244357658,2,1.5940667565645728,0,A,False,False,True,False,False,False
52.88789522209246,18,0,3.1876040376962465,1188.8614503658105,3,0.8963637529717364,0,A,False,False,True,False,False,False
18.948985955750363,6,0,28.140126240469034,716.0367708160838,3,1.4015022324050508,0,A,False,False,False,False,True,False
44.89469531189998,5,0,0.8939013805324487,300.1557244218001,2,1.971161155070065,1,A,True,False,False,False,False,False
22.334148414583346,18,1,0.09621419481653833,395.66837673961874,2,0.7741396035063298,0,A,False,False,False,False,True,False
24.283231976311175,16,0,2.587240451916548,1005.4453965470684,2,0.8208650727172262,0,A,True,False,False,False,False,False
45.90516303399558,9,0,57.71263310937412,376.0465363875114,3,0.5701537370453031,0,A,False,False,False,False,True,False
21.09626677640898,18,0,11.121371536740535,1819.2820338725971,6,0.6224064080836514,0,A,False,False,False,False,False,True
37.729646488796185,10,0,0.7152983318913726,809.7952803392214,5,1.3939926539089074,0,A,False,False,True,False,False,False
5.627483713232187,14,0,88.04233627794018,314.4639562211887,2,1.3873118632917638,0,A,False,True,False,False,False,False
70.5239556706736,9,1,20.492156611238062,645.2523808756359,0,0.39682526871290136,1,A,False,True,False,False,False,False
54.67718725544176,10,0,27.302854159092632,468.5710922097395,5,0.5974647234463142,0,A,False,False,True,False,False,False
20.480918395951235,22,1,3.5917719526357064,411.86355132698804,1,1.9899843527693393,0,A,False,False,True,False,False,False
120.43314697896014,2,0,1.67150771985544,186.39859847648341,2,0.652403389710492,1,A,False,False,True,False,False,False
168.18829664968862,2,0,10.856723145110658,1187.502788817307,4,0.8738318314163369,0,A,False,False,True,False,False,False
7.932182058143975,17,0,22.187707382215713,511.28753028724526,7,1.017962255169927,0,A,True,False,False,False,False,False
21.861569232092606,10,0,15.232579767565573,4921.141110715414,1,1.0798063161526823,0,A,False,False,False,False,False,True
21.693858027058337,19,0,14.956791568377826,2426.148673360875,2,0.4802403058662737,0,A,False,True,False,False,False,False
17.674382568007353,21,1,21.226339799399643,4044.777687275683,2,1.0801113808222653,1,A,False,False,False,True,False,False
147.72756646147613,17,0,3.8625475794792608,1943.8869781779194,2,0.23349496179018364,0,A,False,True,False,False,False,False
43.267796714631864,14,0,16.249322261493514,686.9721821827262,2,0.7185999493542818,0,A,False,True,False,False,False,False
39.74890090094081,6,1,7.466436527821783,1421.213264159572,4,0.8334146004730737,1,A,False,False,False,False,True,False
4.930129042749292,9,0,1.0845848761730827,860.7412744189587,3,0.44091207565486396,0,A,False,False,True,False,False,False
117.0383473529364,20,0,3.3873810310130628,1440.1502634061887,7,1.3863779139767873,0,A,False,False,True,False,False,False
12.340541832895845,22,0,23.698458927560356,2237.287502620668,2,0.6308289160787943,1,A,False,False,True,False,False,False
58.669450463085354,19,0,33.940473557281344,1768.654723427582,4,2.30467808132131,0,A,False,False,False,False,True,False
76.16121362435102,9,0,4.9864642465821625,1103.976591527994,4,1.2240708247839942,0,A,False,False,False,False,False,True
279.4407585430904,12,0,3.1675009965313463,1155.9331867421158,6,0.8812191103296491,1,A,False,False,False,False,False,True
11.352244992418333,14,1,0.40632144484779786,1307.2495060150036,2,1.4386130434963016,0,A,False,False,False,True,False,False
1.4573000064959087,22,0,44.2606346660892,2656.2585122519754,3,0.43100845332418297,1,A,False,False,False,False,False,True
68.07564093898665,17,0,17.27331109137922,741.198226513799,3,1.091235028035217,0,A,False,False,False,False,False,True
473.71857313843236,22,0,47.20883288651893,891.607749773493,1,0.53053387392528,1,A,False,False,True,False,False,False
241.46767749320432,3,1,29.909880883944307,730.7147476943006,1,1.4986273283219709,1,A,True,False,False,False,False,False
70.21705978087562,19,0,6.243339788948726,1223.9512752622416,1,0.7936716367957978,0,A,False,True,False,False,False,False
30.266351298795826,16,0,1.7932954146504219,1825.0263479664814,0,0.3471081275135979,0,A,False,False,False,False,False,True
143.81778494318667,2,0,10.368938209764437,1393.7077568959999,0,0.5018864017478492,0,A,False,False,False,False,False,True
16.975049005365918,20,0,0.4076976893326518,1047.1837899454547,5,0.9955207242313974,0,A,False,False,False,False,True,False
96.70153955054172,20,0,2.436312746559458,2586.9058923549132,4,1.182335725895882,0,A,False,False,False,True,False,False
100.13949770884884,1,0,3.987490353413574,580.9274864167612,0,0.45540233418505566,0,A,True,False,False,False,False,False
194.85425892467967,3,1,16.43335125026955,330.3513114722904,4,0.39135480230092945,1,A,False,False,False,False,True,False
1497.5594769448799,0,0,10.696497989709576,1418.3386548417623,1,0.8017070532455366,0,A,False,False,True,False,False,False
87.43530606228501,14,0,5.402061602983285,1061.8756876816344,3,2.216311832001355,0,A,False,True,False,False,False,False
29.64352288549421,0,0,12.478154608864303,959.3914997577547,2,0.7600821999730379,0,A,False,False,False,True,False,False
52.94802782513873,5,0,2.0064452726581883,381.6218841717749,3,1.1107825269821368,0,A,False,False,False,False,True,False
6.534585478863951,6,1,21.140873505073884,1285.4726206405937,4,0.2658934234419877,1,A,False,False,False,False,False,True
23.720608866143046,18,0,18.673752237749667,4610.349401965646,2,3.8484552839909685,0,A,False,False,False,False,False,True
33.41019437645776,11,0,3.6598144834150106,377.95158392196083,3,0.5738531683036165,0,A,False,False,False,True,False,False
29.110354117180922,0,0,13.985979903207147,967.1164202449761,1,1.0442969914521996,0,A,False,False,False,False,False,True
65.5508283101595,6,1,10.496614501232566,1164.9043374138612,0,0.39342519075324506,1,A,False,False,False,False,True,False
20.350308696634915,18,1,0.9411629680791961,768.8168069108606,2,1.2227625706300014,1,A,False,False,False,False,True,False
209.60751394726393,12,0,4.889150160437074,1250.7802496589327,1,0.737685863304117,0,A,False,False,False,False,False,True
54.61171815252778,11,0,113.50343039327248,766.9150640459678,4,1.1188279948835487,0,A,False,False,False,False,False,True
53.99220123895481,11,0,1.5726707490890728,1240.0095899614548,2,0.8578668534103288,0,A,False,False,True,False,False,False
36.83786808658473,21,0,10.59079070865822,894.3399792676815,3,1.260849454911464,0,A,False,True,False,False,False,False
65.77427606489205,12,0,28.390322759045624,713.184054723472,5,1.6778988556933683,1,A,False,False,False,True,False,False
146.95375090786007,13,0,5.364099374534719,1031.055918008726,1,0.4914082087220931,0,A,False,False,False,False,True,False
19.2872400729407,21,0,4.530947577854463,1611.6422519346327,4,2.287508509282638,0,A,False,False,False,True,False,False
24.78553490664894,11,0,33.21765882729143,315.4590259834785,6,0.6956493005226098,1,A,False,False,True,False,False,False
37.92189938760635,19,0,5.453981741170624,1910.5022018412644,6,1.2478111588149197,0,A,False,False,False,False,True,False
10.858572843546606,11,0,15.811467840058224,613.6359356017263,2,0.6384940092084238,0,A,False,False,True,False,False,False
20.42767437105834,5,0,20.224172384808462,1798.554274940701,2,1.0600259450313647,1,A,False,False,True,False,False,False
30.83144009825776,9,0,23.311307547636744,641.7333650007283,2,0.8246030440901612,0,A,True,False,False,False,False,False
155.90814455213837,19,0,78.77046850233702,1940.4286215494617,2,2.678064681211187,0,A,False,False,False,False,False,True
74.81912954037799,23,0,24.38290498479484,1054.5180126516186,2,0.6738075974951618,1,A,True,False,False,False,False,False
68.87600738468632,8,0,16.050904128976626,521.3737428180151,1,2.2195332198917574,0,A,False,False,False,True,False,False
151.57454567641062,1,0,33.873293081851465,771.993469324041,2,0.6006203132166101,0,A,False,False,False,True,False,False
46.30055064123553,6,0,35.426213069640724,2849.599558934675,3,2.218222441005752,0,A,False,False,False,False,False,True
87.23082968943378,8,1,54.27153891260094,1143.0583264025613,3,1.625758947762309,1,A,True,False,False,False,False,False
48.237363469606144,11,0,22.472826911876577,760.1928018242181,4,0.8274661080223544,0,A,False,False,False,True,False,False
75.07103655079304,4,0,3.2523409963348406,2731.017392931986,2,0.9147958120643966,0,A,True,False,False,False,False,False
27.1313425394344,0,0,18.558088807539786,2173.585221554618,3,1.0802703581558368,0,A,False,False,False,False,False,True
2.925365441276263,21,0,1.1715061041334562,559.934415505482,4,1.0004821269415032,0,A,False,False,False,False,True,False
46.472698232462605,14,0,5.740068970810415,931.1390420020091,3,1.2225890626508162,0,A,False,False,True,False,False,False
301.05644236115234,7,0,1.846207373047147,267.7333638277979,4,1.0594698455413158,0,A,False,False,True,False,False,False
165.9121585088894,0,0,44.91877604392442,2202.9714377375713,4,0.6053887441208822,0,A,True,False,False,False,False,False
173.89940181096904,17,0,6.204442720406773,1100.2070845557216,4,0.7657758329860179,0,A,False,False,False,True,False,False
240.65319354736397,12,0,18.735370904794795,1874.558096832439,4,1.1484303250067436,0,A,True,False,False,False,False,False
60.72704247512021,0,0,12.705613653540276,233.76502207944276,1,0.5825501913891089,0,A,True,False,False,False,False,False
69.18463835471714,4,0,1.7061232972379348,875.954513114148,2,0.7665489633097192,1,A,False,True,False,False,False,False
26.018757636962988,17,0,12.36061189800655,1253.9724246150645,8,1.3016403496634033,0,A,False,False,True,False,False,False
37.36418303760256,15,0,16.227369354664766,201.42289433377564,5,1.127523525172739,0,A,False,False,False,False,False,True
114.31129441806775,9,0,31.994819405263062,1853.9665279038093,4,0.8624601738647741,0,A,True,False,False,False,False,False
231.5188566920998,3,0,1.0899417854698135,846.6009087374844,4,1.6600592004817214,0,A,False,True,False,False,False,False
46.1854341012391,0,0,5.256857255944396,269.407896766805,2,1.622325640034121,1,A,False,True,False,False,False,False
31.809751132806344,22,0,17.681446048460597,726.6128251918849,7,0.7438961027616479,1,A,False,False,True,False,False,False
54.63275168517265,7,0,0.5240221810400486,1580.2609785271802,2,1.3923502701305888,0,A,False,False,True,False,False,False
112.33080103498993,4,0,3.413928985937682,528.2203509135101,5,0.6382265941632126,1,A,False,False,True,False,False,False
9.654018182374708,1,1,3.7013728578029936,1057.2875859544665,3,1.1383664217993041,1,A,False,False,False,False,False,True
3.4714863883589295,23,0,16.599352972083132,775.4887785117464,2,1.1324953493455017,1,A,False,True,False,False,False,False
28.20095325129323,16,1,5.0522587109431925,222.45354344809945,3,0.999964687238445,1,A,False,False,False,True,False,False
12.61826148494788,6,0,13.729205971254947,1806.3586639585958,1,0.8744603150066647,0,A,False,False,False,False,False,True
29.672828532020873,16,1,50.436190880766176,2092.6544649870066,6,1.0279361228049408,1,A,False,False,False,False,True,False
45.725842405932596,5,0,23.643165019247014,2748.979777940279,3,0.9918394271335329,0,A,True,False,False,False,False,False
31.693192467824858,21,1,6.072292852642682,1104.5683340056787,6,0.32043338174085845,1,A,False,False,True,False,False,False
311.98685058639114,14,0,9.591251986168208,1615.9567949222273,2,1.996408529113721,0,A,False,True,False,False,False,False
80.80943411197035,4,0,3.359794259098085,301.49971052633686,7,1.3668199222461106,0,A,True,False,False,False,False,False
78.30169353270155,14,0,0.23767320044766901,1328.8921431172785,2,0.7936420021004547,0,A,False,False,False,False,False,True
115.19756061862915,17,0,5.131343123299347,850.3435458036834,6,1.6047720360116724,0,A,False,False,False,False,True,False
13.921024602001522,17,0,6.916457813075598,1031.1564151317775,2,0.7699239494429709,0,A,False,False,False,False,False,True
189.9829145895625,20,0,12.464332952298586,448.59837501219096,2,0.26130624027641997,0,A,False,False,False,False,False,True
49.85320843676359,20,0,43.25391693720086,2692.2462528388073,2,1.1833141501412032,0,A,False,False,False,True,False,False
122.06781374682355,22,0,44.305062756330194,292.7210257282398,3,0.4471907304283829,1,A,True,False,False,False,False,False
15.086062741603236,5,0,1.0901459417908608,1363.2261245869647,4,0.512079513258485,1,A,False,False,False,True,False,False
8.461187081871618,1,0,14.303880825248637,526.3642393780177,2,0.58054253904192,1,A,False,False,False,False,False,True
145.6880350869945,16,0,0.6491352053240431,5972.253608772175,2,1.0481596560520756,0,A,False,False,False,False,True,False
85.77189865272544,20,1,15.665316841412466,1912.7411659519173,2,1.0859509546169617,0,A,False,True,False,False,False,False
18.495697450104277,3,1,1.8783992332027184,1071.9143962019734,3,1.6955367657728275,0,A,False,True,False,False,False,False
19.228706688876596,11,1,43.89388376895859,481.8652153200916,2,0.539990910778938,1,A,True,False,False,False,False,False
210.7182095835623,18,0,29.963907180287535,2235.0601557363525,1,0.6930733113298285,0,A,False,False,True,False,False,False
13.101224885674025,1,0,0.3387283956626333,80.50274934360367,4,1.8993996329745744,1,A,False,False,True,False,False,False
391.9787165915499,1,1,22.85796959178537,1491.1994671169589,5,1.2979697579497214,1,A,False,True,False,False,False,False
18.52748153882247,13,0,15.154782092194857,1649.6256089902345,3,1.166404686304037,0,A,False,False,False,False,False,True
117.45676527080909,14,0,10.258922814484551,1574.022217064176,1,0.9813873690040326,0,A,False,False,False,False,False,True
36.80588787945955,19,0,13.843481003813253,2143.6760279650475,4,1.2217711779192426,0,A,False,False,False,True,False,False
112.59810851528376,1,0,17.00970930638307,697.8624557208092,3,1.0149873434610046,0,A,True,False,False,False,False,False
28.419149538371073,3,0,32.37174959723313,1701.8157912089034,3,1.0506835903189458,0,A,False,False,False,True,False,False
44.9094622335265,18,0,21.87379546065493,641.6262440472823,1,1.2577192760734628,0,A,False,False,True,False,False,False
57.34599521152051,8,0,12.84833238149258,564.3607608254983,2,0.6339390245059872,0,A,False,True,False,False,False,False
16.401537051029845,6,0,26.11163233379581,480.16173204148686,3,1.098577976516295,0,A,False,False,False,False,False,True
132.81925440262285,12,0,65.05345486331383,896.4264655086289,3,0.3775366353835762,0,A,False,True,False,False,False,False
29.49272787468859,11,0,5.354025113998783,2667.7193531286266,5,1.0023353021718315,0,A,False,False,False,False,True,False
41.49944698943061,2,0,1.8906047116529954,4324.539336766704,6,0.7779987902560692,0,A,False,True,False,False,False,False
16.556532724083677,12,0,19.720675290753945,883.2992974260842,5,1.5032628007690836,1,A,False,False,False,False,True,False
2.5223716993274587,14,0,57.66289588723824,654.6008565584035,1,0.49732043533515397,0,A,False,False,False,True,False,False
43.4133364284296,13,1,1.8614563313183685,3176.53215704414,2,1.1019503965494715,0,A,False,False,False,True,False,False
987.4624847583416,23,0,8.476779032979957,1551.1346434093855,1,1.361829213988775,0,A,False,False,True,False,False,False
139.98358216430256,8,1,0.9643605526749918,1122.4264486804573,3,1.4506199728729678,1,A,False,True,False,False,False,False
53.35072378147055,12,0,22.477301937259814,452.7655659071341,5,0.7217491690424095,1,A,False,True,False,False,False,False
39.82643966607792,22,0,44.55351657388915,3447.3508054470785,1,0.8374083134265687,1,A,False,False,False,False,True,False
56.0900856974081,21,0,10.367062653072912,1181.9818741368053,2,1.231084926415229,0,A,False,False,False,True,False,False
105.27152220962812,3,0,7.902321846755035,1096.7733583767376,3,0.5615843829554742,0,A,False,False,False,False,True,False
13.237114936016537,20,0,35.74375891656785,1691.4479281425818,3,0.7995126787066911,0,A,False,False,False,True,False,False
207.92678729935537,7,0,2.147465576905174,1116.0139052694153,1,0.6470517981457466,0,A,False,False,False,False,True,False
128.82534580737044,2,0,33.3267370853778,3567.817402963821,2,0.40476456528763705,0,A,False,False,False,True,False,False
129.2596110591546,1,0,7.466814899145962,2463.7522850162954,6,2.081251109251476,0,A,False,False,False,False,True,False
92.4040571812513,18,0,12.294485976217931,699.8986643578671,2,1.0131113081770386,0,A,False,False,False,True,False,False
55.898636563737746,22,1,11.270930276564213,1175.5844954043316,2,0.5920265257113966,1,A,True,False,False,False,False,False
122.41702862565647,7,0,14.35587741838275,686.539849819454,2,0.3093748641675917,0,A,False,False,False,False,True,False
111.07181348919579,16,0,42.7416094659109,4971.571635525614,4,1.1737231835413995,0,A,False,True,False,False,False,False
35.70001635364461,12,0,45.277962636889974,615.045972472575,1,0.45722833577331656,0,A,False,False,True,False,False,False
27.43111279113197,6,0,26.681014044376596,997.0265330892505,4,0.7155504375209201,1,A,True,False,False,False,False,False
61.69652166201705,8,1,3.18943677756959,1467.2443303105413,6,0.976430260369038,1,A,True,False,False,False,False,False
350.3119985377347,11,1,6.086094485537856,1643.4871238536016,5,0.5372869329169241,0,A,False,False,False,False,True,False
12.342782869451723,13,0,10.036329346428849,1881.196536739195,2,2.284938747640155,0,A,False,False,True,False,False,False
9.38365814472248,13,0,35.381132848023036,2081.352586784184,1,0.5986879383665675,0,A,False,True,False,False,False,False
66.53399429701757,14,0,11.03658774704364,1908.9107012401057,3,0.5375221808668377,0,A,True,False,False,False,False,False
58.03610066781137,2,0,56.87077052817153,775.5876842587589,5,1.1202970797939804,0,A,False,True,False,False,False,False
67.22263339155415,14,0,61.8793309920136,708.3318547828312,5,0.836899735590794,1,A,False,False,False,True,False,False
73.16695155210695,18,1,13.69136443943302,1130.69062580037,2,2.6252092913440737,1,A,False,False,True,False,False,False
41.769119327644695,23,0,31.49409307820049,705.3125670276675,3,2.022362110600656,1,A,False,False,False,False,False,True
326.3061745430073,19,0,107.3954947597288,647.9577466668582,5,2.117912525928648,1,A,False,False,False,True,False,False
7.9957905810259,13,0,28.428478329052147,782.4648649570241,6,1.316367359292104,0,A,False,False,True,False,False,False
20.202443658098844,7,1,16.046481430339945,5894.103688831748,2,1.3988695311738721,1,A,False,False,False,False,True,False
48.23545289012187,4,0,27.9778798244909,3770.859491572469,6,0.8303135432996482,1,A,False,False,False,False,True,False
7.600191365261841,18,0,1.294075770177982,905.6528004979199,1,1.4023766254107746,0,A,False,True,False,False,False,False
44.211048091968486,3,0,15.110527562574255,209.93317469968542,3,0.7191614833731758,0,A,True,False,False,False,False,False
400.9209191971356,13,0,3.660185067837901,683.8693764407643,0,0.9367482567241997,0,A,False,False,False,False,False,True
55.983879652994126,15,0,1.8505533290300098,2217.2363196179826,2,0.4990981866918011,0,A,False,False,False,False,True,False
72.01259878709747,19,0,33.50585877861584,313.42845561743474,2,0.802640670126265,0,A,False,False,True,False,False,False
12.034797940760185,23,0,15.309981993529824,1777.6976907184735,2,1.3227567474139446,1,A,True,False,False,False,False,False
26.059081105574304,5,0,4.186714134499965,1688.7955530212598,0,1.7272299270321785,0,A,True,False,False,False,False,False
34.80511447350768,22,0,7.335528956177735,1111.9380551765978,2,1.2529534413450791,0,A,False,False,True,False,False,False
37.29062236417326,5,0,54.33320472006804,1064.1344175117572,3,1.987445797087112,1,A,True,False,False,False,False,False
254.16217664655576,2,0,29.727325327981372,531.8378733415386,6,0.49208879481064016,1,A,False,False,False,False,True,False
106.6155392698373,14,0,0.23556701469149147,1914.9736437723982,6,1.2998983645910418,0,A,False,False,True,False,False,False
14.385927210338643,2,0,58.531829096488934,1405.1940231427513,2,0.6443648327606102,0,A,False,False,True,False,False,False
73.39132452248583,10,0,6.895560153699718,746.5760786256947,5,1.2332229842717968,1,A,False,True,False,False,False,False
99.27225222305587,2,0,17.832232186859734,585.2210605485311,3,0.6658349121391978,0,A,False,False,False,False,False,True
214.47192547283012,9,1,18.707201177635305,422.1076167359017,6,0.7521244767222757,0,A,False,True,False,False,False,False
363.81621048807096,17,0,36.40258381270019,1476.1856439419662,4,1.532990296324024,0,A,False,False,False,False,False,True
16.149465769063152,0,0,32.450289736061315,932.8132558699988,4,1.1296092067700692,1,A,False,False,True,False,False,False
20.634635245407647,15,0,4.9636375088272,942.3746750197672,3,0.6587314154743554,0,A,True,False,False,False,False,False
12.072215461009963,15,0,15.472808436196654,314.52232432974665,2,0.47050526935493336,0,A,False,False,False,False,False,True
41.230413223677246,9,0,7.505839653664672,456.62389514061283,1,0.6448221821241575,0,A,False,False,True,False,False,False
95.54812519833554,0,0,11.183787584441362,418.5714994151828,5,0.9653141890857443,1,A,False,False,True,False,False,False
178.53799217824957,3,0,12.13438264318327,2028.3955299800807,3,0.5452683347756334,1,A,False,True,False,False,False,False
49.84203835562597,2,0,7.571247925468957,1258.1025404038528,2,1.1310325727819965,0,A,False,True,False,False,False,False
37.19532093661516,4,1,9.35135121595586,874.4654117154821,4,0.5777623911570685,1,A,True,False,False,False,False,False
65.50389396349514,11,0,3.504392055602276,2655.6606215236548,4,0.9083319904796171,0,A,False,False,False,True,False,False
20.04196886293002,11,0,14.033876434617456,2371.554269266871,1,1.17717385072428,0,A,False,False,False,False,True,False
670.1130744852375,12,1,21.3418742773469,2655.394585252623,3,0.784534498954646,0,A,False,False,False,True,False,False
7.931219186977283,23,0,8.424974900086434,903.5801132578722,4,1.6999052657829203,0,A,False,False,False,True,False,False
68.14846913187249,11,0,57.034141399080426,353.71975649306256,4,1.2024275372456292,0,A,True,False,False,False,False,False
619.1375511327149,15,0,0.8839367680595018,4294.967482303546,5,0.6287311707995459,1,A,False,False,False,False,False,True
55.04548334949456,12,1,13.343296411263772,1667.977396561574,4,0.5679942071910655,1,A,True,False,False,False,False,False
43.46487575404853,4,0,13.141661995452715,1695.8622261352627,5,2.1737065380895753,1,A,True,False,False,False,False,False
35.55445598748917,23,0,0.5545706154119074,1883.1388529798317,3,1.7322952882123932,0,A,False,False,True,False,False,False
43.97098488153446,3,0,3.8150668066584372,10004.585698871162,2,0.8369128588103137,0,A,False,False,True,False,False,False
283.55842018531126,20,0,35.39409250009124,1011.9632933350365,4,1.155668320969522,0,A,False,False,True,False,False,False
3.841126590079811,14,0,11.795855942214507,3460.5619198165155,5,0.8659756827527694,1,A,False,False,False,False,True,False
343.82074847709686,11,0,8.60078155670838,554.4121713053623,1,1.3852592527741356,0,A,False,False,False,False,False,True
9.887303082175276,18,0,8.054886253282369,2105.2421900403447,6,1.0857052747501688,0,A,False,False,False,False,False,True
39.64707619142734,20,0,32.86040159854453,4567.647230049588,8,0.3649525180023241,0,A,False,False,True,False,False,False
32.61938343722485,18,0,6.860011629567514,1056.1972982887426,3,1.770580318060573,0,A,False,False,False,True,False,False
110.63803464925138,20,0,29.40269265229282,236.2425389534453,1,1.9646769833828868,0,A,False,False,False,False,True,False
8.022505485286999,10,0,5.548413293244649,1726.0832490728553,2,0.7886964279376268,0,A,False,False,False,True,False,False
95.0694045715518,20,0,11.373415232226852,921.9338746513722,6,1.168068974475077,0,A,False,True,False,False,False,False
619.6603763946471,5,0,2.329115630929044,2154.7004559697452,3,1.720412361335916,1,A,False,False,False,False,False,True
10.635433340798755,8,0,26.14713799322069,755.1158474223199,3,5.466236312505472,0,A,False,False,False,False,False,True
68.55575810758369,0,0,19.975664921668624,7406.144727099448,1,1.301198507689911,1,A,False,False,False,True,False,False
24.67082537586302,11,0,11.328309169158075,1194.0969224482897,4,1.191076164362188,0,A,False,False,False,False,True,False
91.01866973814424,13,0,0.39363980173794233,2064.952579395757,6,1.5380169082859032,0,A,False,False,False,False,False,True
55.8671936884156,5,0,9.845210118576295,492.8710719815866,0,1.6153939179630195,0,A,False,False,False,True,False,False
25.285110612379242,0,0,3.8271879989043587,428.3519449702446,4,1.30450502797352,1,A,True,False,False,False,False,False
98.04697904788681,21,0,8.000524568549881,388.5800796847357,3,0.5249163411505893,0,A,True,False,False,False,False,False
475.9047512270601,1,1,29.113621532809493,390.67668834396767,2,1.092522849762375,1,A,False,False,False,False,True,False
43.41979529589805,23,0,22.019290446054626,1887.0518825781082,3,1.1585670005233943,1,A,False,False,False,True,False,False
129.5037101553969,10,0,4.155146559138902,676.9450762879499,3,0.4798022352606756,0,A,True,False,False,False,False,False
11.566031122049536,2,0,62.949081227577096,397.01611448766295,0,1.3744118693686074,1,A,False,False,False,False,True,False
17.327179669613802,9,0,35.02825239972933,628.0671588351082,3,0.5684533276084958,0,A,False,False,True,False,False,False
96.24408660943418,5,0,11.283061477885855,1925.4427755179415,6,1.9343144013361222,0,A,False,False,False,False,True,False
324.06341898399876,5,0,11.330136987517479,1887.3888990439332,6,0.6702994671478201,1,A,False,True,False,False,False,False
83.65791292058816,19,0,34.72988338785863,2434.5603900286983,5,1.603268588722917,0,A,False,False,True,False,False,False
37.49960364193903,20,0,15.164989738221191,875.4847191998102,2,0.710005657927352,0,A,False,False,False,True,False,False
54.55174422207387,1,0,11.540332120571714,5419.164569073241,1,1.8799575130198762,0,A,False,False,True,False,False,False
12.176534758735418,23,0,20.743413642042242,2606.101474051104,0,1.9986128348415229,1,A,False,False,True,False,False,False
112.77767373883391,9,1,4.020096019207978,428.66435703609426,1,1.3262037528880606,1,A,False,False,False,True,False,False
157.40146993473732,22,0,31.602489500942525,2100.039241114952,3,0.7297939746922215,0,A,False,False,False,True,False,False
31.73726684351865,5,0,11.370574150729498,1113.5259351084517,2,1.2345978902243078,0,A,True,False,False,False,False,False
31.06088848301531,22,0,13.87616189669153,960.967441038526,2,0.6945437035539762,1,A,False,True,False,False,False,False
75.11752413686732,16,1,1.4137350215044242,1105.3025505630164,1,0.5657395756388769,1,A,False,False,False,True,False,False
32.328083696495796,13,0,5.555284207929921,643.7007131726112,5,0.773512763851029,1,A,False,False,False,False,False,True
50.43275488259785,4,1,8.346116674221292,2458.2311921978703,1,0.9746704463732542,1,A,False,False,False,False,False,True
678.3518777218665,22,0,8.014216566843494,690.4983516816949,2,0.7273847006216926,0,A,False,True,False,False,False,False
40.59192515848285,16,0,22.595394703981576,700.55208161404,4,0.8765901343323169,0,A,False,False,False,False,True,False
35.51630254094113,1,0,4.9760224852217165,2014.557493861461,2,0.7566680799095152,1,A,False,False,False,False,True,False
25.10205796057373,8,0,3.015397857712988,6225.325829685913,4,1.007106687110256,0,A,False,False,False,False,False,True
133.35708309628126,11,0,13.106274239406504,736.9059026586116,4,0.8925412758990536,0,A,False,False,False,True,False,False
43.92708025226817,18,0,14.318258079005119,404.5518599523816,2,0.46837706637548643,0,A,False,True,False,False,False,False
25.046957273218645,21,0,1.9445130695241872,2729.5051672257896,2,0.9818254575456684,0,A,False,False,False,False,True,False
266.5507984407508,6,0,0.037073321441096055,1281.816982261737,7,0.6710120174870834,1,A,False,False,False,False,True,False
299.9223492791743,8,0,37.451484762881435,1639.063267251458,5,0.6360086774609439,1,A,False,False,True,False,False,False
26.562268228029314,20,1,1.2448067760840424,1127.1667771676382,3,0.633790424851607,0,A,False,False,False,False,False,True
5.813321291342845,15,0,34.22218090695791,1763.1826825820635,3,1.0912218548104737,0,A,False,False,False,True,False,False
182.9140605037548,19,1,7.642769047087911,1467.1979509192593,4,1.222086209188228,1,A,False,True,False,False,False,False
24.00937091874591,10,0,15.878874452364055,721.4269790804406,4,1.066284323837955,0,A,False,False,False,False,True,False
140.99870684094876,11,1,3.079825080528205,1925.8103468104225,4,1.439319993682946,0,A,False,False,True,False,False,False
5.133950386787744,14,0,26.051999433527353,1636.1160741640056,1,1.0004090328781712,0,A,False,False,False,False,False,True
159.3521934831166,17,0,2.980302063310369,814.8795396364485,5,1.0678004696234713,1,A,False,False,False,False,False,True
12.76355296719873,18,0,7.32884889931636,954.8794502440275,5,0.6523024987707267,0,A,False,True,False,False,False,False
131.22546397849416,15,0,4.0776383281117585,584.8129498948314,2,1.2801019726055016,0,A,False,False,False,False,True,False
55.541344057884984,14,0,27.256709108599196,1586.8570078158623,3,0.9304406426549006,0,A,False,True,False,False,False,False
17.379175805835324,4,0,29.31443860483254,1600.8047074378555,4,1.3674410103764005,1,A,False,True,False,False,False,False
33.500368021525695,10,1,6.978916736309522,1063.1637266456985,2,0.9528283092755683,1,A,True,False,False,False,False,False
124.40994842231704,14,1,5.50907344774709,440.9882539237466,3,1.0014794445832913,0,A,False,False,True,False,False,False
61.99621555448265,17,1,22.27948511894364,217.45186344179794,4,0.6739200869402372,0,A,False,False,False,False,False,True
110.08970974640984,12,1,31.619093317233094,911.3126257211701,2,0.9235648197451117,1,A,True,False,False,False,False,False
585.068363693449,3,0,14.673289692621053,1325.164944312936,4,2.76377033007107,0,A,False,False,False,True,False,False
8.355416957483147,16,1,39.342614824658675,1836.7293489033793,3,0.39615098034638563,1,A,False,False,False,False,False,True
380.18390263781333,3,1,7.244359006193081,2714.1807217088717,3,0.796666331887976,1,A,False,False,False,False,False,True
61.88186257413759,15,0,2.471110384153082,824.1168431897737,1,1.4791252829555768,0,A,False,False,True,False,False,False
18.568361578929274,22,0,2.9702346908879393,309.30677088524106,2,0.6993834794758998,0,A,False,False,False,True,False,False
11.063192963197462,14,1,16.622302780125274,727.0961324668241,3,1.056645192348444,1,A,False,False,False,False,True,False
43.512816682081635,13,0,7.851735043208325,6289.350209880339,1,0.9515884684492836,0,A,False,False,False,True,False,False
165.00571906655912,11,0,2.549634010860752,4086.264904835971,2,1.5297416087894091,0,A,False,False,False,False,True,False
46.849533697830005,2,0,5.184474797449221,1544.5251061125211,1,0.8848456681500304,1,A,False,False,False,True,False,False
334.75064664574757,9,0,11.344662014650492,776.4353910822128,1,0.43902124238852375,0,A,False,True,False,False,False,False
9.569578608426905,7,1,1.942156056956717,1019.4073506843675,4,2.3270138211764464,0,A,False,False,False,True,False,False
53.81182629306926,5,0,0.05172656966843786,4323.236112501818,2,0.9378168473168,0,A,True,False,False,False,False,False
12.147554413710338,21,0,37.38768101619687,1297.2381353509484,5,1.0825309649064287,0,A,True,False,False,False,False,False
84.46677477824372,13,0,5.454655917910048,808.8356521189484,2,0.7970030862076761,0,A,False,False,True,False,False,False
158.26405434643772,16,0,3.7557585804612508,3168.4562434518716,3,1.0866550717316281,0,A,False,False,False,False,True,False
32.95311677699794,20,0,17.98382423271534,230.8711805727504,3,1.6345685537899577,0,A,False,False,False,False,False,True
2.3987394544169454,18,0,28.80099087699758,490.9542457405812,7,0.930037960467965,0,A,False,False,True,False,False,False
69.3202988605417,15,1,15.00645221747484,575.9602826354475,5,0.6773669080938312,0,A,True,False,False,False,False,False
92.21163005937164,14,0,4.405155175644186,2443.778796752065,3,0.5206789414130719,0,A,True,False,False,False,False,False
88.69058203585962,14,0,29.66807835642858,700.2065370233714,2,1.7990651589859645,0,A,False,False,False,False,True,False
240.55256476766468,0,1,10.71333145458469,265.4900965055533,4,0.8021677245763459,1,A,True,False,False,False,False,False
15.100616705657195,23,0,7.199374465381049,630.3364229906131,4,1.318067500103669,0,A,True,False,False,False,False,False
123.50224407374252,22,0,13.922645794976628,752.3755085796914,7,1.4137167073339663,1,A,False,False,False,False,True,False
228.37956760857074,22,0,18.090234524180154,1038.9901517863225,3,0.8934551203730103,0,A,True,False,False,False,False,False
6.4604236697212185,11,0,13.51474766813406,1215.1056095018043,4,0.9614993906749486,0,A,False,False,False,False,False,True
80.12454135475048,9,0,37.932021480354855,2378.2945271521266,3,1.0058653903862187,0,A,False,True,False,False,False,False
29.814182490339867,13,1,14.833639371651575,854.3779923032225,2,1.4962067184698615,0,A,False,False,True,False,False,False
49.509907065098574,9,0,31.627583075888694,688.0041854849323,3,0.6655323257467382,0,A,False,False,False,False,False,True
82.8649173563319,9,0,13.263105747167753,1138.3752492034153,2,0.903337274584488,0,A,False,False,False,False,False,True
30.426858543248425,19,0,5.999991491360055,1331.576873777171,2,1.15773916057253,0,A,False,True,False,False,False,False
24.267798453301452,10,0,11.398821144929022,677.8568283837529,2,1.169675908792702,0,A,False,False,True,False,False,False
56.88222493262223,21,0,1.3543971722183081,280.7845561278075,3,1.364446479944059,0,A,False,False,False,False,False,True
14.810033249745134,15,0,3.923873806860934,741.0594098279744,2,0.5143614211696628,0,A,True,False,False,False,False,False
14.835305479456856,8,0,21.801369951375516,2092.1523174511885,4,0.8493225333291979,0,A,False,True,False,False,False,False
123.37739865467132,14,1,16.247387071072946,1029.623073905658,1,1.2263888868592532,1,A,False,False,True,False,False,False
13.755615734803044,13,1,2.7321603779138295,2966.330089648467,2,0.5218754198085572,1,A,False,False,False,True,False,False
121.45878669616266,18,0,8.644206502064987,1639.3314649184945,3,2.40678475416818,0,A,False,False,False,False,True,False
95.11717488684997,8,0,2.2971314330708417,718.8575733213181,4,0.46100320107679427,0,A,True,False,False,False,False,False
6.882843909337212,3,0,29.05016838613522,3551.875214720028,0,0.566786084798071,1,A,False,True,False,False,False,False
24.213792702694406,20,0,1.7340199766635127,547.1682678670544,3,0.6997388781576597,0,A,False,False,False,False,True,False
228.8189967143777,6,0,15.929938740912418,287.11233624895794,1,0.6614299293013794,1,A,False,False,False,True,False,False
16.820550159030372,21,0,14.00918504402784,1444.1300803098175,2,1.284938413308612,0,A,False,False,False,False,False,True
31.271742217775756,7,0,9.601964968891282,585.7541386905701,2,1.04354822025893,0,A,False,False,False,False,False,True
95.05665401499066,23,0,4.89082732559473,1048.0206584978043,7,0.6410506186555475,1,A,False,False,True,False,False,False
139.77983968503054,7,0,7.761624419869529,465.17759608490275,3,2.821893437387534,0,A,False,True,False,False,False,False
40.372680732968355,18,0,24.62874254271222,1100.623992574827,3,1.4552021434806037,0,A,False,True,False,False,False,False
26.65529363563773,14,0,21.50398581661933,1616.205481961178,3,1.138906004858458,0,A,False,False,True,False,False,False
300.91981503843186,15,0,20.1375566915494,1819.0377524945286,3,1.433180066726219,0,A,False,False,False,False,True,False
439.95814463459607,21,0,20.783834211403118,441.14702021903383,3,1.2208924068487208,0,A,False,False,False,False,False,True
176.73115170658525,22,0,2.330282571157667,371.1858596538801,3,1.1026346318576408,1,A,False,False,False,False,False,True
60.48417563536396,8,0,1.5653561284629596,1507.1654100068315,4,1.2868615978598736,0,A,False,True,False,False,False,False
20.69891190742171,11,1,29.653125151678786,809.439022241115,3,0.9801353295249497,0,A,False,True,False,False,False,False
20.15528853223736,15,0,27.226149536947126,702.4609824976964,2,1.3985918222528244,0,A,False,False,True,False,False,False
102.20871277310931,3,0,17.15343739014843,998.167514972546,8,1.0405698236020293,1,A,False,False,False,True,False,False
90.20436921322248,4,0,13.96747759809743,956.8769085658015,2,0.8705186124847362,1,A,False,False,False,False,True,False
293.51193755329206,7,1,6.856233029858536,1479.0602736613603,4,2.261115257016436,0,A,True,False,False,False,False,False
119.16869699527106,0,0,3.8056379536370017,1619.7211466787141,2,1.0425923086518032,0,A,False,False,False,True,False,False
8.991715360379246,5,0,16.52379028521213,2409.3539454994943,4,0.8838950600244782,0,A,False,False,False,True,False,False
192.93187383258385,14,0,36.633680677273865,891.9566256856729,1,0.6509306338461084,0,A,False,True,False,False,False,False
16.482962096948043,3,0,8.617043530360414,2432.3607842691304,2,0.6070226543692588,1,A,False,True,False,False,False,False
34.440543953018604,20,1,5.419121250304855,1754.6311183952012,0,1.0219623536156888,1,A,False,True,False,False,False,False
73.71750201803698,10,0,4.73591166548802,2204.860065129622,1,0.8344724990819828,0,A,False,False,False,True,False,False
598.7241579182984,4,0,0.359860994066636,452.4080613229249,1,0.690594313568002,1,A,False,False,False,False,True,False
2279.9351241111353,17,0,11.019438461600133,1009.845542336282,3,1.9095025412439843,0,A,False,True,False,False,False,False
113.07684942453905,23,0,66.64070694159832,4994.9898264985,4,1.6835566220770097,1,A,False,False,False,False,False,True
43.82323067708188,14,1,25.330278484006364,366.151669803414,6,0.6076974330544819,1,A,False,False,False,False,True,False
103.69011401825789,17,1,34.16468788156542,4597.324143766546,4,0.8422390291420805,1,A,False,False,False,False,False,True
158.4099845309227,19,0,14.559782090433078,4437.412247783838,6,0.44413007519858755,0,A,False,False,False,False,True,False
37.15873418049376,12,0,9.850678526253311,1969.568282059794,1,0.781868220759633,0,A,False,True,False,False,False,False
470.71538210962785,4,0,69.77922230066883,373.38268792574564,4,0.7118702101326814,1,A,True,False,False,False,False,False
71.95816518352356,0,0,8.890357020974783,922.1743440594611,2,0.9227443293462739,0,A,False,False,True,False,False,False
99.21524747947205,21,0,37.30313242881348,2067.4115456568097,6,0.6419525038567263,0,A,False,True,False,False,False,False
121.40221239432978,17,0,21.522491308171368,379.69001647895226,1,0.4120780222222726,0,A,False,False,False,True,False,False
90.55015831847597,13,0,6.0290845515514615,1883.6853662007318,4,0.7592041059529858,0,A,True,False,False,False,False,False
149.4151391499997,4,0,10.48935566883817,1195.5857088119599,1,1.8766498939654905,1,A,False,False,False,True,False,False
26.03120930737205,5,0,7.27564363850271,695.6195449953594,5,0.7277901812428427,1,A,False,False,False,False,True,False
27.939400454153102,23,0,2.196614441214602,447.92589256077457,4,2.637263481394477,0,A,False,False,False,True,False,False
14.58239414292976,15,0,6.618714089109492,3523.6055094387175,2,0.6578066130242419,0,A,True,False,False,False,False,False
92.51783870077796,21,0,32.969712326066954,2041.460026593376,3,1.0406480508748368,0,A,True,False,False,False,False,False
139.0347364202872,20,0,20.953396064032663,961.0666838568173,4,1.175329504446978,0,A,False,True,False,False,False,False
94.56878368203937,11,0,4.87725118287416,1127.6136725674016,3,0.5939738382508101,0,A,False,False,False,False,False,True
407.2352059085515,19,0,6.880930971313328,885.1324431546657,2,0.4370658765426406,0,A,False,True,False,False,False,False
54.23273958182099,17,0,14.373650597461875,258.2232804175863,1,1.7210893134914393,0,A,False,False,False,False,True,False
121.81335384079665,1,0,8.071406011169858,3074.1732012933603,7,1.7286796378157598,0,A,False,False,False,True,False,False
14.731071177418075,22,0,10.488810332196522,1306.4569778566138,3,2.0066841187564215,0,A,False,False,False,False,False,True
34.31149252296423,20,0,17.96829104683547,2353.1380677542406,2,0.664145581869092,0,A,False,False,True,False,False,False
125.79395731855604,22,1,9.445569000239686,762.5104212650027,3,1.2026757664403,1,A,True,False,False,False,False,False
151.2482509522123,12,1,3.1787852971720683,1180.5202996125897,6,1.0196181851074344,1,A,False,False,False,False,False,True
38.368609440536,16,0,11.027483898634408,1416.492295296777,5,0.9519426454588219,0,A,False,False,False,False,False,True
50.103000562793454,16,0,6.603602355384229,2502.2020100314335,4,0.8254608189626739,0,A,False,True,False,False,False,False
8.833501695258619,15,0,5.152874529182108,4602.69433768327,1,1.47361542527634,0,A,False,False,True,False,False,False
35.57221867935275,20,0,5.964877511626937,829.645759943667,1,3.723210256792138,0,A,True,False,False,False,False,False
158.92935514521966,17,0,8.670574893185416,830.39922277077,1,1.1483824464375139,0,A,False,False,False,False,True,False
108.87996308801705,7,0,32.654246891160405,900.9348543654405,2,1.093232990382554,0,A,False,False,False,False,True,False
99.56382199837576,2,0,19.867105067701914,680.5896009395999,4,0.7203890765743267,0,A,False,False,False,False,False,True
57.958568820934296,16,1,16.533971495327943,9110.389177246274,4,1.4001398054215923,1,A,False,False,False,False,False,True
55.06287919787952,17,0,9.558882902525527,285.6390701983111,4,0.2925402138734186,0,A,False,False,False,True,False,False
24.720049441096922,22,0,0.02747435322642498,9406.142636312672,7,0.846852284305569,1,A,False,False,True,False,False,False
126.29167393262856,5,0,6.245253053218098,1827.9259093601643,3,1.1999044518049127,0,A,True,False,False,False,False,False
90.48350177580825,7,0,25.165112123485468,1026.5286015403028,5,1.1306344794361234,0,A,False,False,False,False,False,True
98.53606443785264,22,0,7.369534490836733,561.0974098267824,4,0.9531986975939796,1,A,False,False,False,True,False,False
29.042439428833802,12,0,12.445474063463948,1061.700785699979,3,0.39798725987248745,0,A,False,False,True,False,False,False
4.120557608837985,7,0,3.436289142532489,698.5475893765013,4,2.113219447100675,0,A,True,False,False,False,False,False
203.68674584978282,18,0,37.12869544682683,3308.6227679611047,2,1.1216865827232667,0,A,False,False,False,False,True,False
30.7347843157718,5,0,38.49248642344484,1816.7843230013073,4,0.9885309852119055,0,A,False,False,False,True,False,False
19.388286269134856,22,0,2.3685975810462003,4174.431432992811,3,1.8764645857312574,1,A,False,False,True,False,False,False
125.48355251134437,14,0,19.318957231233963,869.2885419275816,7,1.8303501933121682,0,A,False,False,False,True,False,False
34.10980337915067,9,1,1.1732913140407155,1227.9161973103892,5,0.8982787004827498,1,A,False,False,False,False,False,True
194.79031276821195,16,0,13.689995292425653,1014.4250623389747,2,0.8785583387037214,0,A,False,True,False,False,False,False
114.48080184864313,0,0,2.952155938706906,813.1798062578548,2,1.266900063087279,1,A,False,False,False,False,True,False
124.00020115736967,6,1,2.3621851070907636,481.43384076783076,4,1.8538942382587436,1,A,False,False,False,False,False,True
10.599990941682048,12,0,0.061924908315182076,1949.83269189355,3,1.6372240161437002,0,A,False,False,False,False,False,True
233.768844350981,2,0,42.416990294045284,1440.6120942459836,5,0.6169144013031461,1,A,False,False,True,False,False,False
74.70153475280254,18,0,26.513540583983414,1055.9646172233456,5,0.5808050507897994,1,A,False,False,False,True,False,False
35.05321841856411,14,0,1.2096211083170774,1639.8419896327164,3,0.6493111301554491,0,A,False,False,False,False,True,False
64.849302869376,4,0,13.720964611448457,788.6214213953199,3,1.3154592143935995,0,A,False,False,False,False,False,True
6.478686055054603,10,0,3.977037103265886,1110.0498109556172,2,0.8252362202073695,0,A,False,False,True,False,False,False
89.1556192541289,21,1,4.598201092201823,2185.556520740187,3,1.282033983158839,1,A,False,False,False,False,True,False
15.875137246362069,17,0,31.092390687221275,2437.9617687606933,4,0.5228833089825019,0,A,False,False,False,True,False,False
10.770335661106152,2,0,1.8210908200827793,3723.9871439382036,5,0.6612958557841333,1,A,False,False,False,False,False,True
8.78608286102444,5,0,13.800345410843786,451.4013111235436,4,1.2783783468412564,1,A,True,False,False,False,False,False
207.5196533214816,2,0,7.693805617853325,507.7048141785233,3,0.4614300102240054,0,A,False,False,False,False,False,True
25.658731616010044,4,0,3.175648720574958,436.35673847618284,8,2.4350994548481513,1,A,False,False,False,False,False,True
343.94207339479743,8,0,9.019957582678755,652.9034261821862,0,1.7425747136905094,0,A,False,False,False,False,True,False
28.704050474904818,18,0,42.32398401001295,838.6894139057957,5,1.9988304605626501,0,A,False,False,False,False,True,False
7.0369191305854955,12,0,22.822095736956296,1555.6484597980398,4,1.4687058868252896,0,A,False,False,False,False,True,False
14.29872928404124,5,1,2.125378727149064,2783.9867662068973,1,0.39205793511747206,0,A,False,False,False,False,True,False
240.56105974805055,10,0,28.39988187002778,800.2412659339473,3,1.7542087243309405,0,A,False,False,True,False,False,False
45.282569829792465,20,0,41.574564576937,1735.7211611307148,3,1.4385601649832958,0,A,False,True,False,False,False,False
28.27718354227005,20,0,4.864449809290719,3048.474369587332,3,0.8454738832060338,0,A,False,False,True,False,False,False
66.15641556867386,13,0,6.083919896589605,761.8836410993307,5,0.7978453885225737,0,A,False,False,False,False,False,True
99.69736859612237,5,0,2.0254436000044427,875.6462600185022,2,1.4778584118903593,0,A,False,False,True,False,False,False
208.6959856940654,5,0,6.345429058450066,1156.1972400322225,4,0.4526887875475083,0,A,False,False,False,True,False,False
310.5047117173711,16,0,16.773386596502135,287.00603279190403,1,1.583362581194029,0,A,True,False,False,False,False,False
35.45547291247891,10,0,4.765007794251107,1650.8377918421143,5,0.7246216938219913,1,A,False,False,False,False,True,False
11.119972065250876,14,0,0.1027261150462267,418.26739278987066,4,1.0856278465652327,0,A,False,False,False,True,False,False
33.242919818970364,8,0,6.199691883567328,2062.687580302981,2,1.1051365574577265,0,A,True,False,False,False,False,False
74.61463054593841,20,0,9.054370182910843,776.8491147277051,1,0.5083817216420179,0,A,False,False,False,True,False,False
17.17559169647936,16,0,12.532971664258556,729.0068384960368,1,0.44584939980892807,0,A,False,False,False,False,False,True
17.312328921808678,23,0,17.271896269203907,501.23590140691766,4,1.1330264049965157,1,A,False,False,False,False,True,False
82.47914370955247,6,1,0.9566316929601488,1690.5336586051972,0,0.9748891307826579,0,A,False,False,False,True,False,False
51.501821610172456,6,0,9.51615531284828,1681.7350283985631,3,1.1502918277693683,0,A,False,False,False,False,False,True
56.78978082535606,20,0,4.646102860599982,761.9475282574799,5,0.6021561401471447,1,A,False,False,False,False,True,False
21.97280601101263,0,0,44.338896804279614,4619.850743990272,4,1.5494935991474168,0,A,False,True,False,False,False,False
41.40986522705125,7,1,6.691928051304845,1127.140236035471,1,1.8332966475753962,0,A,False,False,False,False,False,True
18.009875149532718,4,0,1.582469521890933,1084.4553204400609,2,0.8709231878897352,1,A,False,False,True,False,False,False
158.8941239559933,18,0,0.6356525832735141,1149.916564681272,3,0.5610990702983375,0,A,False,False,False,False,True,False
189.10439208837883,7,1,4.626557404854491,636.3476046632923,3,0.7535917168429306,1,A,False,False,False,True,False,False
5.957045074810242,16,0,2.956267217187741,495.18133991382194,4,1.1567865394728891,0,A,True,False,False,False,False,False
17.89617437198008,18,0,15.738746905185716,813.3613310693636,2,1.2509530777039322,0,A,False,False,False,True,False,False
9.062680107296648,11,0,28.156480497713876,1821.083426727327,5,2.653176063456811,1,A,False,False,True,False,False,False
25.027401351805935,22,0,5.621682599293695,249.3732575140611,2,1.5092470992865532,0,A,False,False,True,False,False,False
49.39624633826821,14,0,12.933838566840478,330.42393303563534,3,0.8813562266361845,0,A,False,False,False,True,False,False
9.58716990487836,3,0,19.65696922713405,674.48992828952,5,1.3045778139157953,0,A,True,False,False,False,False,False
18.061240335860102,22,0,7.624624152646115,261.0555992834258,4,1.1794261856418153,0,A,False,False,False,False,True,False
16.366738800778624,11,0,1.0294128271766039,353.05778938637303,5,1.0246100834013512,0,A,False,False,False,False,False,True
70.01579050678914,12,0,3.9046015016160567,2095.54688738157,2,2.2966964841108486,0,A,False,False,True,False,False,False
59.33582199281546,13,0,32.192159470831136,772.3131671380919,1,0.7309053915467237,0,A,False,False,True,False,False,False
22.96370522886689,4,0,26.10005699108106,557.39930409192,4,1.3502309735430849,0,A,False,False,True,False,False,False
67.50387789788259,21,0,1.3576126920110572,1226.5564370587358,4,1.337885086401827,0,A,True,False,False,False,False,False
28.331773078698596,15,0,3.8030502427047477,1202.3012626546122,5,2.48085292686523,1,A,False,True,False,False,False,False
39.409774433641395,6,0,21.990799973775346,2784.1074982067103,1,0.35645845500201356,0,A,True,False,False,False,False,False
406.7271259420866,14,0,9.980010613277981,264.1099528903809,1,1.8364741167196286,0,A,False,False,False,False,True,False
272.74935561122214,12,0,21.40468495709662,522.6175121450569,3,0.5745961678904375,0,A,False,False,False,False,True,False
11.4788075745847,15,0,3.556592491463331,680.2024931629129,3,0.46523978848676933,0,A,False,False,False,False,True,False
147.7732348004226,11,0,45.76808464873646,1499.5332857187357,2,0.6222627433441481,0,A,False,False,False,False,True,False
144.55728505944896,6,0,22.959917310653267,11086.863159225615,3,0.4772601054712917,0,A,False,False,False,False,True,False
13.764379417619601,15,0,3.2994602613910406,1753.0367729334412,7,1.8097482881053688,0,A,False,False,False,True,False,False
145.84336050374685,22,0,12.261933072144382,886.5151847507578,3,2.2423625603094792,0,A,False,False,True,False,False,False
345.6816628877481,22,1,1.8002970670189735,415.4550739351826,2,0.7030609987362703,0,A,True,False,False,False,False,False
14.1958012250596,12,0,6.727972771209916,375.87711621269295,2,0.9009441398074439,0,A,False,False,False,True,False,False
18.155918846286763,22,0,16.165449882873954,2258.6356544160344,4,1.7599863078472655,0,A,True,False,False,False,False,False
185.15508296542606,2,0,6.010022456366653,580.6672812541441,4,2.3059014663516493,0,A,False,True,False,False,False,False
75.62556391048523,14,0,16.03981041350967,826.1144365813061,1,1.0781851425900382,0,A,False,False,False,False,False,True
105.82338553346291,2,0,4.211182088983188,4129.10213342206,3,0.803031407660381,0,A,False,False,True,False,False,False
82.16316273286652,6,0,19.159273812171154,278.18932402528844,2,0.4917031908773176,0,A,False,True,False,False,False,False
87.2550208611843,17,0,6.684690261260294,1361.5608723567134,2,0.5492782960635998,0,A,False,False,False,True,False,False
11.114309764488674,13,0,23.444132169375642,532.2369707868005,3,2.25783690672722,0,A,False,False,False,False,False,True
191.86293712202342,17,0,2.2047201234571,4060.3186050544896,3,0.5521861556078449,0,A,False,True,False,False,False,False
222.1844718084831,18,0,6.740736511362761,517.5661784398342,6,1.216365438610885,0,A,True,False,False,False,False,False
41.460082924673934,13,0,9.352426601609851,1872.6947925079116,6,0.8862540197654843,1,A,False,False,False,False,False,True
51.82266802601396,19,0,8.270692014163629,258.1287878994224,6,0.8415886697936217,1,A,True,False,False,False,False,False
8.694329199035051,5,0,8.513439956777908,3799.4914903662207,0,0.46019453933314136,0,A,False,True,False,False,False,False
101.20070337968968,7,0,8.826493105067534,2288.791167455185,2,0.8949683754780015,0,A,False,False,False,True,False,False
108.46948943343739,6,0,67.3823445471221,702.7812651904039,5,2.261686121728658,1,A,True,False,False,False,False,False
50.67186266916188,19,0,3.219394580083051,1501.7501597825974,4,0.9942374302551544,0,A,False,False,False,False,False,True
210.4449359242971,17,0,21.958250207540026,2358.689356206404,1,1.3272316879979302,0,A,False,True,False,False,False,False
36.56557861283681,17,0,12.037360303957422,1239.255189624778,2,0.47948917305277255,0,A,True,False,False,False,False,False
107.5038983974292,14,0,8.007023873582554,803.6487057831008,2,0.945280392727608,0,A,False,False,False,True,False,False
16.06114166649381,19,0,15.057526738653825,1013.8705988544673,1,0.9115030897991452,0,A,False,False,True,False,False,False
53.076667184200765,21,0,28.814167533429707,1197.534261715143,1,0.9408989329016391,0,A,False,False,False,True,False,False
44.29070743128393,18,1,9.428333898636675,1147.1937102974011,2,1.240359036031757,1,A,False,False,False,True,False,False
71.54806820803807,21,0,30.015153613143298,1552.4901645699626,2,1.1299079813750386,0,A,False,False,True,False,False,False
35.0427128783988,20,0,1.4774011404427267,484.4446626916964,2,0.6112634378871632,0,A,False,False,False,True,False,False
46.629476551986876,20,1,15.88009864759156,652.908903260801,1,0.6939732219858222,0,A,False,False,True,False,False,False
147.12118070654995,1,0,6.078528397713864,802.6087456133141,7,1.000353767453576,1,A,False,False,True,False,False,False
32.32635737646061,7,1,7.333890872075735,1598.4702874644847,5,2.8883699742191493,0,A,True,False,False,False,False,False
7.941542128343838,20,0,12.695166007769059,322.96754432350104,2,0.6868526792958134,0,A,True,False,False,False,False,False
445.6352022011425,10,0,9.806497153978848,1240.3151529886716,2,0.7927577899644656,0,A,False,False,True,False,False,False
286.501821651232,17,0,7.213649843721225,2048.017757806105,1,0.8476395039335798,0,A,False,True,False,False,False,False
11.580061301537228,22,1,5.529552077834048,1139.929020305506,1,1.1801244124213828,1,A,False,False,False,False,False,True
124.91698120468551,12,1,14.44740614574506,1164.6437624618702,2,1.618685231997126,0,A,False,True,False,False,False,False
29.857327148802778,8,0,10.56553824574585,860.9169903520791,4,1.2141753249223475,0,A,False,False,True,False,False,False
74.90230454922279,8,0,5.858110817208815,1152.618562673125,3,0.5955971931095186,0,A,False,False,False,False,False,True
77.716606065563,16,0,3.440461990071898,770.5576626143971,2,1.369639281578258,0,A,True,False,False,False,False,False
41.21122371902246,6,0,22.339411381943243,959.9615183934835,6,2.1355993940911575,1,A,False,False,False,False,False,True
21.316495322700735,8,0,24.120203249393505,770.2197042293428,10,1.0220610658475473,1,A,False,False,True,False,False,False
23.839663739727893,21,0,3.6079344649192233,950.0340844271882,0,0.8776376472947212,0,A,True,False,False,False,False,False
18.18450215577075,0,0,4.550039634451795,850.5903810425784,3,2.400637395909785,0,A,False,False,False,False,False,True
20.12199207703665,1,1,4.099648184934443,426.25803859313135,2,0.519064625077685,1,A,False,False,False,False,False,True
50.36951101964199,3,1,32.38633183832097,328.8223603870711,4,1.0689834193217032,1,A,False,True,False,False,False,False
23.129017847586145,13,0,22.316960303073742,1168.3911733803695,5,1.1916953149694491,0,A,False,False,False,False,False,True
123.77463828141634,3,0,1.1625088766606952,1777.7498688571231,1,1.1588206400637342,0,A,False,False,True,False,False,False
325.2829394135071,1,1,26.81644746098723,3802.430996694025,1,1.378239336514699,1,A,False,False,False,False,True,False
27.219567562905194,7,0,0.5632200969343835,2638.732813716792,4,0.5554791622121612,0,A,False,False,False,False,True,False
72.76866237478114,17,0,4.379363811466842,2260.5688133604485,3,0.8745266562451078,0,A,False,False,False,False,True,False
99.44673084020278,18,0,37.69799641183357,1317.3482549849466,3,0.8264926527520817,0,A,False,False,True,False,False,False
96.19743798102402,13,1,29.963090340408726,1206.3911450656703,2,0.5715827530497495,1,A,False,False,False,False,True,False
59.808412092065424,19,0,22.810044083567867,583.2816784097091,4,0.48517265568429413,0,A,False,True,False,False,False,False
133.11573023898796,9,0,9.174813834348166,532.8310999751073,2,1.8830703325276517,0,A,False,False,True,False,False,False
97.3875854633937,16,0,5.8161630963527085,1277.1783021635747,0,1.0844218502779248,0,A,True,False,False,False,False,False
12.364198677937946,7,1,31.99843811889673,562.2830153630774,0,0.6245235111328294,0,A,False,False,True,False,False,False
154.93214970877943,13,0,16.053612926471477,1019.9760482475763,1,0.6255162900497167,0,A,False,False,True,False,False,False
158.34069431874917,20,0,5.254192754823736,148.67874706797699,2,0.9824804904391637,0,A,False,False,False,False,False,True
21.846848440059954,22,0,9.331830216783384,1593.5366956654018,3,1.5765602629533821,0,A,False,False,False,False,False,True
57.141200280275406,7,1,31.992662910512824,479.2414236305154,2,0.6434491159480129,1,A,False,False,False,False,False,True
123.96444509362175,4,0,35.06625862405258,349.9451982908807,2,1.3216826263596848,0,A,False,False,False,True,False,False
42.47108181724509,15,0,16.151386506311646,1954.6499850046337,1,2.060824180858833,0,A,False,True,False,False,False,False
197.8627596565849,7,1,19.78266839345223,2369.560761008157,3,1.3123323767586659,1,A,False,False,True,False,False,False
931.3610338286214,9,0,0.6013625724034034,1024.97610283572,3,0.6685455101344879,0,A,False,False,True,False,False,False
21.259774388466003,7,0,13.917879781556612,617.8872788710604,2,0.9462598771968223,0,A,False,False,False,False,False,True
10.40978757142471,8,1,17.519077067627226,1948.128636055077,3,0.8604970168902837,1,A,False,False,True,False,False,False
78.61655610527151,17,0,0.30881438022570923,592.7645458030884,1,0.7886323700860769,0,A,True,False,False,False,False,False
129.78445113558436,2,0,27.854936350019354,966.7015206715992,5,0.9891739505740405,1,A,False,False,True,False,False,False
41.38673220745003,16,0,39.525832660423326,3224.869190029347,3,0.7719027481830166,0,A,False,False,False,False,True,False
312.283926862358,19,0,4.075879964952846,1480.6146854470726,5,0.6252732362830914,0,A,True,False,False,False,False,False
10.953653354878643,14,0,28.042176620965293,1056.8782141492745,6,1.2605332490274428,1,A,True,False,False,False,False,False
125.39921242013796,20,0,16.42734024886829,879.4411723751522,1,1.6014291165738292,0,A,False,False,True,False,False,False
26.3895214104501,16,1,13.03737982895118,1135.76442324911,3,1.6754024920709794,1,A,False,False,False,True,False,False
429.7714206429283,7,0,27.78468263848152,1356.6933393926365,4,0.5995871418590453,0,A,False,False,False,False,False,True
596.4637233234834,1,0,5.044904958183775,445.67246327356435,2,1.6554967602306396,1,A,False,True,False,False,False,False
21.758665558267246,16,0,23.470996779623718,2883.0548204756806,3,2.2179044690069474,0,A,False,True,False,False,False,False
28.234127376501576,17,0,5.664556141333163,760.1295469174975,4,0.5918393647761573,0,A,False,False,False,False,True,False
153.16342129055477,4,0,23.229132113456167,931.1121883830127,5,0.6397026618478944,0,A,False,True,False,False,False,False
34.310218328338756,8,0,8.996328201786792,2102.5310016317308,4,0.5330446067205721,0,A,False,True,False,False,False,False
51.702520796643014,8,0,1.865524898945804,979.284327816375,3,0.577532137245765,0,A,False,False,False,False,False,True
56.28714083191441,1,0,7.207352971549306,2219.020434545723,4,2.0435796453472563,0,A,False,False,False,False,False,True
5.45423413509783,1,0,3.988677170704176,1056.1430691284759,2,0.6362232251566834,0,A,False,False,False,True,False,False
53.69901746933019,18,0,1.5892695318371368,1187.3347133809136,3,1.4300081252976824,0,A,False,False,False,False,True,False
23.862941032497805,22,0,1.7528462561495395,1302.8353963797824,1,0.46226894221932113,1,A,False,True,False,False,False,False
30.212405347125205,2,0,22.7167848593792,1479.0047719124432,6,0.5059313982579811,0,A,False,False,False,True,False,False
308.69644152894267,16,1,31.97971028533874,1715.7451004206007,2,0.6709059079133913,1,A,False,False,False,False,True,False
12.087740133693485,13,0,39.285992449273635,2544.2603002819037,4,1.3375838432594658,0,A,True,False,False,False,False,False
144.8713669337099,13,0,28.85670063828655,2426.2447565537336,5,0.9057398747195337,1,A,False,True,False,False,False,False
39.0656859152734,13,0,26.599138963101186,581.3643892812817,2,0.9661572149842059,0,A,False,True,False,False,False,False
39.02833020010501,5,0,1.0697955462917794,3509.9643334524167,3,0.6746075800758478,0,A,False,False,False,False,False,True
140.95578720189113,2,0,23.41854701729823,281.3476685288248,2,0.7607848101595696,0,A,False,False,True,False,False,False
82.1101430162,0,0,22.937420303957868,661.8489712528143,3,0.5642479420482062,1,A,False,False,False,False,True,False
108.28163849640595,15,0,2.111195699928164,982.1744515238711,1,1.4092047864228112,0,A,False,True,False,False,False,False
174.4820014272514,3,0,16.271050459323128,431.38145519305255,2,1.189541273332128,1,A,False,False,False,False,True,False
36.68727410077838,0,0,9.03609325960334,1371.7710565578252,6,0.8600376922650217,1,A,False,False,False,True,False,False
26.188383081176305,16,0,34.540805052896886,1982.0528016314333,2,0.8462569618685236,0,A,False,False,False,True,False,False
14.847319859682795,17,1,17.83174938890242,620.1122580125464,2,1.1451186348738747,0,A,False,False,True,False,False,False
20.277408083576095,7,0,45.23520980259475,1588.8402946282256,2,1.6077468543195947,0,A,False,True,False,False,False,False
1879.7861707086581,1,0,1.6626770187209035,2141.964025446732,7,0.7259713977605254,1,A,False,False,False,False,False,True
243.13467231548537,17,0,0.621822208942058,233.12694529804614,0,1.4015147451648349,0,A,False,True,False,False,False,False
10.790981732673744,15,1,54.504145070207315,1260.6661384276879,4,0.7264754565030453,1,A,False,False,False,False,True,False
11.167976612978311,9,0,1.2538575283714548,1478.2980263853901,5,0.8909396012335012,0,A,True,False,False,False,False,False
97.34284915009746,7,0,7.321189924001679,526.4896510011304,4,0.9066784037143186,0,A,False,False,False,True,False,False
105.2899272430444,11,0,15.746072873912343,421.5992733140407,4,1.746241560158099,0,A,False,False,False,False,True,False
105.49468815225583,21,0,31.81103888313601,632.5649054232606,2,0.7846912876978238,0,A,False,False,True,False,False,False
40.207479990658044,15,0,4.4070579508083325,944.214878607051,5,0.35702553457442054,1,A,False,False,False,True,False,False
46.967453729389106,11,1,0.442331444038918,601.5254502008349,2,0.6163730030344309,0,A,False,False,False,False,False,True
80.91954819995233,10,0,11.049803826537884,1710.355541771727,4,2.6439457272501627,0,A,False,False,False,True,False,False
60.52591422055908,19,0,9.554679421447577,1542.1126092217728,2,0.43748007915688697,0,A,True,False,False,False,False,False
3.8069926726840406,18,0,5.498567301225266,1481.3972955726892,2,0.3907686041943149,0,A,False,True,False,False,False,False
41.43974495244276,0,0,31.060125302623593,3000.5640089253566,7,1.4985135621918066,1,A,True,False,False,False,False,False
19.654617124600453,2,0,20.75380074650082,1837.861129510164,8,1.411902175451608,1,A,True,False,False,False,False,False
67.37363051335696,11,0,29.291222361469202,1375.6882938446138,5,0.8326508140797285,1,A,False,True,False,False,False,False
1963.1602047048718,8,0,2.647638487462035,411.6985554770321,6,1.3021756586893984,0,A,False,False,False,True,False,False
84.85789200152527,20,0,17.684908804889997,2768.3116155134844,4,0.802449573223637,0,A,False,False,True,False,False,False
37.4783853672544,21,0,55.39435760215143,3020.9737251532315,6,0.6146424516074839,1,A,False,True,False,False,False,False
165.0356980590142,4,1,14.19792053479799,842.8016226007717,1,2.339781040105302,0,A,False,True,False,False,False,False
97.43889510384622,0,0,2.8196211651679035,573.951093566552,4,0.7153448410785762,0,A,False,False,False,False,False,True
90.38816932563415,9,0,82.02020446746916,2005.5302832359112,1,0.5094299954893848,0,A,False,False,False,True,False,False
113.09415613110555,16,0,11.271931239680834,255.63041558067286,2,0.43060049398174405,0,A,False,True,False,False,False,False
644.0988948816101,3,1,27.494255940329964,1508.219498628497,3,1.9255131930514062,1,A,False,False,True,False,False,False
14.054377001342306,14,0,2.426519598283451,3631.610079768323,1,1.089879929610281,0,A,False,False,False,False,True,False
96.3857618612981,18,0,16.45353606940719,808.4136134873003,3,1.5216758284383511,0,A,False,False,False,True,False,False
17.963512980945108,7,0,36.56193770156354,1331.0971381433083,3,2.5341186159420195,0,A,False,False,False,False,False,True
106.33719984248698,22,0,11.389875882223109,1188.9476389070246,4,0.7753589784599975,0,A,True,False,False,False,False,False
18.130147967690995,14,1,5.10907273396813,2526.6641946164473,4,2.8866926868747758,0,A,False,True,False,False,False,False
33.08764082469265,6,1,2.0445455018235665,1193.8001224831867,4,0.9410759608894583,1,A,False,False,True,False,False,False
38.31694026295211,14,1,5.263474880988267,833.6624025295844,1,1.03773854640012,0,A,False,False,False,True,False,False
176.08732965782892,7,0,6.574881719310779,325.2628741597735,3,2.011279418895095,0,A,False,False,True,False,False,False
164.3741665878016,22,0,18.56579337646601,1182.5124056524535,3,1.020780992982079,0,A,False,False,True,False,False,False
12.245262754317306,9,0,2.9515670915620547,1037.0649588020017,3,1.5193549910260948,0,A,True,False,False,False,False,False
58.31859132653887,17,0,1.6825019843954734,215.3677766017305,0,0.7862073396715001,0,A,False,False,False,False,False,True
23.30118398997479,3,0,7.339375798585265,490.1376364755134,3,1.2211605499691403,0,A,False,False,False,True,False,False
12.05879304603961,14,0,9.205439094009295,679.863155386232,2,2.014800270622625,0,A,False,True,False,False,False,False
42.08029334328201,10,1,14.848455710809207,679.9764674242599,4,1.3499881130057896,1,A,False,False,False,False,False,True
37.70605357531043,21,1,18.44096446546783,1072.155328735108,3,0.8138378568379081,1,A,False,True,False,False,False,False
1004.3137823197279,2,0,33.010951409830916,1004.4370833515575,4,1.0407640314069053,0,A,False,False,False,False,True,False
91.7944456076687,14,0,5.115263139461018,1042.9371190087484,1,0.8162786961659751,0,A,False,False,True,False,False,False
10.452686211339946,2,0,11.28097324818707,6685.303602101541,3,0.9618195056375728,0,A,False,False,False,False,True,False
27.72324400286418,14,0,6.836557993803116,770.3618997439942,4,2.124549959074304,0,A,False,False,True,False,False,False
185.98387092854642,5,0,0.021340253482487224,547.0298430027387,3,1.0687190282739338,0,A,True,False,False,False,False,False
669.2323621777507,0,0,12.992230183058503,3841.412281971602,3,1.536411217092512,0,A,False,False,False,False,False,True
8.140242944367365,13,1,25.375677760063912,3537.4215628636466,6,1.2848073017487662,1,A,False,True,False,False,False,False
5.720697496087871,15,0,0.556799801585833,461.38090887830765,2,1.9155210450277,0,A,True,False,False,False,False,False
515.5107776655574,0,0,0.05246803530383513,2895.005106321676,1,0.5929734917636318,1,A,False,True,False,False,False,False
87.14182927565552,20,0,19.519287184875427,250.300526891134,2,1.109295069091808,0,A,False,False,False,False,False,True
19.26035275741805,16,0,17.273538835401396,10897.751617515703,4,2.530270646934429,0,A,False,False,False,True,False,False
103.70547427164341,7,0,7.809405145389355,4565.440902379769,5,0.7202311701479319,1,A,False,False,False,False,True,False
2.309665509991923,17,0,16.253116154217352,1678.318596462495,4,2.9869981783001367,0,A,False,False,False,False,True,False
54.81975424479073,15,1,45.98783864668183,2179.5121296718357,1,0.6551155191117564,1,A,False,True,False,False,False,False
80.9138822837433,5,0,4.272547804279557,1563.9554801630698,1,0.8720942458077561,0,A,False,True,False,False,False,False
165.5253189064805,9,0,4.233983414702969,647.2777153528513,3,1.4976492177522736,0,A,False,True,False,False,False,False
16.172703585772606,9,0,3.091203262697482,2854.153609435791,3,1.0790539436094309,0,A,False,False,False,False,False,True
60.510965326743374,4,0,19.309596106137274,3245.1807240668127,1,0.36404382477015984,1,A,False,False,False,True,False,False
17.984143423281488,11,0,6.535522692677339,612.8958645072028,2,1.2270327042938758,0,A,False,False,False,False,True,False
74.17747308262734,19,0,67.23517689040165,1068.9108877462575,5,1.0700946256186585,0,A,True,False,False,False,False,False
18.64511931968552,16,0,18.810524088108956,408.89359175712485,1,0.7628443045103398,0,A,False,False,True,False,False,False
33.45760091865661,13,0,6.86820647557018,1055.6175753884443,1,0.8816338125682069,0,A,False,False,False,False,False,True
16.527431675888074,13,0,2.4234267109002277,885.2851146479559,2,0.35656449177136146,0,A,False,False,False,False,True,False
119.26685842160629,2,0,13.448233968760926,2986.899110896233,6,0.7600674531160759,1,A,False,False,False,True,False,False
152.9546297734364,11,1,5.241303839018029,3946.8480867929775,3,1.440088924926019,1,A,False,False,False,False,False,True
41.20070286545498,19,0,35.388773212103814,468.2834287219182,2,1.0902049968015883,0,A,True,False,False,False,False,False
57.161785757187594,17,0,8.734942531738383,2029.0235202310178,2,1.6582555173023907,0,A,False,False,False,False,True,False
9.599301183509027,11,0,5.193444539165719,2216.5926598786887,2,2.5329638737124216,0,A,False,False,False,False,False,True
38.106620078946,1,1,13.321082746879378,270.88817739272173,0,0.6622259386452789,1,A,False,False,False,False,True,False
51.40597750391017,1,0,2.2096656205855036,2373.222599373603,3,0.6409035015890319,1,A,False,False,False,False,True,False
1267.6901060093774,16,0,12.367610760648839,336.13151184574235,3,1.608569766087732,0,A,False,False,False,True,False,False
14.37714178136149,9,0,0.8662081719340753,728.5250884279955,1,0.9252830684611727,0,A,False,False,True,False,False,False
316.4017245775225,17,1,14.004936820045073,533.3574953378319,3,0.9129673376674295,0,A,False,False,False,True,False,False
180.59022748841238,21,0,11.330568736502123,312.0328215503586,3,3.866004043292416,0,A,False,False,False,False,True,False
76.45969088201217,18,0,11.033493687628708,2651.904574847409,4,1.8669043556435287,0,A,False,False,False,False,False,True
450.49392008661556,20,1,17.288001194410608,516.0677760235366,3,1.082829733770019,1,A,True,False,False,False,False,False
85.330040495899,0,0,0.682126652786806,798.6860054025917,5,1.291889982038728,1,A,False,False,False,True,False,False
87.09426473597325,23,0,9.235334629630579,1090.6654888616872,5,1.1124796567441058,1,A,False,False,True,False,False,False
51.22640984686122,3,0,8.805847874877342,1987.0174060520728,2,0.5184398597059049,0,A,False,False,False,False,True,False
237.05274257869425,3,0,9.236750026252887,505.26995986123194,2,1.1932196487224356,1,A,True,False,False,False,False,False
203.5197558618901,1,0,58.59879546072543,1619.6920680484884,3,0.9327963024314676,0,A,False,False,False,True,False,False
25.769387463148718,18,1,2.249763851543331,911.6136360772704,3,0.7208507604858607,1,A,False,False,False,True,False,False
11.211088873424929,20,0,17.588553846291457,489.57641345027815,3,0.8266205533124902,0,A,False,False,False,True,False,False
42.79508395495552,11,0,7.712370987287743,2480.9733680810527,0,0.5352644107473358,0,A,False,False,False,True,False,False
20.90427581974199,9,1,10.753194436809279,5783.503130071251,3,0.4633827802282688,1,A,True,False,False,False,False,False
50.590838898314885,12,1,21.557115646037815,1290.97624820696,2,0.707126391626768,1,A,False,False,False,False,False,True
241.03104957939183,21,0,2.5685067756077133,673.7267534992636,0,0.6580005156595009,0,A,False,False,True,False,False,False
31.53941438210146,22,0,21.63251164661108,608.7680052333754,4,2.6140109666037694,0,A,False,False,True,False,False,False
51.86332756443757,19,0,1.0938965461489094,2090.4617303598393,4,2.0177981687217614,0,A,False,False,False,False,True,False
58.53514141127383,22,0,9.904668771960868,1108.5591211828553,3,0.796625435463218,1,A,False,True,False,False,False,False
151.12647343231575,14,0,20.32605561042066,468.7824535152158,3,1.3032949501837094,0,A,False,False,False,False,False,True
3.6830190107947387,2,0,3.2081392157569653,283.0003825595495,4,0.9968989655426023,1,A,False,False,False,False,True,False
26.362950815172926,22,0,22.104974779966593,1487.677526798518,3,0.7665844195754041,0,A,False,False,False,False,True,False
70.35405559565478,19,0,2.737448706308818,398.51048465930995,6,0.6251149835792469,1,A,False,False,False,True,False,False
230.46401836471438,12,0,24.084583836434476,794.6855548713258,4,0.8527464910582567,0,A,False,True,False,False,False,False
30.25668231306256,7,0,9.493079003109727,4035.8438134712005,2,0.7855133988799298,0,A,False,True,False,False,False,False
5.743890411291413,6,0,17.310527189464928,564.0195931125016,3,0.9252245279731254,0,A,False,False,False,False,False,True
114.8530787131497,23,0,37.407356850015724,2547.699424939042,1,2.7932198226392795,0,A,False,True,False,False,False,False
25.471626169233748,7,0,7.874413962681363,484.4611914003909,3,0.9544967344801631,0,A,False,False,False,False,True,False
13.097220198363171,17,0,3.978196551421142,2207.797164693315,4,0.5369074018341357,0,A,False,True,False,False,False,False
25.810607022555374,8,0,30.279610825275217,1737.3394838642548,5,0.9040452397806146,0,A,False,True,False,False,False,False
43.75341079585707,5,0,2.6441973391157254,1620.585656193607,4,1.7903004959689512,1,A,False,False,True,False,False,False
26.424890886058293,3,0,14.973743718522824,673.8939456460038,2,2.7716176098308662,1,A,False,False,False,False,True,False
3.870256297067052,14,0,38.508671015288826,1825.3202975566956,3,0.5083838245708754,0,A,True,False,False,False,False,False
160.20903579598846,4,0,16.83113317796192,1479.8032625367225,3,1.0219161131603993,0,A,False,True,False,False,False,False
252.10610476127758,4,0,3.266391428457993,4965.923071824994,2,1.1970799185360133,0,A,False,True,False,False,False,False
119.32207976105468,6,0,2.4781432206300176,669.9725118517991,4,1.6536337465605286,0,A,False,False,False,True,False,False
13.940206176325008,8,0,4.361412727350627,3068.036134748243,3,0.9166826345027547,0,A,False,True,False,False,False,False
42.87162388861324,6,0,7.449079031306959,533.5201438813483,4,1.0040968789530489,0,A,False,True,False,False,False,False
54.17255537048139,8,0,2.6002910310618925,905.93172876545,4,0.8110331139812231,0,A,False,False,True,False,False,False
112.00609253777405,19,1,23.97851312678368,657.9924151236222,3,0.5210799923158783,0,A,False,False,False,False,True,False
121.75472697451357,9,0,6.624982821484188,737.780703531798,7,1.6038123008815754,1,A,False,False,False,False,False,True
22.623550957685534,3,0,41.2534254515823,966.9011641259079,2,0.6218089970492342,1,A,False,False,False,False,True,False
60.24349909410723,5,0,27.724077244107193,3475.1700528372803,7,0.45615839380097817,0,A,False,False,False,True,False,False
94.51291440551034,23,1,35.92350977959585,1580.2120593512288,4,0.7914341035797934,0,A,False,False,False,False,True,False
313.2453616789221,13,1,5.232572726065153,2943.228138876134,4,0.43196745986018925,1,A,False,True,False,False,False,False
127.15513135896335,8,0,12.790289285563642,1109.4954242132858,5,0.8170297027875423,0,A,False,False,False,True,False,False
140.73349913200596,0,0,5.816946002688177,3060.0551563474482,2,0.7946952001057132,0,A,False,False,False,False,True,False
60.3760168166906,16,0,4.45484907987659,1315.019999873759,1,0.9552655967508008,0,A,False,False,False,True,False,False
296.64940122431267,12,0,14.01249763208845,583.2382711641101,3,0.7875252876335203,0,A,False,False,False,False,False,True
89.27445200235009,23,0,25.555848163613447,2552.428419673607,3,1.0282105008863633,1,A,False,False,False,False,True,False
19.427595577521423,6,0,1.4740822326919647,3594.3617582563347,4,2.5537751461654232,0,A,True,False,False,False,False,False
294.1365055428626,8,1,4.839668208184731,1827.4074976475692,5,0.287043175069324,1,A,False,True,False,False,False,False
126.15154559419275,10,0,3.443729393426376,2131.761619831894,7,2.147862968417377,0,A,False,False,False,True,False,False
32.08366989395065,2,0,24.01833924538811,3051.298356031394,5,0.48720247735137656,1,A,True,False,False,False,False,False
30.71061742056622,11,0,40.62947199581159,883.5618833477693,5,1.2531956486442188,1,A,True,False,False,False,False,False
77.9362086431133,20,0,1.2497900900702354,617.4784383203607,2,1.887406616621436,0,A,False,False,True,False,False,False
95.18494174330924,2,0,7.151518786334016,1465.8026405733567,2,0.9082106691603988,1,A,False,False,False,True,False,False
69.18269220926972,14,0,36.89017007136012,4364.072471875136,0,1.1065953118238427,0,A,True,False,False,False,False,False
79.32635414183724,20,0,6.338517911758825,1395.4213852546054,6,1.4441249463594035,0,A,False,False,True,False,False,False
419.8715576937797,9,0,18.70641141101502,1814.8629302763768,2,1.6876010546608449,0,A,True,False,False,False,False,False
197.52235793770234,0,1,1.5915182906556773,1164.193709002811,6,0.5567706553838124,0,A,False,True,False,False,False,False
68.63226157402761,13,0,8.815263405763664,1388.0544088878487,6,1.23303530029106,0,A,False,False,False,False,False,True
168.9449119379841,19,0,10.496559275387044,718.8016876339237,3,0.9698712427956486,0,A,False,False,True,False,False,False
15.815197040460182,5,0,21.261456117844315,1700.3916384438608,2,1.2812654174506721,0,A,False,False,False,False,False,True
88.01545815783874,1,1,5.112543838926679,2213.272379087679,3,1.2775851549114838,1,A,False,False,False,True,False,False
478.7447716883083,22,0,4.601721086787956,329.63555528569384,4,0.9699858285683102,0,A,False,True,False,False,False,False
42.02837248331642,7,0,5.413852276099045,329.99797713999976,1,1.0055130627675513,0,A,False,False,True,False,False,False
19.74379541243126,0,0,12.16871116954933,269.59222362165576,1,1.3109119923561614,0,A,False,False,False,True,False,False
24.96546160052054,3,0,31.312639597022912,3570.160240469856,5,0.7999798573403152,0,A,True,False,False,False,False,False
14.76767034394552,3,1,26.66264786501292,523.3053884617822,1,1.4609626728314757,0,A,False,False,False,False,True,False
21.291026870021177,4,0,0.8953847472724566,1452.9946099295862,2,0.6912802387061784,1,A,False,False,False,True,False,False
35.001477738284294,19,0,31.673907316862962,4573.402386743664,0,2.6960043527716313,0,A,False,False,False,False,False,True
10.107923052735348,8,0,1.4991179711363976,1430.8429975824297,4,1.2771420304121797,0,A,False,True,False,False,False,False
55.631077933612,22,0,8.05107898673867,1654.7988851399377,1,1.1354619360345843,1,A,False,True,False,False,False,False
161.21398929657371,12,0,21.748383983910927,558.6369852624655,4,0.7528288718480752,0,A,False,False,False,True,False,False
18.36951659240123,17,0,1.2753808451750779,1431.629780590984,6,0.942592282978657,0,A,True,False,False,False,False,False
338.03204827511166,16,0,0.6185762224950047,494.68580994745594,2,1.2397300189197922,0,A,False,False,False,False,True,False
100.78106655843476,0,0,6.007069550239022,239.2121567811612,1,1.8596300027935388,0,A,False,False,False,False,False,True
188.047897205163,21,0,19.63586747219723,1143.5280403010674,4,0.5637870565992054,0,A,False,False,False,True,False,False
24.793921823686187,14,0,11.064526971545302,1417.504100927892,3,0.5107996109781336,0,A,False,False,False,True,False,False
152.2357448741357,1,0,8.093569518446076,718.5915885245169,4,0.7939966544913523,1,A,False,True,False,False,False,False
14.726952517012162,15,0,25.155582169268524,603.472320067845,2,0.8179485270825064,0,A,False,False,False,False,False,True
158.9034843117761,19,0,21.83204702298874,924.5018671783685,1,0.8014521016990542,0,A,False,False,False,False,True,False
67.10155430727751,21,0,23.129717984887293,613.1507461949917,5,1.2698657238576792,0,A,False,True,False,False,False,False
106.04902253858447,4,0,9.23520578644817,1985.7683283642457,1,1.1236493058637227,1,A,False,False,False,True,False,False
13.320263847010445,21,0,0.2946130158275555,1567.8759192817656,2,0.8911450787514067,0,A,False,True,False,False,False,False
18.651306351024317,18,1,2.8336134780533673,4033.6741378081006,2,1.975577929167447,0,A,False,True,False,False,False,False
111.79578535171059,4,0,20.281317679301875,825.1733348562725,2,3.1591186896257923,1,A,False,False,True,False,False,False
17.496176912686824,1,0,20.986042558027858,1159.631793135792,7,1.3149104281048014,0,A,False,True,False,False,False,False
95.18739718456882,6,0,53.794091760880605,1259.9959186681608,6,1.2487285759046096,1,A,True,False,False,False,False,False
10.584965362347052,2,0,3.164270069553522,813.7104902668141,4,1.0386342377428088,1,A,False,True,False,False,False,False
151.07993312532085,16,0,1.9674721533397226,224.3503800520541,5,0.5723350983236551,0,A,True,False,False,False,False,False
12.440683409757819,23,0,2.2412471484728154,1564.172398171126,4,1.640800596014629,0,A,False,False,False,False,False,True
105.92803253875326,23,0,3.0646082703973043,7100.051759529965,1,0.8892559446682264,0,A,False,True,False,False,False,False
115.67182888068123,2,1,11.276535460759916,2439.343755462723,2,0.9715343730041872,1,A,False,False,False,False,True,False
23.662081209378368,12,0,55.46060924048888,5252.972607702143,1,1.0708270852586257,0,A,True,False,False,False,False,False
109.77489725656393,6,0,13.35318679402791,2247.1928380371546,1,0.5484582608786441,0,A,True,False,False,False,False,False
74.62911525592013,23,0,11.093775770998132,971.0966547294173,6,1.9316971211821357,1,A,False,False,False,True,False,False
28.599515369753256,2,0,16.78327637181164,1774.4856202379342,2,1.5222899529644631,1,A,False,False,False,False,False,True
16.27669579709338,14,1,1.1520881279069233,2580.9538133209303,2,0.6636003916100465,0,A,False,True,False,False,False,False
5.180228514117708,17,0,25.339732905760897,304.74545410324106,2,0.5936057308999722,0,A,False,False,False,False,True,False
83.06139696109389,9,0,15.614190648013132,1565.3382872156135,2,0.6745969539036276,0,A,False,False,False,True,False,False
8.349792384029273,22,0,2.8164955263482074,1013.5900203399466,3,0.6702841193098744,1,A,False,False,False,False,False,True
61.21627217133191,6,0,14.942815738715293,3575.841266811386,6,0.5700975319908801,1,A,True,False,False,False,False,False
39.79981009120727,8,0,13.602829385718106,1477.1356691870665,1,1.1701761424269257,0,A,False,False,False,False,True,False
123.34327607262082,4,1,1.0057729093293137,153.2018717545908,1,1.1638252737865342,1,A,False,True,False,False,False,False
37.9984511852239,19,0,4.65775622767505,1559.1700879988773,3,0.5365800569344366,0,A,False,False,True,False,False,False
36.76927788364611,7,0,7.437617378123977,210.71758075067385,4,2.7769376402916435,0,A,False,False,True,False,False,False
131.39983431724585,13,1,4.213348463316469,3039.0089351924407,0,0.6056482827189944,0,A,False,False,False,False,False,True
81.6196167887378,3,0,4.179084578653132,593.2936318895971,2,0.36368791020087327,1,A,False,False,False,False,True,False
79.78911954607652,19,0,12.76275903803643,443.8130261383397,1,1.3780294971736786,0,A,False,False,False,True,False,False
95.88227221072768,13,0,9.547505613577888,591.795096853367,3,0.9937065089563976,0,A,False,False,False,False,True,False
8.647873496377626,11,0,16.50735895153282,536.4968053167057,4,0.8239563484717408,0,A,True,False,False,False,False,False
135.38822822729276,1,1,46.99291035348238,968.1934102305671,3,1.0708142073206994,0,A,False,False,True,False,False,False
113.85919493219124,12,0,16.206696381560995,550.922274104736,3,0.9763785578487151,0,A,False,False,False,False,False,True
16.11870253132932,0,0,13.087550637982826,862.0730637075624,3,1.4180549908543578,0,A,False,True,False,False,False,False
40.73564190019544,19,0,28.214713024935666,319.3144555228375,4,0.9043035429937633,0,A,False,False,False,False,True,False
52.08261744754712,6,0,14.99806545854741,896.6665820029182,4,0.7809275319589543,1,A,False,False,True,False,False,False
46.46056362713183,8,0,2.7149394023413818,3422.3060024536157,3,1.1140326366718383,0,A,False,False,False,True,False,False
81.50235861441568,16,0,5.669544688393889,765.961109791481,3,1.4868855191405415,0,A,False,False,False,False,False,True
304.18623780814596,20,0,19.82785357733623,1806.80869209024,1,0.9524265079500408,0,A,False,True,False,False,False,False
199.96054522408187,22,0,20.11306977746489,401.4035267270073,2,0.9758356028703862,0,A,False,False,False,False,True,False
11.306038549333609,12,0,65.15218873265613,1743.68654132088,5,1.9099796930580377,0,A,False,False,False,True,False,False
115.17860244761496,22,0,14.791642672175628,2724.5740515332263,1,1.0233406156183176,1,A,False,True,False,False,False,False
269.002314443092,9,0,34.47070927940511,3429.49941572316,4,0.4818320973436813,0,A,True,False,False,False,False,False
86.84893454288833,15,0,0.8418950145050861,1287.6809424723147,5,1.0402619227062109,0,A,False,False,True,False,False,False
202.18366363532715,5,0,12.52834787087893,1876.4823578064397,1,1.003790847482817,0,A,True,False,False,False,False,False
610.7724911015104,15,0,37.85746132825655,393.6983169081196,2,1.1370830901408977,0,A,False,False,True,False,False,False
186.5037703677118,10,0,5.079246946230558,806.9583934355945,1,1.122108320098265,0,A,False,False,False,True,False,False
73.63867142894358,19,0,2.5240894691052516,578.115144072607,1,1.0078833916941772,0,A,True,False,False,False,False,False
191.3503744780556,2,0,6.473521289174507,1426.1906076484554,5,1.1778810946097023,1,A,False,False,True,False,False,False
64.96608728812727,8,0,23.57029895702116,718.6883567662439,2,0.546421528646637,0,A,False,False,False,False,False,True
56.18690102815428,14,1,1.3275643299310016,1899.6602975063186,2,3.097684583485092,0,A,False,False,False,True,False,False
35.81271210619602,12,0,13.757066046059226,7902.008631510299,2,1.0366765933098858,0,A,False,False,True,False,False,False
356.4150885140525,9,1,2.186343283926432,1803.0948116431955,5,0.5861610220523733,1,A,False,False,False,False,True,False
20.448010687650434,19,0,8.578085498543048,3392.513552940685,6,0.4786865786800837,1,A,False,False,True,False,False,False
343.3812237963702,23,1,50.71077837130373,425.1142479434256,1,1.2605972529081053,1,A,True,False,False,False,False,False
99.46809589625542,12,0,3.2563835223899473,1024.5654939306228,1,0.8201061493907574,0,A,False,False,False,False,False,True
10.184150001063122,16,0,0.5191286434043116,1304.3816206575289,4,1.1610996278821157,0,A,False,True,False,False,False,False
84.87496313971604,6,1,8.358367388612015,1155.2182408641809,3,2.8847028323295443,0,A,False,True,False,False,False,False
4.3928059471327225,5,0,12.93043303220967,4791.818034986351,3,1.013102167375892,1,A,False,False,True,False,False,False
115.6547685235703,12,0,5.2970268553380455,604.7959705819394,1,1.7225030313918013,0,A,False,True,False,False,False,False
157.94988190694096,16,0,11.705695204077331,1420.1236469479113,2,0.6131904011094664,0,A,False,False,True,False,False,False
26.820669847627382,14,0,45.99294755680235,157.1539343623544,4,1.1398354451183021,0,A,False,False,False,False,False,True
63.32354602776583,3,0,5.604500080621983,1540.309245925569,4,0.6529431984528677,0,A,False,True,False,False,False,False
569.6310784531267,14,0,5.55350454610886,1643.7453791056453,4,0.5607894563440096,0,A,True,False,False,False,False,False
29.758177104673923,13,0,9.888953474224389,1051.73749147905,4,1.0991634756721487,0,A,True,False,False,False,False,False
15.322324698645017,20,0,10.863882596943913,1504.5380906796645,4,2.099035251877125,0,A,False,False,False,False,True,False
323.11105348034886,10,1,0.020502894032973007,698.1322024396487,3,1.6216586435326925,1,A,False,False,True,False,False,False
575.4225431863141,23,0,14.351814001494443,412.72617772498245,3,3.8963057521878732,0,A,False,True,False,False,False,False
54.84081994766768,3,0,89.03958858178896,497.28718859031255,7,0.9744112510794071,0,A,True,False,False,False,False,False
183.78298689352133,2,0,5.179838319924042,554.4336736606524,3,1.1849463152324968,1,A,False,False,False,False,False,True
273.08172207166155,1,1,14.94665981444633,389.98906989718506,0,1.3945053839937387,1,A,False,False,False,False,False,True
22.39905837067417,19,0,0.06948551852745333,377.86693388996423,6,1.0588759322647132,0,A,False,False,False,False,True,False
30.497142709174607,9,1,13.907492798581858,564.5046763922146,2,1.558427244902859,1,A,False,False,False,False,False,True
239.14006248591454,12,0,8.887812154133908,824.7806355087529,3,0.7634133612328315,0,A,False,False,False,False,False,True
412.4096429763113,19,0,11.334697644823468,1218.6527226420862,1,0.7075351839488982,0,A,False,True,False,False,False,False
107.28158703007558,20,0,11.77581129838518,411.9384219315051,5,0.7736662220153349,0,A,False,False,True,False,False,False
18.995892580025814,22,0,2.9211290174119315,519.5240386570961,5,0.604098064750745,0,A,False,False,False,True,False,False
592.5725626032554,17,0,22.043060687074234,670.8784864611671,4,0.4313632389176191,0,A,False,False,False,False,False,True
28.87092180352559,20,0,12.161053232697313,1555.4233170085347,1,0.9255316704094266,0,A,False,False,False,False,False,True
36.51907265457489,15,0,4.724657447977718,421.53150101928793,1,0.32715180321277954,0,A,False,False,False,True,False,False
82.3357501343494,10,0,41.56042891524513,725.0121226721924,3,0.8181535302871076,0,A,False,False,False,False,False,True
352.4795142137015,9,0,0.1928399297177259,2387.3146511779278,3,0.355557909890982,0,A,False,True,False,False,False,False
152.13543926009572,8,0,19.415970792867412,580.7393264758118,3,2.2269051571407994,0,A,False,True,False,False,False,False
89.82277842479556,11,0,7.200450345202403,404.30795643371465,2,0.8186880052317677,0,A,False,False,False,True,False,False
95.19679127566405,18,0,11.089275165480174,1022.7236471416064,4,0.24516717699074528,0,A,True,False,False,False,False,False
57.52488302019715,0,0,5.169284709471701,563.9874865417645,2,1.0155129454577627,1,A,False,False,False,False,False,True
106.67292928213631,17,1,5.81258421030473,120.3548261055696,2,1.1420345790659745,1,A,True,False,False,False,False,False
2.6235488044333044,13,0,0.22923596770637472,1285.9288984527102,4,0.7403372348695278,0,A,False,False,False,False,False,True
38.24722654882571,21,0,19.63139608501974,2199.9494754691927,1,2.2400995692157304,0,A,False,False,True,False,False,False
72.93629011208958,20,0,18.60946940334076,1077.1921681999982,0,1.342674735889751,0,A,False,False,False,False,False,True
13.719018744454866,0,0,15.935284522051113,2526.420234023499,0,0.8841003047061015,1,A,False,True,False,False,False,False
86.79838203769658,16,0,31.549950876462006,1835.7726205379145,2,1.301424011426744,0,A,False,False,False,False,True,False
42.71860479462033,10,0,34.73012883032676,553.3995562170891,1,2.1697747927549296,0,A,False,False,False,False,True,False
448.79707552555,19,0,12.193979055452287,5651.1000450581705,5,0.5448114278592473,0,A,False,False,False,False,True,False
360.54748585577954,14,0,17.31933681668365,1417.875446118705,2,0.6634843695091932,0,A,False,False,False,False,True,False
31.219200839760585,3,0,0.16588995971016526,1544.170769518481,5,1.0126805801342786,0,A,True,False,False,False,False,False
45.558387548101734,14,0,28.095492247751714,495.33084109417916,2,0.4328453700846022,0,A,True,False,False,False,False,False
49.96201023162868,21,0,25.426033794638982,318.4040493298724,1,1.1535392020722557,0,A,False,False,False,False,False,True
31.75368014208076,21,0,0.306846476575785,460.94782064445974,4,2.2785109305919766,0,A,True,False,False,False,False,False
68.99472006234095,13,0,11.740342549660905,2289.482231213124,1,0.9387675975994658,0,A,False,False,False,False,False,True
21.978429988614884,21,0,35.57188625063285,4308.730970000956,4,0.45290680903536557,0,A,False,False,True,False,False,False
14.05898366313092,0,1,3.002175600221275,1381.604600895629,2,1.4933536957480165,1,A,False,False,False,False,False,True
115.26726422205478,8,0,6.522904913037352,1180.8856413636609,0,2.274681645692257,0,A,False,False,False,False,True,False
116.21425357666976,6,1,6.030771885326489,2377.468881411172,3,0.2564931210768334,1,A,False,False,False,True,False,False
20.797256696297854,22,0,6.59946191468453,3310.765623302782,4,1.3047327226126948,0,A,False,False,False,True,False,False
159.8804769342622,10,0,0.6418281294774231,343.2116038354621,5,1.3821842006583087,1,A,False,True,False,False,False,False
25.58757098018665,22,1,4.90711003077472,4033.3282316724553,2,1.2697404929859117,0,A,False,True,False,False,False,False
73.98025887432202,1,0,5.24030527745926,808.8435230841408,2,1.124584911892217,0,A,False,False,False,False,False,True
146.11775169923038,1,0,30.134416089059865,2610.2038772819933,3,1.0615874340791296,0,A,False,False,False,True,False,False
52.43975161643302,5,1,6.510654330117722,466.7970754884481,2,0.8775377740377018,1,A,False,False,False,False,True,False
94.22533500968345,22,0,8.89183933491501,2506.8984342700055,5,2.0963149617728796,1,A,True,False,False,False,False,False
29.37912615158586,18,0,7.188403938249353,348.2929381342911,1,1.0461011907985414,0,A,False,False,False,False,True,False
43.1309182141143,19,1,1.9289842219058047,2689.338189918759,4,3.3364654723635714,1,A,False,False,False,False,True,False
42.64750116730704,13,0,69.62246837087423,1834.774861500275,3,1.6053889694542856,0,A,False,False,False,False,False,True
22.28928309277432,2,0,26.215437494543377,311.80116401462305,4,1.0569796223201866,1,A,False,False,False,False,False,True
44.16227881602008,6,0,11.677971914374009,3042.1841778031758,4,0.6319821274615547,0,A,False,False,True,False,False,False
8.513541737407868,6,0,9.70439155023517,502.309785903707,4,1.3250600264436048,0,A,False,False,False,False,True,False
30.28387835512225,3,0,15.71542548815492,2736.2194290128436,2,0.6587163390005307,0,A,False,False,False,False,True,False
38.789492882425215,22,0,5.927475884889354,1231.0006241159956,3,0.7198808238420716,0,A,False,False,False,False,False,True
40.14846857220993,4,0,0.7738664549132614,404.63410156919906,5,0.8340030906403364,1,A,False,False,False,False,False,True
40.86210334574497,16,0,7.770694795738875,487.565453222404,2,0.527301953604246,0,A,False,False,True,False,False,False
50.69782245999836,3,1,62.00649188692481,24890.43753858228,5,2.410868581395381,0,A,False,False,True,False,False,False
97.06004636811672,22,0,3.019755005174052,6945.697018068496,3,0.5479365407600918,0,A,False,True,False,False,False,False
155.93207393927497,12,0,11.252281608142189,926.5402131075224,6,1.145757452134192,0,A,False,False,False,True,False,False
25.035172291467145,15,0,0.12836866506872266,1540.2663430993225,3,0.6715420154874064,0,A,False,False,False,False,True,False
12.886225800992726,15,0,1.9521687040812568,2871.032768077756,2,0.4891375519008759,0,A,False,False,False,False,True,False
15.635542769041008,1,1,13.271579393389965,390.1371295199911,3,0.8927763008266879,0,A,False,False,True,False,False,False
30.42779483780312,17,0,5.294810475085311,1904.4507835310264,2,0.9316436057693969,0,A,False,False,True,False,False,False
35.790926752612826,0,0,35.4166438539115,2415.6762670398125,2,2.1372240825107767,1,A,False,True,False,False,False,False
21.671644924098562,17,0,7.817427026148986,1464.8026387233901,8,1.231520866023294,0,A,False,False,False,True,False,False
11.526629911794172,7,0,3.498544630312604,3336.762946977622,1,1.1134690147268516,0,A,False,True,False,False,False,False
31.584137194242427,10,0,11.83138947553965,1239.0684992423658,3,1.463567565691669,0,A,False,False,False,True,False,False
67.87799782548628,23,0,23.769250488231012,2655.0997454669414,3,0.8690783527645397,1,A,True,False,False,False,False,False
111.50120064989353,23,0,0.29416103744801314,1324.8310615226178,4,0.7368428991005912,0,A,False,False,False,False,True,False
27.968876441267764,14,0,10.563732203097336,321.5142642827347,3,0.7194078964900052,0,A,False,True,False,False,False,False
33.261567902149515,15,0,22.270292006360464,2324.2889944020253,6,0.6978634747983361,1,A,False,False,True,False,False,False
17.956677105937587,16,0,1.640338208170259,3107.449236770816,3,1.1597367415390034,0,A,False,True,False,False,False,False
52.57669683090771,16,1,34.96453995477768,971.6910772013845,5,0.4820727266005107,1,A,True,False,False,False,False,False
19.724975782430807,11,0,4.608426152217919,375.6755216710915,5,0.8910984849089928,0,A,False,True,False,False,False,False
108.60890213195286,9,0,2.8058562144855053,2196.146794964825,1,1.939699292009268,0,A,False,False,False,False,True,False
6.404239607225978,19,1,13.346779606293438,1412.5918110414248,5,1.1653280935727037,1,A,True,False,False,False,False,False
35.46138624398912,5,0,2.8861446880020245,1390.7661905962325,4,0.9515990863605506,0,A,False,False,True,False,False,False
78.36119217448469,7,0,17.07752953632291,1275.6556664037485,3,0.7696156338276632,0,A,False,False,True,False,False,False
68.07441326595395,12,0,10.103171011197652,2455.702926473329,3,0.6501485351889702,0,A,False,False,False,False,False,True
1382.4884746710381,1,1,1.7472650447102112,1380.7043052246947,2,1.876864733472584,0,A,True,False,False,False,False,False
83.07634709205368,18,0,36.54005616510553,749.9925965292645,6,1.052157250952789,0,A,False,False,False,False,False,True
16.36482940945255,21,0,16.77635205734014,301.2051091247801,5,0.7749261040938191,0,A,False,False,False,False,False,True
48.68850199234859,9,0,11.844640815014609,758.0723272785549,5,0.8591897539588819,1,A,False,False,False,False,True,False
6.47859975511424,3,0,7.034237549154185,2270.254156867394,2,0.6420068013207798,0,A,False,True,False,False,False,False
49.564770086293365,11,0,2.1729573786872933,838.9832747306742,1,1.057744422546365,0,A,False,False,True,False,False,False
20.092221127968095,17,0,18.44030131994889,2267.1514865880895,1,1.0549509008887088,0,A,False,False,True,False,False,False
163.77087227580313,6,0,25.202398278810865,353.7538876979271,4,1.3578652256048858,1,A,False,True,False,False,False,False
28.234698659633406,19,0,2.017014889294898,488.17398119540496,3,0.46781615218335915,0,A,False,False,True,False,False,False
47.45969863176444,23,0,10.23511540491222,466.02493267431095,2,1.0691143982812448,0,A,False,True,False,False,False,False
25.465652675757532,23,1,9.949346353143325,1222.0689162152032,2,1.3247585554450947,0,A,True,False,False,False,False,False
439.93263909391084,22,0,6.459706377138716,4599.075996265982,4,0.9226300770057557,1,A,False,False,False,False,True,False
37.13309723416535,3,0,23.36278225517917,6604.062262282342,1,1.9616933035568702,0,A,False,False,False,False,True,False
492.29023552861713,6,0,1.5725728448545324,2555.570670683218,2,1.3837556076942115,1,A,False,False,False,False,True,False
145.03601843039687,9,0,3.44156020273866,228.98845670478,1,1.7217385869790949,0,A,False,True,False,False,False,False
97.3662920079395,14,0,0.02406082090043611,600.8439039745103,1,0.5853159493472424,0,A,False,True,False,False,False,False
84.98542547436357,11,0,7.001781511919438,96.43983409798683,6,0.40224170709635354,0,A,False,False,False,True,False,False
87.58035877100062,0,1,5.162266180059925,1251.5802172588715,5,1.1526932928519285,1,A,False,False,True,False,False,False
5.402127755649656,19,0,30.26041375323558,4023.4895906243687,0,0.3625891959234003,0,A,False,False,True,False,False,False
39.06941465577389,17,0,20.545113304733857,2105.705553323242,3,0.7423172986767432,0,A,False,False,False,True,False,False
150.53408928560037,15,0,1.3238181848014619,267.1007676794334,3,0.9857890444318722,0,A,False,False,False,True,False,False
51.4866926858755,4,1,20.261355294789563,3330.833848651688,3,1.453763001494506,1,A,False,False,False,False,True,False
10.112499003424297,18,0,16.87743459048553,2873.8953508736126,8,1.047103916554076,1,A,False,False,False,True,False,False
51.27045494694938,3,0,4.963526453932369,3768.764650152184,1,2.0682563793625053,0,A,False,True,False,False,False,False
421.96679221523635,5,0,0.23372308255420396,2663.208319150372,0,0.7061368344007192,0,A,False,False,False,False,False,True
243.7809457253727,16,0,1.8352673281083645,719.88489404457,5,0.6344231600348615,0,A,False,True,False,False,False,False
50.68323517529538,6,1,4.314052825425773,248.65547431560563,2,3.1031244630113504,0,A,False,False,False,True,False,False
171.01292397872948,23,0,25.443115191667907,2798.2260966630415,0,0.9266539592579939,1,A,False,False,True,False,False,False
35.16993419953951,22,0,9.391101366379768,2041.1722866830332,5,1.0673271260079427,1,A,False,True,False,False,False,False
7.066420770718038,6,0,37.5880679356355,226.43434347650222,3,0.7544703856182315,0,A,False,False,True,False,False,False
18.004843665850967,8,0,23.349014886438816,507.025548168758,3,0.6432096819200898,0,A,False,True,False,False,False,False
356.1907928313901,12,0,5.0763839244844675,518.548641576033,4,0.9245017791083029,0,A,False,False,True,False,False,False
39.29936267430183,19,0,28.000040849883668,1962.5048986409904,1,1.690341753468277,0,A,True,False,False,False,False,False
40.7697027029341,13,0,1.8617776186114856,1083.118632160298,7,0.8950621446141681,0,A,False,True,False,False,False,False
38.09923352476817,15,1,0.5517885148165584,888.0734293130807,3,0.28772175890498414,0,A,False,False,True,False,False,False
536.4449286428546,22,0,14.06800709577417,784.0059999783763,3,0.5762740931949099,0,A,False,False,False,False,False,True
384.19517759029276,8,0,6.272398490889533,445.619711173256,2,2.5679041109651517,0,A,False,False,False,False,True,False
782.5331456205828,14,0,5.994311245259916,2373.938109842188,4,0.2817689639649967,0,A,False,True,False,False,False,False
45.11188546145667,4,1,17.43326161726735,613.0756647818602,4,0.6945597774474533,1,A,False,False,False,False,False,True
77.84731330401664,17,0,28.467186150643258,2779.15158330084,5,1.2459198524268393,0,A,False,False,False,False,True,False
8.84656228067735,20,0,5.833003229775531,359.8075993271963,5,1.2612082167981504,0,A,False,True,False,False,False,False
321.2826647968861,19,0,5.895945980844554,739.8316618560439,2,1.2755559532027554,0,A,False,False,False,False,False,True
13.445769731579484,7,0,11.44875056648154,5280.97809466431,1,1.563447622957908,0,A,False,False,False,False,False,True
70.819237260767,14,0,15.884396275327564,1323.0538278292345,1,0.8960872365859477,0,A,True,False,False,False,False,False
14.632381252730486,20,0,3.4017361256297476,740.6754308621315,4,0.6001250197209458,0,A,False,False,False,False,False,True
26.933202196723805,8,0,36.57249069576015,663.501244744976,0,0.8961814793469512,0,A,True,False,False,False,False,False
19.991058183225544,18,0,15.937815829005965,547.0196678046758,0,1.8166445815868875,0,A,False,False,False,True,False,False
26.32580632522185,21,0,14.718912646723993,1576.4922744312987,4,0.4363630407220501,0,A,False,False,True,False,False,False
28.589878489527692,5,0,35.18170563771437,2250.4312855209832,3,0.7951371802387195,0,A,False,False,False,False,True,False
28.277811355836302,3,0,35.670152770874495,1340.821538040093,2,1.0095447501563588,1,A,False,False,True,False,False,False
148.4132621215837,10,0,2.1849292795901434,1045.892649626294,1,0.7204610435465683,0,A,False,False,True,False,False,False
14.500231985883241,9,0,2.3511318403981,1774.466277224032,1,0.7693729078611982,0,A,True,False,False,False,False,False
71.13999615106506,2,0,21.52903616800083,356.50687207042705,2,1.2254628328373502,0,A,False,False,True,False,False,False
235.46233933417986,0,0,47.156506342308894,1483.9543392793714,1,1.0688043980820308,0,A,False,False,False,False,False,True
29.493336680178295,11,0,16.47230144249109,1552.6578493945942,1,1.6063373072689289,0,A,True,False,False,False,False,False
23.06917546795508,22,0,7.948011572788313,1358.1549795604058,0,1.3191214132828726,0,A,False,False,True,False,False,False
41.40370832070333,14,0,17.255207618477925,703.3231178300462,3,1.6783603986383262,0,A,True,False,False,False,False,False
224.90323657438796,14,0,3.8973381995133876,589.9073229021581,6,0.723623637741579,1,A,False,False,False,True,False,False
68.91881082903727,20,0,92.96847585515552,387.3532047706282,1,3.6798519345870138,0,A,True,False,False,False,False,False
28.862490527048166,13,0,8.460369357576095,3556.2619492360213,4,0.43203180919932904,0,A,False,True,False,False,False,False
97.57799251101389,6,0,40.25460888143191,1048.8589623166426,3,1.494606429784641,1,A,False,False,False,False,False,True
14.545030955416497,16,1,8.45279987913992,781.3029494635474,3,0.6018962270698661,0,A,False,False,False,False,True,False
123.67181607977662,23,0,39.49548677108316,722.7158271695893,2,0.4405533736295356,0,A,False,True,False,False,False,False
89.1507510859383,18,1,6.134992634559709,510.20149023414933,1,2.3052520561016245,1,A,False,True,False,False,False,False
37.736576936958706,6,0,21.440720323218393,714.3955869485873,2,0.8304512120453077,1,A,False,True,False,False,False,False
19.959336759780367,2,0,45.23964076929973,2889.9189542000927,4,0.5285252342792176,1,A,False,False,True,False,False,False
18.840011758266854,2,0,15.576056789549776,1746.499918228014,3,0.8172395989720251,0,A,True,False,False,False,False,False
103.72890401238476,17,0,16.97781620499638,2127.6954556756423,1,0.7112775514927115,0,A,True,False,False,False,False,False
238.59715908379468,19,0,1.6285891223190778,2362.390066597482,2,0.9225460118582975,0,A,False,False,True,False,False,False
25.412233795570852,21,1,9.643084562931598,6373.245439454801,5,0.8486783648829317,1,A,False,False,False,False,False,True
94.63846917173471,13,0,32.673078774360896,1121.223911477426,2,0.5068016543414835,0,A,False,False,True,False,False,False
4.461868291142866,2,0,4.134520736953721,778.6873791353181,4,1.0322544390753945,1,A,False,False,True,False,False,False
27.070883026571938,6,0,23.2932419976202,1555.7948006055049,3,0.9935190700290628,0,A,False,False,True,False,False,False
52.60069226322729,6,1,16.891751244728678,1842.615460322596,11,2.2516370306219664,1,A,False,False,False,False,False,True
18.327082788488614,4,1,3.784452980709587,1067.1676235871291,2,2.0603183439225687,0,A,False,False,False,False,False,True
17.74657164050766,2,0,4.985824120993136,536.3723762560799,3,1.0029664329329577,0,A,False,False,False,True,False,False
24.499789660725977,17,0,8.36773387453081,1272.5746629158348,5,1.2589730439647433,0,A,False,False,False,True,False,False
77.52738850491666,14,0,2.0051861761554113,1695.2614678893392,2,0.5920522177239769,0,A,False,False,False,True,False,False
43.60645447920958,19,0,36.69186115105852,1447.9594079555527,3,1.3903917393191003,0,A,False,False,False,True,False,False
3.7214840243500817,13,0,20.169089182912362,252.1158131813813,2,3.921234154764034,0,A,True,False,False,False,False,False
4.285168252920527,3,0,6.811106193901184,307.331939734639,1,0.5641853806792655,0,A,False,True,False,False,False,False
26.357735165363678,23,0,5.3429579134386955,1945.7979422751187,4,0.73677165820103,0,A,False,True,False,False,False,False
94.55899290415117,7,0,17.547381308139894,814.1554619157446,3,1.130673866240627,0,A,False,False,False,True,False,False
2.0197912989615037,20,1,8.280468553729591,6500.653999966907,1,1.0968144493302974,1,A,False,False,False,True,False,False
29.97380365281598,12,0,3.907553102486672,3206.4785404241507,3,1.0588600837822786,0,A,False,False,False,False,True,False
29.035016647369563,21,0,8.435751480533737,397.6197074031097,5,0.7095799369927326,1,A,False,True,False,False,False,False
288.87825426903925,7,0,30.753715864060847,2492.9255691565722,1,0.49612200256708033,0,A,False,False,False,False,True,False
34.39715391558516,14,0,1.0661036069611034,3946.015032638765,3,0.6516260977181056,0,A,False,False,False,False,True,False
86.4517782567349,16,0,6.8914933877821385,767.9933650533939,3,1.5145295284605114,0,A,False,False,True,False,False,False
64.68365668341787,4,0,49.1871215254573,1023.5762518184492,2,2.7643950451594588,0,A,True,False,False,False,False,False
4.234732763531209,19,0,0.22414401090809813,707.381667555113,3,1.308078412827887,0,A,False,False,False,False,False,True
137.25611868215208,3,0,33.19669485167143,446.6944701134673,1,0.8448358950939917,1,A,False,True,False,False,False,False
70.70213755101564,10,0,7.04606373544202,3872.216486700427,4,1.5121909307426666,0,A,False,False,False,True,False,False
100.47634911443697,17,0,3.1518959846760923,138.10592151670627,4,0.5074221197392793,0,A,False,False,False,True,False,False
6072.254596088822,9,0,0.22639615618479972,639.2752171003987,5,0.9843110602923039,1,A,False,False,False,False,False,True
4.477498288023565,16,0,1.0969950441487766,782.1390446653786,2,0.7422846667919459,0,A,False,True,False,False,False,False
432.52320569267965,14,0,2.8282945326851188,1243.580956026253,7,0.8680125337897052,0,A,False,False,False,True,False,False
38.66995634547585,5,0,0.3860644165146985,406.7679995928957,5,0.7539939224000171,1,A,False,False,False,True,False,False
77.07621097425405,22,0,6.1387057918332095,3242.0058603711464,3,0.573976669146083,0,A,False,False,True,False,False,False
51.69625313299769,20,0,0.6889803396479194,252.4669218582354,4,2.340006679866398,0,A,False,False,False,False,True,False
32.816006517006315,15,0,17.6753586250428,255.43858322712256,4,0.7325662295070439,0,A,False,False,False,True,False,False
27.555454076477112,14,0,25.63117791712086,1148.7647204733732,4,0.7309930673848469,0,A,True,False,False,False,False,False
81.07790500936328,7,0,32.7672214406434,391.67700535102244,1,0.9715403149843876,0,A,False,True,False,False,False,False
8.840925484567205,8,0,11.948582923287171,1294.922805904276,2,1.1090614318423735,0,A,True,False,False,False,False,False
134.38314365988484,10,1,43.92377971192769,606.6336354423072,5,2.2415988572573013,1,A,False,False,False,False,False,True
33.134224272258805,1,0,0.08492169519702335,2092.0849245049835,2,1.0889547297256312,0,A,False,False,True,False,False,False
14.068198058292575,12,0,2.15837291815376,522.0195897142479,3,1.31901159940228,0,A,False,True,False,False,False,False
31.81648559539405,3,0,5.204391124517236,3482.96986334408,2,0.397275900238664,1,A,False,False,True,False,False,False
246.8001895927841,8,0,23.34019486292335,1814.4288456386294,4,1.1645933085285392,0,A,False,False,False,False,True,False
28.720119228470093,4,0,32.49319073942071,597.9599419821478,3,0.6840309127177233,1,A,False,False,False,True,False,False
83.943532600768,18,0,14.440300486503606,1806.9527170555473,2,0.6902426516346426,0,A,False,True,False,False,False,False
22.711069961978616,21,0,7.2490407391266345,1232.51583547115,2,0.5520115622256633,0,A,False,False,False,False,False,True
135.5724548989832,2,0,16.442281921567048,2055.775484390815,1,0.8454136673263857,1,A,False,False,False,False,True,False
124.28897359141973,20,1,2.993225036932032,1771.4521820731293,2,1.2110668399745053,0,A,False,False,False,False,True,False
501.8647193237353,2,0,9.18385392708005,1461.8082711480176,4,1.2410784262619035,1,A,False,False,True,False,False,False
44.226460570446754,5,0,10.625255431824543,1154.8452638395986,2,1.1043715149427076,0,A,False,False,False,False,True,False
121.80065899260632,9,0,1.6618152587960306,2261.03780094613,2,0.7323305818305722,0,A,False,True,False,False,False,False
61.416654693206,4,0,0.516894476108616,2797.4883428362587,3,0.6959531188599349,0,A,False,False,True,False,False,False
258.5388927737485,2,0,20.80074659374588,1223.2341841523942,3,0.8115710541895723,1,A,False,False,False,False,True,False
23.04390098013062,21,0,11.47629880916725,1780.9796430106894,3,1.0551277112556499,0,A,False,False,False,False,False,True
133.48730443495867,23,0,6.0573676116990045,2321.123395428155,7,0.4562659317079858,1,A,True,False,False,False,False,False
43.222588678103115,6,0,8.623227429515342,3966.1122887848574,1,0.8792829174020762,1,A,False,True,False,False,False,False
50.55056828646228,21,0,47.44573331274758,3448.514243412127,3,0.830214411009915,0,A,False,False,False,False,False,True
60.95299426733296,17,0,7.2898921910082155,2499.5986968298953,2,1.1933868516479866,0,A,False,False,False,False,False,True
73.89820039121796,22,0,1.638507218966879,787.3729670711153,2,4.117076930731277,0,A,False,False,True,False,False,False
47.490284261393285,7,0,9.343187863500967,383.63843938864466,3,0.9942417382765003,0,A,False,False,False,True,False,False
70.64418649832263,0,0,15.663923062219155,1715.4619321314888,5,1.0059274412241108,1,A,False,False,True,False,False,False
362.76007635926635,3,0,0.18280616652591794,1705.104391442104,4,1.3908954821292268,1,A,False,True,False,False,False,False
178.1346317846974,23,0,6.0596558374514435,798.2694906440375,2,0.9037819970138787,1,A,False,True,False,False,False,False
154.93187605688112,6,0,7.5011149028751545,377.1343778781166,6,1.240022648678281,1,A,False,False,True,False,False,False
31.606176766039415,13,1,9.34633882805461,4124.230806393534,4,1.922493075015473,1,A,False,False,False,True,False,False
18.78222616938982,12,0,5.386257509242291,1541.4443334792838,6,0.8639811983486565,1,A,False,False,True,False,False,False
171.8050957211485,9,1,16.490690372825178,417.13218527986874,3,2.142308535529078,1,A,False,True,False,False,False,False
156.21857541344522,22,0,43.42723768026079,990.7045981411394,4,1.1015340126721511,1,A,False,False,False,True,False,False
319.6430200992187,17,0,36.80080161169521,374.29794489837917,0,1.4896171179398348,0,A,False,True,False,False,False,False
26.44912955891065,0,0,16.37723523658824,1892.071212489217,5,1.6721552301343476,1,A,False,False,False,True,False,False
41.45222725066806,3,0,10.605164589516043,4817.7639376892885,0,1.9382088328121205,1,A,False,False,False,True,False,False
7.63405382482468,15,0,26.214570781467526,944.9968385768252,6,1.7651760042379443,0,A,False,False,True,False,False,False
34.09104271236115,15,0,27.11258885432444,1018.4237852392761,6,2.0056233473751295,0,A,False,False,True,False,False,False
180.5277693393857,17,1,26.541728045405385,879.163186931351,3,1.0893774265547587,1,A,False,False,True,False,False,False
31.193369148173023,7,0,2.576884647383056,916.4273394638194,2,0.7037301183958442,0,A,False,False,False,True,False,False
117.7514155218185,9,0,0.3864200004752878,589.4911711582375,4,1.0520083781590113,0,A,False,False,False,True,False,False
43.44067754665045,15,0,61.28976288892773,3313.0824473482994,3,0.5840304400680643,0,A,False,True,False,False,False,False
80.54922062153527,22,0,48.15401809266608,1281.802284539912,1,0.8479670452066722,1,A,False,False,False,False,False,True
13.773828860472594,23,0,12.464721632254511,1153.673325811369,0,0.743827794793485,1,A,False,False,True,False,False,False
60.476287107027865,10,0,74.56483796960326,915.2133025394099,2,0.4738371039045686,0,A,True,False,False,False,False,False
1.507777684911597,5,0,22.080858878845827,396.1063900428663,6,1.584507655720261,1,A,False,True,False,False,False,False
43.629110963606415,0,0,10.927890968725526,2323.2113919124863,3,1.948981955529864,0,A,False,True,False,False,False,False
7.717049543811184,11,0,7.39800467119575,3423.3228315807523,2,0.694534864112992,0,A,False,False,False,False,True,False
232.10582730939203,5,0,13.479090830942448,247.35529115912516,4,1.3769657741640422,0,A,False,False,True,False,False,False
138.77984426755674,12,0,10.878923624670836,1934.4102091815607,2,3.778159276196579,0,A,False,True,False,False,False,False
95.58397479694929,16,1,76.2542040366898,2186.2884245064415,4,1.8144923306024652,0,A,False,False,False,False,True,False
338.73140327008184,0,1,10.113713118674923,3063.6556802224763,4,0.5986118932513788,0,A,True,False,False,False,False,False
17.48424474290453,7,0,27.111116776547156,2876.6226027507423,2,1.5656228216565669,0,A,True,False,False,False,False,False
444.44923324040417,21,0,25.199822871513405,9033.020816055312,0,0.9180854884146711,0,A,False,False,True,False,False,False
167.10625659363458,7,0,1.1112593894163334,1510.5188778027516,2,1.546553603955847,0,A,False,False,False,True,False,False
41.10515976447734,23,0,1.3654021587600729,2426.3480645507284,4,3.178079632167155,0,A,False,False,False,False,True,False
213.30950297031967,10,0,16.17376997083321,1107.594469536231,0,0.9666709793562918,0,A,False,False,False,True,False,False
14.475358429277666,13,1,4.498506335806812,576.9364521984413,3,2.02543322418814,0,A,True,False,False,False,False,False
20.299231052980623,23,0,16.073438367262085,1932.5946423445862,3,0.6863067762270244,0,A,True,False,False,False,False,False
26.303245434250947,9,0,2.343245328482945,2428.514908466502,5,0.7859304996606485,0,A,False,False,False,False,False,True
28.940058722787857,14,0,7.589268524021347,1441.4833658486805,3,0.37232294088932727,0,A,False,False,False,False,False,True
15.365593609128558,6,1,1.6216354458933706,290.55817482708306,3,2.254201880670022,1,A,False,False,False,False,False,True
236.9145862279599,6,1,4.971230276775302,344.0664416125146,3,0.43596254109317356,0,A,False,False,False,False,False,True
40.01981552425778,9,0,1.3866411592380943,2026.0350789357578,4,0.5679323321338741,0,A,False,True,False,False,False,False
83.34644543429816,3,0,52.89052281560334,818.4483613145571,1,1.1201355836272955,1,A,False,False,False,False,False,True
27.538316448725464,17,0,7.539351173800851,1458.078328442202,3,2.786803886469089,0,A,False,True,False,False,False,False
6.142771590060304,9,0,34.718159931734405,1613.4870322230393,3,0.38619603876906755,0,A,False,True,False,False,False,False
75.49518127679394,18,0,53.196001948648004,1000.7114221766477,1,1.2027941386674392,0,A,False,False,True,False,False,False
5.503003474697907,13,0,36.04647067770329,893.4877279022332,1,0.4906948545046402,0,A,False,True,False,False,False,False
50.281596967203136,12,0,9.10343215080437,988.1024938742097,1,2.313136924106897,0,A,False,True,False,False,False,False
10.570022762714858,14,0,22.636919528828024,1760.2166797122552,4,1.0889649286482612,0,A,False,False,False,False,False,True
592.7253860524811,15,0,2.503211434558954,1610.0143327479125,3,2.1765510374109924,0,A,False,True,False,False,False,False
162.9812668024364,1,0,1.4945309291823157,578.720899316804,3,0.6828680776203259,0,A,False,False,False,True,False,False
61.985751835232364,3,0,31.421552546276324,1083.6943533387825,5,0.7961322526259879,0,A,False,False,False,False,False,True
248.7499097403078,20,0,0.4742199622878903,469.39024023535836,1,0.6268807449535064,0,A,False,False,False,False,True,False
19.77504574728874,17,0,53.809661258942135,1654.8813621345992,2,2.063474585799597,0,A,False,False,False,False,False,True
104.81273214115002,16,0,16.727248872743914,755.6408724996868,2,2.03636619257871,0,A,False,True,False,False,False,False
69.39206476840283,9,1,8.160902901628774,1950.4545031143966,0,0.7205247897808836,1,A,False,False,False,True,False,False
74.95021533554153,20,0,2.286350798531542,904.7481803094267,2,1.6287624849646702,0,A,False,False,False,False,False,True
251.34442260275168,8,0,19.268589017219224,2738.6073958913344,2,0.9500239925555259,0,A,False,False,False,True,False,False
131.49785284843932,14,0,12.421167712370854,3185.7653146127846,3,0.37847869788083416,0,A,False,False,False,False,True,False
77.20532222478839,11,0,18.62652239399014,1564.561813110728,3,1.2860826900215192,0,A,True,False,False,False,False,False
7.494242630829896,20,0,8.117267593186769,817.462783098471,3,1.534100840301985,0,A,False,False,False,False,True,False
17.252282363708016,8,0,1.028360115783322,518.0968770396707,0,1.7353446236904275,0,A,True,False,False,False,False,False
47.12243806797829,13,0,5.674437876086402,2366.8273669122277,3,1.036824328763101,0,A,False,False,True,False,False,False
61.07159406364993,12,1,5.675501067639707,1040.0720514979391,3,0.8430688905665727,0,A,True,False,False,False,False,False
14.065929564758221,5,0,0.1307556238222036,1139.6996106311146,4,0.7801679226475018,0,A,False,False,True,False,False,False
986.3507392737716,18,0,0.14440812469188152,803.7412305204114,3,1.5718238779860854,0,A,False,False,False,False,False,True
336.86183674562676,3,0,6.024149692133865,362.76859727764446,3,1.2341037345168935,0,A,False,False,True,False,False,False
112.45374532945368,19,0,19.50854333508576,2590.448782775475,4,0.7273568410718155,0,A,False,False,False,True,False,False
59.52784781362027,16,0,14.674236699844668,1024.7750535051248,3,1.1521258150757483,0,A,False,False,True,False,False,False
42.323785632729226,18,0,4.09717665342534,247.2006268553187,5,1.4353270050199927,1,A,False,False,False,True,False,False
17.42137408367367,2,0,13.848319852012997,981.9860688398336,6,1.4510488046893422,0,A,True,False,False,False,False,False
59.917979712238385,13,0,15.63536205549352,371.0158949589515,4,0.9994750807055379,0,A,True,False,False,False,False,False
74.38862558068023,16,0,11.09006347529457,1758.6520127177519,4,1.8624086686947479,0,A,True,False,False,False,False,False
12.303543488958514,12,0,11.051909139319186,1575.6175895696983,10,0.6743510421920259,0,A,False,False,True,False,False,False
81.53331426341572,8,1,6.924530072519111,3665.0736547279666,3,1.0245491403752045,1,A,True,False,False,False,False,False
45.31731284162045,0,0,1.9754709202549945,336.5452187033114,1,1.594274813505478,1,A,False,False,True,False,False,False
5.532450969011746,16,0,7.303799812634016,3462.570500266179,6,1.1683030479013183,0,A,False,False,True,False,False,False
19.443989264608685,15,0,6.35445869969356,1661.4862265657887,4,1.0426984263447368,0,A,False,True,False,False,False,False
33.237320628495,17,1,13.44631398766024,367.40671998353235,7,0.6888966318540027,1,A,False,True,False,False,False,False
525.9600129330986,1,0,29.096255115791806,4729.685596281779,7,0.5252748601522982,1,A,False,False,True,False,False,False
106.47005260833,13,1,7.059061098311409,992.704129956239,2,0.7100302977907341,0,A,False,False,False,True,False,False
10.994796518225023,21,1,18.55442906329929,422.8477646833419,3,1.797341970779733,1,A,False,False,False,False,False,True
97.83120026718059,22,0,25.056172133602004,2519.1238971475414,1,0.7216941098254213,0,A,False,False,False,False,True,False
8.526979650458577,16,0,3.5691285139158655,458.9195182099102,2,1.0005627407511088,0,A,False,True,False,False,False,False
200.18246280439007,2,0,34.7883679893099,2765.500413049865,5,2.7044541040941326,0,A,False,False,True,False,False,False
31.02056643254767,1,0,1.0957385320192343,940.521798770598,1,1.6717373580653965,0,A,False,False,False,False,True,False
48.79542573430769,7,0,34.7989200541735,829.3328309552536,5,0.92732148946517,1,A,False,True,False,False,False,False
267.9916912014604,1,0,2.6803145795207244,387.1015600109262,3,0.8842825477871906,0,A,False,False,False,False,False,True
11.651136369474296,1,0,6.168541991020347,475.8617936986672,2,2.0548215100917773,0,A,False,False,False,True,False,False
10.210924513327528,8,0,13.941977783319935,1246.84572116899,2,0.8427438373072226,0,A,False,False,True,False,False,False
27.10398617466376,19,1,35.416465619743114,295.4913215945877,3,1.0040620766491435,0,A,False,False,False,False,False,True
189.81589357740287,20,0,4.429695526219682,1903.3680305683604,3,0.9100028263240426,0,A,False,True,False,False,False,False
8.817908491609652,5,0,21.63179475618075,720.6466347602727,3,2.269753293191773,0,A,False,False,True,False,False,False
1.8246957891573758,11,0,18.590674100341452,798.6228581068333,2,0.9960780845302425,0,A,False,False,False,False,True,False
31.772761620134986,8,0,2.610101032498308,1748.5320682515285,5,0.8504147179778027,1,A,True,False,False,False,False,False
105.85698234103272,6,0,9.793441838922922,931.4493955976332,4,1.4150937848650298,1,A,False,False,False,True,False,False
230.5145766469887,11,0,9.852376114027203,2934.994944959143,2,2.6478298738229493,0,A,False,True,False,False,False,False
31.318418203767592,4,0,5.449275739206208,212.66450024015631,5,0.5429323811174392,0,A,False,False,False,True,False,False
33.32434035135128,15,0,22.70655216693037,2080.496436608642,2,1.1884257526958482,0,A,False,False,True,False,False,False
218.04051215711604,4,0,39.041950473103135,1117.9714905700441,1,0.6607161082756433,0,A,True,False,False,False,False,False
5.791028793629174,11,0,18.911981615738423,647.8730898875742,4,2.0499771093256998,0,A,False,False,False,False,False,True
34.25303143286791,23,0,54.15364893174331,2343.0127992404155,5,0.572879133256878,1,A,False,False,False,True,False,False
68.61482833841679,19,0,0.7767981520381387,1753.6577283146146,2,1.4999137854404079,0,A,False,False,False,False,True,False
93.6030029288449,8,0,0.5689970239646455,1316.420257917267,2,0.6925275827859398,0,A,False,True,False,False,False,False
29.613548262143716,22,0,33.64475762456764,895.6379192274912,3,2.2736696803644563,1,A,False,False,False,False,True,False
56.90192740149099,6,0,34.21240827903991,623.6736250051149,4,3.3496101011699455,1,A,False,False,False,True,False,False
2.7566251944087474,18,0,1.6995594736647441,462.592414044806,2,1.8505475435211038,0,A,True,False,False,False,False,False
24.781611470975598,19,0,6.634567431259986,3270.663466975665,4,0.9789136537431027,0,A,False,False,False,False,False,True
94.08611266225785,22,0,27.063060772583487,2124.705915384201,8,0.5475682930560484,1,A,False,False,False,False,False,True
16.797787123502435,10,0,2.0637913557868974,1728.3508333513462,3,1.1007506654083266,0,A,False,False,False,False,True,False
58.602717305417954,20,0,4.667906227822609,779.3047195696884,5,1.1393039990598222,0,A,False,False,True,False,False,False
93.33983762975713,11,1,17.13827628947527,5580.950232403263,4,3.205101214975686,0,A,False,False,True,False,False,False
36.195722865728,2,0,60.17686654935159,629.1952302562429,3,1.069183277201079,0,A,True,False,False,False,False,False
66.99088230937603,16,0,23.928502127524695,810.4118191710122,5,0.7007194017923173,0,A,False,False,False,False,False,True
17.19675875626729,6,1,22.530132605696444,4676.772132037624,4,1.1078794019765452,0,A,False,False,False,False,True,False
42.60904115169166,21,0,6.2933691418026365,1051.6050101801977,2,0.8255882094606746,0,A,False,False,False,False,True,False
113.55183213897766,9,0,16.241515422910588,4404.965775204778,3,0.95397757832036,0,A,False,False,False,False,True,False
65.91510018772459,22,1,1.8001475728353975,1484.5636510562686,4,2.948811003729741,1,A,False,False,False,True,False,False
27.008792915466806,14,0,72.93394026778697,726.4557781990314,3,0.6546243958944602,0,A,True,False,False,False,False,False
71.45441437259647,1,0,9.825761808087064,937.6274521820079,3,1.6172893556342838,0,A,False,False,True,False,False,False
128.70613066264477,12,0,15.275178620313833,618.0414846693787,2,0.8546161583475969,0,A,False,False,True,False,False,False
4.6649189762206476,3,0,31.3329143226134,1909.6329095035837,3,0.9827857429249607,0,A,False,False,False,True,False,False
219.39831723169817,17,0,0.014481415784537835,2917.0008325717563,1,0.9937618613922972,0,A,False,True,False,False,False,False
36.47015714089322,23,0,55.93454299593883,1593.774404325556,2,0.6163351794836959,1,A,False,False,False,True,False,False
90.97528897254396,22,0,6.674615848182988,1375.9555752761412,2,1.3421025994471523,0,A,True,False,False,False,False,False
229.68212973179124,0,0,6.223433210146197,477.52300098824725,5,0.32343388377134336,1,A,False,False,False,False,True,False
10.52750718259456,1,0,2.3509183513587777,2629.93392536321,4,0.8604189708546055,0,A,False,False,False,True,False,False
23.305066821642296,1,0,29.29841594016475,2147.1947646262643,8,1.1589698410802853,0,A,False,False,False,False,True,False
38.61889115650077,3,0,30.700496094407544,1369.8735680256084,5,1.3349637750672902,0,A,True,False,False,False,False,False
21.316805977804457,2,0,0.302872227211307,861.6953588635256,6,1.304064059161667,0,A,True,False,False,False,False,False
437.8708005740468,16,1,0.860071134130919,1135.8356322992663,1,0.5687996793265189,1,A,False,False,False,False,False,True
19.52847169120275,13,0,37.57816993871109,529.5808212784546,3,0.8119295699662434,0,A,False,False,False,False,True,False
28.031920105039248,1,0,1.9664690344464681,337.1559869581405,2,1.073088314453914,0,A,False,False,True,False,False,False
69.77437610970955,15,1,14.55041556393107,862.7476257351774,0,0.6870253727581298,0,A,False,False,False,True,False,False
12.902493260612463,10,0,14.499968716542991,551.1353883546956,2,1.0927259893375967,0,A,True,False,False,False,False,False
33.959992679900274,12,0,30.57222947538212,730.6184752496296,3,1.3103733888926996,0,A,False,False,False,False,True,False
79.913429180593,0,0,12.752423041829234,742.215065076185,1,0.762644932304483,0,A,False,True,False,False,False,False
36.619010375985184,22,0,8.537720434625935,1030.2735212519171,4,1.37885092235336,1,A,False,False,False,False,False,True
48.810027305346935,1,1,54.96618793618001,977.5445887124249,4,0.8806652161756566,0,A,False,True,False,False,False,False
28.92775355914185,1,0,3.8974140496980745,95.34265604766072,2,0.6648768567127797,1,A,True,False,False,False,False,False
8.869652592511875,20,0,4.571772775036136,1448.5495690508515,6,1.9358058571100443,1,A,False,True,False,False,False,False
80.3114220944241,4,0,1.3286925299874945,1218.282344987412,3,0.7849987578704615,0,A,False,True,False,False,False,False
448.5049355354672,3,0,55.52449685567567,2365.9102869556104,4,0.48754982423046095,0,A,False,False,False,False,False,True
55.81719393393211,11,1,18.38102194414043,924.2216458817882,3,0.7744808138788161,0,A,False,False,False,False,False,True
71.54430732887114,2,0,0.18256279131687544,2611.1522042823276,2,1.1311139273088204,1,A,False,False,False,False,False,True
125.36974186497756,19,0,18.27685937697422,970.270977238446,5,1.1834069106111262,0,A,False,False,False,False,False,True
11.903153965803444,9,0,7.766145185250199,1439.5169341376065,3,0.5799668463386939,0,A,False,True,False,False,False,False
421.1620134726294,19,1,51.420680042937725,526.521438742022,2,1.3650471362770509,1,A,False,False,True,False,False,False
69.60208722163844,17,0,4.873232471503444,2721.2978482879075,5,0.9789819922720949,0,A,False,False,True,False,False,False
386.92399519890904,20,0,18.58293327979209,3102.607251877984,7,0.48416067131152807,0,A,False,False,False,False,False,True
22.65454299100616,20,0,14.810122189011398,4947.573581107725,2,0.43350967780628585,0,A,False,False,False,True,False,False
483.80131056443236,20,0,0.18184746588554765,710.5553554735257,6,1.1117808656453259,0,A,False,False,False,False,True,False
138.40533537552852,9,0,32.47066911034781,1675.30163522953,5,0.8516068308755478,1,A,True,False,False,False,False,False
106.02215725999264,0,0,2.255588942902921,346.59649989499115,3,0.6425890727294483,0,A,False,False,False,True,False,False
72.30037712205346,5,1,16.341314929643154,242.30879830506575,2,0.7333235777224343,0,A,True,False,False,False,False,False
40.51878356451025,10,0,22.411431173207713,1721.1509381194855,2,0.9520307367925042,0,A,False,False,False,True,False,False
230.58925021671544,1,0,14.951438613192009,1001.9745502176504,7,0.9405686774972272,0,A,False,False,False,True,False,False
64.61404770084162,6,0,1.5323824896825846,392.2612070263901,1,0.9412567042465836,1,A,False,False,True,False,False,False
5.152676846691263,19,0,55.441060491542075,1265.6036505196623,2,0.9285140018637849,0,A,False,False,False,False,True,False
14.287374511019262,20,1,4.053879480430782,2314.4160319788666,4,2.68051788027343,1,A,False,False,False,True,False,False
43.68413957205422,20,0,14.827469536660697,1153.4111274455597,6,0.7747708832849034,0,A,False,False,False,False,False,True
79.20178051349401,20,0,23.931402287098496,2930.070968153068,3,1.440037274572671,0,A,True,False,False,False,False,False
51.01367904453094,17,0,42.011369005039704,646.3848897112377,3,1.3553617121045562,0,A,False,False,True,False,False,False
235.74835594153652,20,1,13.895514856668319,2607.6245151204303,3,0.7478545882011917,0,A,True,False,False,False,False,False
5.2523613852899285,18,1,4.497415982248416,806.7254291342508,3,0.4276937180993337,0,A,False,False,False,False,False,True
64.86482725067336,3,0,27.17689364535268,2934.0308631742823,4,0.8106611588396523,0,A,False,False,False,False,False,True
6.162144989627851,12,0,2.6729106875865414,396.64723787436543,3,0.4367504053338855,0,A,False,False,False,True,False,False
135.86405015808148,17,0,0.3380164786713026,1318.9462100360158,0,0.40407882387608823,0,A,False,False,False,False,False,True
48.74728690525389,19,0,35.813790583494225,1316.715831591367,5,0.7753656908566049,0,A,False,False,False,False,True,False
90.33563092018589,23,0,12.848725867910192,1606.3065016966636,1,1.040478367781225,1,A,False,False,False,False,False,True
19.362543402046843,12,1,1.08277910050787,827.8765742176028,0,0.8984306856871054,0,A,False,False,False,True,False,False
253.49850307628867,18,0,13.00284688220404,1548.9634138957256,3,0.44244177843268506,0,A,True,False,False,False,False,False
190.57953173609664,16,1,2.350055719800697,935.7702669179512,1,0.5448601869066922,1,A,False,False,False,False,False,True
109.97501059933403,0,0,0.4783365280603207,719.6275883981978,2,1.0781625376232589,0,A,False,False,True,False,False,False
46.739017285619646,5,0,1.8583680904754787,3399.12793973191,1,1.3632876799278006,1,A,False,False,True,False,False,False
109.48950964671965,18,0,22.381986762368772,1167.2735770593595,1,0.658917431262805,0,A,False,False,True,False,False,False
23.376445630445847,19,0,21.137974261582368,326.6649114250607,3,0.9860379884886119,0,A,True,False,False,False,False,False
152.42410359593214,0,0,13.907171424018962,640.0689859309712,4,1.1085324688333753,0,A,False,True,False,False,False,False
395.1941144547109,7,0,3.5230864328883174,3502.3513460324316,4,2.3713047561441396,0,A,False,False,True,False,False,False
197.30143219533338,16,0,20.14663042391637,530.1257679186403,2,2.204729351020177,0,A,False,False,True,False,False,False
22.747995604780982,20,0,7.864876678680555,1690.3246637848138,3,1.3469663817826611,0,A,False,True,False,False,False,False
84.24260414311536,21,0,10.723335989098556,629.1479129559467,2,0.3591747342586495,0,A,True,False,False,False,False,False
11.56785519352928,14,0,34.18899061686314,347.038688864999,1,2.094240746398563,0,A,False,False,True,False,False,False
108.51282550466237,17,0,9.183396611328506,1610.6029794967894,2,1.2667087815834928,0,A,False,False,False,True,False,False
93.75866576778417,6,0,14.76718473172454,843.1385295206093,4,0.7226704930853814,0,A,True,False,False,False,False,False
5.790510127124951,15,0,48.954760826526744,3908.163102199677,1,2.6791908629835177,0,A,False,False,True,False,False,False
13.542858864147634,6,0,9.005509320349146,2698.456200543983,3,0.8539660416062554,0,A,False,False,True,False,False,False
38.87041120959002,16,0,12.339543540490201,3017.5675386980924,2,2.9306467011079826,0,A,False,True,False,False,False,False
38.05255777360677,3,0,13.171008152736292,2573.106966696553,3,0.5687862679205765,1,A,False,False,False,True,False,False
12.789540360045812,11,0,4.130603189147434,1903.8050871854493,5,0.8073883230341622,0,A,True,False,False,False,False,False
87.07540568080614,12,0,20.029574243629106,367.7328076129458,2,0.3573488466284085,0,A,False,False,False,False,False,True
73.83023460682894,3,0,19.454322001889047,909.4467982496434,2,0.7928661740063462,1,A,False,False,False,False,True,False
43.24480201910464,20,0,3.603520550866128,1875.6288875369792,4,1.826330429576923,0,A,False,False,False,True,False,False
22.044214793130624,0,0,0.20141693270483982,869.2890105588865,6,0.7567294605030161,1,A,False,False,False,False,False,True
192.18309774570403,0,0,102.76453706949104,1070.628724667749,2,0.6581660981507415,0,A,False,False,False,True,False,False
398.0145393733265,6,0,13.06932071600414,1958.0206471907647,2,1.8691977165789293,0,A,False,False,False,False,False,True
30.561046853353066,8,0,2.9956547951196617,2552.5435681495933,2,1.0820143302986016,0,A,False,False,False,False,False,True
26.190577257391038,0,1,5.002026421427235,524.2275757961373,3,1.0706671119803224,1,A,False,False,False,True,False,False
98.44019421951009,15,0,14.426856395706317,1874.3792319698346,5,0.5781610446945953,0,A,False,True,False,False,False,False
35.52954998948715,17,0,2.2208121910294687,1723.2528540195249,3,0.6032717184407589,0,A,False,False,False,True,False,False
46.188154042525845,21,1,0.5698999393565057,497.1566369495291,3,0.8838282119514967,1,A,False,False,False,True,False,False
132.63271702809618,14,0,24.02798738182662,792.1996049145846,2,0.3805574462457447,0,A,False,False,False,False,False,True
5.522179917881686,5,0,18.87359691291394,1236.1390453167771,2,1.492470501765325,0,A,False,False,False,False,True,False
265.59239657071265,1,1,5.557297896456038,3334.1019283320934,3,1.3578966232266236,1,A,False,False,False,False,False,True
59.57384462618837,8,0,0.9040765944059184,786.976376970819,3,1.2322138210387863,0,A,False,False,True,False,False,False
33.32167967777031,3,0,9.990888245711151,1531.6853815362801,4,0.5178264959615146,0,A,False,False,False,True,False,False
49.05386671107005,12,0,4.848318393486596,2793.395533439734,2,1.4220261914737253,0,A,True,False,False,False,False,False
52.1912692955086,22,0,7.606967283911058,4835.523239892524,3,0.6525203062833486,0,A,False,False,False,True,False,False
6.83843179674241,21,0,4.802445636383315,1314.829493897321,4,1.859725002940319,0,A,False,True,False,False,False,False
328.29935930227435,10,0,2.890444995923325,201.19357443094566,3,0.8583107780124595,0,A,True,False,False,False,False,False
57.3739724426905,12,0,7.340605233489907,2295.560250630912,2,1.039768340253349,0,A,False,False,False,False,False,True
92.90733109486177,10,0,50.240801103591,1298.3589528037876,4,1.37087104234896,0,A,False,True,False,False,False,False
171.0335480502614,18,0,4.643351161252095,557.8373325009339,4,1.1620211470726454,0,A,False,False,False,True,False,False
16.0322938055279,7,1,6.141343438476491,1936.9132117380598,2,0.20136375373562462,0,A,False,False,False,False,False,True
96.3672370133228,6,0,5.990203691704512,4876.900240469532,3,0.42175197640287737,1,A,False,False,False,False,False,True
39.600062277425074,15,0,9.817230665776382,1296.1989904113261,3,0.6753379684729718,0,A,False,False,True,False,False,False
150.8257097740098,2,0,27.821019919131114,299.63065627483337,3,1.225250330251323,0,A,False,False,True,False,False,False
4.251734832707491,16,0,7.715543229581828,3481.692058101116,1,2.3625763662260666,0,A,False,False,False,False,True,False
48.476873041436505,17,0,24.60990168186889,1116.6803047394076,8,0.8578150447320592,0,A,False,False,True,False,False,False
26.485971436307192,14,0,1.832719755636578,1939.2157251861213,1,1.500192496943922,0,A,True,False,False,False,False,False
91.71771462025484,16,1,33.79367331273979,1152.4090287778217,2,1.403778948693185,0,A,False,False,False,False,False,True
95.97166818541338,10,0,3.0741051597290676,1579.6125927312914,3,0.511686246505721,0,A,False,False,True,False,False,False
23.355883589134535,4,0,0.5998585269251471,1867.855838434331,3,0.9973636253599107,1,A,False,False,False,False,True,False
23.228764573327993,15,0,2.585945271853515,2091.338327073577,4,0.7401372904302244,0,A,False,False,False,True,False,False
47.80840963125743,14,0,3.1747069240673125,1233.1529143668056,3,0.6313510617140129,0,A,True,False,False,False,False,False
18.61614708972537,9,0,10.65452606134157,596.7741569751585,5,2.341445149548904,0,A,False,False,True,False,False,False
149.96177593803512,13,0,8.965872180818462,1280.4210919146071,3,1.2104808969255618,0,A,False,False,False,False,False,True
35.05616043800568,1,1,18.875084169861125,2060.75930394071,7,0.6588881197633157,1,A,False,False,False,True,False,False
1.6679813733436324,15,0,0.7844240820985757,600.1112684437262,2,0.7421662561658507,0,A,False,False,False,False,False,True
34.82075204051531,18,0,10.328552607096597,452.45177632605635,0,1.0669058859576117,0,A,False,False,False,True,False,False
15.701361290350517,7,1,6.062591758559925,3185.6838003729135,1,1.2042043853734785,1,A,True,False,False,False,False,False
7.709620938468819,14,0,14.942446552032797,4244.015609724274,1,0.37582041777848835,0,A,False,False,False,False,False,True
12.367697510715201,9,0,0.670249787175794,1130.8191652678754,3,1.9455329458503066,0,A,False,False,True,False,False,False
62.258194560024656,4,1,0.5333943659954911,1773.9711194174229,2,1.107428032716044,0,A,False,False,True,False,False,False
268.9079140109969,19,0,8.359631304453918,1481.2252606726104,6,0.6301545653579832,1,A,False,False,False,False,True,False
79.5051157493161,15,0,25.017090978760216,191.722543760712,5,3.3477799786713294,0,A,False,False,False,True,False,False
26.36918079639577,20,0,16.679752174835382,1293.8550835377068,3,1.2434561477199324,0,A,False,False,False,False,True,False
94.35695973820363,21,0,0.2527081888430239,3543.174618148351,5,2.1693951520281143,0,A,False,True,False,False,False,False
31.471791218292946,11,0,2.9488405916181373,428.5896713838378,2,1.862685789499235,0,A,False,False,True,False,False,False
23.723818821162084,22,0,3.856933452371642,398.3495667943486,2,2.7435656834535314,0,A,False,False,False,True,False,False
13.66400220091811,12,0,8.250227177261165,611.3813765168954,5,1.697681916723087,0,A,True,False,False,False,False,False
6.671237879896953,8,0,13.254292593253739,750.4639014909354,3,1.6038253043574362,0,A,False,False,False,False,True,False
34.19541436311098,16,0,3.6590008118966546,1870.0380475824636,4,1.465972824886397,0,A,True,False,False,False,False,False
66.0006234308748,19,0,7.231488694919943,3154.269855380378,4,2.0542236105027416,0,A,True,False,False,False,False,False
48.62080841603861,11,0,13.154009337712077,3095.6233787475985,3,0.7547215014090101,0,A,True,False,False,False,False,False
33.1432702331035,4,0,7.253880313939714,1850.401303286682,2,1.230983097705151,0,A,False,False,False,False,True,False
17.55089116339761,23,0,2.317726067376805,307.08691267269245,2,0.7597955432403303,0,A,False,True,False,False,False,False
113.28371565360838,11,0,10.14910467131403,306.0827978099116,2,1.5933736399054645,0,A,False,False,False,False,True,False
11.239582459723264,0,0,5.873304256633193,1973.0664508936602,3,0.8613343893526373,0,A,False,False,False,False,False,True
138.5503083160991,19,0,29.947295580850458,308.095684838798,1,0.8940259550387165,0,A,False,False,True,False,False,False
16.400955204124003,15,0,22.416541651950386,1710.0603520014465,0,0.3853854731033008,0,A,False,False,False,False,True,False
22.133177235497808,11,0,3.165910635617874,1369.2211546971243,0,2.7088446762494596,0,A,False,False,False,False,True,False
9.391995380784934,8,0,2.4843701748623754,756.9001108781845,4,0.5378570215414582,0,A,False,True,False,False,False,False
29.913725555268975,12,0,6.40822410223171,143.00709480699422,1,1.238616862058928,0,A,False,False,False,False,False,True
175.9808091501852,16,0,7.9698771688525945,1288.7466308644746,4,1.3590940726191185,0,A,False,False,False,False,True,False
101.36761952972633,16,0,40.32771811026777,1651.5762775865298,2,2.023880926177673,0,A,False,False,True,False,False,False
176.63872313498024,3,0,5.384894507598693,702.8296834308384,3,0.781667004514369,1,A,False,False,True,False,False,False
102.16315100997393,13,1,30.327141936984717,457.8088008441662,4,0.5068866992440497,0,A,False,False,False,False,True,False
14.521004766010167,18,1,10.557337776925891,1386.680729278837,2,1.6168957694686792,1,A,True,False,False,False,False,False
36.71013704963231,6,0,32.52392419171349,343.15660519619524,2,1.7883620827754305,0,A,True,False,False,False,False,False
21.4079220988537,2,0,18.157600423040584,1796.3073204570521,5,1.2021561340420102,1,A,False,False,False,False,False,True
269.5327447562696,0,0,18.48501670936288,2552.1063797224097,3,1.0242499097948887,0,A,False,False,True,False,False,False
12.985763270002652,11,0,10.97200610348315,228.5805911113651,2,0.9825657343133739,0,A,True,False,False,False,False,False
159.56274449225816,14,0,27.517252970939914,718.733459142959,3,0.5755242717352064,0,A,False,False,True,False,False,False
159.4203850206085,10,1,4.403989274953828,1054.6720071158047,4,0.3259830563622865,0,A,False,False,False,False,False,True
490.5583548488984,9,0,35.684100753274876,1079.7448765030372,3,2.2896437432459176,0,A,False,False,False,False,False,True
33.39399484790188,1,0,15.191027340590868,542.8351008103527,2,1.0062286937139493,1,A,True,False,False,False,False,False
128.35329660671553,3,0,8.662734238008671,376.52722209697544,0,1.5080274221655383,0,A,False,False,False,False,True,False
843.8562868444099,16,0,60.41984637974436,758.9137155924485,1,0.8385512175280265,0,A,False,False,False,True,False,False
26.019076686149404,16,0,29.70905734571331,1835.9080603413552,2,0.8387395381134197,0,A,False,True,False,False,False,False
8.653394770430221,7,0,22.177527237260612,1730.8751584740837,1,0.792299534828348,0,A,False,False,False,True,False,False
5.720109561465812,22,0,4.801064037137951,1747.8844946761617,4,0.9066282592047887,0,A,False,False,False,True,False,False
128.41335986469213,13,0,54.59602625161564,2983.319429138115,2,1.757277725220573,0,A,False,False,True,False,False,False
5.698595553340559,23,1,20.37945852199229,474.43637202385025,3,1.0689398645460135,1,A,False,False,False,False,False,True
34.9254970327882,3,0,13.941296273750709,810.4736258573245,5,2.3180472057320154,0,A,False,False,True,False,False,False
92.2752376574005,5,1,38.22713658472398,945.8939865121746,4,0.5673918250932424,0,A,True,False,False,False,False,False
68.18404847719803,18,0,2.6543100932528376,109.29110515722462,1,0.9153957799179294,0,A,False,True,False,False,False,False
90.97036890111268,23,0,2.2451912858060776,1312.1123276988012,5,0.9739320274011973,1,A,True,False,False,False,False,False
71.28941270338588,3,0,12.44183917681733,1070.9128998008412,2,1.4401843170638011,0,A,False,False,False,False,True,False
253.3163178502903,2,0,0.8757799099728915,441.82592112285255,4,0.7046868246207569,0,A,False,True,False,False,False,False
17.413057278698464,19,0,16.35907527295676,2201.80845368807,5,1.77967979934606,1,A,False,False,True,False,False,False
24.23034646776385,5,1,4.131187548478432,2093.2705053848676,3,1.3744382699592435,0,A,False,False,True,False,False,False
21.602491724982368,22,0,1.9009173214097967,1509.9971803014587,6,2.22575281917975,1,A,True,False,False,False,False,False
147.8547206207925,6,0,7.901679226108033,279.48160757303833,0,0.7760033542105892,0,A,False,False,True,False,False,False
160.85097352972338,13,0,9.408976677333445,503.504692061389,2,0.43533769344840273,0,A,False,False,True,False,False,False
93.82866282696213,11,0,2.8037088338399503,1398.601920235341,5,1.6201839591600347,1,A,False,False,False,True,False,False
225.92258588676802,15,0,0.636337728747034,713.6804188877251,0,1.7275270653742825,0,A,False,False,False,False,True,False
13.281219360505734,19,0,8.017955392505922,911.7245673593291,1,0.3139056397262245,0,A,False,False,False,True,False,False
403.69875095512873,7,0,21.377170508727666,454.4455841896704,2,1.3270727112024838,0,A,False,False,True,False,False,False
339.6400383533557,22,0,31.095901667942528,1278.605620900725,4,1.1685014519281909,0,A,False,False,False,False,False,True
131.99267078580772,1,0,1.5396015256091995,3654.9309016746824,1,0.7619682905497256,0,A,False,False,False,True,False,False
463.19989080824956,12,0,11.156362087215202,1420.8221071721794,5,2.1773665574655237,0,A,False,False,True,False,False,False
7.478648925859636,7,0,4.585714988247635,2385.100045135703,4,0.8093128309439909,0,A,False,False,True,False,False,False
29.097790297045428,20,1,7.041269881938286,2212.9691576989503,4,2.34268180592623,0,A,False,False,False,False,True,False
22.592903378854768,19,0,40.64518459845391,823.4045206649646,2,1.5987307539721936,0,A,True,False,False,False,False,False
129.77149700416732,15,0,6.50969969454092,945.3459419974636,2,1.4311655772366767,0,A,False,True,False,False,False,False
15.48436975865003,3,0,6.820128006989437,3556.607330029424,3,1.2756159483955325,0,A,False,False,False,True,False,False
135.50305405336556,15,0,3.5243677241461304,1970.4775987389698,4,1.442499701067123,0,A,False,False,False,True,False,False
282.7726938035659,19,0,48.290045723318094,2365.3860515178376,2,0.7428599425050824,0,A,False,False,False,True,False,False
125.74341981562785,5,1,9.14553464815323,1252.98336429854,4,0.5498320082692788,1,A,False,False,True,False,False,False
76.74599697225449,3,0,12.673236390470558,801.4599270445176,3,2.3400127185517103,0,A,False,False,False,False,True,False
16.68569876100402,15,0,9.054207334890952,883.4200845376922,3,0.7529661110001119,0,A,False,False,True,False,False,False
19.76235451126291,22,0,4.373726531169396,3300.4834358390995,4,0.899364783014326,1,A,False,False,True,False,False,False
244.58005688803686,22,0,24.943578245689604,1095.9225733106568,8,0.5114256733179293,0,A,True,False,False,False,False,False
139.10357571675704,20,0,0.4332658854021956,2975.356887234516,4,1.362265627605635,0,A,False,False,False,False,False,True
52.10060582167755,12,0,17.579528225101406,3374.857750608478,4,0.588152598356025,0,A,False,False,False,False,True,False
33.0660985682984,4,1,13.531114387908172,2290.412645018535,6,1.2304597545687819,1,A,False,False,False,True,False,False
4.801990657560998,14,0,2.3371922933002534,2085.820001702932,3,0.8506371925060884,0,A,False,True,False,False,False,False
15.104264143712872,7,0,2.721120410248436,4262.127073239701,2,1.122755100061938,0,A,False,False,False,True,False,False
541.1534632771998,6,1,16.148018530717636,557.52650943431,4,2.327837461160953,0,A,False,False,True,False,False,False
11.745301811456754,13,0,5.612522902022291,788.5316917317981,7,0.5674820164381664,0,A,False,False,False,False,True,False
68.53713981823039,6,1,4.6333420842653945,400.41967266494356,4,0.7724418418496061,1,A,False,False,False,False,True,False
182.8987585590169,21,0,0.9146705365222259,330.97540909125206,2,0.6805358670120354,0,A,False,False,False,False,True,False
12.110741649187899,6,0,21.817511728426187,1058.4360535903127,2,1.2804687374426205,0,A,False,False,False,False,False,True
68.14600731714637,22,0,32.14171944286238,1359.4795296752359,1,1.2297860315159834,0,A,False,False,False,True,False,False
168.2580217603205,17,0,25.709011336585515,1643.0148308484918,5,0.8975100908107719,0,A,False,False,False,False,False,True
55.42325030395049,9,0,9.411350043871334,627.7703762400589,4,1.7986335339468675,0,A,True,False,False,False,False,False
1706.3018842116567,17,0,11.452141581193588,788.0478232280025,1,1.0139640015475029,0,A,False,True,False,False,False,False
7.371939915043337,13,0,4.161544976262584,2158.9801837464165,0,0.7369927871830831,0,A,True,False,False,False,False,False
194.50818333216554,9,1,2.846624276449784,340.9017613176618,2,1.9342613935772093,0,A,False,False,True,False,False,False
44.373299020311165,6,1,25.974182763518186,1107.8104794848912,2,0.8875877270313446,1,A,False,False,False,False,False,True
137.8690312764579,6,1,24.01789199569115,3117.395385770147,7,0.9193910405135619,1,A,False,False,False,False,False,True
92.7185520037713,6,0,22.532975867692695,886.7090563020995,6,0.9582310433030115,1,A,True,False,False,False,False,False
22.65119394782461,4,0,9.336397617857063,782.9514911898301,4,1.1186395700295624,0,A,False,False,True,False,False,False
71.86545360957555,0,0,29.982613738624416,2963.917648238229,3,1.810310903282356,1,A,False,False,False,False,True,False
5.873896768562134,13,1,39.10246778799473,353.8995381042209,1,1.5622572158531234,0,A,False,False,True,False,False,False
112.60622526083745,17,0,5.970142311432401,576.3857660272,7,1.3640994625139635,0,A,False,False,False,True,False,False
78.0843895532854,12,0,3.817471847286822,594.3779447129832,2,0.6160997407567679,0,A,True,False,False,False,False,False
117.4945797075556,7,1,9.361679511268745,1910.9807232010526,5,0.9883338990724708,1,A,False,False,True,False,False,False
194.36580767374627,7,0,2.9644463959967893,303.91700635847496,4,0.9320259407113277,0,A,False,False,False,False,True,False
84.87196342821181,9,0,32.312849401211196,2942.14330272679,4,1.3233662946476292,0,A,False,False,True,False,False,False
65.21616083313705,16,0,6.187130592185973,1073.5335708376683,5,0.9077031666468726,0,A,False,False,False,False,False,True
18.967329440764896,5,0,12.876405941756232,2531.6753336240104,2,2.0521286055294374,0,A,False,True,False,False,False,False
23.227457309933794,14,0,13.547637733735511,2959.1580230170634,4,1.3805506101644673,0,A,False,False,False,False,False,True
226.8029421501498,14,0,10.8537209906901,584.9465602474958,3,1.3434648305917372,0,A,False,True,False,False,False,False
306.0053198240488,15,0,2.5533878537842285,1112.8395167089272,3,0.6134025619785011,0,A,False,False,True,False,False,False
41.02852171455969,7,0,70.65902738491305,913.7365768273542,4,0.6985112660419024,0,A,False,False,False,True,False,False
57.69689139179747,18,0,2.842063917604321,1040.6947108201286,4,0.7690950696860436,0,A,False,False,True,False,False,False
18.43890344045486,19,0,20.88513080831694,695.2839159343309,2,1.0042193308654048,0,A,False,False,False,False,True,False
223.03042883381315,14,0,23.50738163289622,2674.004710091249,1,1.8140626780390876,0,A,False,False,True,False,False,False
121.32831138526036,2,0,2.3526795021900946,944.9682046345908,1,0.683556017065557,0,A,False,True,False,False,False,False
560.8541691866609,5,0,40.58259169931924,839.4069850714417,6,0.4446319789026625,1,A,False,False,False,False,False,True
19.029916764413166,7,0,10.034393972461606,2694.148276967898,3,2.047788685765923,0,A,False,False,False,True,False,False
34.687886062628046,15,0,14.868566858517847,2140.806493439632,7,0.7941576547429715,1,A,False,False,True,False,False,False
72.07700829018971,14,0,15.416132059075196,1380.2725705286623,3,0.9687942712834551,0,A,False,False,True,False,False,False
118.60367175952186,12,0,10.546602977299603,801.1834412000578,3,1.6550200921767093,0,A,False,False,False,False,False,True
42.14848897044827,19,0,2.297653084096927,3539.31522300466,5,1.796061880508714,0,A,False,False,False,True,False,False
19.1527573356136,14,0,20.899987535959124,470.84106554999056,3,0.6335781142006018,0,A,True,False,False,False,False,False
157.22675059671724,17,0,13.076424322546357,2586.10077683705,7,1.1436033519357947,0,A,False,False,True,False,False,False
129.71794442329994,12,1,1.8950279024302028,1810.1454248329653,1,2.0069715949934888,0,A,False,False,True,False,False,False
18.182708850430483,23,0,18.075699141405366,398.16937236344324,2,1.021466583662057,0,A,True,False,False,False,False,False
277.6972138537205,7,0,18.19839534051902,1163.4257256963444,1,1.7394083942597915,0,A,False,True,False,False,False,False
222.3468279951402,13,0,11.927248302818423,381.23065052154226,4,1.0862870049501794,0,A,False,True,False,False,False,False
64.1456190661288,10,1,1.423709244518885,830.2101368367814,0,1.7346070665175335,1,A,False,False,False,False,True,False
60.070413642793845,5,0,6.5228842809348295,1372.1408048852209,3,1.9458360069760212,0,A,False,False,False,False,False,True
106.15171297652103,23,0,0.7839976902163748,487.14274554962105,1,2.380575594528735,0,A,False,False,False,True,False,False
19.413259571973178,0,0,9.739711201790737,167.63286049967755,1,1.2675193766690769,0,A,False,False,True,False,False,False
56.60162952544405,1,0,35.538428522953836,990.0911829037921,3,0.8220801200771303,1,A,False,False,True,False,False,False
4.1253041337758996,12,1,0.033832865950472954,1301.9844952394938,0,1.1474272175228013,0,A,False,False,False,False,True,False
156.29523873314426,0,0,4.651750929551182,811.1229239427007,6,1.180889747816346,1,A,False,False,True,False,False,False
8.383019175413898,23,0,24.13100499321177,1083.2146580190379,1,1.00563332405702,1,A,False,False,False,False,False,True
331.65782641654744,23,1,0.14864660753156445,949.8539132766497,4,1.4449384495714697,0,A,False,False,False,False,True,False
36.73962552774193,3,0,0.15338310204353658,485.8335600391965,3,1.3276086615648024,1,A,False,False,False,False,False,True
42.35132136536819,23,0,14.155645266315833,5206.662909488272,3,1.152277994795443,0,A,False,False,False,False,True,False
25.70586851442013,22,0,23.35266462913036,1413.1690872321326,0,3.0055920963628524,0,A,False,False,True,False,False,False
38.642524895406645,1,0,22.475521566701484,780.0329359035356,1,0.6659375909891562,1,A,False,False,False,False,True,False
299.5368996612411,20,0,22.683172234612428,566.8942667638158,4,1.2014918340159464,0,A,False,True,False,False,False,False
2.75834155197321,19,1,6.717911309190294,797.8722027019244,1,1.0048701207416082,1,A,False,False,False,True,False,False
252.73928499330628,15,0,32.14839567076779,818.9572247989656,7,0.3974397850032303,0,A,False,False,True,False,False,False
81.91058105477163,2,0,0.19378034226715476,1130.6210422927563,3,0.7301271187310507,1,A,True,False,False,False,False,False
12.82727832651887,16,0,5.613612080807574,2743.4320305644214,3,0.4931679354747885,0,A,False,False,False,True,False,False
15.023642521319077,4,0,6.168951422635146,576.1362176035882,4,1.5186983357134718,1,A,False,False,True,False,False,False
408.1650523403781,7,0,2.715116567576972,1264.180349838758,3,0.5333457579435317,0,A,False,False,False,True,False,False
17.555929288835856,11,0,6.147202622987886,2079.1410660803185,2,0.5027758807364823,0,A,False,True,False,False,False,False
13.680608432767226,22,0,13.224141978217292,639.6505695758875,5,0.9025313109720828,0,A,False,False,False,True,False,False
213.74366091469685,11,1,11.018268688551581,636.7157900073497,5,0.8405827545887959,0,A,False,False,False,False,True,False
81.96263326731057,0,0,5.772310732008655,327.9024226364474,3,0.8196378182232399,1,A,False,False,False,True,False,False
17.71637420299353,0,0,20.75412040916368,4208.951103925653,2,0.580265958244556,0,A,False,False,True,False,False,False
70.80644095380113,14,0,18.817973340856316,1646.3902492974,3,1.5649289680358964,0,A,True,False,False,False,False,False
15.944226354129135,16,0,4.942077966229941,694.8496435333459,2,0.9165983238461931,0,A,True,False,False,False,False,False
204.58543802926548,1,0,5.8563213461119155,671.189630943412,3,1.6261928322072536,0,A,False,False,False,False,False,True
195.12593250697668,16,0,5.085055742978143,480.53221357977964,1,0.611288049293779,0,A,False,False,False,True,False,False
103.3795780883111,19,0,2.0691366024240465,1243.4938181648095,2,0.7264092616909452,0,A,True,False,False,False,False,False
84.26724809955725,8,0,20.962249444329547,834.0384435277966,0,0.6460897206083027,0,A,False,False,False,True,False,False
451.88410850355774,11,0,0.7107223928089373,526.4160435315176,1,0.9873940151144996,0,A,True,False,False,False,False,False
54.57760276727281,3,1,2.448031455643668,591.4692249226335,4,0.712999628294871,1,A,False,False,False,True,False,False
13.2202672459464,12,0,1.6690779284527237,1959.753745048403,5,1.7143414659981213,0,A,False,False,True,False,False,False
93.63167135236064,3,0,26.173622797067704,808.234516152575,2,0.32400492591630636,0,A,False,False,False,True,False,False
667.3111703851822,6,0,0.6750940991808452,410.57408601121386,6,2.326789880248307,1,A,False,False,True,False,False,False
16.15595331691465,13,0,16.387691972824094,1154.870464536467,3,0.859970591334535,0,A,False,False,True,False,False,False
35.383467099784674,8,0,0.6824089657664348,633.3393227647541,1,0.678937685608938,0,A,False,False,False,False,False,True
89.99330203448281,22,1,23.157800916382197,1838.7807359450126,4,2.5121014983096117,1,A,True,False,False,False,False,False
51.1782266673408,0,0,36.578492779906796,3661.22659687168,2,0.9509981691235556,0,A,False,False,False,False,True,False
16.797594700121515,0,0,10.007606413700255,232.76785387774328,3,0.8618619309781831,1,A,False,False,True,False,False,False
209.81567925757457,19,0,24.486131075074052,622.9382327636561,6,0.7344403684608974,1,A,True,False,False,False,False,False
883.6392281820872,3,0,18.383592865736578,1225.1433775009757,1,0.8762109570685147,0,A,False,True,False,False,False,False
69.0863900262949,0,0,23.817736467858662,1031.5706343481243,5,1.2754250030827088,1,A,False,False,False,True,False,False
18.450990456352873,21,0,21.836287224660868,2985.375774532864,2,1.2957607907642872,0,A,False,True,False,False,False,False
8.510046186878492,9,0,3.4481402740400764,1079.8299130062285,4,0.5514225179781321,0,A,False,False,False,True,False,False
74.40857402460902,1,0,10.383983843776033,1291.3965956633567,3,0.5571674269426241,0,A,False,False,False,False,False,True
205.3370575212012,20,1,48.439267285196124,1547.9144943431738,5,1.671985660898112,1,A,False,False,True,False,False,False
96.5635456522364,23,0,6.313241529727166,636.0806533733283,3,0.7680423697563173,0,A,False,False,False,False,True,False
54.44088264908738,14,0,52.84391258751742,1655.9954661895472,3,0.971401548529676,0,A,False,False,True,False,False,False
26.920121492288292,2,0,13.1258539439898,1516.9548641940828,4,1.0626638126813754,1,A,False,False,False,True,False,False
14.72289316816507,22,1,9.287620613048182,1191.008312629919,1,2.0829967613796843,0,A,False,False,False,False,True,False
148.66591266661382,8,0,16.083534400039273,236.46237873921956,1,1.937819580610416,0,A,False,False,True,False,False,False
163.4530749308198,16,0,25.379187501947435,596.5707654101612,3,1.1863234772452653,0,A,False,False,False,False,True,False
8.543102702868735,20,0,7.51828262657544,1272.2974043244035,1,0.7135834447569204,0,A,False,False,False,True,False,False
367.89838555021345,12,1,0.5026409390814744,1016.2784547748629,4,3.1812750088539543,1,A,False,False,False,False,False,True
108.73192671953633,2,0,18.50649885808696,1996.572022497561,3,1.4196234626573712,0,A,False,False,False,False,False,True
292.8069664061789,3,0,46.910451062839705,2009.3765871979997,3,1.9808444613524123,1,A,False,False,True,False,False,False
10.907457196896855,3,0,14.711904815733996,1444.7229074735346,1,0.887636959410668,0,A,False,True,False,False,False,False
10.601664461931737,10,0,3.1314826604784756,2009.6231813774464,3,0.5609500481411515,0,A,False,False,False,True,False,False
45.660647791124106,6,1,4.280122848751747,1636.1075432879547,4,1.2897732450955683,0,A,False,False,True,False,False,False
99.81727976566081,10,0,36.07769466713034,719.7905024211801,3,1.0084094228054887,0,A,False,False,True,False,False,False
471.365116281433,23,0,0.20482351301300808,1091.5337699648571,2,2.284035814319006,0,A,False,False,False,False,False,True
127.39528035569188,10,0,11.935895697113931,455.2808085557325,5,0.9505851562245874,0,A,False,False,False,False,True,False
40.80409597133661,9,1,2.591705895554796,3621.759644130564,3,0.8001149941235006,1,A,False,False,False,True,False,False
15.932434718222481,4,0,4.98526425157658,401.9895169232152,1,1.899717904668307,0,A,False,False,False,False,True,False
238.8894009423938,12,0,5.500482005026684,206.99822799833763,5,0.8112269088798574,1,A,True,False,False,False,False,False
17.15609474331958,11,0,3.7131334147171184,5982.128651920469,3,0.8712918105865153,0,A,True,False,False,False,False,False
385.35395120755476,9,0,23.578668637895632,1018.1235792235857,4,0.46198278953234023,0,A,False,False,False,True,False,False
38.81234710926632,6,0,6.0567043377170835,2243.5252076674574,0,1.7573320542412538,1,A,False,True,False,False,False,False
368.22659175388225,18,0,6.357911434374773,1971.1085706967726,6,0.9150133939128884,0,A,True,False,False,False,False,False
123.31197768490719,18,0,9.049783996735886,2530.870435485975,2,0.5549743333543066,0,A,False,False,False,False,False,True
46.321462781104415,18,1,34.887082491019115,1759.7141799292403,5,1.7848273292273666,1,A,False,True,False,False,False,False
29.27472025894704,11,0,17.479602522653824,1768.5348927398416,3,0.8753548581465244,0,A,False,False,True,False,False,False
36.26708378762865,19,0,0.956077884973917,168.67856115222997,4,2.4819485121220777,0,A,True,False,False,False,False,False
91.2844112396477,21,0,0.6008018650020674,507.3008773774468,1,1.8933851762279477,0,A,False,False,False,False,False,True
59.89468652703909,14,0,12.534119844432245,133.9842699443422,5,0.5468747051291075,1,A,False,False,True,False,False,False
26.77386728037527,4,0,32.71355322641916,569.1040942631489,3,1.4352011373554308,0,A,False,True,False,False,False,False
44.75675162395644,23,0,5.856832972547535,715.9145953458467,1,1.691333049228836,1,A,False,False,False,True,False,False
59.99687248796667,13,0,4.270733730621944,998.9821631417674,0,0.43248356206046484,0,A,False,False,True,False,False,False
4.244054603445137,11,1,20.686268929619363,513.7895450036799,4,0.8786754818291582,0,A,False,False,False,False,True,False
94.61364814017033,20,0,13.822992960691316,827.209422394729,4,0.7644934891212853,0,A,False,False,False,True,False,False
16.849728271364636,10,0,12.487081587924434,724.6483900845197,7,1.7221033659176574,1,A,False,False,False,True,False,False
13.680905700135174,4,1,2.4254572289633267,1445.6747287166825,3,0.6370094973953402,1,A,False,True,False,False,False,False
7.207965856946153,15,0,2.903067102028211,2012.8369683859144,2,1.141599660243771,0,A,False,True,False,False,False,False
6.342855126943117,17,0,4.964852653509224,1301.6215139564256,1,2.631108677394788,0,A,False,False,False,False,False,True
10.734501531145256,11,0,3.4759345368162378,1815.7405390232268,1,0.36258444769172954,0,A,False,False,False,False,False,True
23.316816789177334,4,0,53.3387144759481,1277.5147985701783,2,1.0489163792950085,1,A,False,False,False,False,True,False
569.017372350454,15,0,0.2817957079975362,2834.4469979973023,5,1.0667409914368544,0,A,False,False,False,True,False,False
29.047847638228546,11,0,14.754751956392044,4872.281170071865,4,0.28997232910008214,0,A,False,False,False,False,True,False
67.57919216942301,22,0,10.934687963639087,154.93310700656636,2,0.43280250404881715,1,A,False,False,False,False,True,False
88.28565737722175,1,0,5.856827650730707,2715.0449114703374,3,1.5426864045008242,0,A,False,True,False,False,False,False
63.89737134069547,5,1,32.78386380665545,390.84825120334597,1,0.972168304055598,1,A,False,False,False,False,True,False
49.75285491224092,22,0,16.637331076919683,1272.3729500436716,3,1.1027596861710944,1,A,False,False,False,False,True,False
13.00907880956057,20,1,96.14430960162393,1351.6538379451463,3,0.9296531152537714,0,A,False,False,True,False,False,False
311.41083645239297,3,0,2.770673426604951,1784.2419040259413,1,1.8634337237011238,0,A,False,False,False,False,False,True
477.53429167360304,12,0,1.3795557389346176,1052.8453673676936,2,3.325505256277028,0,A,False,False,False,False,False,True
7.248608845336726,9,0,2.2518342514977423,1092.3595983311939,5,1.7458667300516635,0,A,False,False,False,True,False,False
15.977247691608031,16,0,4.706099084143478,1443.3428743628688,1,0.30921815544161557,0,A,False,False,False,False,False,True
39.025980427481905,13,0,8.088041899033236,831.3796395156692,1,0.982070208036182,0,A,True,False,False,False,False,False
17.159546159144497,23,1,29.773242116861706,239.95125503614994,5,2.0270576771126803,1,A,False,False,False,True,False,False
100.19904564927147,14,0,5.002576736125529,1095.0957442447684,3,0.8069376697058174,0,A,False,False,True,False,False,False
22.784337704273558,7,0,37.019558971657986,602.4092908588976,5,2.0345152165499525,0,A,False,False,False,False,False,True
733.6758291270679,22,0,9.323779452520885,562.6023401963403,4,0.8449329595296591,0,A,False,False,True,False,False,False
227.8433458523932,23,0,15.62228391787514,520.4771027325678,2,0.5346622868823185,0,A,False,False,False,False,False,True
70.46307662172667,17,1,4.606189095908414,226.5571050822707,3,1.433995628678601,0,A,False,False,False,False,False,True
187.23855817363201,2,0,2.544287313244498,796.5284381409012,2,1.2571864876122656,0,A,False,False,True,False,False,False
205.8361593198185,16,0,30.54078224999715,1097.3337083943616,3,0.7403648054114128,0,A,False,False,False,False,True,False
27.75075409256605,23,0,1.7396867517303642,2027.194968369647,2,1.9162907470784345,0,A,False,False,False,False,True,False
20.502345752506656,23,0,22.30971836188903,683.6300714619391,1,0.3955818656785938,0,A,False,False,False,False,True,False
59.96563664458234,6,0,13.047703561464308,3873.8840814233417,2,1.6921567155921031,0,A,True,False,False,False,False,False
153.540342394241,12,0,29.614096088242135,1749.3613729661026,1,0.7608911836257992,0,A,False,False,False,False,True,False
64.51336930594023,15,0,18.97806729820953,447.2560426577293,5,2.409376682745843,0,A,False,False,False,False,False,True
8.228503976979033,4,0,4.962269924586391,742.0172757599587,5,1.5049951429470962,1,A,False,True,False,False,False,False
20.834508349483485,3,0,12.814802793552039,5526.085157823312,1,0.841335354803769,1,A,False,False,True,False,False,False
49.96049352876893,9,0,0.197397473947157,2014.168903992102,6,0.6168959140986399,0,A,False,True,False,False,False,False
49.85911233604137,12,0,9.6715948969506,719.4539574508174,1,0.4448721820620362,0,A,True,False,False,False,False,False
582.3377536571581,9,0,1.3490943931235524,2239.7620824611054,5,0.9619180274361381,0,A,False,True,False,False,False,False
10.34821942957017,13,0,8.404046218330574,399.82497090109234,3,1.0282363785842699,0,A,False,False,False,True,False,False
100.15380858575207,21,0,1.7414661084416372,704.7606572958865,3,1.6928166592508977,0,A,False,False,False,False,True,False
326.01250189219394,11,0,46.67718624341758,170.04179053173706,2,0.6971418278172272,0,A,True,False,False,False,False,False
833.5883492778974,0,0,11.105718999050897,1777.5013397785647,2,1.1998539189505493,0,A,False,False,False,False,False,True
33.60662069925987,20,0,36.66533823650158,431.6232817768169,1,0.8368100946689699,0,A,False,False,False,False,True,False
98.46639704906231,19,1,0.33930210278367956,1028.1721487367504,1,2.1154167439986917,1,A,False,False,False,False,True,False
108.17090484542109,19,0,15.227306193038345,318.25456241533806,1,0.9378781643384707,0,A,False,True,False,False,False,False
69.03254622876415,6,1,5.499894422427127,1287.3391977209606,9,0.6937691943295717,1,A,False,False,False,True,False,False
48.4913658562475,8,0,8.479992631950061,1033.4672053458632,5,0.5488956832818702,0,A,False,False,False,False,True,False
92.12722179533361,7,0,30.9638487105765,337.285720521806,6,0.797427817532005,1,A,False,False,True,False,False,False
2.6151061717292534,12,0,58.69617449989312,748.5435759284571,3,0.889790066868332,0,A,False,False,True,False,False,False
123.77722633961727,13,0,4.2452337506874676,1219.9410350853752,3,0.9056888441931782,0,A,False,False,False,False,True,False
63.523726666088066,11,0,44.42091500909815,1565.7879118274916,4,1.2372858135549674,0,A,False,True,False,False,False,False
41.805592559308586,7,0,17.50627161191614,3891.8555323557102,5,0.8468109061406727,0,A,False,True,False,False,False,False
636.659282962025,20,1,45.366271390739236,2905.322977156203,2,0.6597620473226719,0,A,False,False,False,False,False,True
24.290350615011416,21,0,12.395619243488143,628.8918946107323,3,0.8104195551439712,0,A,True,False,False,False,False,False
33.659953695965996,17,0,48.56945962120003,622.7852621290127,6,0.8965055254385176,0,A,True,False,False,False,False,False
595.7755264486211,15,0,33.447752616241935,349.14533534788933,4,0.753333257065854,0,A,True,False,False,False,False,False
20.116219584848523,10,0,2.064670316260374,488.9248464456556,4,0.44699279648901646,0,A,False,False,False,True,False,False
28.215223154870703,15,0,5.583137386298172,2182.2774843718116,4,0.4677685273316269,0,A,False,True,False,False,False,False
45.76728304608552,13,0,4.177132579012204,307.5712800341626,4,0.37606116868034134,0,A,False,False,False,False,False,True
149.73714325053314,2,0,12.732962708155192,968.7992684044006,0,1.088457190656692,0,A,False,False,True,False,False,False
70.0607700375195,20,0,24.353009309816457,861.5731534187685,2,1.2530949951333077,0,A,True,False,False,False,False,False
11.575022958398494,1,0,21.370005794914576,598.0849736028249,6,0.6568259197078636,0,A,False,False,True,False,False,False
28.829458364261267,2,0,19.460474645845984,386.8920332118886,0,1.2746177065665225,1,A,False,False,True,False,False,False
26.342264911459257,3,0,7.0564128037765865,240.9330378559897,6,0.8251209288006389,1,A,False,False,False,False,True,False
49.76613565196561,21,1,2.256011222753265,389.68501265994445,2,0.9292720420364105,0,A,False,False,False,True,False,False
91.01391349289098,4,0,3.546919229331996,1026.0961455178742,3,0.5208993156007008,0,A,False,False,False,False,False,True
90.18353819807811,9,0,20.3031947768032,1768.922478246674,2,1.865257659252938,0,A,False,False,False,True,False,False
6.480423707211567,19,0,2.394335265862774,3982.0227770175247,5,2.2199527709275766,1,A,False,False,False,False,True,False
195.72863509307288,1,1,3.783695102213747,1433.0877688245223,2,1.1755436676346886,1,A,False,False,False,False,False,True
73.92733233043053,11,0,8.289113184950983,1762.0286932068952,2,0.6839429126530019,0,A,False,False,False,False,False,True
287.56199078391325,4,0,1.1226706094053178,3970.204315137668,4,1.0486035957332558,0,A,False,True,False,False,False,False
93.04078940480133,4,0,3.587037370796595,1437.503730998604,5,0.6785991390937763,1,A,False,False,False,True,False,False
204.70860917026278,22,1,2.4336926300298383,2407.7862807549745,3,0.5120737004772707,1,A,False,False,False,True,False,False
95.56956137886598,0,0,45.33785455011069,809.4269210195251,4,1.4215481555240423,0,A,False,True,False,False,False,False
274.6426800309022,3,0,3.189099258459485,1952.763584405665,5,0.6077132325957556,0,A,False,False,True,False,False,False
102.17640325768726,20,0,29.682513266820965,1297.2449021989482,3,0.6536166819807386,0,A,False,False,False,False,True,False
48.54550979539261,23,0,1.829094412538244,903.7247253387302,2,0.3298912120506741,0,A,False,False,False,True,False,False
834.5742082362827,11,0,30.56564426031835,3781.067942057992,3,1.70187257136944,0,A,False,True,False,False,False,False
158.67285179993064,11,0,13.723142977231188,418.8558624276385,3,2.1250858182206955,0,A,False,False,False,False,False,True
108.68929478137434,15,0,28.427420885178083,551.1852962237424,5,1.4448782486670453,0,A,True,False,False,False,False,False
11.803955653320582,23,0,30.300469677126266,2813.2164225529214,2,1.5004673387085594,0,A,False,True,False,False,False,False
11.635151980730935,16,0,13.608981143541536,2384.916151387143,5,0.5119341232412264,1,A,True,False,False,False,False,False
77.5760370478224,20,0,37.45969700497018,1107.8291702410422,3,0.8775675231356416,0,A,False,False,True,False,False,False
65.01548272637372,9,1,13.2083634458238,1439.0737432914225,4,1.438883078430696,1,A,False,False,False,False,True,False
26.12918586609773,16,0,18.701382033080417,1658.895353809668,3,0.6143785372088879,0,A,True,False,False,False,False,False
64.66235801455126,16,1,8.069881635314337,1468.5231118923402,7,0.8156094890992858,1,A,False,False,True,False,False,False
367.3636809513761,17,0,36.81293156552117,1329.9875764134129,2,0.44171624796339487,0,A,True,False,False,False,False,False
125.77353763301278,1,0,26.072928407905927,559.8243847609294,5,0.8596384850030776,0,A,False,False,False,False,False,True
13.884731571359156,3,0,2.73565938431192,2953.0256778715807,5,0.9129328660517055,1,A,False,False,False,False,False,True
47.76004481533625,18,0,12.884054751448534,931.4652482137267,3,1.2855746493423892,0,A,False,False,False,False,False,True
20.781023176404496,10,1,34.070269166081914,496.47756432007066,4,0.4358456304835357,0,A,False,False,False,False,False,True
34.28678833761304,16,0,23.63022146748888,1220.8194189319722,3,0.43295006156941995,0,A,False,True,False,False,False,False
33.23691651001666,11,0,49.27234232616298,1443.1312029238184,2,1.8508640886249987,0,A,False,False,False,False,False,True
30.778774132867888,1,0,3.945850457633532,1504.6023884340182,5,1.709950577708381,0,A,False,False,False,False,False,True
12.10765084025095,5,0,6.8701685891903965,2388.040043827627,1,0.7244427573171321,1,A,False,True,False,False,False,False
46.84359948543168,8,0,10.614531088442089,809.286743302568,5,2.145428480715668,1,A,False,False,False,False,False,True
27.86219733329138,4,0,3.9725586118471687,1040.9348505711305,3,1.0866962173573826,0,A,False,False,True,False,False,False
1.6236254355406592,19,0,7.514249613462108,558.2672233185403,2,1.7660464980865729,0,A,False,False,True,False,False,False
641.3442917898649,20,0,11.567902379181088,1322.0974385482966,1,0.8648328143206043,0,A,False,False,False,True,False,False
201.64799636325216,8,0,3.185636049365633,551.7418626621809,1,1.1688642397821563,0,A,False,False,True,False,False,False
34.75902081391425,22,0,4.449587388819721,684.0743929473488,3,0.8432685149732617,1,A,False,False,False,False,True,False
55.845159923328104,7,0,2.0002711290614643,2408.504061120752,6,2.3057223096814847,0,A,False,False,False,False,True,False
13.383395318308452,19,0,18.74404352056767,1223.1488767096084,4,0.9217330197136545,0,A,False,False,False,False,True,False
417.74343548527304,7,1,6.730723989551483,3427.7273916621334,4,0.9578440258584169,1,A,False,True,False,False,False,False
532.0547692324437,21,0,3.7320395933772166,2811.2205363892076,3,0.44591082639280183,0,A,False,False,True,False,False,False
65.8930171043145,20,0,10.618557368988736,1303.2221900575569,3,0.9410412020977829,0,A,False,False,False,False,True,False
186.46373560574966,22,0,1.060349931753769,1455.3021697780105,6,2.3888859417843795,0,A,False,False,False,True,False,False
67.37972352306352,5,0,38.538666754804765,906.1486753843982,3,1.9682890795921908,0,A,False,True,False,False,False,False
10.978397446156551,2,0,5.232037081778066,2527.85381257738,3,0.9127191787059787,0,A,False,False,False,True,False,False
33.308477935592144,4,0,32.63457567699449,1466.3030254213445,3,0.9551193619080482,1,A,False,False,True,False,False,False
63.96356089051198,8,0,10.325979053521491,2270.2579686375434,6,0.5364852935136533,0,A,False,False,False,False,False,True
31.64381584349066,6,0,28.47185709925965,653.608390629835,3,1.1904047401982325,0,A,False,False,False,True,False,False
41.99775090959402,3,1,4.256634503733305,369.1271925924017,9,1.1767347864780928,1,A,False,False,False,False,False,True
48.92656649138874,6,1,2.8904992375590295,1638.9378797322638,4,1.302328256224104,0,A,False,True,False,False,False,False
49.548193528399544,4,0,28.398095121315894,1924.1401793562227,4,0.4516201405767149,1,A,False,False,False,True,False,False
58.131645502440094,10,0,3.5914547479082337,1164.6217818824127,3,1.7859784680779578,0,A,False,False,False,True,False,False
15.291145269747759,14,0,20.567855993955046,1742.1811090890678,2,0.8915594984032238,0,A,True,False,False,False,False,False
23.094179614671745,1,0,6.33727225717822,554.6848215379731,2,1.8486201214949112,1,A,False,True,False,False,False,False
11.687254407827774,12,0,20.686428642149796,2324.914173427361,3,1.1073129471603957,0,A,False,True,False,False,False,False
176.51019903830473,21,0,35.731937098396685,2800.000764547163,4,2.043441303597193,0,A,False,False,False,False,True,False
4.363278262034629,15,0,59.962431833567614,2481.3186897946666,5,1.383421848339507,0,A,False,False,True,False,False,False
217.95931392084933,6,0,6.689841827430925,1210.9674358864754,6,0.657656502375567,1,A,False,False,False,True,False,False
288.18979592647537,7,0,6.871738567442234,2833.29388862837,0,1.507117278841307,0,A,False,False,False,True,False,False
37.99229194585999,5,0,59.759019043077735,439.5297920994784,0,1.6631108485624402,0,A,False,True,False,False,False,False
2.4018409230883937,23,0,29.656321212431617,1735.0260549528903,5,1.1108323556409618,1,A,False,True,False,False,False,False
35.3899303271343,6,1,0.6921037320818954,1945.2778000205326,3,0.8688718411667399,0,A,False,False,True,False,False,False
50.55081188940948,17,0,12.780384800055174,1637.610377330162,1,1.5871031739909776,0,A,False,True,False,False,False,False
16.236830283325045,21,1,2.9995515923704192,516.8248531711072,2,1.7802120364704717,1,A,False,False,False,False,False,True
29.421859763374858,21,0,76.77131016537328,1317.4936326597226,6,0.5189681311050037,0,A,False,False,False,False,False,True
342.48718420958534,19,0,2.243570430384939,893.4750358418243,2,1.0697596487374161,0,A,True,False,False,False,False,False
121.2570405789237,6,0,12.292484271241813,229.082111746191,4,0.9063211968832882,1,A,False,False,False,False,False,True
18.002723693350898,2,0,16.413256078313673,427.44638432912814,0,2.580392474420777,0,A,False,False,False,False,False,True
8.027563012140266,4,0,41.484710158658004,2776.666922550808,0,0.6995211891211744,0,A,False,False,True,False,False,False
36.87667431819099,0,0,28.1851064369019,797.648851673741,3,1.319988727278136,0,A,False,False,False,True,False,False
42.26045863300816,14,0,4.230565903296794,2552.6936797157987,5,1.4138795774465693,0,A,False,False,False,False,False,True
99.03160333866235,2,0,12.751364657868578,2737.829271323966,5,1.0314351181244783,1,A,True,False,False,False,False,False
28.720752495075846,7,0,46.04842087746844,1697.637074343735,3,1.994994327943984,0,A,False,True,False,False,False,False
100.86666442219051,8,0,19.96101302640687,670.7893113234355,2,0.9537684701198235,0,A,False,False,False,False,False,True
556.7881620300334,14,0,17.48746068531804,2334.1140222840627,4,0.5425488046666959,0,A,True,False,False,False,False,False
145.2710382554201,9,1,21.091400878344853,1300.9435112450699,5,2.083934154460169,1,A,False,False,True,False,False,False
51.536680208271854,1,0,5.8403229196106725,1136.5292125253202,3,0.7998617590810553,1,A,False,True,False,False,False,False
43.825657552110314,19,0,19.59851662575363,528.8550779816973,2,1.0484361949583338,0,A,True,False,False,False,False,False
35.58742122288539,4,1,3.9761868486731355,734.6352525843674,4,0.9249404677981762,1,A,False,False,False,False,False,True
225.1505061816716,18,0,8.381939597459581,535.0477117606191,3,0.6235432437396533,0,A,False,False,False,True,False,False
25.718841738458615,12,0,33.09942009016762,2362.094808829132,4,0.6323200135776643,0,A,False,True,False,False,False,False
57.64290972154171,10,0,0.2873011125829254,3742.448730744758,1,0.4628426536052655,0,A,False,True,False,False,False,False
58.057708048986335,0,0,8.024691135964352,2296.0564560061252,3,1.2962462219186661,0,A,False,False,False,True,False,False
29.900014598066228,21,0,4.655496761577856,1285.8024813601871,1,1.433156586972437,0,A,False,True,False,False,False,False
10.517508477703078,14,0,3.3207318623292355,857.9362469817025,4,1.1322960046836674,0,A,False,False,False,False,False,True
80.44465273884686,17,0,27.355758771336728,1605.4075828908335,6,1.3563477154112085,0,A,False,True,False,False,False,False
50.74409384816876,15,0,17.885534492560023,785.5147136335278,1,0.9365688224314732,0,A,False,False,False,False,False,True
99.51302730909754,8,0,1.7924446941152563,1069.4614709714738,1,1.1061628941310448,0,A,False,False,False,True,False,False
28.779969228836976,0,1,10.23202041291132,568.4001470024663,5,0.986055406580219,1,A,False,False,False,False,True,False
236.27244297361332,10,0,9.43585623186961,1845.5131980439385,3,0.9646940734593171,0,A,False,False,False,True,False,False
19.065329240832142,8,1,2.3064976999445133,1921.2409861118917,3,0.5817004277752976,0,A,False,False,False,False,False,True
426.00383169642714,22,0,24.123781810786657,2268.977364602285,4,1.931767960379904,1,A,False,False,True,False,False,False
6.704883813229415,10,0,6.851549046559243,1713.3888757223779,2,0.8652887754182806,0,A,False,False,False,True,False,False
91.99406622993394,12,0,21.528347858648488,1620.3154191800052,2,0.7932335806718646,0,A,False,False,True,False,False,False
96.59401850197743,1,0,3.1990607606621912,475.7737251399856,2,0.754979616295369,0,A,False,False,True,False,False,False
21.016997570974365,13,0,5.6766553455412545,460.106790370653,4,0.8248856504838943,0,A,False,False,False,False,False,True
90.85571742409407,5,0,1.5001386842066644,1429.1640250850232,2,0.8291472487241637,0,A,False,False,False,False,False,True
253.51485063759745,7,0,2.323151370922256,2645.772382642614,2,1.103036452817305,0,A,False,False,False,False,True,False
3.8183461841000232,17,0,32.207263032857824,885.5551815150451,1,0.43098421649823243,0,A,True,False,False,False,False,False
99.81253423706539,15,0,1.733059259314148,1101.5648367728272,2,0.6503765090509828,0,A,False,True,False,False,False,False
2.7403208596439597,20,0,1.509429385691938,1110.7567991501128,3,2.103560263598406,0,A,False,False,False,True,False,False
17.136355097015112,11,0,42.295786300426016,250.97901483029668,3,2.0322314033172937,0,A,False,False,False,False,False,True
385.67677101716043,10,0,15.572785353075819,1329.2093024060637,2,0.8777366949382903,0,A,False,False,False,True,False,False
27.163157730163263,5,0,1.595681901474304,706.3553062323548,2,3.4819473227951265,1,A,True,False,False,False,False,False
13.347699430718915,2,0,53.48227703644448,1788.0203636152503,1,1.4197021089304849,0,A,True,False,False,False,False,False
43.05484315394545,13,0,2.3866947595781745,1069.4825026267004,7,2.0875404629520165,1,A,False,False,True,False,False,False
652.9415437840909,1,0,21.808690719407856,950.1215953067165,0,1.0467167757790405,0,A,False,True,False,False,False,False
6.061645533199282,10,0,0.5320974017314488,966.8242863867757,4,0.8823174601778145,0,A,False,False,False,False,True,False
15.462660320889144,21,1,14.694121876971717,844.1956526894511,2,1.6100997818391571,0,A,False,False,False,True,False,False
329.2831502927634,2,0,11.868144946550311,368.98696809456715,6,1.7486616527047645,1,A,False,True,False,False,False,False
507.37116278112984,17,0,3.4979804748351264,2351.1946721000163,2,0.8728731853536468,0,A,False,False,False,False,True,False
48.22523977818316,0,1,15.456434165655953,660.4205589252717,4,1.2464449543366227,1,A,False,False,False,True,False,False
12.34358823456999,23,1,14.397879941430379,754.3060633386058,3,0.23015686088130183,1,A,False,True,False,False,False,False
675.2022004056025,0,1,24.018453972524362,1168.2385301318607,1,0.722497615953296,0,A,False,False,False,False,False,True
369.9363153318379,11,0,31.296878585386775,449.24015400308565,3,2.041725388270266,0,A,False,False,False,True,False,False
123.31430056454117,14,0,10.703461131196375,735.6365604529179,2,0.7653386778198612,0,A,False,True,False,False,False,False
20.59641808432573,4,0,10.108852973889498,5080.649642571295,2,0.973783483863524,1,A,True,False,False,False,False,False
51.47852811859776,5,0,14.57688398574736,1435.6708234528796,1,0.9401749485224058,0,A,False,False,False,False,True,False
45.04076203436757,15,0,19.596041453364098,552.1157625572172,4,0.5784655088702002,0,A,False,True,False,False,False,False
81.20863351067239,11,0,6.604835758873832,207.45785855312326,4,0.9566758705168441,0,A,False,False,False,False,False,True
311.4384497973686,11,1,10.537114650648219,2443.3257300177856,4,0.9009816508713827,0,A,False,False,False,True,False,False
156.8516492437883,2,0,13.195917606691962,488.00876982555604,2,0.6325676862923261,1,A,False,False,False,True,False,False
14.98648369108879,22,0,66.82293958362118,710.3119161450262,4,0.9303985511999427,1,A,False,False,False,True,False,False
284.8024380367412,1,0,13.290504318228484,786.0438458755177,3,0.5552160244802006,0,A,False,False,False,False,False,True
79.50012293535734,6,0,3.807647822111831,528.2113855319633,2,0.9758430170042344,0,A,False,False,False,False,True,False
124.52157013952134,1,0,13.300609710208203,1031.7492579085774,2,0.9637515891396736,0,A,False,False,False,True,False,False
317.3004228168653,20,0,25.680332860201727,705.4748021264805,3,2.6814950134416713,0,A,False,False,False,False,True,False
14.383816214712885,6,1,29.216063667975384,1788.0966599748365,2,0.6702713976440189,1,A,False,True,False,False,False,False
52.30067647775045,10,0,24.16036455222245,1227.1397797159548,5,1.500415063133772,1,A,True,False,False,False,False,False
28.854170436619427,10,0,32.86691905906743,3448.5282752455987,2,0.4854252882187869,0,A,True,False,False,False,False,False
8.319221573357172,13,0,6.114254016681313,3504.774543812305,2,3.4259036760834793,0,A,False,False,False,False,True,False
82.76886574661296,2,0,10.626063321735103,510.8860077242577,3,1.2191951307164688,1,A,False,False,False,False,True,False
1111.9470557053737,13,0,22.68406204919379,844.1986526927751,3,1.127121853679063,0,A,True,False,False,False,False,False
6.000883489229968,10,0,4.607050400123834,6145.310796770503,5,1.3582561423922195,0,A,False,False,False,True,False,False
52.52363541872872,3,0,6.968232514356506,434.08154388288415,2,1.0328279823530147,0,A,False,False,True,False,False,False
117.76033763125892,16,0,26.681670320194073,2075.796528459035,0,0.8131158110593717,0,A,False,False,True,False,False,False
63.287880023047265,15,0,22.050726436011935,1700.0251185436412,2,0.6259067102469609,0,A,False,False,False,False,False,True
47.66733378489224,2,1,53.21047333558803,556.0399937970535,1,1.106617736813785,0,A,True,False,False,False,False,False
11.483834650035915,9,0,82.72494729090691,577.9231785523434,7,1.8715491166472806,0,A,True,False,False,False,False,False
72.19307242681462,20,0,4.1312548943518115,4798.003101243556,2,0.39318757460943166,0,A,False,False,False,False,False,True
22.018504810990546,14,0,34.606426643755164,4721.879028518182,3,3.0247741460889817,0,A,False,False,True,False,False,False
3.9435997724818406,7,0,1.4892768136611823,1546.7829119843311,2,0.6499080790580314,0,A,False,True,False,False,False,False
228.95160849693679,17,0,18.55778487902127,361.7800893789183,2,1.1671480673161914,0,A,False,False,False,True,False,False
172.4423510511778,2,0,3.72883181270985,2997.357348961459,3,0.6963836166323982,0,A,False,False,False,True,False,False
58.089979100200864,6,1,5.356793289778726,360.5576151905818,1,0.9714525254780395,1,A,False,True,False,False,False,False
71.87220603797604,9,0,43.871050877528475,1943.3318361292538,2,1.177789030916785,0,A,False,True,False,False,False,False
198.18117057897848,19,0,4.580589205969389,300.2424096942228,2,0.9149169189518211,0,A,False,False,True,False,False,False
71.46498347533722,8,0,16.775087976936906,1103.3373307241484,5,1.0933067966825962,1,A,False,False,False,False,False,True
161.55102963300914,13,0,2.942568476215638,2226.051408920405,4,1.056562052485988,0,A,False,True,False,False,False,False
38.207099875255906,22,0,1.4706432836014711,114.40139479951816,3,1.3253102039321012,0,A,False,False,False,False,False,True
263.58620977360744,13,1,6.217217533852278,718.594134063032,2,1.2810827990906946,1,A,False,False,False,False,True,False
80.23363942394782,10,0,14.680317244452564,1239.730827629233,2,0.3382648490441102,0,A,False,False,False,True,False,False
68.9142054959941,0,0,4.274190158359196,832.6851860249194,4,0.8461263715605981,1,A,False,False,True,False,False,False
11.892722917740564,3,1,5.353741709661341,641.0710797758109,3,1.952902718506011,0,A,False,False,False,True,False,False
77.04171475014786,5,0,18.502559762467175,985.5694781621551,3,1.52556680374942,0,A,False,False,True,False,False,False
20.11878788246854,21,1,1.62708065468543,2514.977304681173,2,0.5725395329046923,1,A,False,False,False,False,True,False
25.382519493071154,21,0,8.88338501940649,3278.574245356502,5,0.830374014597296,0,A,False,False,False,True,False,False
20.523062340219393,4,0,42.64118460563678,1927.5729115750494,2,0.8921562005901954,1,A,False,False,False,False,True,False
15.188188930043747,2,0,7.586866335318234,3799.7441289915214,3,0.8849215062681163,0,A,False,False,True,False,False,False
699.0523859921087,1,0,8.54274655459315,714.9234994827763,3,0.9224891457883768,0,A,False,True,False,False,False,False
269.7800168193132,2,0,20.102862962579508,1767.6879447048625,4,0.774832640114084,0,A,False,False,False,True,False,False
546.9957334993081,8,0,22.64467072078113,485.3754753373207,5,0.6161697298722387,0,A,False,False,False,False,True,False
12.585256081506321,18,0,22.019491259510925,11440.323685839767,2,2.896364116141978,0,A,True,False,False,False,False,False
59.47193376834082,18,0,92.2535627943464,1188.1082914125523,3,1.0954226875369406,0,A,False,False,False,True,False,False
11.56277457698268,16,0,1.1119833076604355,2086.5881456358793,5,0.8976570747151746,1,A,False,False,False,True,False,False
23.692680182178687,17,0,60.47332244896455,267.7431361786865,3,1.456313399372092,0,A,False,False,False,True,False,False
18.14232524738235,10,0,44.99297733982879,2048.919042517014,4,0.4585980613051881,0,A,False,False,False,False,False,True
241.6525154539736,11,0,28.67222941749758,1201.0595340172533,4,1.3144858474970074,0,A,False,False,False,False,True,False
33.93762857530404,2,0,9.080494831388211,1589.6734871860813,2,0.480902347990234,1,A,False,False,False,False,True,False
196.7738698072029,17,0,30.707795277250078,1108.604998282938,4,1.1986162439358663,0,A,False,False,False,True,False,False
112.7243059767521,23,0,3.7429368663158957,996.4134342044255,8,0.6495507552558556,1,A,False,True,False,False,False,False
866.4171608152297,5,1,23.52845893690306,857.037042072924,4,1.4196050890035485,0,A,False,False,False,True,False,False
9.250401280252825,6,0,3.0728940744751094,1020.7306135608785,5,3.7762485062973563,1,A,False,False,False,False,False,True
247.41816670116194,0,0,25.340372196151048,3549.7065133843826,2,1.0800506272884858,0,A,False,False,True,False,False,False
216.09735948332417,5,1,14.299344922558788,817.371225846122,3,0.47370613837320386,1,A,False,False,False,False,False,True
16.97845851493847,17,1,1.5476315621057741,6681.027037327713,2,0.7222519455362301,0,A,False,True,False,False,False,False
182.83059317961983,12,0,33.852644305364066,1151.8233853541556,1,1.187208323955176,0,A,False,False,False,True,False,False
81.72614440492013,21,0,12.939728062793245,3360.9320953218544,3,1.8852543815447016,0,A,False,False,False,False,True,False
41.55544202500194,18,0,16.01753431437352,2738.4323061584987,3,0.5722193541557059,0,A,True,False,False,False,False,False
20.313331926516152,6,0,5.000865574561962,313.9552610482325,4,2.5512074691857594,0,A,False,False,False,True,False,False
23.036240695588326,18,1,30.79322154396795,371.8556963784274,1,1.3722390671956182,1,A,False,True,False,False,False,False
638.9169740956894,8,0,11.818487003095498,637.4114602050795,4,0.9946323228991034,0,A,False,False,False,False,True,False
54.64290514868837,2,0,8.199908518221521,318.9559596565397,2,1.540183408234993,0,A,False,False,False,False,False,True
139.56856722600548,22,0,11.462616467956963,788.0411042097322,6,0.5308224447297535,1,A,False,False,True,False,False,False
21.134795160153825,11,0,18.226167638079467,1121.5807627043755,5,0.633334352036061,0,A,False,False,True,False,False,False
21.416817214086723,19,0,17.814007263022965,1842.5164892836833,2,0.5029212517899239,0,A,False,False,False,True,False,False
200.01288132518232,23,0,6.637627063564143,1267.0683581930437,4,3.066929163780278,1,A,False,False,False,False,False,True
10.810399052970325,17,0,7.298296005587819,1101.2397038401377,2,1.0066097860246586,0,A,True,False,False,False,False,False
33.17323839772245,7,0,12.39120503692252,2487.399415020319,7,1.0959034554369962,1,A,True,False,False,False,False,False
56.87369280090758,8,0,38.735897844163425,2234.7989334413132,4,1.761639392209664,0,A,False,True,False,False,False,False
62.40510745137081,12,0,20.522707205835736,5045.60576110001,0,0.49053685652133,0,A,False,False,True,False,False,False
44.03954842171012,7,0,7.424652858066447,1273.2132157089618,6,0.6657330341701676,0,A,False,False,False,False,False,True
87.79317264544284,21,0,6.165442507386917,159.3682307303479,1,1.1933785119957145,0,A,False,False,False,True,False,False
125.38975257805383,9,1,11.123616394209082,1543.4244478080457,3,2.3240490236168343,0,A,False,False,False,False,True,False
131.83683434734846,16,0,30.60231656648721,6736.023003556266,3,1.5583373778384433,0,A,False,False,False,True,False,False
16.727188167576525,6,0,0.1307568836295382,2491.870407402193,6,1.1949600259067845,0,A,False,False,False,True,False,False
38.82303990920266,16,0,18.593277896623025,2993.624248387637,6,1.1378204415005548,0,A,False,False,False,False,False,True
228.99849563480288,22,0,5.232988186796456,1183.065107265995,2,1.7558955434766157,0,A,False,False,True,False,False,False
159.7446535494711,17,0,3.505438231588494,2276.761503748454,5,0.6173504292201072,0,A,False,False,False,False,False,True
10.512538191179315,23,0,0.18318395821338374,3122.355069050049,6,1.161356387386291,1,A,False,False,False,False,True,False
83.24398553481434,1,0,34.03589417105199,839.3264693785802,4,1.2645997897048575,1,A,False,False,False,False,False,True
5.084159372796584,2,0,36.49868971446188,734.6348993839417,2,0.87641430693676,0,A,False,True,False,False,False,False
57.76146642301812,18,0,0.9507668761642529,1577.7616582846724,7,0.9362145135121045,0,A,False,False,False,True,False,False
532.3602490789606,0,0,11.066374014853807,2381.3175935553613,2,0.4470068585471374,1,A,False,False,True,False,False,False
17.505738461735483,20,0,2.483284506437815,120.98962220175048,0,0.7594182770133158,0,A,True,False,False,False,False,False
20.06169640302417,20,0,21.324940971305725,938.4001962008333,3,0.3065700869184206,0,A,False,False,False,False,True,False
136.56978615846506,9,0,16.421910043597276,229.80625867278502,7,1.3997726585261376,0,A,True,False,False,False,False,False
8.57317533723313,20,0,5.28876723987732,994.1998243064135,8,1.064012332062865,0,A,False,False,False,True,False,False
25.551447384319484,13,0,1.8657764633338292,4237.342419849131,3,0.9351176279801796,0,A,False,False,False,False,False,True
111.69024443889965,12,0,26.6874467146406,665.6641823324412,6,1.1381064095358107,0,A,True,False,False,False,False,False
25.50455293691977,8,0,16.824490110165918,872.2992828508089,3,1.1625900555491757,0,A,False,True,False,False,False,False
41.13404052604161,5,1,0.10264960660356034,1862.264714376516,5,0.8417803657761268,1,A,False,False,False,False,False,True
133.35608113201897,5,0,14.827752137891945,2428.498069653952,3,0.49775521174260223,1,A,False,False,False,True,False,False
90.54575474557178,18,0,24.934356935040444,2356.5013198404295,3,1.2827702642580112,0,A,True,False,False,False,False,False
75.20231954959398,20,0,13.402097882623696,1129.8660458760755,3,0.6094381610889876,0,A,False,False,False,False,True,False
36.34487722459322,9,0,8.293311127752549,1730.8596515669904,4,1.1914162796665375,0,A,True,False,False,False,False,False
85.12096294497438,22,0,13.153107488092706,1671.1489476884153,2,1.9253544315381481,0,A,True,False,False,False,False,False
47.064583894578796,2,1,14.502398517061355,624.5325427169354,4,2.42602480647799,1,A,False,False,True,False,False,False
94.57249960168777,17,0,15.326211446615627,270.2003450446011,0,1.2093565342193604,0,A,True,False,False,False,False,False
30.074618290452662,20,0,51.18920880262274,535.0609054924946,5,0.8566793615072952,0,A,False,False,False,True,False,False
43.856249593281035,18,0,2.9520488600052786,3466.79124380609,4,0.7890722960947546,0,A,False,False,False,False,True,False
16.644014277510415,4,0,14.63635716152849,6441.8467998447095,5,1.1846581245513481,1,A,False,False,False,True,False,False
52.35203806055837,10,1,3.1237006769589346,1019.6199868998175,4,0.3785893557794968,0,A,False,True,False,False,False,False
20.63108592085804,9,0,3.535013257901456,3361.5048948365334,4,0.6688019330990518,0,A,False,False,False,False,False,True
14.341311089185496,16,1,16.59624468181632,864.4396213358158,4,0.6831199557668939,1,A,True,False,False,False,False,False
74.46977790874145,3,0,37.145880329968186,1449.8661090605344,3,1.2279091314225246,1,A,False,False,True,False,False,False
70.4770927177654,20,0,2.5982434931626384,670.9106862025667,7,0.9725478984034018,0,A,False,False,False,False,True,False
139.69318499608335,17,0,49.237435024361375,2469.1736781679524,3,1.0801046918343946,0,A,False,False,True,False,False,False
32.545832169545626,17,0,5.7710978487676305,657.9357556217014,3,0.9401342358685741,0,A,False,False,True,False,False,False
89.09145409176722,0,1,7.446792224653847,536.952266182438,2,0.895980406683612,0,A,False,False,True,False,False,False
105.73723344648855,13,0,2.5028807078822997,1138.4247534905328,5,1.1649318047870452,0,A,True,False,False,False,False,False
93.1050633918818,7,0,14.35029014659358,2107.8276261300734,6,1.417381842208972,0,A,False,False,False,False,True,False
20.271492335849604,1,0,13.610726570040448,1250.029574387774,2,1.7056301025728666,0,A,False,False,False,False,True,False
65.31594444780963,18,1,8.758197660894197,753.5373699763242,3,0.9866408656827392,0,A,False,False,True,False,False,False
84.51832335262944,14,1,9.696570270722743,533.9261335499717,3,1.6923046777154873,1,A,False,False,False,False,False,True
55.07049877208248,1,0,14.631691554392987,284.4298420490884,1,2.2147600779676435,1,A,True,False,False,False,False,False
4.4648106684854145,3,0,13.137907469948109,761.2771855957695,1,0.7377131591464234,1,A,True,False,False,False,False,False
66.19384936737406,0,0,7.032386008116048,970.3617415027704,4,1.4856178677340526,0,A,False,False,False,True,False,False
776.6868520180267,18,0,32.327274818158976,1708.1538507648036,2,0.7522790808681629,0,A,True,False,False,False,False,False
35.44396070349166,20,0,16.5239746767467,431.0887985895198,1,1.8479932372247194,0,A,False,False,True,False,False,False
22.789672722362106,9,0,3.4488660399085482,1871.6020976857014,3,1.0986627136496043,0,A,False,True,False,False,False,False
85.45742268813848,0,0,5.7827975156587,681.7569781202843,2,0.8216542158096626,1,A,False,False,True,False,False,False
79.42823047140706,19,0,23.2589126638332,727.041474032821,4,0.6350549284378568,0,A,False,False,False,False,True,False
228.44196566681848,21,0,1.6560210109607838,2977.9064924528534,3,0.7510345377960981,0,A,True,False,False,False,False,False
12.068010759984688,14,0,20.80834180306375,151.1271106337209,4,0.925156158384949,0,A,True,False,False,False,False,False
131.32252274139194,3,0,6.667200759316752,410.976834281942,3,1.7543059707311048,0,A,False,False,False,True,False,False
110.88642435821647,6,0,12.034089825448078,1137.4184394650879,3,0.8619513230620943,0,A,False,True,False,False,False,False
46.03602101843574,6,0,4.939192954591161,1092.2807315343512,3,0.7982734199183824,1,A,True,False,False,False,False,False
81.97585736258995,21,0,64.5278078176067,281.0162203944751,2,2.4284141955549363,0,A,False,False,False,True,False,False
187.7946310895639,17,0,35.441443779761016,738.5097917924895,2,0.8179102567578924,0,A,False,False,False,True,False,False
155.5206400161961,12,0,39.56034741113909,2359.988787587585,1,0.5607965856857793,0,A,False,True,False,False,False,False
13.851268619460134,9,0,3.064376484044659,432.5663188665248,2,0.5044147097879464,0,A,False,False,True,False,False,False
146.08517238409894,23,0,27.648011235904054,2603.47357178625,2,0.6918344742735717,0,A,False,False,True,False,False,False
50.520221100187165,7,0,11.498583284114929,618.3606073641464,5,0.9985601750087293,0,A,False,False,True,False,False,False
59.58768454799753,9,0,18.457791031301994,245.09864257099466,2,1.0137057320440737,0,A,False,False,False,False,False,True
59.61077755613467,13,0,3.678998305405881,2111.741867210518,3,0.7339402240607691,0,A,False,False,True,False,False,False
45.59091268522671,13,0,18.671122315426338,1340.1722381529555,3,0.46173846883411745,0,A,False,True,False,False,False,False
228.1604242188634,19,0,36.84780474065856,339.4242159340984,3,0.6421245897431191,0,A,False,False,False,False,False,True
49.379652576574166,21,0,4.668997899049157,710.363503947192,2,0.5165183845651097,0,A,False,False,True,False,False,False
14.24697560495549,10,0,3.986066329632531,4358.880186357008,8,0.22278386676932224,0,A,False,False,False,False,False,True
34.04775754904384,5,1,1.6541645816552304,1856.9337296860153,5,0.31402656218225916,1,A,False,True,False,False,False,False
67.65583882280588,20,0,4.655188011166327,2676.616691463228,4,1.1596936361633832,0,A,False,False,True,False,False,False
238.66424728245278,0,0,11.51134673016802,441.13275648593043,4,0.8583279862629575,0,A,False,False,False,False,True,False
112.58557756556866,18,0,26.820960814765414,2922.5820298442777,2,1.3416760545222584,0,A,True,False,False,False,False,False
19.675174541635776,6,0,4.902587277724891,351.0180308692087,3,0.7151504589839189,0,A,False,True,False,False,False,False
1077.3158473229332,23,1,14.559001804294885,360.0146189853849,1,0.7383130927106356,1,A,False,False,False,True,False,False
75.01817167383757,17,0,9.797094900687737,2139.0037255112597,4,0.6507731578019341,0,A,False,False,False,True,False,False
252.26216539394022,2,0,5.10736436609292,378.0912833617637,1,0.6404621533462942,0,A,False,True,False,False,False,False
45.510482302916664,19,0,10.711244629274614,3692.4621491599296,6,0.6844328366956873,0,A,False,False,False,True,False,False
103.54756720468053,10,0,2.7581646381404266,402.6517714431398,4,2.3763182287887363,0,A,False,True,False,False,False,False
149.5098393061775,4,0,15.307177359225792,503.88604305665376,5,0.94616613202676,1,A,False,False,False,False,True,False
235.52890719676128,18,0,1.8437512798339857,2758.761844083063,5,0.6727778367693834,1,A,False,True,False,False,False,False
194.19095254862785,20,0,19.694572571456717,667.405837017571,2,1.6164786647594385,0,A,False,False,True,False,False,False
155.49854895358848,23,0,2.934981079855798,2071.6980409024072,1,0.9872697410671359,1,A,False,False,True,False,False,False
37.408424107277526,23,0,94.46294488988299,450.0194971637575,3,1.7167964651223504,1,A,False,False,False,False,False,True
27.492266574538856,1,0,26.031191325542295,878.9424367852731,5,1.282346423626204,1,A,False,False,False,True,False,False
81.37995685359631,21,0,6.3202662063951465,1983.646175552806,2,1.0710161809316543,0,A,True,False,False,False,False,False
167.29415778801038,3,0,8.332240386903656,557.4766982708896,3,1.1615170915636777,0,A,False,False,False,True,False,False
41.79326319959657,9,0,4.500187127829641,2485.381570614833,1,1.2083894678716947,0,A,False,True,False,False,False,False
196.01797395093203,1,0,21.85812937821377,822.0256458784307,1,0.5289614696501538,0,A,True,False,False,False,False,False
312.042717837581,7,0,7.188135316299659,1207.2169335687997,1,1.0609634618463821,0,A,True,False,False,False,False,False
18.181687334329563,0,1,21.108818072731154,491.70059414934286,2,1.1509389957966265,1,A,False,False,False,True,False,False
19.99925765158683,5,0,0.27859454113806686,592.1207633398737,2,1.2269980081122511,1,A,True,False,False,False,False,False
46.13398726865542,10,0,2.1861585315536884,558.1825814795772,3,0.7833817047856715,0,A,True,False,False,False,False,False
78.97530446018041,9,0,6.811347946724876,673.7245743412437,0,1.8280964758997456,0,A,False,False,True,False,False,False
29.093639705866767,12,0,1.7296230098597307,3778.0468226189437,3,1.119587113489943,0,A,False,False,False,False,True,False
276.6195827035571,0,0,13.78672044377091,2688.2129787754825,1,0.8133666690403059,0,A,False,True,False,False,False,False
90.82006431441798,1,0,0.7825435709992066,1574.1011062624536,0,1.2235113619025182,0,A,False,False,False,True,False,False
57.244779922771116,2,0,29.466320878730006,647.491335105862,5,1.6828807106714876,0,A,False,False,True,False,False,False
9.746503169111099,8,0,21.48871883789103,559.1047458176942,4,0.6950829725247337,0,A,False,False,False,False,False,True
11.257347429187865,4,0,3.6551018104003976,504.8738350033969,5,0.6509661637528092,1,A,True,False,False,False,False,False
76.49390774478267,9,0,9.918679681542576,860.0005338923352,4,1.5046693129133453,0,A,True,False,False,False,False,False
4.224433836413636,9,0,9.017084286066849,1372.1077931753553,2,1.6192200535533052,0,A,False,False,False,True,False,False
184.04216547994503,11,0,19.3573799190922,1792.5908347528343,1,0.9471984340296664,0,A,False,False,False,False,True,False
45.16016472012483,17,0,7.700154380956886,1109.3466675920215,4,0.9107555745767987,0,A,False,False,False,False,True,False
2675.0184687548094,20,0,0.5023481334036901,1723.924223780944,1,1.5597833489459594,0,A,False,False,False,True,False,False
870.8759121454161,20,0,4.797622493135483,2318.697869290924,2,0.6712835179282551,0,A,False,False,False,True,False,False
43.91522702066798,0,0,9.4158927560709,814.516874944526,5,0.303293111334912,1,A,False,False,True,False,False,False
48.05737439311951,2,1,55.03157437191359,2640.4486170570644,3,1.0576587038280767,0,A,False,False,False,True,False,False
180.31364680918128,4,0,31.949490169566594,499.20317707615783,3,1.0580779208435682,1,A,False,False,False,False,False,True
421.4946699384792,16,0,3.0025083067780054,1753.0379504865464,1,1.5940200936940834,0,A,False,False,True,False,False,False
7.647395490238047,7,0,19.271016665458127,1125.037078767137,3,1.4937330326791434,0,A,True,False,False,False,False,False
6.400329296207271,16,0,41.42781169663324,1261.7312227964703,0,2.2987755717295673,0,A,True,False,False,False,False,False
25.8822714242817,8,0,0.1324724422172708,817.0978255358901,2,1.1423677751706582,0,A,True,False,False,False,False,False
109.8685992868296,5,0,19.145231971352285,2974.576249602032,2,3.021652037966882,1,A,True,False,False,False,False,False
99.11178044691246,16,0,9.224289496783115,676.2825562894084,5,1.796048278425299,0,A,False,True,False,False,False,False
197.10286424291672,7,0,17.10259003669335,3327.4668290198924,4,1.057182881261626,0,A,False,False,False,False,False,True
12.94051342912762,20,1,13.955436896960911,3345.0123111381267,4,1.7065355533977828,1,A,False,False,True,False,False,False
3.3893134014625157,6,0,62.6647458831298,1573.2356012212638,2,0.6400547511186128,0,A,False,False,True,False,False,False
152.8744558202755,6,0,5.112348861234784,853.8288007145928,2,0.8701909166909232,0,A,True,False,False,False,False,False
20.209736079862548,14,0,23.13671440261511,561.033873010396,4,0.9277810294277372,0,A,False,False,False,False,True,False
4.844357195404373,6,0,4.0111323252736355,222.40547115965722,1,0.9097683671364475,0,A,False,False,True,False,False,False
64.97980278017083,21,0,8.580092905070412,1689.017866599471,4,1.5323895252606408,0,A,False,False,False,False,False,True
141.43083879977496,7,0,55.563474856891304,450.70091517514993,2,1.7360773659753963,0,A,False,False,False,True,False,False
47.159309855484494,8,0,21.795251923800496,504.11953966991945,1,1.4797011185153768,0,A,False,False,False,False,False,True
31.518728874190277,14,1,5.693041114127448,1704.1236434498844,1,0.7311696202493218,0,A,True,False,False,False,False,False
45.09472698700396,1,0,14.488884312592605,777.5064964226996,6,1.4046732721338415,1,A,True,False,False,False,False,False
34.998341866316125,6,0,0.7645383641292646,1305.15836530304,1,1.8346502143475314,0,A,False,True,False,False,False,False
10.830253475422131,14,0,4.646766430547423,1585.2004247555642,3,1.4376491423181172,0,A,False,False,True,False,False,False
23.15899337031567,17,0,19.008508238311467,3959.052948515944,2,0.4939517935777829,0,A,False,False,True,False,False,False
102.05744959132657,21,0,12.662815465011402,1285.4433244912443,3,0.6163085793992751,0,A,False,False,True,False,False,False
80.31964608743688,17,0,9.513918064909042,706.4894556156246,1,1.3221686073145695,0,A,True,False,False,False,False,False
66.79790829880393,9,0,17.610194733474575,1032.705571018482,7,1.7890992679209312,0,A,False,False,True,False,False,False
16.540663799583577,21,0,7.623906021953793,690.6996797150422,3,0.6131475734256372,0,A,False,False,False,False,True,False
43.912376511428356,17,1,0.39756451278997956,4933.498583020175,5,0.997484762140968,1,A,False,False,False,False,True,False
4.004913347749167,0,0,8.724801510024184,1477.0274621950998,2,1.022363716417709,1,A,False,False,False,True,False,False
67.63813807446151,6,0,34.861604380879605,1750.6354990649922,5,0.6043509956269472,1,A,False,False,True,False,False,False
303.27174427522067,2,0,29.133342805363856,3235.703108049323,3,1.1519910985399067,0,A,False,True,False,False,False,False
9.309556391494231,13,0,7.889017487503908,556.6185891211857,3,1.2176755174030267,0,A,False,False,False,True,False,False
27.028362889249998,11,0,0.33708084945063116,350.306692582656,3,1.088875198508643,0,A,True,False,False,False,False,False
81.0388066552167,13,0,15.171688850934789,1076.862905922142,1,1.6465780961878724,0,A,False,False,True,False,False,False
245.5280411575655,3,1,20.275172784136014,351.09503514925547,5,0.9802854812283829,1,A,False,False,False,False,True,False
31.88483358217969,12,1,5.227276644540206,789.2755728107911,8,1.4245892853184954,1,A,False,True,False,False,False,False
23.79081554864518,15,0,9.712973595788242,191.8799188798949,6,1.2394536714719686,0,A,False,False,False,True,False,False
5.141229376113405,15,0,72.15857208354197,371.9109230896109,3,1.3920835116405987,0,A,False,True,False,False,False,False
61.81374527398986,21,0,12.882467160639647,2917.0964079376226,3,0.7915529124532668,0,A,False,False,True,False,False,False
633.0131830131988,4,0,6.486569789746845,1515.8164783560126,4,1.307808037373022,1,A,False,False,False,False,False,True
76.15952505816288,19,0,14.812325703593917,4619.8669529811805,3,1.789600926443981,0,A,False,True,False,False,False,False
53.157820013409676,5,0,2.9771721387996894,1069.6529662741982,5,1.5983222596212618,1,A,False,True,False,False,False,False
80.35857225444585,5,0,3.3331418146786564,1037.2976888229928,7,1.8497726013462727,0,A,True,False,False,False,False,False
53.87624166269276,17,1,38.83895797660303,1302.9415165459218,2,1.1013532501395187,0,A,False,False,False,False,True,False
20.58129705178188,5,0,4.100772327962529,19359.625715356055,2,2.228371030535599,0,A,False,False,True,False,False,False
146.63344464665138,6,0,5.583125462086887,2545.5036045818542,3,0.8675955398814815,0,A,False,True,False,False,False,False
71.5870239457194,23,0,11.77161126442369,559.7645835193983,2,0.882473685022223,1,A,False,False,True,False,False,False
55.76441279060912,23,0,34.49274015339617,1519.1005876001627,2,2.404758152584472,1,A,False,False,False,False,True,False
16.938019457821422,15,0,22.811030662060947,1238.990944918477,4,1.2631613986626902,0,A,True,False,False,False,False,False
260.91887058251876,8,0,0.6715705059975973,1952.2230320768087,7,1.5787679065556681,1,A,False,False,True,False,False,False
121.2243904105058,12,0,17.715062661416752,4907.77524226089,2,0.4246130769594,0,A,False,False,False,False,True,False
28.12039166418326,11,0,10.519549754470434,1754.9935627217155,1,1.2000800601758637,0,A,False,False,False,False,True,False
181.6696312044011,18,0,9.681159054062071,815.1666130041417,2,1.1499254677248274,0,A,False,False,False,True,False,False
30.051572646494126,22,0,17.643339736217097,4873.068672138443,4,1.3364020939037509,0,A,True,False,False,False,False,False
21.36161904030883,22,0,3.2766699924106857,385.7931559379551,1,1.3209458747541527,0,A,True,False,False,False,False,False
21.940983025655637,0,0,59.840579392884756,882.7769237424405,2,0.8453791495349029,1,A,False,False,True,False,False,False
6.518978789502466,7,0,15.547519920960454,2255.5899744446574,6,3.405244275540543,0,A,False,False,False,False,False,True
96.14436428167953,3,0,6.827462403071927,582.6565049198982,1,0.6753020417606281,1,A,False,False,False,True,False,False
6.065555601268815,20,0,13.751945698019405,1052.1382550211804,2,0.889114686071777,0,A,True,False,False,False,False,False
12.501734597502374,21,0,3.659205449840187,625.7439904903623,1,1.5995955422878114,0,A,False,False,False,False,True,False
4.523537810385094,18,1,15.07034963483085,1063.5082454907806,1,0.605078123938716,0,A,True,False,False,False,False,False
49.24049571805471,20,1,0.4293434294856057,626.6077960373859,1,0.9767118142546776,1,A,False,False,False,False,False,True
45.5866744880065,4,0,6.259617362654498,1168.2192015225357,3,1.4813054998254787,0,A,False,True,False,False,False,False
36.89088657207862,16,0,20.646164254765885,842.4396111112017,2,0.7970722199160419,0,A,False,True,False,False,False,False
15.625540177662801,2,0,24.752168166175228,3170.970645894963,2,0.7164609790190891,0,A,True,False,False,False,False,False
13.374093247119605,18,1,4.373733288473107,1492.7863596171057,3,1.2506512325371946,0,A,True,False,False,False,False,False
95.32039882213049,0,0,11.628687495204263,1979.31050421396,3,1.0929234461433532,0,A,False,False,False,True,False,False
28.200442856439363,22,0,11.277316452443687,1230.835104937419,4,0.7386654922784676,0,A,True,False,False,False,False,False
79.80849766714499,0,0,8.208611349438621,774.68966375202,5,1.083180283572131,1,A,False,False,False,False,False,True
18.872419615008745,22,0,3.8899761717844505,1433.4515860110457,2,0.9987413880080089,0,A,True,False,False,False,False,False
67.84836517695952,19,0,18.2218784647124,1289.7894220309288,2,1.6507215725876039,0,A,False,False,True,False,False,False
260.84689989726365,8,0,4.36253924538268,158.04343326758587,7,0.6224842905295053,0,A,False,False,False,False,False,True
110.32151437152174,22,0,36.29112198909072,1126.4681063585058,2,0.6639827687736787,1,A,False,False,False,True,False,False
33.28488593541476,4,0,11.27758372850542,1877.2614750504363,3,0.8912807243074333,0,A,False,False,True,False,False,False
74.33922683516286,6,0,30.658606985663027,618.3908697937615,5,0.8801768317362064,1,A,False,False,True,False,False,False
40.90293376057743,5,1,5.153054131738521,2195.1735661850093,7,1.6182892176300776,1,A,False,True,False,False,False,False
55.116891040127676,16,0,24.682129653924807,1457.4933454737288,5,1.0859308301065806,1,A,False,False,False,False,False,True
36.938956927043776,21,0,1.8098804914415199,798.3723164479669,6,1.3961558902036006,1,A,False,False,True,False,False,False
44.82642247430181,16,0,21.83983416742536,1691.7566109106556,4,2.0587888516972175,0,A,False,False,False,True,False,False
70.42244431795224,12,0,7.339530161599161,816.5812232530386,4,0.6704339027598939,0,A,False,True,False,False,False,False
16.576227000336264,11,0,9.522893584027946,1368.4561853868304,5,2.069301213565081,0,A,False,False,True,False,False,False
16.13426719895547,3,0,2.7373553302667526,890.7490262507849,3,1.0170872997632756,1,A,False,False,False,False,False,True
10.316545188013409,7,0,0.2820505352392925,1701.3957130725316,1,0.31716508687336786,0,A,False,True,False,False,False,False
8.001865280746419,4,0,16.45808636522384,3221.0407229777757,11,1.1282416983960561,1,A,False,False,False,False,False,True
12.670301232861009,4,0,13.29072577722083,773.6386008836017,3,0.5017718978049035,0,A,False,False,False,False,False,True
66.11231301909737,12,0,14.609916041390903,2256.9767274314972,7,0.5179981562072189,0,A,False,False,False,False,False,True
18.702458417755253,10,0,4.415601305595591,863.3586475017852,1,0.6094726081159776,0,A,False,True,False,False,False,False
101.1229756695389,7,0,4.102298859066376,868.7904618919735,2,0.966164776322021,0,A,False,False,True,False,False,False
56.92055356571035,7,0,26.60552055304487,799.3416303938413,5,0.5362696835703756,1,A,True,False,False,False,False,False
5.143814597835556,0,0,21.485247433111134,284.176247744685,2,1.887429545214147,0,A,False,False,False,False,True,False
119.81761373779796,12,0,6.159956573020769,1636.4508421666726,2,1.7523898425407045,0,A,False,False,True,False,False,False
144.45360375434595,4,0,15.233617723897254,1376.4145005211249,1,3.6763956599678695,0,A,False,True,False,False,False,False
16.56620522124531,20,0,26.416999499171105,1249.327037750449,6,0.9621962654725505,0,A,False,False,False,False,True,False
90.398696809851,7,0,32.95034550554926,3803.2693290392463,2,0.7874884076640256,0,A,False,False,False,False,True,False
19.534890342576425,16,0,0.08734774163633519,4153.459598306503,2,1.116010282008427,0,A,False,False,False,False,True,False
61.38739077532209,22,0,25.18683622253621,3122.403850832919,4,1.5438135937764366,0,A,True,False,False,False,False,False
11.972374988829094,22,1,6.4708003421406355,908.4476661582297,6,1.9116592817517377,1,A,False,False,False,True,False,False
6.348840875548063,12,0,19.007858159255942,872.3215140080606,2,0.739960050396654,0,A,False,True,False,False,False,False
34.48827366404186,8,0,6.963934882153436,485.64316208919604,2,1.6568235473476696,0,A,True,False,False,False,False,False
47.06479477215068,1,0,13.980551543875324,1152.2472157834898,5,1.6520543841029045,1,A,True,False,False,False,False,False
33.87862781591607,18,0,15.610066419463832,1103.8978517527694,1,4.396159233042912,0,A,False,False,False,True,False,False
13.186101129647655,19,0,7.7877258568452925,1687.082385009797,1,2.030816439771917,0,A,False,False,False,False,True,False
33.788520865543404,16,0,10.785756818063037,466.34368050602245,2,2.5578298651188787,0,A,False,False,False,True,False,False
75.42612520244658,6,0,19.43657280368705,812.8860994807907,0,2.708025623719528,0,A,False,False,False,True,False,False
51.73468073374835,2,0,9.702695074024948,282.60312551983617,1,0.7197363129872115,1,A,True,False,False,False,False,False
67.96556886479853,18,0,0.2111869885873064,618.4207282610604,2,0.6839082009505911,0,A,False,True,False,False,False,False
24.431218456730697,18,0,0.1948226912050104,2239.7233861724685,6,1.649627382301613,1,A,False,False,False,False,False,True
222.75254633851642,23,0,16.240088310989304,454.34646777710356,3,0.8374525241743874,0,A,False,False,False,True,False,False
13.311016440018683,8,0,28.18306644609722,4425.69467940696,2,1.4812186443150295,0,A,False,False,False,True,False,False
98.01027856666951,9,0,23.075854925712793,2458.045950733057,0,0.9659373772322667,0,A,False,False,False,False,True,False
225.4885342048846,13,1,5.574659962062955,1637.6096407618293,5,1.2304580232742566,1,A,False,False,False,False,True,False
97.23101172980301,17,0,9.555129373893129,3186.9795703458067,2,1.1833012897679795,0,A,True,False,False,False,False,False
42.818528916793916,14,0,4.001744621047941,995.428190533662,1,1.4388082180776638,0,A,False,False,False,False,True,False
28.963706436224193,0,0,67.85372948314748,607.8817756761501,3,0.5547605660806367,1,A,False,False,True,False,False,False
189.2947229650697,5,0,4.526845769677239,1015.6114672298555,1,0.5270199324185033,0,A,False,False,False,True,False,False
9.89896384642666,14,0,8.074534942006371,277.25115779243,2,0.9550419956525342,0,A,False,False,False,False,True,False
17.04489742272415,5,1,17.14452741073624,2842.9299673851683,2,1.0614765637122885,1,A,False,True,False,False,False,False
33.88358508756024,17,0,31.31424331071699,829.554772022978,3,2.314271089387835,0,A,False,False,True,False,False,False
241.09342380444258,0,1,0.7927178060799058,599.3433164338627,2,1.2412847996137673,1,A,True,False,False,False,False,False
86.11823376175303,23,0,5.3719902895093465,657.4469222174343,5,1.129681224662606,0,A,False,False,False,False,False,True
17.087463906755,2,1,12.624215311022667,1111.2726294170757,5,0.8825784271428334,1,A,False,False,False,True,False,False
37.623571423520346,16,0,14.447318867597652,1206.7648939156468,4,1.2975546477761961,0,A,False,False,False,True,False,False
26.122897460996864,15,0,1.0890029555005682,975.6625266910941,2,0.8917088908899985,0,A,False,True,False,False,False,False
23.295336942504765,7,0,16.363177279443864,972.1988005301296,1,0.5535339907345967,0,A,False,False,False,False,False,True
176.7378339193422,16,0,11.263690057654403,1702.4224415032108,0,1.707874223302578,0,A,False,False,False,False,False,True
10.526630083662496,7,0,26.37145119555216,455.34683236335354,2,0.7807389298831634,0,A,True,False,False,False,False,False
376.35657316095757,16,0,3.769079121769491,1313.1093284405952,2,0.808686208356798,0,A,True,False,False,False,False,False
147.5069994012148,8,0,3.254197858376195,850.4024314379446,3,0.4916052835339493,0,A,False,False,True,False,False,False
202.15485340436402,11,1,23.650003583528395,221.76308377705982,5,1.210307637607289,1,A,False,False,False,True,False,False
31.32675690523763,18,0,18.254306856132846,460.9812689088336,3,2.3518117064817714,0,A,False,False,False,False,True,False
45.607452587600136,3,0,23.52972073804332,581.9679126344854,4,0.42551988311629896,0,A,True,False,False,False,False,False
9.778810223137471,20,0,22.844372346628592,4172.68287863376,2,0.4477999546808121,0,A,False,True,False,False,False,False
29.090309490526536,21,0,1.6472343042383817,1574.988491404354,7,1.2243530273674785,0,A,False,True,False,False,False,False
98.72970040905034,10,0,4.898070165973113,1362.1117566649102,4,1.1423057297686674,0,A,False,True,False,False,False,False
258.598243543024,3,1,4.518302223533728,742.7968494125913,8,0.7891793910901369,1,A,True,False,False,False,False,False
14.46037022565856,13,0,40.905578485168846,727.869035455723,3,0.7584740725747163,0,A,True,False,False,False,False,False
35.21220923099541,13,1,10.025840230968226,425.68352566974187,6,1.1571373921646941,1,A,False,True,False,False,False,False
45.53316382454117,5,0,1.7658346768145166,844.6079317829235,2,0.38702245842891214,0,A,True,False,False,False,False,False
10.227221678202657,16,0,5.128439803515021,3296.074504062429,5,0.5207110506031233,0,A,False,False,False,False,True,False
111.00986709508044,1,0,30.824354087149445,382.032672993431,5,0.6037081773830538,1,A,False,False,False,False,True,False
22.901710495763478,7,0,28.166269439175995,685.9862766957212,5,0.8226176326254079,0,A,False,False,True,False,False,False
43.186656861245346,3,0,34.58978554387118,2300.6561685798756,2,0.8337653399032798,1,A,False,False,False,True,False,False
31.74263575483473,9,1,7.378310665197951,2295.6689928676496,1,0.2725900169643023,0,A,False,False,False,False,True,False
21.174418809244546,6,0,15.38074642874208,616.1975317526525,4,0.5219726985452502,1,A,False,False,True,False,False,False
54.13852379758661,3,0,4.889565830414632,2781.918481977979,4,1.3339745890287633,1,A,False,False,False,False,False,True
42.15142559065945,15,0,2.9918692048776836,774.51918805757,4,1.2888216661799246,0,A,False,False,False,True,False,False
34.94483031925126,13,0,0.3321669705454387,437.2881388538824,5,1.5410051310279014,0,A,False,False,False,False,True,False
22.77915934158445,15,0,3.7932388878428758,3636.036860164771,2,1.2994373559166736,0,A,False,False,False,False,False,True
80.11231639110882,8,1,13.909294566827556,1180.3526692917592,2,0.948789433849974,1,A,False,False,True,False,False,False
397.1605957505144,3,1,35.18400386237661,958.8271612568444,1,0.6145981564230458,0,A,False,False,False,False,True,False
64.57741130296677,23,0,2.1480223054583867,1261.2565788866789,1,0.6106537235063829,0,A,False,False,False,False,True,False
180.4298136110613,5,1,37.51765543561467,504.74868062478384,3,0.6541898419179091,1,A,True,False,False,False,False,False
10.295775750640848,0,0,6.355625418213472,699.5778837478122,4,1.5091040440859012,0,A,False,False,False,False,False,True
65.97749685549402,6,0,8.348552159193968,3461.7221085561146,2,1.302454781795705,1,A,False,False,False,False,True,False
14.631226077598596,0,0,6.811447291845918,4852.775695310951,3,0.6169547258611208,0,A,False,True,False,False,False,False
9.278408989119422,18,0,7.879146532089882,450.09735796441896,6,1.2083763363413977,1,A,True,False,False,False,False,False
22.48288405480002,7,0,4.500230217541578,803.1272277074617,2,1.368530711446672,0,A,True,False,False,False,False,False
228.21295388240145,2,0,17.989987722689552,1100.4897746807303,2,1.291974575912032,1,A,False,False,False,False,True,False
170.7190109963192,0,0,21.29361739862299,1287.6254854395072,4,1.5642395728386322,1,A,True,False,False,False,False,False
73.08372242134591,0,0,25.983653269730805,512.7003074707725,2,1.025341082897078,0,A,False,False,False,True,False,False
8.677724397656393,6,0,6.262069042859056,1845.2174389164943,4,0.8764800361638471,1,A,False,False,False,False,False,True
43.140542591303486,20,1,21.69874989215247,1960.1792526697327,2,1.037465239924868,1,A,False,False,False,True,False,False
78.41694276319484,12,0,15.228219997399217,2165.159753077418,5,1.661309537472636,0,A,False,False,True,False,False,False
67.39989604070638,0,0,47.52134582309431,2002.1388783099926,1,1.4613615625289678,0,A,False,False,False,True,False,False
5.974185077561204,15,0,8.295175272473523,1170.2657192069973,3,1.0483817501189454,0,A,False,True,False,False,False,False
18.75796725398928,21,0,73.01698665466513,2422.2319562400826,4,1.775249076594425,0,A,True,False,False,False,False,False
50.55726645562703,21,1,20.228854462929178,1694.6864378840753,3,2.5310225204371273,0,A,True,False,False,False,False,False
103.9124888359971,13,1,22.460249610462217,334.5879939730408,0,3.595091862663324,0,A,False,True,False,False,False,False
3.914339537420482,3,0,0.39061504308736184,336.4756447582926,3,3.5699432123337833,0,A,True,False,False,False,False,False
44.94552628201062,22,0,10.319360604114365,1403.6900632357103,3,4.990761522739249,1,A,False,False,False,True,False,False
64.82287328416207,22,0,11.272348822664858,3067.6122878471465,3,1.9631757506835483,1,A,False,False,True,False,False,False
151.34082101462613,11,0,0.6217094422179967,1566.8717031927222,1,0.26287363843856815,0,A,False,False,False,False,True,False
125.39002769645697,11,0,5.612357865871303,1755.7520419703167,3,1.1119192234252677,0,A,False,True,False,False,False,False
109.84668079398043,16,0,46.73267046192915,469.99802037911843,4,0.48003082746726516,0,A,False,False,False,True,False,False
20.906735754609375,20,1,8.329800622656242,1157.3340610223818,1,2.312099365617881,1,A,False,False,False,True,False,False
5.531159319649365,14,1,3.099865109146438,2734.4491252434477,0,0.8551952870179248,1,A,False,False,False,True,False,False
34.06725610770505,9,0,10.802803422658672,1566.5784740299887,7,1.2505622596765822,0,A,False,False,False,False,True,False
181.6275551838268,2,0,0.5152320078794439,1192.388667096739,3,0.9296649985531469,1,A,False,False,False,False,False,True
290.65745203657167,22,1,10.884705380555939,1763.9313864851424,2,2.4576960332459867,1,A,True,False,False,False,False,False
128.0804936300938,19,0,13.530947851955817,1314.5280800151777,2,0.5528502385136843,0,A,True,False,False,False,False,False
91.39666477449408,19,0,6.640365266823167,2806.323993698538,1,1.4239576605230682,0,A,False,False,True,False,False,False
86.10500829245399,11,0,21.568628115957758,1313.7357014528309,3,0.5936768032078829,0,A,False,False,False,False,False,True
28.01268669721215,0,0,2.187774532892284,1069.987194059108,3,0.3436551430322405,0,A,True,False,False,False,False,False
46.70856944508954,0,0,31.57858087658606,474.4282538412573,2,1.0983289157593699,1,A,False,False,True,False,False,False
404.59373128053073,9,0,46.665433300602345,2897.2389465611222,4,0.5421801647072514,0,A,False,False,True,False,False,False
17.618163607887915,17,0,0.0185293088419026,516.8045612394508,4,0.47353072516409705,0,A,False,False,False,True,False,False
379.07517974407125,14,0,27.746072660079317,1326.0802508813033,4,0.45614830368989123,0,A,False,True,False,False,False,False
37.0981170371421,1,0,10.581489547343422,2081.335120302028,1,0.823204263546928,0,A,False,False,False,True,False,False
267.87448490910987,16,0,9.281888382188283,4589.235185447017,4,1.5945550214787885,0,A,False,False,False,False,True,False
10.092796873820548,7,0,4.090505055532373,1314.620797752339,5,0.4815774937111216,0,A,True,False,False,False,False,False
110.28688777917264,21,1,8.894778420714117,3337.6884659093903,1,1.7172133095631719,1,A,False,False,True,False,False,False
22.553174607555412,21,0,45.06467950033675,1120.924545098776,6,0.7641209845496336,0,A,False,True,False,False,False,False
9.990946867404757,8,0,3.5507975380005594,700.4048620641473,1,0.5873343187500668,0,A,True,False,False,False,False,False
70.9688359848885,20,1,2.959236004939991,10028.008547211548,7,1.8350129267556785,0,A,False,False,True,False,False,False
183.3443624038051,19,0,4.1540265099587925,413.86123608859026,2,1.619326236496983,0,A,False,False,True,False,False,False
19.807690545710013,10,0,12.038880196683472,11350.981538489148,4,1.5018358297611962,0,A,False,False,False,True,False,False
9.035676958330436,5,0,39.953284698050716,4034.7254498628145,2,1.1228280789407379,0,A,False,True,False,False,False,False
48.900434542843165,23,0,12.79557023077898,692.3960006945643,3,0.5849516791003422,0,A,False,True,False,False,False,False
49.159868289207445,13,1,4.185443733736929,1844.3430865890343,3,1.8608369521375607,1,A,True,False,False,False,False,False
105.42328721956375,0,0,8.709397913309328,358.4526714596018,4,1.014479203068173,1,A,False,False,True,False,False,False
170.6327328487226,6,0,7.42428736190535,1762.389506939091,5,1.070011926326967,0,A,False,True,False,False,False,False
50.840932218501784,23,0,0.7153307151543523,1418.9601679583177,4,1.2170360846964026,0,A,False,True,False,False,False,False
506.03405922984336,8,0,10.719909622455702,2193.3368466893376,1,1.6415509602618297,0,A,True,False,False,False,False,False
71.45598697961779,10,1,2.02023316071725,793.7889280574259,2,0.4430664001694074,0,A,False,False,False,True,False,False
36.027703810353934,23,0,27.700590152767063,1245.4094534598423,2,0.9790319544344686,0,A,False,False,False,False,False,True
7.894127819387811,22,0,11.943085527480195,1605.2258431408131,5,0.7969885381542893,1,A,False,False,False,False,True,False
39.83749585200593,15,0,27.926918364048635,741.9111772164513,3,2.1002863500533784,0,A,False,False,False,False,False,True
36.464371679566895,18,0,46.8687267507871,3377.4500531128856,6,2.380613047039414,0,A,False,True,False,False,False,False
172.83990398291837,1,1,43.020192386070434,1216.9595103288752,7,1.1577559836376758,1,A,False,False,True,False,False,False
95.10488629970283,14,0,1.5875650139431938,1444.4720604386926,4,0.5185646231700881,0,A,False,False,False,False,True,False
13.260067218864853,2,1,43.45652461113489,563.2804830542881,6,0.7443292012866659,1,A,False,False,False,False,True,False
67.13498295902937,3,0,23.82595312173408,292.6352063092304,1,0.2828331409386935,1,A,False,False,True,False,False,False
122.2217974548585,19,0,22.55308523104646,373.5034937318189,4,1.6615885349038655,0,A,False,False,False,False,True,False
341.5990330516649,21,1,1.4167791373551422,1767.0231801227615,7,0.7515156366529072,1,A,False,False,True,False,False,False
158.38119610842762,6,0,2.967889309509735,582.7552938068629,6,1.832589931169721,1,A,False,False,False,False,True,False
136.04911839130813,11,0,55.431541478956646,1964.714395164942,0,0.755910007199199,0,A,True,False,False,False,False,False
58.68024881918475,3,0,3.599962210040721,4120.761423902543,5,0.906019557889948,0,A,True,False,False,False,False,False
87.00576723440602,9,0,2.7778449311914777,2032.010987013879,4,0.8280061427080629,0,A,False,False,False,False,False,True
244.54659927760343,5,0,6.749524111008747,1542.3284202010932,2,0.4501752042995533,1,A,False,False,False,False,True,False
11.030532648902511,21,0,36.689246837265074,1852.971453076437,4,0.4430419963798185,0,A,False,False,False,True,False,False
35.89768494989802,13,0,9.699493021421096,2652.3966168088123,4,2.6834594838216757,0,A,False,False,True,False,False,False
21.604842977777228,2,0,37.99577823739403,1407.2255148427046,5,0.6836802640345342,0,A,False,False,False,False,True,False
86.05475179617297,16,0,6.104616257476664,1864.8874220350829,2,1.4534665137745724,0,A,True,False,False,False,False,False
238.9529356996156,10,0,3.852999643729016,697.6150945172838,1,3.727439445736017,0,A,True,False,False,False,False,False
26.672440889837482,9,0,10.253983923815198,502.2159290834384,2,0.8128435797835718,0,A,False,False,True,False,False,False
3.1007212912913498,20,0,14.336270827387164,731.6962123998017,4,1.2589716625116556,0,A,False,False,False,True,False,False
33.292598531845535,9,0,7.451350813381107,844.6430301279538,3,1.1554010530844987,0,A,False,False,False,False,True,False
163.3946562529621,9,1,6.3704186905392515,817.5139175937329,4,1.1818558793911595,0,A,False,False,False,False,True,False
104.07958881566205,2,0,3.6896452956176238,2744.389766707987,2,1.2770779374038541,0,A,False,False,False,True,False,False
91.27012329160648,23,1,4.823894353360457,124.88446215785589,3,0.5488674034114321,1,A,False,False,False,True,False,False
39.01741315947323,14,0,16.772338751302815,924.2792098725957,2,0.48529313051618966,0,A,False,False,False,True,False,False
11.765401126947335,16,0,6.927521210720424,1987.483207506979,3,0.9829422192988571,0,A,True,False,False,False,False,False
101.32702788159258,17,0,1.2467633807631116,1930.2609961433664,5,2.0138531162321094,0,A,False,False,True,False,False,False
20.062689131447556,18,0,2.2302043700209775,569.554125904827,3,1.583825535967713,0,A,False,False,False,True,False,False
750.6324216329281,18,0,6.9872864707056355,4407.1092452768335,5,0.492634821163802,0,A,False,False,True,False,False,False
108.26789337890648,11,1,38.75482209990667,362.4903245477137,3,1.3333598052689026,0,A,False,False,False,False,False,True
27.200137731174674,23,0,7.147093931172797,828.839303631694,1,1.1345848920131496,1,A,False,False,False,False,True,False
26.215155641778406,4,0,0.9383804734413588,855.8860199833343,5,1.0715857665574682,1,A,False,False,False,False,True,False
48.83596123678638,23,1,8.11912447670745,849.0515200705028,4,1.0630507044656519,0,A,False,True,False,False,False,False
40.96007015809494,15,0,16.576289696136786,3254.390668633384,4,1.1665228441108828,0,A,False,False,False,False,False,True
208.55452766818593,14,0,13.506118084515515,1110.7274260234985,2,0.985057479657023,0,A,False,False,False,True,False,False
68.28563372614879,14,0,4.902643428607314,1416.324450967944,5,0.7417298159022386,0,A,False,False,False,True,False,False
22.692668830357302,5,1,17.475557123506704,2215.9884443077513,4,0.8942837878809463,0,A,True,False,False,False,False,False
527.7004653130398,11,0,14.939117935559636,657.4275794778202,5,0.3967744165717217,0,A,False,False,False,False,False,True
57.926212238459584,1,0,2.834265689569836,968.9529255202898,5,1.29860919986218,0,A,False,False,False,True,False,False
137.36032891900373,19,0,2.6536534313503193,4191.669327856461,2,1.282903878831731,0,A,False,True,False,False,False,False
26.314712438107485,8,0,11.88401084800472,1484.1453217232868,0,2.2904220508726856,0,A,False,False,True,False,False,False
84.41446332188596,3,0,16.157395986279244,456.69620003903515,4,1.3581557208752437,1,A,False,False,False,False,True,False
79.30744350529181,4,0,49.017282799539345,552.7540126433701,1,0.9087597333032813,1,A,False,False,False,False,False,True
5.654325624441833,20,0,8.22092102214187,2238.4664602261,4,1.2755250694010303,0,A,False,False,False,False,True,False
612.9786658972008,7,0,21.718668655047782,444.2647542753188,6,0.8527971005703899,1,A,False,False,True,False,False,False
256.9222097058335,21,0,1.8583120585053183,751.1519244999436,0,0.7149386876168861,0,A,False,False,False,False,False,True
33.89832559283508,9,0,33.055903764688395,1290.3151339349265,3,0.3026393741223119,0,A,False,False,True,False,False,False
14.54542209483645,6,0,15.040297533052074,1108.6487443250494,1,1.214182712523612,0,A,False,False,False,True,False,False
82.85349573825337,21,0,14.874524630709265,3592.3938666487907,4,1.28322235694343,0,A,False,False,False,True,False,False
60.58438819236062,13,0,2.3050080428839035,154.39373733167852,3,1.9107549075387653,0,A,False,False,False,True,False,False
83.66349474041522,4,1,0.6058271014037326,1612.5269118103367,5,2.059425813912267,1,A,False,False,True,False,False,False
68.70987126437224,15,0,18.132224529798386,874.7461209496466,1,1.1895394817851195,0,A,False,False,True,False,False,False
100.23216921419674,14,0,1.8674103053949922,3145.1176176167337,1,0.5363611462320645,0,A,False,False,True,False,False,False
310.0603138217916,4,0,2.036782960441474,908.2305924258477,4,0.5483438605649302,0,A,False,False,False,False,True,False
107.95601181583967,2,0,3.1145931734644026,929.5314019811938,3,1.1171957580296354,0,A,False,False,True,False,False,False
15.493388759787054,22,0,1.5428960638330016,1093.062568166328,0,1.5662567686984374,1,A,False,False,False,True,False,False
280.08004106212053,9,0,14.728147835315447,646.1860581557987,3,1.6148895313895482,0,A,False,True,False,False,False,False
391.01169740939656,4,0,8.222845874418908,683.5295320953912,3,0.8048634276229114,0,A,False,False,True,False,False,False
2398.1864417406864,22,0,4.640657625407752,973.439270764216,4,0.3498736542110811,1,A,False,True,False,False,False,False
14.179640385700655,14,0,8.717364096171714,4088.6819895400517,4,0.5470896899884287,0,A,False,False,False,True,False,False
73.07296158545033,17,1,27.881956857256107,740.1997775545406,2,0.380373805141658,0,A,False,False,True,False,False,False
4.488333865549889,7,0,39.27576255264574,632.7036212839454,1,1.182556424435236,0,A,False,False,False,False,True,False
106.03603483921394,20,0,10.026120330527664,796.2247656455733,6,0.8767752108586185,0,A,False,False,False,False,True,False
28.280135777455992,1,0,12.546706183295791,1099.6165737611088,4,0.8612613613064928,0,A,False,True,False,False,False,False
549.0200456079,21,0,4.459925335846932,4600.6628016425075,5,1.2697123189920918,0,A,True,False,False,False,False,False
21.5518581087736,7,0,10.810870901677614,595.2442234961867,2,0.8353533376187094,0,A,False,False,False,False,True,False
7.192079524325263,22,0,20.68201402258322,8097.206134108141,6,2.6164638900123722,1,A,False,False,False,False,True,False
31.015389325423286,7,0,10.163161079443856,1574.7305889198424,2,0.9091289202984782,0,A,False,False,False,False,True,False
5.100888164854655,3,0,5.394609360984173,492.6204954737224,1,0.42112487953354666,0,A,False,False,False,True,False,False
134.46707121787557,18,0,13.085340303422871,707.8243101040871,1,0.2798625489822788,0,A,False,False,False,False,True,False
4.580922259201408,22,0,43.96491527111563,232.95381053060012,2,1.3059220392396464,0,A,False,False,False,False,False,True
56.49482818532731,17,1,32.83668385818222,1194.3358360683646,2,1.3731422886193085,0,A,False,False,True,False,False,False
4.511482512197331,20,0,21.995810697289738,2543.326662028324,1,1.3603376798169076,0,A,False,False,False,False,True,False
37.17522833735097,22,0,4.848802146054369,1124.2497285918203,2,0.5190974343531163,0,A,True,False,False,False,False,False
392.31056625239296,0,0,4.147364056248159,2084.420001621043,1,0.642396786534872,0,A,True,False,False,False,False,False
84.16485791713582,19,0,27.35220660332761,1545.0164321208074,0,2.3109479144664284,0,A,False,False,False,False,True,False
19.371592214027302,14,0,3.0008836344637437,2887.3880710475355,3,0.9118630140241551,0,A,False,False,False,False,True,False
52.59156855547389,17,1,13.956274901439489,500.8014455717003,0,0.7336546625869074,1,A,False,False,False,False,False,True
55.791428498693165,21,0,8.668642552609363,2222.3173289843126,5,1.9985542616932166,0,A,False,False,False,False,True,False
96.2699683485675,11,0,9.466295288155713,4961.288448911015,3,0.5976929027501028,0,A,False,False,False,False,True,False
10.588515433189515,0,0,9.09198062316825,8537.634796682922,4,0.8122985917040482,1,A,False,False,True,False,False,False
111.17224202927231,6,0,34.5313002668523,3416.1208800936206,5,1.8566873789294986,1,A,True,False,False,False,False,False
2.1270372352870948,18,0,1.366839537044902,1257.872559472203,2,1.9400367743378921,0,A,False,False,False,False,False,True
25.639612969966063,0,0,22.911058178470014,506.630238526573,4,1.966149345431928,1,A,True,False,False,False,False,False
30.388717025996232,23,0,27.028299081848843,570.6075194947692,3,1.4471777953992864,0,A,False,False,False,False,False,True
116.7450142669433,6,0,42.938265261092525,954.760005893163,1,2.7409699410122044,1,A,True,False,False,False,False,False
56.1011899319691,1,0,9.038631000824639,4855.842557809085,5,1.6014592822958593,1,A,False,False,False,False,True,False
10.107971150257677,6,0,10.399163592517226,717.4506996879431,3,1.1799752514545823,0,A,True,False,False,False,False,False
16.74346861876982,18,0,48.776611745710795,1266.0761926502175,5,1.0058930255278573,0,A,True,False,False,False,False,False
69.29799762351861,12,0,9.199827596994707,2327.642010830673,2,0.8592786845887426,0,A,False,False,False,False,False,True
49.65599804609507,23,0,10.504041444314813,79.15967671113937,4,0.5379192813301834,1,A,False,True,False,False,False,False
27.249933164765892,4,0,6.0577184068281325,468.3753400988152,3,0.3305153844847769,0,A,False,False,False,False,False,True
30.661244181736137,22,0,0.4820760112784878,5231.937576301356,3,1.6107742509289973,1,A,False,False,False,False,False,True
125.88912970189423,18,1,8.512382866538175,2525.8223169168655,1,0.9511770433468107,1,A,False,False,False,False,False,True
29.33463537347059,0,0,15.967133491570328,2539.4825839603286,2,0.65138648239844,0,A,False,False,False,True,False,False
49.121189864195344,0,0,17.565127722470834,517.1869655259071,3,2.7613099358608566,1,A,False,False,False,True,False,False
737.9852999953843,17,0,0.09794880727832013,3502.3913911376044,5,1.8187790805055373,0,A,False,False,False,True,False,False
9.890560681027587,23,0,24.220735339392114,570.4621333256334,3,0.9244914221876412,0,A,False,False,False,False,False,True
5.916758345281416,0,0,10.171384564643418,1179.9629109335017,2,1.3293613854126196,0,A,False,True,False,False,False,False
139.81324918840417,4,1,11.032848273017613,1911.7110294239242,2,0.9865920898985633,0,A,False,False,False,False,False,True
24.182478123855642,8,0,48.95170075753951,2135.186467124822,3,0.8335936605379859,0,A,False,False,False,False,True,False
37.26725155876884,11,0,5.020790937940499,1627.5618475835442,3,1.8675449752173774,0,A,False,True,False,False,False,False
21.38334496264367,8,0,21.510351631553306,933.7945358794864,3,1.1443445500746463,0,A,False,False,False,True,False,False
39.974423259210226,17,0,12.82709651743454,250.11796545745477,2,0.535471117978561,0,A,True,False,False,False,False,False
371.75897756433426,22,0,18.099568365653372,1171.3149013493548,2,1.199048161152415,0,A,True,False,False,False,False,False
142.95846740418713,10,0,8.114568355458383,193.4856681795834,2,1.3733268246370802,0,A,False,False,True,False,False,False
153.64860573826857,0,0,4.911060478576814,1726.8659658255292,1,2.3362324988024468,0,A,False,True,False,False,False,False
9.97944555380192,18,0,11.849033213347452,501.2333978519724,2,1.156307280408935,0,A,False,False,False,True,False,False
13.716719855635574,21,0,7.048642017649421,965.2401425801299,3,1.029579412955649,0,A,False,True,False,False,False,False
1.8095996059375095,9,0,3.7830093328077403,728.3443000034613,3,1.29310965614929,0,A,False,True,False,False,False,False
20.67123281637791,1,0,27.417281238171963,1724.7024908846454,2,0.5907209637718157,1,A,True,False,False,False,False,False
172.09451361608768,6,0,9.689133940626226,582.8425162737201,3,3.902810597136241,1,A,False,False,False,False,False,True
101.52812146717505,19,0,28.190747367011703,1346.1034547056024,5,2.670737690834459,0,A,False,False,False,False,True,False
41.853862411017744,1,0,9.637711658602743,1271.1012927159434,3,1.6227803992179368,1,A,False,False,True,False,False,False
53.15646102765901,18,0,12.20593423305503,1155.8786190570524,4,1.1716724583766909,0,A,False,False,False,True,False,False
23.887070968661668,5,0,80.3399640979431,1501.3808175155689,7,0.5022286238719219,0,A,False,True,False,False,False,False
69.80535031318998,9,0,45.394174963437116,419.05847812185453,0,1.0143470940673645,0,A,False,False,True,False,False,False
136.87306115279958,8,0,4.75542479500913,431.509234740588,6,1.283225929042217,1,A,False,True,False,False,False,False
7.8533159381576665,7,0,30.448961580901535,3452.2469069480767,3,0.5988465909334281,0,A,True,False,False,False,False,False
78.22405628754882,10,1,7.424369840285947,319.9299052890805,2,0.7612882642574688,1,A,False,False,False,False,True,False
167.15505340190484,8,0,1.108714860584963,6204.798677778107,2,0.7846669194453229,0,A,True,False,False,False,False,False
33.17775606210273,19,0,12.862582239132262,982.1948966115259,3,0.7315440893721895,0,A,False,False,True,False,False,False
126.575723591944,19,0,56.61777551593618,555.359966694021,1,2.3229484438832824,0,A,False,False,False,True,False,False
1599.7223043238969,8,0,54.92695495867298,2184.0120057147737,3,0.920754811297409,0,A,False,True,False,False,False,False
48.172515877553096,7,0,2.0281127164824024,699.3933328709513,2,1.964497037482207,0,A,False,False,False,False,True,False
87.52885058652348,14,0,22.1260093277368,1437.351490891564,3,0.7840049810066083,0,A,True,False,False,False,False,False
22.51837178032444,1,0,24.355566270694105,2964.5045524986285,4,0.8413698460186076,1,A,False,False,True,False,False,False
67.86370768439147,23,0,6.900675539370662,1940.3121960033113,3,1.0234771746675655,0,A,True,False,False,False,False,False
94.85277474433121,0,0,16.12029530799476,1542.5539896267564,0,1.1086740982630428,0,A,False,True,False,False,False,False
68.97959997341111,8,0,10.046132752096703,1851.4143658598148,4,0.5911045639206822,0,A,False,True,False,False,False,False
16.060544568994477,8,0,3.8794839611258753,1132.3599460907058,1,1.1944183914924102,0,A,False,False,False,True,False,False
69.93974779368922,12,0,21.485971770893208,2098.285198833199,3,0.5736266175525142,0,A,False,False,False,False,True,False
315.6503540482414,7,1,4.572478562228755,464.8790848181517,8,2.5228915167419106,1,A,False,False,False,False,False,True
93.53754602148612,20,0,6.242911318317827,3523.791557582866,4,0.7661339222369035,0,A,True,False,False,False,False,False
173.1891979841241,4,0,3.1611563053748553,967.8090020377489,5,1.5411043329165226,0,A,False,True,False,False,False,False
41.08263951277269,2,0,19.055498549217564,1263.6320890485172,6,0.7554354234842199,1,A,False,False,True,False,False,False
134.27370445618567,20,0,9.207390949784056,853.3409439750171,2,1.8826096232736529,0,A,True,False,False,False,False,False
76.33422574954245,3,0,8.787905701359454,1780.9258889113644,3,0.7890105033947183,0,A,False,False,False,True,False,False
17.442454083447824,16,1,13.916451898249562,2548.5984988949376,5,0.9734449403123745,1,A,False,False,False,True,False,False
80.01588726410485,15,0,2.5665132207731065,495.8851628017177,3,0.886043595924547,0,A,False,True,False,False,False,False
16.60932033679902,15,0,34.26438490178758,1037.5048102349565,3,0.862651595773423,0,A,False,True,False,False,False,False
25.54760744366112,19,0,9.385383140140403,1256.2474479643263,4,0.47996866054957665,0,A,False,True,False,False,False,False
68.52467975340934,2,0,6.848065161117943,1554.732396515234,3,0.6953160465178844,0,A,False,False,False,False,False,True
77.99877551620283,5,0,2.03198079071751,868.4870756250089,5,1.1917975739516968,0,A,False,True,False,False,False,False
13.104046057977312,0,1,2.7580169527215332,776.2179080091948,4,1.314625309711514,1,A,True,False,False,False,False,False
193.40432106848118,20,0,37.95364112181951,2228.0493413384,5,0.5662518692560992,0,A,True,False,False,False,False,False
108.46283003463967,15,0,9.149113926757401,1647.3287673511663,4,0.7210479390146953,0,A,False,False,False,False,True,False
23.437232193787306,14,1,19.211939469920964,1302.9312100622142,5,0.9612304449804018,1,A,False,False,True,False,False,False
8.62701228629356,6,0,1.2591452908518213,2979.540073552187,2,1.041535481070013,0,A,False,True,False,False,False,False
45.88390973172754,1,0,15.469823829112046,376.08601635890864,3,1.2112803679947042,0,A,True,False,False,False,False,False
31.97222455941845,9,0,38.173517586910826,2077.1709961290226,2,1.6838071478024232,0,A,True,False,False,False,False,False
62.537635809665794,14,0,5.349340984130156,1478.6755917739106,2,1.1831311693970004,0,A,True,False,False,False,False,False
35.313312115854814,5,0,12.981843478666367,342.4288567957462,1,0.6050905789744736,1,A,False,False,False,False,False,True
4.908909243394583,1,0,42.2560370884761,2787.949742604666,2,1.4154002231237288,1,A,False,False,True,False,False,False
34.26017750640657,23,0,19.05823720910853,1757.9271311257012,5,1.633664997803487,1,A,False,False,False,True,False,False
37.835850032282835,23,0,0.9652861150116001,1956.0324654104536,2,0.4537464657140566,1,A,True,False,False,False,False,False
116.79184289515018,16,0,7.1400151990637815,860.122979305148,3,1.264788090060678,0,A,False,True,False,False,False,False
23.621572664808713,0,0,1.3451416905775992,2018.422331463025,3,1.9310816632746697,0,A,True,False,False,False,False,False
409.28412951548637,0,0,29.633532373201554,611.0926047831962,2,0.72318321964394,0,A,False,False,True,False,False,False
5.5070623888124715,3,0,14.579537345843066,373.77935986495623,4,1.4171926126256569,0,A,False,False,False,True,False,False
263.3281564010383,19,0,46.98419279678318,1085.2392367940731,0,0.7046409922136193,0,A,False,False,False,False,False,True
41.713183709717335,15,0,0.29931141804429434,1881.8438667638459,1,0.8620816066385107,0,A,False,False,False,False,True,False
153.16286721315532,7,1,8.250966672449799,2469.9186256295907,3,0.6437542650372288,0,A,False,True,False,False,False,False
60.08509340263871,0,0,1.6533196453936032,1237.1339097983982,4,1.3653616536193858,0,A,False,False,False,False,True,False
214.31923230589405,18,0,6.4730054129121335,1163.0800454392522,4,1.466168055342947,0,A,False,False,False,False,False,True
34.30069589796962,10,0,2.649031979382769,2468.7231998541556,3,1.2334062510916497,0,A,False,False,True,False,False,False
14.609258766194666,16,0,5.98018240621004,839.5372493076314,2,1.3460679263026107,0,A,False,False,True,False,False,False
300.24690256647324,9,0,25.660602544725748,699.4542753299261,2,1.4364006758781702,0,A,False,False,False,False,False,True
47.64716942826021,11,0,2.6277939812796407,4002.166228488082,3,1.9742300385852298,0,A,True,False,False,False,False,False
71.22687238492341,8,0,9.62725387596934,878.1266997194822,3,0.7501332462928875,0,A,False,False,False,False,False,True
240.25534538251992,6,0,38.18574371974833,2283.103979306889,8,0.2821463950878078,0,A,False,True,False,False,False,False
15.825992914696268,11,1,100.62481296840481,3254.2083038825235,3,0.8150872858962375,0,A,False,False,False,True,False,False
111.56295798655088,14,0,4.328058933837113,1297.2537507643135,3,0.8184786279314871,0,A,False,False,False,False,True,False
26.900000151628237,7,0,41.132212878107026,1354.3563238426698,5,1.5078111259387694,1,A,False,False,False,False,True,False
46.590505383016115,16,0,4.54475177208954,4620.430542572286,1,0.3241881028181069,0,A,False,False,True,False,False,False
59.545144649342234,4,0,8.004468055298966,385.1458841187806,5,1.1444047826705646,1,A,True,False,False,False,False,False
9.022611056189708,13,0,31.54662451426477,379.955722013026,0,1.957583884810334,0,A,False,False,True,False,False,False
21.4429420359694,1,0,23.13903784427641,2105.758442600294,4,1.006768361221961,0,A,False,True,False,False,False,False
276.2448115388509,15,0,29.22488948035844,790.7608150574722,1,1.329399164667089,0,A,False,False,False,False,False,True
158.13188915347595,16,0,24.160831998224694,2184.6177631334685,3,0.7017152625006916,0,A,False,False,False,False,True,False
50.64459474380352,2,0,4.019387901698652,1048.2297391990967,1,1.433508312896152,0,A,False,True,False,False,False,False
73.09413640608864,22,0,12.27368880845846,2134.990849867568,2,0.9561866072362176,0,A,False,False,True,False,False,False
38.35592420650225,0,0,7.298111496445517,541.7643703748848,0,0.7532229594510412,0,A,False,False,True,False,False,False
278.07755872319075,17,0,9.234765585021831,1790.9431116232654,3,1.0294601025465135,0,A,False,False,False,False,True,False
42.930258628723266,17,0,2.5077640256057383,734.5277041383126,0,1.5216609323386532,0,A,False,False,True,False,False,False
72.11128210074399,3,0,5.691863900895972,1951.170214688134,3,0.9465755332686278,0,A,True,False,False,False,False,False
215.9908774944882,14,0,29.241693654455297,7271.204149237398,1,0.9203704124699588,0,A,False,False,True,False,False,False
21.48068626569299,18,0,34.17693743068932,576.1717648833787,2,0.9766476275918659,0,A,False,False,False,True,False,False
354.4428150506329,18,0,14.130017096009933,826.1114174116892,2,1.1449949732901474,0,A,False,False,False,False,False,True
8.701072625149143,9,0,10.34531528281479,990.1000401698394,0,1.1090871451038973,0,A,False,False,True,False,False,False
385.8970242562232,4,0,18.715719619380994,1419.6999748887442,6,1.1025353438674117,1,A,False,False,False,True,False,False
34.91055780134764,18,0,14.080087054298604,175.37380193829094,3,0.5434950307712597,0,A,False,True,False,False,False,False
40.803240513622505,10,0,61.725869889896295,1126.185226511223,1,0.9293790535651073,0,A,False,False,True,False,False,False
5.651877521120355,6,0,3.162459859202484,920.7730829217935,6,1.8803807905786536,1,A,True,False,False,False,False,False
31.6344380581845,4,0,8.941524689775685,925.9740864754735,3,1.3348437093721803,0,A,False,True,False,False,False,False
15.677587783784173,19,0,37.559599439398795,1388.0117109275118,3,1.827777440050715,0,A,False,False,True,False,False,False
26.33303897447213,11,0,36.93023076612154,1455.7228730429622,4,1.229678731656602,0,A,False,False,False,False,True,False
46.30393010899291,18,0,10.258258658289684,1437.7955167374646,5,1.1151243722200228,0,A,False,False,False,True,False,False
172.31943547360993,14,0,2.1720748423455287,463.2950854104225,0,2.054846576111869,0,A,False,False,False,True,False,False
70.04402841483204,11,0,25.30758415454068,897.5651694593198,4,0.8016620456157991,0,A,False,False,False,False,True,False
78.98136859489698,3,0,13.198123166360956,867.9231790860318,1,0.7796014640203879,0,A,False,False,False,False,False,True
14.663724654427028,11,0,22.253053146817432,1672.0985108869356,2,2.3819384113204682,0,A,True,False,False,False,False,False
18.97448330251078,17,0,9.31305728042817,506.29980081713927,1,1.572100070574756,0,A,False,False,False,True,False,False
472.70429413142466,16,1,3.4201541558535915,1280.101984728085,3,0.8685180708519114,0,A,False,True,False,False,False,False
22.5956804681806,18,0,0.3642275945346544,3972.243753252173,2,0.7283161874154664,0,A,True,False,False,False,False,False
398.3973613092496,15,0,12.285359812224245,130.49168866469634,1,0.5970574923871055,0,A,False,False,False,True,False,False
40.785497359402676,10,0,2.633994216195141,957.2574119173589,2,0.8527990098217312,0,A,False,False,False,False,False,True
54.74825649625019,1,0,3.1078942791044293,224.10937609401213,3,1.5861293830033032,0,A,False,True,False,False,False,False
197.2433394829291,15,0,8.598646098368269,1096.8734157188148,2,0.33739827456506,0,A,True,False,False,False,False,False
251.20539375707122,0,0,8.75301675875032,2139.5929377847706,6,1.7284947189703372,0,A,False,True,False,False,False,False
47.79996597442745,16,1,4.811078826764778,728.7051320968931,4,1.4247205205286857,1,A,False,False,False,False,True,False
34.26444870581657,17,0,2.1221092005842497,2300.4224386289075,5,0.596772940774142,1,A,False,False,True,False,False,False
51.05459047753255,12,0,43.49345107129396,3257.3565799442317,7,1.0297928783022272,0,A,False,False,False,False,True,False
81.90409862585153,4,0,2.117244195072655,1512.3499267758807,4,0.7766549099910943,0,A,True,False,False,False,False,False
159.1050099628632,23,0,6.479583220827515,726.3424804060987,1,0.6364966663835525,0,A,False,False,True,False,False,False
54.87598553079558,5,1,5.454802691386394,1683.791570760501,3,1.1568625765157894,1,A,False,False,False,False,True,False
114.73941006053536,0,0,30.18660424141614,4207.873136468717,3,1.3093291764298172,1,A,False,False,True,False,False,False
389.9551290260458,9,0,7.916078888449042,378.0732076051339,3,1.4691985741779199,0,A,False,False,False,True,False,False
86.27773200442802,4,0,1.9865826890836742,2661.175952378705,4,0.4092638174583554,1,A,False,True,False,False,False,False
79.35912420605523,0,0,0.1547105351143358,391.06224843065013,1,0.8013156978487234,0,A,False,False,True,False,False,False
8.822515292269808,22,0,19.199293488831643,325.6881749021386,2,1.3644536945757157,1,A,False,False,False,True,False,False
2.3236142406186557,10,1,18.802756151265203,408.7828420216142,4,1.624845949909874,0,A,False,False,False,False,False,True
87.01242069522668,23,0,8.11369802308579,1062.6179517651492,4,1.1345640108013944,1,A,False,False,False,False,True,False
48.72591004870154,23,0,2.0254105280776833,3012.1008480577507,0,1.717788565327774,1,A,False,False,False,False,False,True
29.43724737804597,6,1,6.969482721786892,219.45385701130388,5,1.1028894132968028,1,A,True,False,False,False,False,False
73.12982198283801,17,0,13.369671829431278,2420.2645421611037,2,1.3022011489930951,0,A,False,False,False,True,False,False
50.780657538591996,20,0,18.258046186029354,970.2136926747935,1,0.6586042447029116,0,A,False,False,False,False,False,True
211.31212392590908,19,0,1.2220541445307564,453.81490134509437,5,1.4379023814492895,1,A,False,False,False,False,False,True
60.54173984272331,20,0,12.189351867362458,1760.3374966555257,2,0.5205428788412078,0,A,False,False,False,True,False,False
22.280058882925434,9,0,4.847029205332578,750.046285648098,4,0.5993565430913361,0,A,False,True,False,False,False,False
179.14570815489307,14,1,14.406236974183843,6681.6636577487125,2,0.6812717366394736,0,A,False,False,True,False,False,False
42.074535914791376,3,0,15.667833884366924,1633.9728967342273,3,2.3137018789001194,1,A,True,False,False,False,False,False
102.70327653886692,15,0,36.22014006804004,1146.8374506785165,2,0.8363976887421104,0,A,True,False,False,False,False,False
30.787450405133,14,0,7.924113930463118,1841.9406817118245,3,1.2507607377327996,0,A,False,False,False,False,True,False
25.033319998107675,14,0,11.569571447379955,3212.5448410397507,1,1.3241847681603052,0,A,False,False,True,False,False,False
60.40077139036263,11,0,4.684030376485014,3472.6173478979604,2,1.303486019075927,0,A,False,False,False,False,True,False
55.44515712288303,7,0,5.064791504643356,2304.0664783818547,3,0.6029636471989163,0,A,True,False,False,False,False,False
97.10495874619093,7,0,0.706905279037422,3299.2143210870063,5,1.2019565964107917,1,A,False,False,True,False,False,False
39.55234941154821,17,0,5.054533187184095,2871.563641383613,5,0.6157590081475858,1,A,False,False,False,False,False,True
6.027716562335415,5,0,0.9893519296466767,2269.7679009375183,1,0.43969164171203484,0,A,False,True,False,False,False,False
32.48152089213397,4,0,49.828498825287625,799.9480662757271,2,2.33845315066363,0,A,False,False,False,False,False,True
141.53997139829892,1,0,14.682997122868958,2998.267675265808,6,0.8834106217400571,1,A,False,True,False,False,False,False
38.21196570476489,11,0,2.8519535815936115,778.2813944044439,2,0.9059919788492665,0,A,False,False,False,True,False,False
40.62322376484558,3,1,1.862482728196977,1354.0506716626671,2,1.7058311997149693,0,A,False,False,False,False,True,False
178.33286054718897,22,0,6.933451713287713,811.653437706992,2,1.5228025214075875,1,A,False,False,False,False,True,False
23.234357903893162,12,0,5.514897100283617,1880.2972954368493,4,0.7512143200634007,0,A,False,False,False,True,False,False
8.573157816767806,16,0,4.9120436360243,3052.2983547971253,3,1.1970904068783146,0,A,False,False,True,False,False,False
45.026115080777814,15,0,9.472205445971571,791.9574460778942,2,1.3431003983711212,0,A,False,False,False,True,False,False
30.538593931403682,8,0,36.605971949235546,354.4671364930964,2,0.5398582326885168,0,A,True,False,False,False,False,False
17.12440118600086,0,0,12.591690407122298,2461.265075151563,3,0.7160838630383517,1,A,False,False,False,True,False,False
44.23630592433717,14,0,11.048071597743915,2511.107710097487,3,0.8859018315933473,0,A,False,True,False,False,False,False
98.47540058127711,11,0,24.640921631327487,3833.647283182311,3,1.0599859653530632,0,A,True,False,False,False,False,False
53.9929631544671,4,1,0.06049098212235708,2241.9783516115403,2,2.0139084415786095,0,A,False,False,False,True,False,False
78.91547060095233,22,0,3.298214486748426,2283.7547103151273,3,0.7447514245286728,1,A,False,False,False,False,True,False
481.10677851250495,23,0,10.283219946235718,617.7380623746684,1,2.1924034906935943,1,A,False,False,False,False,False,True
36.181406928760204,17,0,18.327422019168697,1977.5681814257866,6,1.3305210487818209,0,A,False,True,False,False,False,False
76.25007213909791,19,0,9.95464690909059,6108.656776832153,2,0.46995090761093034,0,A,False,True,False,False,False,False
29.634640518998378,1,0,2.681804824625523,704.5830948110862,4,1.2355535858969657,1,A,False,False,True,False,False,False
19.774007764474035,3,0,39.88521907614241,413.8956923027679,2,2.170771802607894,0,A,False,False,False,False,False,True
27.061466506539233,14,0,5.977308105657549,1227.150357469686,4,0.9534729723033352,0,A,False,True,False,False,False,False
30.737693850702,5,0,23.282803308684763,2321.460453769353,2,0.7277299091048385,0,A,False,False,False,True,False,False
84.04656219013039,21,0,33.30309998056782,1304.0232688605554,2,0.791805670080238,0,A,False,True,False,False,False,False
914.9696945722092,11,0,6.380029283241952,4568.849997949167,2,1.3447601843898394,0,A,False,True,False,False,False,False
23.121152159917884,17,0,27.995155204246824,550.9781162940925,6,0.5275262031025698,1,A,False,True,False,False,False,False
33.11709562736722,19,0,18.608186911589677,326.2133011301632,8,2.5417182323623235,0,A,False,False,True,False,False,False
50.61522317294908,3,1,35.19505135054756,3439.9099261063816,3,1.8357665299433565,1,A,False,True,False,False,False,False
87.79096740842725,0,0,4.341468053811598,355.5437237249289,6,1.494093662895205,0,A,False,True,False,False,False,False
74.90802100776276,14,0,40.165202503578485,1413.3202553868564,5,0.59268161062493,0,A,False,False,True,False,False,False
254.91112442430133,17,0,1.0130487894085785,3365.920609922471,3,2.207070144068242,0,A,True,False,False,False,False,False
2.9693097409772635,13,0,23.67427019359688,1303.792657307586,5,2.0033872948098264,0,A,False,False,False,False,False,True
3.1133027985092165,2,0,8.581609033011537,627.453438655496,5,2.201947077384962,1,A,True,False,False,False,False,False
30.11267542530118,14,0,2.938215489123613,3034.592090690956,1,1.2564377082956861,0,A,False,False,False,False,True,False
203.72279567608604,4,0,1.2409928636822432,1257.1804957842005,7,1.0871443990430594,1,A,False,False,True,False,False,False
8.3413273807806,23,0,7.403322244566148,919.0136703553287,3,1.2369277384145174,0,A,False,False,True,False,False,False
1.4782237415591446,21,0,7.397829157725688,4083.8924494355556,2,1.3760779899074798,0,A,False,True,False,False,False,False
108.35526154747993,2,0,3.919641309150383,811.6616552526059,1,2.0602760892966208,0,A,False,True,False,False,False,False
73.14096952993458,21,0,3.640925028597813,678.9381750734336,2,0.5492968629367019,0,A,False,False,False,False,True,False
14.757477623337437,6,0,7.6502467197259545,532.619967098307,2,1.218231092855998,0,A,False,True,False,False,False,False
16.73249235562901,5,0,7.917386746428178,2901.064918507273,1,1.4014444541822906,0,A,False,False,False,True,False,False
17.052682733721493,21,1,8.760754385063322,1543.9773364903328,2,1.8307886684870898,0,A,False,True,False,False,False,False
62.342437954955145,0,1,30.460843469906763,742.4987460188698,1,0.9354967721562122,0,A,False,True,False,False,False,False
25.74966632003115,18,0,14.172456114602182,346.82324577772386,4,1.1352811249385044,0,A,False,False,False,True,False,False
98.77817729448817,6,0,0.3096721683972888,3384.5555423978703,4,1.0262160937093048,0,A,False,False,False,False,True,False
1.7761498295815994,3,0,10.981415309909538,751.2803932285847,4,1.2645339002390237,1,A,False,False,False,True,False,False
19.526602406761153,11,0,21.56073910496488,255.86496416121085,1,0.8205710648001742,0,A,False,False,True,False,False,False
14.136148596848782,19,1,0.871021399977062,1176.0033549621792,2,1.5080616655481276,0,A,False,False,False,True,False,False
40.14071620774404,22,0,8.238504869610962,2505.246628504966,7,1.3266936153363433,1,A,False,False,False,False,False,True
28.626781330132612,17,0,9.00059528030178,1951.0158850119699,1,0.5277195304536338,0,A,False,False,True,False,False,False
142.22531648485642,8,1,46.19337896038748,1170.2324329702767,4,0.6067864246649776,1,A,False,True,False,False,False,False
5.863788368678848,18,0,9.684909522635031,770.1332182491062,3,0.994241495681745,0,A,False,False,True,False,False,False
57.661503757042496,21,0,20.788432369917487,700.2898819319993,5,5.098113524657855,1,A,False,False,False,False,True,False
106.69813805284035,3,0,5.412440105639395,3043.5527112391514,3,0.9459265452597424,0,A,False,False,False,False,True,False
506.72929387932237,0,0,22.6647165443773,229.9255001830745,4,0.6528401137521901,0,A,False,False,False,True,False,False
30.62696514137428,8,0,5.843781154452612,513.1957954966044,4,0.7624340789201864,0,A,False,False,True,False,False,False
80.58804594882128,14,0,8.432404504752087,1015.7025772312564,2,1.399183075771169,0,A,False,True,False,False,False,False
6.267419136452284,21,0,9.793970146713532,222.41498987878813,4,2.41597871893253,0,A,False,False,False,False,True,False
3.0945811160376646,7,0,39.12910870303161,921.16433502271,2,0.7859676275204548,0,A,True,False,False,False,False,False
150.46481220993897,14,1,0.8240284751453932,410.9328326061375,2,1.194641492744772,1,A,False,True,False,False,False,False
54.23506460098131,14,0,3.2885270682875243,1603.3236251032279,2,0.8267971625814421,0,A,True,False,False,False,False,False
224.57623531026255,17,0,18.34951321965662,693.2875650251425,1,1.486192798929261,0,A,False,False,False,False,False,True
10.50568493718609,6,0,12.926244891774433,796.4924450112859,5,0.8270391082529288,1,A,True,False,False,False,False,False
101.88885552173592,21,0,4.34589020646038,655.607730494571,3,1.5942857646781803,0,A,False,False,False,False,True,False
514.1841185719329,17,0,5.120481469243496,1883.6714889892576,2,0.2889411067810035,0,A,False,False,False,True,False,False
90.34599875729221,15,0,6.866608428162237,1037.8129709777031,2,1.477723146801097,0,A,False,False,False,False,False,True
76.0885509954668,1,0,8.977020251528828,2337.513078214262,6,0.9430433319682935,1,A,False,False,True,False,False,False
55.16161312616385,3,0,25.558480964072384,2882.365357593688,6,1.3825516104855649,0,A,False,True,False,False,False,False
8.289107068374241,19,0,0.20867697526658546,871.6296864359095,8,1.00836524435755,0,A,False,False,False,False,True,False
277.7405828605495,15,1,34.2446403860702,627.8575773570873,3,0.5578184695853257,1,A,False,False,False,False,False,True
26.231758474997267,2,0,7.9916497047973225,784.3362309356124,3,1.112706871563641,0,A,False,False,False,False,False,True
100.02097436646564,23,1,3.930166495107839,9223.030702489907,1,1.5045428545771868,0,A,False,False,False,False,True,False
8.367530775814906,22,0,10.651736020107984,669.1558079992479,1,1.1424522856094401,0,A,False,False,True,False,False,False
13.258626571597452,1,0,16.16759503977103,953.5687788855439,2,0.48677551309661854,0,A,False,False,True,False,False,False
305.5473868637795,2,1,0.6867677371890923,1301.88824887033,1,1.1180644026081064,1,A,False,False,False,True,False,False
35.98986076070512,4,0,18.86996062440747,1698.0824484905215,3,1.2955057843193019,0,A,True,False,False,False,False,False
312.2894778415017,1,0,21.454395162052233,1191.1733220155543,5,0.8161565889642127,0,A,False,False,True,False,False,False
49.70587866619742,18,0,2.7261070027129173,4533.063516408321,3,0.22335336179866377,0,A,False,False,False,True,False,False
5.987791656513002,23,0,2.756705015175164,1324.4797137303788,4,0.7843348179018484,1,A,True,False,False,False,False,False
159.25092766990932,19,0,3.418282044526066,973.1836867690007,1,0.5320214010002206,0,A,False,False,False,False,False,True
26.90007887321497,1,0,23.890829489069805,2355.9587546779767,2,0.9518023347150502,0,A,False,False,False,False,True,False
126.27051831035436,1,0,4.761876427529082,539.528201142947,2,0.5348843007716841,0,A,False,False,True,False,False,False
56.27514936841537,21,0,23.83981222871041,1688.0941309248963,1,0.5244155728306308,0,A,False,False,False,True,False,False
8.569917675765904,23,0,11.665023933474687,815.124959605754,2,1.4724914095432613,0,A,False,False,False,False,False,True
66.49679283440129,22,0,21.861786277867644,3067.1741210531363,5,1.0849465544917107,1,A,False,False,True,False,False,False
761.6352530759598,19,0,12.100552577056943,3262.0073871939016,2,1.2793920663777256,0,A,False,True,False,False,False,False
98.65054432741364,17,0,6.136877200545082,954.0632513900836,1,0.7517932653221305,0,A,False,False,False,False,False,True
50.95682453314161,19,0,36.238682641088765,546.5846256625504,4,0.786661110629254,0,A,False,False,True,False,False,False
198.4251760767359,20,0,18.844560708328622,247.20596710857123,0,0.726783133069656,0,A,False,False,False,False,False,True
70.30213430012398,13,0,9.926320883498944,1313.1293551256292,1,0.7761182972721129,0,A,False,False,False,False,True,False
70.20651242496665,14,0,15.218002763982065,199.11781281067235,2,0.7942429950503455,0,A,False,False,False,False,True,False
14.732409479071105,11,1,14.350573232245265,1024.5057605675458,4,0.6082756913559296,1,A,False,False,False,False,True,False
72.28507172028097,10,0,6.650220214065959,700.1061155361002,4,0.7007232851079558,0,A,True,False,False,False,False,False
189.14843925815723,10,0,8.26877135744125,1713.7669520261832,5,1.1023360250364787,0,A,False,True,False,False,False,False
20.019872745134215,6,0,5.746532982428785,1084.730817506605,4,0.6064549715127814,0,A,False,False,False,False,True,False
301.68848714593037,11,0,114.56758690884614,697.0965047981892,2,1.1776216879839652,0,A,False,True,False,False,False,False
48.90857656728542,15,0,13.01481062023191,2163.0099330862813,3,0.45614407515490546,0,A,False,False,False,False,True,False
18.815416984689232,4,0,1.4485774283357755,458.0425837054504,6,1.1639190455640607,1,A,True,False,False,False,False,False
180.75788652327276,1,0,10.981663032695247,1720.6558017812504,4,0.9628842112683881,0,A,False,False,False,False,False,True
38.70028317196779,21,0,0.7687988700222056,5708.666563676692,1,1.1748106555172229,0,A,False,False,True,False,False,False
135.83186918972027,15,0,5.108903780428381,2374.298470740638,2,1.1753003540364093,0,A,False,False,True,False,False,False
38.47042026879359,22,0,8.857806103939154,792.858581032114,6,0.5996851569063069,1,A,False,False,False,False,True,False
50.81586595465483,14,0,11.46225385096036,485.5785597231438,2,1.0285397985659186,0,A,False,False,True,False,False,False
98.718488119128,10,0,56.0593271926902,2316.3028041108223,2,0.5684634148147946,0,A,False,False,False,False,True,False
77.40694220216723,5,0,60.44667008191628,411.8056916906904,1,0.8141794387267636,0,A,False,False,False,False,True,False
4.979661234181174,12,0,1.5482650297017733,1101.922664475994,3,1.5989943088563277,0,A,False,False,False,True,False,False
14.217982147598061,18,0,11.587163994362717,1957.859639192592,3,0.6116103438190252,0,A,False,False,False,True,False,False
166.54940327062133,9,0,25.483006392333174,489.2332357460109,3,0.9721287762775113,0,A,False,False,False,True,False,False
46.592337361962215,23,0,4.071478769802116,468.1053556608476,4,0.6669785854984976,0,A,False,True,False,False,False,False
29.122830990232732,18,0,20.82823943894093,382.1080993346434,3,1.1650913636118354,0,A,False,False,False,True,False,False
10.694303127485146,4,0,31.63232068418395,3926.8494841156444,2,1.5864191877229723,1,A,False,False,False,False,True,False
14.944097629209315,20,1,16.2922863643011,4267.598173273118,3,0.7913260477027844,1,A,True,False,False,False,False,False
4.825149081557088,6,0,5.955833860444305,4217.064480205579,4,1.1140604219403276,0,A,True,False,False,False,False,False
48.34985087233572,10,0,38.48504652483873,4693.507419036342,3,0.8947969660760808,0,A,False,False,False,False,False,True
26.625646443495302,13,0,32.25054748113397,660.8797845639897,5,0.6140645600282627,0,A,False,False,False,True,False,False
17.117383580932625,22,0,18.872492328494168,257.20364056809586,0,1.1940924870689176,0,A,True,False,False,False,False,False
50.31241621062213,20,0,6.780525262977911,4283.810029133873,4,1.2749565077686213,0,A,False,False,False,True,False,False
84.5011173221703,15,0,23.54578598479001,2306.1661159867017,5,0.6105554098499261,1,A,False,False,False,False,False,True
673.062046061788,17,0,5.699350556031025,2162.5023115599965,1,1.5400827649351838,0,A,True,False,False,False,False,False
8.89722914751255,20,0,4.37440467724698,477.2226154483877,3,1.887914560223703,0,A,False,False,False,False,True,False
219.47915275832227,22,1,10.854509854567842,1185.1691531522138,2,0.6403751822264604,1,A,False,True,False,False,False,False
175.51453732184228,22,0,87.82898199551096,1245.6510675737381,4,1.9922148913468785,1,A,False,False,False,True,False,False
21.436363581552133,3,0,24.469267928504195,1042.6172350260692,3,1.0020045721664788,0,A,True,False,False,False,False,False
69.67789659873031,0,0,19.628489334930972,555.4564152359862,4,0.966043381563525,0,A,True,False,False,False,False,False
31.526866932484108,21,0,9.022548790426772,239.67075668642718,1,2.2969429750197268,0,A,False,False,False,False,False,True
68.22603906839153,14,0,5.608406739320295,600.5636755258158,0,1.5202113219384532,0,A,False,False,False,False,True,False
333.9386241582294,13,0,29.058796079539228,110.25845593601346,3,0.7322060351549559,0,A,False,False,True,False,False,False
112.92540626162005,18,0,12.580669756674922,788.156852119621,5,0.7757228581896926,1,A,True,False,False,False,False,False
100.51731969051546,4,0,25.17016451028372,670.4850103260708,5,1.1769004425113063,1,A,False,True,False,False,False,False
32.577726414982074,3,0,10.034246004137565,430.8756299102496,0,1.1707428644211906,1,A,False,False,False,False,False,True
9.199342389433317,12,0,21.033764541109527,1511.2505234813716,4,0.9809465251075091,0,A,True,False,False,False,False,False
42.51420040724147,17,1,30.344904018620717,833.2243825846139,5,0.7034430360349466,0,A,True,False,False,False,False,False
232.27680508788671,11,0,7.448664809900071,882.7800129738106,1,0.7607570552749763,0,A,False,False,False,False,False,True
8.735529606057883,22,0,0.2049371693490339,3336.8852811475913,2,0.9881214916517741,0,A,False,False,False,False,False,True
15.39269056625172,20,0,4.414087445411115,848.2203479106122,4,0.452579355004432,0,A,False,False,False,True,False,False
63.530574834901635,14,0,36.96157507532966,1576.576965370211,4,1.2824849311136186,0,A,True,False,False,False,False,False
16.7502680006735,22,0,17.449290790768835,461.0481944429048,3,1.1375441170446579,0,A,False,False,True,False,False,False
21.093646121741273,8,0,20.046498213398166,1345.2650885364371,2,0.6262843968688863,0,A,False,True,False,False,False,False
32.84113028496056,3,0,5.902053843541475,1010.2560603579008,0,1.2743539740048668,0,A,False,False,False,False,True,False
10.604295076789088,4,0,18.12337672270148,1180.9116817357276,3,0.4244383017788134,0,A,False,False,False,False,True,False
16.963327101136873,8,0,15.588835568534885,411.62886994859787,4,1.2025378767346615,0,A,False,False,True,False,False,False
126.99065488198534,12,0,2.947043485758992,444.17077799846425,2,1.5666813359341674,0,A,False,False,False,False,False,True
11.372023512021979,9,0,51.95763861088375,831.3598254471283,1,1.2179424835407704,0,A,False,False,False,False,False,True
8.02493395123248,15,0,6.554930912545683,3179.6021594273775,1,1.3516396137573312,0,A,False,False,False,False,False,True
25.635292736033513,12,0,5.991208714899387,346.4682445057284,3,1.3952202381920848,0,A,True,False,False,False,False,False
131.413205964284,3,0,6.910581933914405,4206.604260999172,2,1.2186730051298549,1,A,False,False,False,False,False,True
43.10736354392403,20,0,1.4430323152231856,623.1341625449289,4,0.9737659385358429,0,A,False,False,False,False,False,True
31.26510771567657,12,0,14.710979549886723,1172.005970321463,3,0.8524383986062756,0,A,True,False,False,False,False,False
57.5831826401963,20,0,4.089424148287379,2445.6880351543678,1,1.7734832055597523,0,A,True,False,False,False,False,False
6.720422876249,7,0,24.39210611502982,825.0704675539869,5,1.3546091666315756,0,A,False,False,True,False,False,False
98.85427386358026,12,0,7.516995736836156,902.4435870616759,2,1.808801599930566,0,A,False,False,False,True,False,False
86.49806447573063,14,1,9.202803283654847,3488.4615184251306,5,1.641501182392935,1,A,True,False,False,False,False,False
33.409150552076014,19,0,15.594769806000933,2636.744321730075,2,0.5567254254970615,0,A,False,True,False,False,False,False
182.56557328440584,19,0,21.524149468021335,1920.8145156198857,2,0.7167661780551616,0,A,False,False,False,False,False,True
14.111706219327921,12,1,3.9422139300561305,975.77015659828,3,0.39815581786378273,0,A,False,False,False,True,False,False
211.34477229946938,22,0,50.851337972336545,1031.6071050758287,5,0.4590365092277906,1,A,False,False,False,False,True,False
65.71928402033286,4,0,14.605681441150146,465.0556312343661,4,0.4054835529893553,0,A,False,False,True,False,False,False
36.457124254193054,21,0,0.08481870825016616,873.6615454830112,2,0.32319402122586266,0,A,False,False,False,True,False,False
53.31147706588437,21,0,8.058114067323164,1157.3702598672257,2,0.8878260452731485,0,A,True,False,False,False,False,False
48.00390112423127,5,0,8.612281745757933,1067.5560395536022,2,1.7993229418238903,0,A,False,False,False,False,False,True
236.11984069668335,4,0,24.845189591074302,1389.7512852782559,3,1.1942759087763564,1,A,False,False,False,False,False,True
14.999022720825804,12,0,5.460668512288458,2668.253887324694,3,1.4159304148884049,0,A,False,False,False,False,False,True
21.86696199422262,4,0,6.034647983517771,327.3097178336152,4,1.0273755043018806,1,A,False,False,False,True,False,False
189.34362206836946,12,0,1.096531749789484,660.7672802084845,1,1.0746597058833236,0,A,False,False,False,False,False,True
26.71854992119277,23,0,5.001619034761181,2739.5674217301794,7,1.4747293412207771,1,A,True,False,False,False,False,False
160.87693483621555,19,0,18.93259590084817,7886.95072799669,1,0.921618241153443,0,A,False,False,False,True,False,False
419.60893887106704,22,0,15.107882598796206,464.52850727003363,5,1.0648305520265342,0,A,False,False,False,False,False,True
33.71173403387301,7,1,1.2734710685858952,664.9435230546513,1,0.8158794267452396,0,A,False,False,False,False,True,False
123.67223401192639,8,1,1.827327137436556,384.9415579080061,1,0.5438647703311378,0,A,False,False,False,False,True,False
13.674998825100461,20,0,7.096348938808921,215.0272674124751,1,0.937811467108663,0,A,False,True,False,False,False,False
135.05471028078367,18,0,20.42448060405448,1365.923347774988,1,0.5555318654380923,0,A,False,False,False,False,False,True
69.35989254145606,19,0,26.83908350604161,1764.0980544334,9,1.5529558265850074,1,A,False,False,False,False,False,True
96.31710630476569,14,0,0.2209804261326906,862.89835354155,5,1.2768672627181732,1,A,False,False,False,True,False,False
25.16146137864749,21,0,5.985028584495933,869.184724743646,4,2.106195240296347,0,A,False,False,False,True,False,False
7.4387282591130575,9,0,8.28153519021592,1003.3637376031813,3,0.6758259316088381,0,A,False,False,False,False,False,True
99.87330949140224,10,0,36.30918419768315,695.831716556439,3,0.5033754831879336,0,A,False,True,False,False,False,False
4.590166128656928,4,0,10.43946390336515,1059.0591228510925,4,0.46617719726255885,0,A,False,False,False,False,False,True
37.30694152901678,8,0,4.714513773116352,3325.962624742701,5,2.1977695712447947,1,A,True,False,False,False,False,False
168.9188191922154,10,0,7.415602211966412,565.717957250069,2,0.8200617940960431,0,A,False,False,False,True,False,False
68.73628893934614,18,0,8.60207415967859,874.4246309517132,2,0.47246266472802134,0,A,False,False,False,False,False,True
565.6701722166204,1,0,16.629751802145886,990.1777551435285,2,1.2651275333372847,0,A,False,False,False,True,False,False
186.81727182271325,5,0,0.6293361634406285,696.4508764228428,4,0.8461851828197985,0,A,False,False,False,False,False,True
24.91131041842112,22,0,7.400967187805176,1157.87361875016,3,0.6231478913281664,1,A,False,False,True,False,False,False
56.41731166503491,20,0,15.600395481934004,148.41799025467049,3,2.103231807356699,0,A,False,False,False,True,False,False
51.58109126347722,0,0,4.996936091048587,1734.2515892118743,2,0.9317512792631479,0,A,False,True,False,False,False,False
8.1775114775729,2,0,13.438170194066958,503.8284505399938,3,1.3278266241257703,0,A,False,False,True,False,False,False
17.663869818991657,2,0,6.630666656022446,559.745794243942,2,1.2417644738278026,1,A,True,False,False,False,False,False
27.85707327331093,13,0,21.327011844073734,959.1076311442225,2,3.8893005435859207,0,A,False,False,False,False,False,True
4.7423623449874786,19,0,0.9376717988285928,360.7705479612914,2,0.9042310677520432,0,A,True,False,False,False,False,False
57.80019572405779,21,0,37.508587337803,3181.0449198407614,3,0.6068667261892653,0,A,False,False,False,True,False,False
40.49237911540708,4,0,2.8241144517852534,567.3193967433947,3,0.7120090281165892,1,A,False,False,True,False,False,False
7.334045828673534,16,0,2.5893783397483805,9010.566142822727,7,1.6403390585178683,0,A,True,False,False,False,False,False
88.6818670515441,14,0,27.54911946096228,1815.5798430181271,4,1.1334709994714132,0,A,False,True,False,False,False,False
128.90133846381795,5,0,30.520800136114723,696.0106124669662,0,0.7904184534246071,1,A,False,False,False,True,False,False
71.69646004560511,13,0,1.4637510962639415,858.2387177701388,6,1.1870825772946991,0,A,False,False,True,False,False,False
37.007410994986955,13,0,35.90717744364729,1235.057563228677,6,1.9429751101072967,1,A,True,False,False,False,False,False
111.02224449628838,16,0,4.788579087066673,4268.323316633286,1,2.2925121385573997,0,A,False,False,True,False,False,False
123.50287468169981,7,0,14.459451672314625,2345.4416253254826,4,1.202641023117444,0,A,False,False,True,False,False,False
78.9554906077623,7,1,1.0658918912702537,2208.7975669947236,5,1.7640232425878195,0,A,True,False,False,False,False,False
20.296841838330213,18,0,7.186539929687496,858.8063823256298,6,0.4910690263385232,1,A,False,False,False,False,True,False
76.09030956708685,8,0,8.987330107242611,696.7724345102155,1,1.36488579928412,0,A,False,False,False,False,False,True
229.1958277155536,10,0,13.737858738481636,1826.0747686122286,1,0.913688060673547,0,A,False,False,False,True,False,False
26.68349287056004,12,0,11.175198154919572,3187.0673022570695,3,0.5630647316834556,0,A,False,False,False,True,False,False
676.9024743748064,12,0,9.284320678336686,981.9852263622296,5,0.6274823169178683,0,A,False,False,False,True,False,False
29.05651943290463,23,0,48.14881995641902,634.1361277196521,3,0.6648853854606925,0,A,False,False,True,False,False,False
56.76321064734061,18,0,3.0689267003407448,479.7971908110753,7,1.1579231482111494,0,A,True,False,False,False,False,False
24.36182321814481,20,0,2.579526191995619,287.49158487742824,4,0.574883574036138,0,A,False,False,False,False,False,True
71.37338231310332,18,0,18.74601409170695,767.0521811581925,3,1.4251391856122921,0,A,False,True,False,False,False,False
6.748592528443689,4,0,1.162158149823051,894.6996744391076,5,1.6192412091203388,1,A,False,False,False,True,False,False
28.35348191263365,15,0,9.892537151836972,1079.1714221534742,3,0.942144827532302,0,A,True,False,False,False,False,False
14.72364285994365,8,0,9.92627194339659,1691.399225893545,6,0.901898061896964,0,A,False,False,False,False,False,True
64.22586540397457,19,0,5.566505903994478,753.6935029652667,3,1.0813096098074029,0,A,False,False,False,False,False,True
180.06841294731333,21,0,39.984290724449544,4611.127108586623,1,0.7813266565749541,0,A,False,False,False,False,True,False
118.53489911754377,2,0,4.980643048499426,440.99978732206154,2,2.0762240221159765,0,A,True,False,False,False,False,False
3.17087877946806,18,0,5.104474195979496,1893.5637293827524,1,0.3516058988841073,0,A,False,False,False,True,False,False
633.0083312015793,4,0,4.004471762091546,413.3743170048254,1,0.8240751667292195,1,A,False,False,True,False,False,False
77.81513338187735,7,0,2.3636387050923715,555.3705979363505,2,0.4572845638570092,0,A,False,False,False,False,False,True
21.50318430569391,13,0,6.788611476246719,1373.0648537235968,2,1.3338348952588428,0,A,False,False,False,False,False,True
65.92735821567119,23,0,17.13316232561689,2527.3825791887602,1,1.1127295262751162,0,A,False,True,False,False,False,False
67.45277929063047,2,0,20.33140716649186,876.8756946126675,2,1.4575603437896865,1,A,False,False,False,False,True,False
24.527171397539302,23,0,25.18334054901291,1173.4356512056831,3,1.0831881470061306,0,A,False,False,False,False,False,True
69.23454898417252,12,0,3.3011717284868554,3011.4766921031564,2,1.216492342577166,0,A,False,False,False,False,False,True
26.338539712437285,10,0,0.5442454222150246,412.52011379735717,0,0.6461864162990676,0,A,False,False,True,False,False,False
33.60804956864015,7,0,55.14588129565094,2030.2336998769865,5,1.07683407725636,0,A,False,False,True,False,False,False
23.961899237035155,18,0,0.21654332870290105,631.9102126195146,2,0.6763244449616542,0,A,False,True,False,False,False,False
9.784450602003021,9,0,48.53988646023832,1332.0529779495355,6,1.3581280958516158,1,A,True,False,False,False,False,False
65.04008448824447,17,0,26.475105604031242,1688.826526412158,5,0.6225718236306794,0,A,False,True,False,False,False,False
110.20687968124423,17,0,36.46902574028865,428.12089829444534,4,0.772739904029747,0,A,False,True,False,False,False,False
101.27709906795069,6,0,7.345400188469283,603.5035721362015,0,0.9587863917972295,1,A,False,False,True,False,False,False
146.0443442251945,15,0,3.29478227868559,1868.1170656968843,6,2.1511749084758955,0,A,True,False,False,False,False,False
80.57659736012238,5,0,13.988728929938162,890.6143804393956,4,1.0159014900232528,1,A,False,False,True,False,False,False
28.81019743685338,15,0,20.278461883814334,619.5979058685396,6,2.7475646473163327,0,A,False,False,False,False,True,False
149.54489328990365,15,0,2.103784332730545,1281.4990471245792,4,1.9961016673009506,0,A,False,False,False,True,False,False
10.7078696472935,22,0,23.964234676009973,462.4164252543924,2,0.8591313417173145,0,A,False,False,False,True,False,False
18.526355520189195,23,0,3.5091496401655657,425.7649514444349,2,1.2236076435677044,1,A,False,False,False,False,True,False
17.166501786612507,0,0,10.149581743641667,162.27614160384945,8,1.3195844586810712,0,A,False,False,False,True,False,False
199.550486797317,23,0,29.11946926139822,1462.3967375758778,3,0.2293163569234729,0,A,True,False,False,False,False,False
169.24480498071875,18,0,3.224366776591876,1125.0622661678374,5,0.4241854597111996,0,A,False,False,True,False,False,False
97.98028495011886,2,0,4.153795882134739,1689.9801783432897,1,1.2516579349567063,1,A,False,False,False,True,False,False
197.61404055982658,5,0,0.9724169485922004,2914.598636801248,4,1.291751249434152,0,A,True,False,False,False,False,False
19.00801364633052,3,0,2.3781516647841365,904.1098209714145,6,1.078811020753526,1,A,False,False,True,False,False,False
82.95631499133638,3,0,2.3765998327949784,1037.2880649179156,2,0.5729387369705106,0,A,True,False,False,False,False,False
46.98322795209903,3,0,3.411556998780568,1443.1295942610748,1,3.3399144060239574,0,A,False,False,False,False,True,False
150.8458605905172,9,1,5.057295362932085,695.0182080109711,4,1.3277744596699408,0,A,False,True,False,False,False,False
47.54758128554874,8,0,25.309643043133683,341.6657027685119,3,1.66484287831735,0,A,False,False,False,False,True,False
34.40041175424637,7,0,37.11196924956621,436.46854166159915,3,1.5943815906698589,0,A,False,False,False,True,False,False
104.48987975581598,18,0,7.820227160216347,1062.252098312637,2,1.0765129379766152,0,A,False,False,True,False,False,False
156.241517732271,16,0,2.058082614410144,2440.1944995683516,1,1.0433330237588492,0,A,True,False,False,False,False,False
24.483165677722344,16,0,3.8003677035762293,3842.424990313766,3,1.5709581693994077,0,A,False,False,False,True,False,False
50.73972804478191,0,0,19.988800435844038,873.2638707160779,4,0.769801450182324,1,A,False,False,False,True,False,False
15.3309128787999,19,1,16.971318318504732,1254.2296971732114,3,1.6266088101452976,0,A,False,True,False,False,False,False
2.724614033520697,13,0,51.263240974543415,4898.310276687595,6,1.0919624835980521,0,A,False,False,False,True,False,False
69.44614483305972,21,0,0.21891999756173838,1658.1482266949595,2,1.3442942490763292,0,A,False,True,False,False,False,False
113.37335823647764,19,0,20.84001025990469,1223.8711393456545,1,1.0932272623558477,0,A,False,False,True,False,False,False
74.77474325210792,10,0,10.57203054308224,1297.4125908654196,1,0.6418138447736808,0,A,False,False,True,False,False,False
5.262077647048258,2,0,34.94826184569693,1746.8492686504107,1,0.9193659720151438,0,A,True,False,False,False,False,False
35.83699299967753,23,0,12.876225005847052,413.1293234990269,5,1.8414844761763434,1,A,False,True,False,False,False,False
3.8113470685078776,7,0,8.876948969681129,2015.1205329350637,4,1.3800441269943506,0,A,False,False,False,False,True,False
282.48948514977366,21,0,16.442506635553215,1558.2097914395847,3,1.737589512606504,0,A,False,False,True,False,False,False
14.831221231205038,9,0,26.893511600308393,2619.109528354971,3,1.600178323336812,0,A,True,False,False,False,False,False
246.2837511953152,16,1,4.979704660280817,1628.3087937660555,0,0.752184329771982,0,A,False,False,False,False,True,False
169.87172143558806,7,0,1.7063860041939707,2482.4439996634487,4,0.4585764809268886,0,A,False,False,True,False,False,False
18.528157035954944,21,0,8.511418957091156,524.108890025507,3,1.5274918225239533,0,A,False,False,True,False,False,False
14.022428149992749,0,0,3.62190181763784,680.5190746519962,4,0.9185481604068435,0,A,True,False,False,False,False,False
83.13320988755613,19,0,8.419714297641338,1239.1309672178493,2,1.4123191696237827,0,A,True,False,False,False,False,False
19.822371138625975,20,1,70.7384641648589,601.2626599579612,1,2.014141495438468,1,A,False,False,False,False,False,True
61.74305938638572,6,0,12.804038683427944,2174.1412979250376,1,0.83770516239761,1,A,False,False,False,True,False,False
30.58797295562317,23,0,17.74296852633855,353.38920344786516,5,0.6830790241518263,1,A,False,False,False,True,False,False
6.440523995977385,8,0,16.994722014721656,965.1891943006178,2,0.6001069440344866,0,A,False,False,False,False,True,False
3.756314824980055,11,0,25.780493438310906,697.0134216979192,5,0.9891482461034607,0,A,False,False,False,True,False,False
71.66633404337264,21,0,43.2705396004695,605.5052015253095,2,0.49358513105105906,0,A,False,False,False,False,True,False
27.83044886994535,8,0,16.13009261377783,366.21117281448664,5,1.1927365986286187,0,A,False,False,True,False,False,False
28.11469011702158,19,0,9.69666346099258,1133.9250374134058,3,1.2214042337623605,0,A,False,False,False,False,False,True
125.84318985319977,23,0,5.737166590545204,1026.0933229413286,4,1.218104371380145,0,A,False,False,False,False,False,True
223.21395076000357,2,0,6.700736826668965,5031.67426847059,4,0.4295797190651934,1,A,False,False,True,False,False,False
39.367725637575155,3,1,6.107812541470059,8025.155508269027,1,1.8131283953895772,0,A,True,False,False,False,False,False
36.28054153605503,9,1,5.883765550345269,466.6717767745467,3,1.065840790319077,1,A,False,True,False,False,False,False
99.50139256917016,3,0,17.793221456311674,239.26900831555864,1,0.7984013988579259,0,A,False,True,False,False,False,False
10.71535025159008,21,0,13.29038911380579,419.6721191354861,2,1.3837293669384725,0,A,False,False,False,True,False,False
71.36329529716602,8,0,3.384607082629852,1043.6842581244289,4,1.3747625585677898,0,A,True,False,False,False,False,False
105.87542489992364,21,0,52.41253396021355,2697.6510177514697,3,0.5639250504408496,0,A,False,False,False,False,True,False
123.50433418914237,0,1,8.3720480166092,746.0780104946815,3,0.9755621631677747,1,A,False,False,False,False,False,True
5.343584898278458,4,0,12.523647682544542,1741.7092594804997,6,0.7409205698502616,1,A,False,False,False,True,False,False
21.89752630272706,8,0,18.190207436513436,578.6902587229677,1,0.8109599363893991,0,A,False,False,True,False,False,False
19.031282956475938,4,0,14.266236703432908,742.7073156270795,3,1.2990040196823962,1,A,True,False,False,False,False,False
61.55089202972345,5,0,5.588837210395995,1253.177113996652,2,0.64706374173889,0,A,False,False,False,False,False,True
97.21193536232646,18,0,23.97054043642545,1086.9080425953323,6,1.3199060599909547,1,A,False,False,False,False,True,False
328.99826886242045,7,0,1.7505968984874225,1065.4508281043081,0,0.6297035478051732,0,A,False,False,False,False,True,False
30.14567379702295,9,0,12.624562869966972,461.53634418419324,4,1.8288069911038893,0,A,False,True,False,False,False,False
30.051512786561492,10,0,4.788978629231773,2924.02112864402,6,0.7218047562769032,0,A,False,False,False,True,False,False
216.9368771803801,12,0,14.347411254127161,2906.384451793259,4,3.1502820200102764,0,A,False,False,True,False,False,False
77.93633895782003,19,0,3.6883830339348926,2945.5988310208736,4,1.502106372852689,0,A,False,False,False,False,False,True
249.93023362733538,3,0,22.189285716041482,637.9248708842977,3,0.9084410663116937,0,A,False,False,False,False,True,False
77.20572432827592,10,0,3.872554531215742,1206.5401620675893,3,0.6215898172311538,0,A,False,False,False,False,False,True
13.61892075068743,11,0,33.16269218687115,720.6114925943746,3,1.2973888886808365,0,A,False,False,True,False,False,False
11.025888131864624,4,0,29.659221833446995,502.81717493938083,3,1.6605454669798039,1,A,False,False,False,False,False,True
8.484027695442592,9,0,6.750508227283807,1377.4241337555482,2,1.3649256770195093,0,A,False,False,False,True,False,False
120.83937709457011,23,0,7.312015567947764,200.7638338935331,1,0.7488099684730086,0,A,False,True,False,False,False,False
227.31033257591713,6,1,18.134953946388773,2159.1547876217096,3,2.0409381910124442,1,A,False,False,False,False,False,True
502.3185949414966,20,0,1.4208186754528658,432.61221854967823,4,1.1567105228163543,0,A,True,False,False,False,False,False
150.16375502443663,8,1,1.2657220454067162,853.7073074191596,4,0.722343567489108,1,A,False,True,False,False,False,False
220.39167251153938,8,0,2.1983671261607665,178.52008541696284,3,3.0280949795616725,0,A,False,False,True,False,False,False
27.22077315676143,9,0,12.399332979883772,4657.369524853934,1,1.3858770856275808,0,A,False,True,False,False,False,False
13.63037856758861,9,0,2.4201878818814038,1856.7436471871574,3,1.2262271395756261,0,A,False,False,False,False,False,True
151.4257186699119,1,0,4.878002998283822,1174.6169976471108,2,0.7852636809804104,0,A,False,False,False,False,False,True
90.12674006757813,3,0,15.615544250932857,632.3830140338026,4,0.9824529187921436,0,A,True,False,False,False,False,False
62.11162995162447,7,0,0.23620673109312343,467.5090055509273,3,0.6657996029088876,0,A,False,False,False,False,True,False
86.90762533056365,13,0,2.9810928996906982,934.2579289648899,3,1.0969851436151405,0,A,True,False,False,False,False,False
80.465021860685,16,0,39.87404995255739,1396.56198643996,2,1.3153068717174363,0,A,False,False,False,False,False,True
254.82581461816568,12,1,16.340817529283203,912.4428511195097,3,0.38057658193062566,0,A,False,True,False,False,False,False
258.26409922870135,20,0,5.469550771346818,1676.9564774024939,0,0.524849453255804,0,A,True,False,False,False,False,False
104.90596975676677,23,1,0.6954256577340775,4839.581768700429,4,0.6342516088460805,0,A,True,False,False,False,False,False
150.65062994417212,17,0,13.230108102344373,464.73965903717993,1,0.47123307289770194,0,A,False,False,False,False,True,False
101.17736470468785,17,0,3.7821432611176795,1325.027969385888,5,0.6614958356604201,1,A,False,False,False,False,False,True
31.393357362150162,12,0,48.34907159101061,4415.925183885471,3,2.0895071322267,0,A,False,False,False,False,False,True
135.35183993813504,7,1,17.421410276564252,855.2525808465862,2,1.7695818196954836,1,A,False,False,True,False,False,False
10.243116483182423,11,0,54.816524828381546,981.190812047588,4,0.7332922134671906,0,A,False,False,False,False,True,False
193.3824554967495,22,0,28.347091689786218,1586.0596990683289,1,1.3184307812062384,1,A,False,False,True,False,False,False
13.021117626179674,23,0,9.896481499913502,1883.482680690815,7,0.5625796727826397,1,A,False,False,True,False,False,False
76.93523347071643,20,0,16.610095574673473,2539.737377096332,2,2.6594288251131664,0,A,False,False,True,False,False,False
19.802639757276776,0,0,25.078255017159105,1196.8187431705865,3,0.9062991355093434,0,A,False,False,False,True,False,False
106.06655555698441,19,0,12.947594951099243,580.6308179593765,3,0.3636228673780273,0,A,False,False,True,False,False,False
52.42008025462272,17,0,0.9518865742448994,1717.4743349128437,5,3.0534993209625187,0,A,True,False,False,False,False,False
8.054998659447245,2,0,9.535810932766555,505.96559455373296,3,0.8608613798510385,1,A,False,True,False,False,False,False
90.45383022079524,11,1,2.098819282113479,1430.1952964925733,0,2.764822396324888,1,A,True,False,False,False,False,False
27.289310474477976,18,0,18.820929185154913,1166.5441686593433,2,1.5821137247159383,0,A,True,False,False,False,False,False
157.17755108206273,12,0,17.121023676191363,1143.891868169143,3,1.1593163151586712,0,A,False,False,False,False,False,True
54.68507533925375,9,1,74.23222456864632,1026.7585247073966,5,0.3993232527659705,1,A,False,False,False,True,False,False
87.75116884828569,14,0,14.86561026171092,2444.324601309362,3,1.0559466526014027,0,A,False,False,True,False,False,False
17.303646402100252,19,0,24.15191793471746,1798.0048096318462,3,0.458397369596271,0,A,False,False,False,False,False,True
26.918164589958515,1,0,4.685521219180427,1911.5208265457654,4,0.8471751055171898,0,A,False,False,False,False,True,False
31.488853834165397,18,0,6.233280198908802,756.7866384188732,6,1.0843730068193107,1,A,False,False,False,False,True,False
152.63401183520688,2,0,37.33810366810253,294.8117424434575,2,1.9435033815653902,1,A,False,False,False,False,False,True
408.6473280116635,13,0,21.10923164501945,798.1536413911498,6,0.7396280214453359,0,A,False,True,False,False,False,False
20.775904919852916,6,0,15.974870749245959,1554.0255933750343,1,2.93531362575404,1,A,False,False,False,False,False,True
198.78379435866455,7,0,4.396002013385704,1125.4273558701395,5,0.46393513025091826,0,A,False,False,False,False,False,True
4.040575364261546,10,0,17.988656494363866,775.71132886658,2,0.6653886024264132,0,A,False,False,False,True,False,False
13.026330324856515,21,0,32.67417011849493,1309.1649030307728,2,1.0932963396598048,0,A,False,False,False,False,True,False
17.278550082208053,19,0,3.936018247698942,885.5832747370544,3,0.31252566292905537,0,A,False,False,False,False,True,False
10.772424400619181,5,0,18.368957881328672,1140.2917324916434,3,0.5543044201591719,0,A,False,False,True,False,False,False
8.163670893810467,10,0,7.505555894990822,223.39814990050243,1,1.2626045107285628,0,A,True,False,False,False,False,False
89.62180901654128,16,0,1.8965052662418003,2025.790066427129,4,1.593975422888703,0,A,False,False,False,False,False,True
42.22948875745417,9,0,21.624612184305743,1790.5156994818835,2,0.6141363632410852,0,A,False,False,False,False,False,True
86.08080749553298,23,1,2.743287945089448,5941.989843887914,2,0.7677507652798572,1,A,False,True,False,False,False,False
125.031689771727,16,0,4.373268690697702,620.4547671339535,2,1.2869012199070906,0,A,False,False,False,False,True,False
75.09397970239274,20,0,22.91386302569503,733.2197933541797,3,0.4207728905737335,0,A,False,True,False,False,False,False
120.21908798682054,1,0,20.32965749270733,1260.6856617619594,5,0.9131817518804245,1,A,False,False,False,True,False,False
50.22742822691762,5,0,4.39912658603191,1067.1139790194018,2,0.8890093420658278,0,A,False,False,True,False,False,False
13.13930256014295,4,0,42.444273870261576,3881.1747675452507,1,2.4167062267477264,1,A,False,True,False,False,False,False
194.29488232228184,3,0,3.6365245690882273,791.0292989651452,1,1.306720206130522,0,A,False,False,False,False,True,False
26.925275110829247,1,0,75.82401622424665,969.7333498825578,0,1.0094424520865668,0,A,False,False,False,True,False,False
17.765963102500557,11,0,20.08543020156601,699.4030143620801,2,1.4681996073292733,0,A,False,False,False,False,False,True
44.10170963940097,2,0,7.476236447871545,3710.4128641094535,1,1.1166405747911783,1,A,False,False,False,True,False,False
18.258430103318133,5,1,2.0949530231878755,1619.3127318644697,5,0.6273786386315122,1,A,True,False,False,False,False,False
33.085116927514996,23,0,5.7961904431717945,3853.3905333487496,1,1.4326282769619698,0,A,False,True,False,False,False,False
82.50547921612309,13,0,3.2302074244199965,11294.269451595605,1,1.5362432428789516,0,A,False,False,False,False,True,False
82.93109539910598,7,0,14.586551985441476,595.7066378107276,1,0.8521438632373644,0,A,False,True,False,False,False,False
18.589630407628054,20,0,6.620779692477324,2598.1504796016143,3,1.1050621868551986,0,A,False,False,False,False,False,True
30.40945416888225,20,0,5.2435166378938,893.0207779776441,3,2.654890002949737,0,A,False,False,False,False,False,True
198.1847359825854,13,0,21.22863149967587,632.6305766709829,4,1.1095220598554136,0,A,False,False,False,False,True,False
99.05548436571571,2,0,3.932153311965711,339.33022508759336,1,0.9026016589021646,1,A,True,False,False,False,False,False
658.5747611375787,15,0,13.260595880660246,6019.100771001102,4,0.6049120881337777,0,A,False,False,True,False,False,False
225.0120167350996,14,0,3.2461706902762475,2444.5783472534345,2,0.6378839736532331,0,A,False,False,False,True,False,False
215.5411154446389,6,0,18.81839563098972,915.6709809399503,3,1.0490651518525949,0,A,False,False,False,True,False,False
10.324892626814652,14,0,14.717298932559242,1803.613825529798,5,0.7307675221030209,0,A,False,False,False,False,False,True
136.54202216827414,12,0,24.003717699496466,257.9638089894061,2,1.3487345675353464,0,A,False,True,False,False,False,False
51.22726131805092,5,0,1.0643392289105018,1016.8809400546106,4,0.8101049729589842,1,A,False,True,False,False,False,False
28.185899516660154,14,0,3.5378373422470895,596.1336466571357,7,4.197182060841769,1,A,True,False,False,False,False,False
66.79434415629072,16,0,2.516703433442744,3485.812422522902,0,1.123004655055574,0,A,False,False,True,False,False,False
169.7376214487297,3,0,3.17121241073993,3678.391953843889,1,0.4539579727067677,0,A,False,True,False,False,False,False
99.58364150712639,21,1,1.6307266927889699,2235.8155260166072,2,1.099288950807737,1,A,False,False,False,True,False,False
19.026475153746862,21,1,12.385850635057457,2339.963242645593,0,0.8310204918758873,1,A,False,True,False,False,False,False
133.08003262601233,13,0,13.500039358294242,652.0400458996633,3,1.4314057970380862,0,A,False,False,True,False,False,False
25.40370296719691,14,0,27.8195071752167,1946.0634377648003,2,1.0026089445684716,0,A,False,False,False,True,False,False
70.81138145238337,11,0,8.112525956369023,363.7596630078784,4,1.2304367216982,0,A,False,True,False,False,False,False
37.939011847378964,18,0,11.401640364084294,326.5780656927616,4,3.88231398786543,0,A,False,False,False,True,False,False
41.987018951079655,21,0,71.17348441786577,1007.8907623538265,4,0.8992996272642997,0,A,False,False,False,False,False,True
136.9329746591632,9,0,11.384340290635832,1675.9858677624347,5,1.444993822766266,0,A,False,False,False,False,False,True
15.670305252269525,5,0,12.784819924831,1769.598829239482,4,1.7394584362663623,1,A,True,False,False,False,False,False
563.5376180657727,8,0,82.5153732409031,401.1689519002461,2,1.168872356817986,0,A,False,False,False,False,False,True
6.1392139748982055,1,1,77.06692913801812,316.9494660980105,6,0.44671047849809475,0,A,False,True,False,False,False,False
26.650256626939367,3,0,8.27550714934436,764.1486350220783,2,1.4753758405873663,1,A,False,False,True,False,False,False
85.1363652407002,8,0,15.115683955322735,543.9574631050627,5,0.36963932242688674,1,A,False,False,False,True,False,False
110.07665642993003,14,0,9.8320641569841,1789.3613603356268,3,2.3488096714850277,0,A,False,False,False,False,True,False
48.3965792859089,12,0,19.13286195537543,487.70471248725704,3,0.5209262332167606,0,A,False,False,False,False,False,True
50.9645940031013,19,0,41.803119294136,5194.946839327415,4,2.6677544268703484,0,A,False,False,False,False,False,True
89.35883364802477,7,0,5.55855070901164,1465.406804380401,2,1.0427836793960623,0,A,False,False,False,False,True,False
41.376646482762716,18,0,25.628532290152197,975.0207784687747,1,1.5481844683239308,0,A,False,False,False,False,True,False
290.56215425148486,18,0,15.95659622668275,437.96404464548954,2,1.2912276662982405,0,A,False,True,False,False,False,False
149.48842081339674,15,0,4.931411525301442,381.11348687530796,5,1.6258331392098095,0,A,False,False,False,True,False,False
155.6156556198989,10,0,23.940398088014334,848.3270270999805,2,0.3732344688356001,0,A,False,False,False,False,False,True
17.126242426265584,9,0,8.356526016205867,690.1629602171643,0,0.725060228246918,0,A,False,False,True,False,False,False
49.63686932262822,7,0,1.9242721375009633,274.3863331354648,3,1.2257431645432197,0,A,False,True,False,False,False,False
38.070544067616005,0,0,75.34750621991707,3285.6059882755276,4,1.0264220457141215,0,A,False,True,False,False,False,False
16.334482255999013,9,0,8.317648916313331,452.969267983617,3,0.8181206841787668,0,A,False,False,True,False,False,False
84.11601868624214,17,0,11.698644014983625,1454.0250071827847,5,1.1007188932165586,1,A,False,False,True,False,False,False
28.64059424526049,2,0,24.750909118154844,1562.0653312378531,2,0.8955669361977806,0,A,True,False,False,False,False,False
119.87920320486202,10,0,48.615339647891254,300.342817853269,4,3.0168912846156215,0,A,False,False,True,False,False,False
15.11624698293971,17,0,30.940282665343346,806.1158178064871,2,1.9569800761587395,0,A,False,False,False,False,True,False
429.59750498303697,2,0,11.168287464692323,355.06239234925954,3,2.100566562830061,0,A,False,False,False,False,False,True
18.623063946652735,7,0,11.834833016432384,1519.4124785117904,3,2.4686403365471774,0,A,True,False,False,False,False,False
71.03429614015354,13,0,4.946050240996824,1152.8743272664476,5,1.2782636067719437,1,A,False,False,False,False,True,False
141.20760345851482,5,0,9.320852580784926,1030.8861981106136,3,0.6268187857026402,0,A,True,False,False,False,False,False
27.52876570925542,14,0,44.016420267039386,568.9896049844906,2,0.8696665566497817,0,A,False,False,False,False,False,True
151.86050544171124,13,1,19.471007769337586,2820.9511146225323,1,1.19266380291803,1,A,True,False,False,False,False,False
12.49064148416285,6,1,0.17922128529176995,810.5691513388452,0,1.0789884833774976,1,A,False,False,False,False,True,False
311.8559052621494,9,0,1.8580749500806122,336.3399161289305,4,0.5153369478294941,0,A,False,False,False,True,False,False
55.533093257381154,14,0,38.61812590405742,515.205795300924,0,1.1953990530084742,0,A,False,False,False,False,False,True
26.690462996003916,9,1,28.329276280191205,220.1514143751624,3,0.5712052793100086,0,A,False,True,False,False,False,False
38.12925644241733,21,0,9.987780555032518,649.7082080533083,5,2.6411363291894574,0,A,False,False,False,False,False,True
144.12819163763774,16,0,14.39495375236409,529.9363628977505,9,1.4766573373197227,0,A,False,False,False,False,False,True
27.076160375227126,18,0,5.129877843995997,1911.5364304038155,2,0.9092189565877749,0,A,False,False,False,False,False,True
22.215067451613425,16,1,23.61328795627291,1733.299394527968,3,1.032445972469443,0,A,False,False,False,True,False,False
41.85269045407295,11,1,13.869283987321364,1300.011565940987,4,2.3698899294046134,1,A,False,False,False,False,True,False
13.298423105151285,14,0,17.803083121092094,2339.5098447982796,3,0.47356649923642913,0,A,False,True,False,False,False,False
485.2444038774526,11,0,7.047890706967319,427.2107667403792,1,0.78672795871258,0,A,False,False,False,False,True,False
27.669382875774545,8,0,8.443314690380936,1414.676483926074,1,1.3058209450598521,0,A,True,False,False,False,False,False
148.1077639228374,4,0,3.4918883596934807,347.0946338641808,3,0.35758957976787553,1,A,True,False,False,False,False,False
70.20110842080905,3,0,44.36283768039212,748.8387786176407,4,0.9323276348303013,0,A,True,False,False,False,False,False
16.75269497605154,11,0,43.93709992603225,1440.7919040685551,7,0.8008192769998601,1,A,False,False,False,False,True,False
54.2094012903112,15,0,25.53574127524185,716.65119358439,2,3.4362826307978254,0,A,False,False,True,False,False,False
139.88257702986198,8,1,41.129174726305024,4050.5301669966325,4,0.9348231624960565,0,A,False,False,False,True,False,False
43.55769572961634,2,0,16.419067325711506,830.1208662870544,2,0.597078615128804,0,A,False,False,True,False,False,False
228.54555023046544,20,0,4.011367137950842,2081.0560613796233,1,0.6423086760884329,0,A,True,False,False,False,False,False
186.0133548376736,2,0,21.419908745790174,887.472328306797,2,0.26018733345056894,1,A,False,False,False,True,False,False
164.46500723315492,17,1,5.901778060963649,1218.4485075497544,5,2.323241906849152,0,A,False,False,False,False,True,False
31.450405397074068,16,0,8.710185372957286,818.9106011033805,4,1.0557130975023956,0,A,True,False,False,False,False,False
14.942194592555893,9,0,4.810315498061271,1263.5953461019442,6,0.916541306492259,1,A,False,False,False,False,True,False
26.14596492320301,1,1,8.264871611591827,4364.759475454014,7,1.6004361804946976,1,A,False,False,False,True,False,False
69.0954670523138,23,0,17.05954984462336,3768.853771646501,4,1.3155245196791354,1,A,False,False,False,False,True,False
105.10333995827621,10,1,1.7583011342442816,742.679817450212,5,1.008058559559474,1,A,False,False,False,False,True,False
4.0314024354317235,23,1,1.6674418952730197,913.0546488916882,0,0.6059701900201201,0,A,False,True,False,False,False,False
54.06917028448044,2,1,17.269282804090825,1142.154084647019,3,0.7627248609662279,1,A,False,False,True,False,False,False
66.00345376221618,22,0,22.683386327221253,1832.9273989113367,3,1.064264792421779,0,A,False,False,True,False,False,False
39.13224832565704,22,1,12.026584779963668,4834.767315138236,6,1.3973051031738686,1,A,False,False,True,False,False,False
257.116324452123,1,0,3.006812708118176,3067.9172034032963,1,0.5137130004335778,0,A,False,False,False,False,False,True
90.57118255432415,8,0,8.451714069129876,885.8911869968424,1,0.9579722465002105,0,A,False,True,False,False,False,False
263.02005649229847,18,0,21.293146726343977,1513.8422613904936,6,1.908877294727742,1,A,True,False,False,False,False,False
42.13367809222161,1,0,17.362689885890603,1313.6680087019524,4,0.5380406044104261,0,A,True,False,False,False,False,False
168.1695994991908,18,0,1.745740187402641,675.4551458263128,3,1.4507818209203789,0,A,True,False,False,False,False,False
388.41706551185854,1,0,52.17790730727526,2467.190792312032,3,0.5220421366205922,1,A,False,False,True,False,False,False
263.4944062562866,14,0,3.7917503021597625,146.7581772239396,2,0.7664027417947901,0,A,False,False,True,False,False,False
14.723282551837329,23,0,3.734412733040777,2452.598827647944,4,0.3715700685391221,0,A,False,True,False,False,False,False
40.26927241166737,20,0,9.238827274991715,1524.6114630206057,3,1.1627560877814072,0,A,False,False,False,False,True,False
36.08229686333721,2,0,5.945569141856171,258.48377754500456,2,0.6804919390822683,1,A,False,False,True,False,False,False
98.20974454845309,4,0,62.01436845340559,476.55599743724974,2,0.3684555158059988,1,A,True,False,False,False,False,False
124.4151883897415,10,0,1.1936010825750647,210.039057367289,3,1.0716070740072212,0,A,False,False,False,False,True,False
19.95198807332517,23,0,5.488745381252086,4261.689500550643,2,1.698930125071129,0,A,False,False,True,False,False,False
59.22869970322343,6,0,7.2365407377827475,496.05460720924975,4,1.2270729582757265,1,A,False,False,False,True,False,False
4.835996463241489,5,0,10.202249977430201,2271.4131090803558,2,1.1972169412905023,1,A,False,False,False,False,False,True
308.07214943775233,13,1,0.24813756866144118,2337.1947097161506,1,1.4802427285060153,0,A,False,False,True,False,False,False
29.522447647639755,0,0,1.2892866792447015,995.7172426805138,6,0.6979871706690794,1,A,False,False,False,True,False,False
58.38369921337227,16,0,4.472242837962967,644.4146622354116,0,1.0562925068488742,0,A,False,True,False,False,False,False
37.653290338428725,16,0,12.111614916441889,1652.777241397321,3,3.0023812305824022,0,A,False,False,False,True,False,False
215.99021160549287,13,0,21.900506707387358,1302.8906955788461,4,1.0762466803813397,0,A,False,True,False,False,False,False
1.813016930870987,9,0,17.39911624054901,2319.2291839213794,4,0.658478839568682,0,A,False,False,True,False,False,False
53.520651523741485,7,0,12.556126316865035,428.9563547825913,4,1.1907917503271568,0,A,False,True,False,False,False,False
48.08727028292331,7,0,7.5933643853934605,2484.79599836856,2,0.8267282130702812,0,A,False,False,False,True,False,False
31.67844036685047,13,0,30.683662122314356,3223.245909868103,2,0.9814278486668601,0,A,False,False,False,False,False,True
433.31799359671936,6,0,9.236475178830688,892.9990934395775,4,1.450885228122513,0,A,False,False,False,False,True,False
18.8253553381636,5,0,5.334121390024622,510.4092004252683,2,0.7638833556874258,1,A,False,False,False,False,True,False
137.84852159603813,3,0,14.88685348660229,744.9906527476145,2,0.2397980045948797,0,A,False,False,False,False,False,True
83.72213060646527,0,0,17.67043396900191,657.1391917780635,2,0.9170420695380934,0,A,True,False,False,False,False,False
248.0978197923402,14,0,7.624189148393801,948.9264940401363,2,1.2792797943451135,0,A,False,False,False,False,True,False
24.517155531119656,14,1,0.42820340806271234,607.5865584770521,3,2.3963784343121666,0,A,False,False,True,False,False,False
22.65628554760577,0,1,1.4829169083398954,1580.0413166416124,2,1.7080441546419445,0,A,True,False,False,False,False,False
203.42225426724823,19,0,28.02302196844039,1825.0325495139618,4,0.8465943091037679,0,A,False,False,True,False,False,False
90.95688199502041,2,0,0.8731455949929421,822.8707641490712,3,1.2711131027104925,0,A,False,False,False,True,False,False
8.551230442414184,22,0,13.448044639116613,229.61836222726322,6,0.8843441602050865,0,A,False,False,False,True,False,False
28.583624463672997,4,1,3.044772632101492,1563.091482045074,4,1.5567127699275671,1,A,True,False,False,False,False,False
86.80456258408918,4,0,3.8995696273382676,336.93794912451034,5,0.9237709075079236,0,A,True,False,False,False,False,False
149.2043832748538,3,0,4.7893241083462685,1338.9900374551953,3,1.4580697071523772,0,A,True,False,False,False,False,False
24.165432820083616,16,0,0.5856565568019811,1161.5312395930346,0,2.3029088429099844,0,A,True,False,False,False,False,False
1.6534976169443816,20,0,2.9262748946743002,842.8794153703512,2,3.573675985659727,0,A,False,True,False,False,False,False
102.29571882710201,19,0,15.768775094986346,1836.9576873701549,5,0.47450371044355116,1,A,True,False,False,False,False,False
12.624194511632396,13,0,10.358771082536386,1466.819947293301,6,0.40773891295144377,0,A,True,False,False,False,False,False
4.851041587752886,7,0,23.94257591068078,1495.3948804307595,2,0.626043424552778,0,A,False,False,False,True,False,False
1.8243228735944166,1,0,0.9479650120803916,2115.0143999946035,6,0.9720000391747743,1,A,False,False,True,False,False,False
145.00627715929124,7,0,32.95963870777935,788.1929555716337,2,0.7680862923665465,0,A,False,False,False,True,False,False
63.709962051631635,0,0,84.3962056642233,779.4385315117047,4,1.8670544923511287,0,A,False,False,False,False,True,False
41.64629225432073,3,0,0.23797741491865126,2596.133737616371,2,0.6729766128352815,1,A,False,True,False,False,False,False
289.11635962955717,18,1,51.462513181976384,1832.6484642566552,3,0.5730872175003562,1,A,False,True,False,False,False,False
117.30643572001956,4,0,4.035117163420962,753.1346851483772,1,1.9514963157564718,0,A,False,False,True,False,False,False
379.767814410743,4,0,17.691307326383786,220.7452443656454,2,1.3124303484472355,1,A,True,False,False,False,False,False
10.2647678383886,20,0,5.189913716500958,1500.619564101548,3,1.1603173872377763,0,A,False,False,False,True,False,False
52.38075491520198,19,0,11.066297340577819,1617.6443486165106,6,0.5730896121687544,1,A,False,False,False,False,True,False
7.845530056524238,23,0,10.713065318049109,415.7509498216591,3,1.7092861513512025,0,A,False,False,False,True,False,False
41.46050145202277,18,0,6.720238616856673,556.2234641996995,8,0.8914496197179639,0,A,True,False,False,False,False,False
40.51454216555598,11,0,18.96363440345889,791.347557749286,4,1.0700473036768638,0,A,True,False,False,False,False,False
115.8083146894843,19,1,13.730735238553557,1574.7634219623917,3,1.1857472512122285,1,A,False,False,False,False,False,True
57.666513939044016,0,0,10.64759605781399,7997.313444999608,4,1.9999458360406817,1,A,False,False,False,True,False,False
115.36356380222547,6,0,60.97701131583793,2681.6032723130656,4,1.2486018183945868,0,A,False,False,True,False,False,False
126.99251653061663,16,0,42.203492479454596,328.0764176397054,3,0.7099830240803561,0,A,False,False,False,True,False,False
724.8135235395108,1,0,46.662381906851046,773.5804684004526,3,0.9967744450198948,1,A,False,True,False,False,False,False
37.399001778754254,10,0,31.970367742440967,1016.7572123935134,3,1.404276047031443,0,A,False,False,False,False,True,False
17.650652635307136,6,0,4.418693861079237,1639.2005761577764,0,2.3381789504073414,0,A,False,False,True,False,False,False
73.3542422312188,16,0,6.46119062031229,572.5025410648066,0,0.8162969876826084,0,A,False,False,False,False,False,True
20.848123984468288,2,0,3.9410300807427783,1750.4435089912313,4,0.7815409122511824,0,A,False,False,False,False,True,False
323.2263727340682,21,1,64.22119873310193,727.4641512437111,2,1.4640084326326799,1,A,False,False,False,False,True,False
38.86671983698082,5,0,2.484831821112283,1748.2093912347916,1,0.6429290159548353,0,A,False,True,False,False,False,False
27.696563899550874,21,0,6.847707538779298,1165.1847750306456,1,0.7292365105429633,0,A,False,True,False,False,False,False
31.013454753139182,10,0,3.3292469253608696,5632.71357930294,0,1.0129139279519157,0,A,False,True,False,False,False,False
129.2955550511925,17,0,3.7934873416099797,2399.6000711318093,4,1.2442064764246854,0,A,False,False,True,False,False,False
45.18221880282229,17,1,4.257101563196902,3137.276207883971,2,1.6642782384076122,1,A,False,False,False,True,False,False
25.27965231555122,21,0,15.311053133793202,470.5357462808753,2,1.0855608823270315,0,A,False,False,False,False,True,False
402.7928061786224,9,1,1.1864495956672272,716.4607549577197,3,1.0447283594641559,0,A,False,False,False,True,False,False
19.542590092960896,4,0,12.748063093031217,1424.7334000648168,1,1.3315476555486379,1,A,False,False,False,True,False,False
56.97880114029708,22,1,25.662613731129532,408.82368500906824,5,0.4646922913599989,1,A,False,True,False,False,False,False
119.43441376672696,22,0,21.82012551086415,2530.8409596690312,1,1.0404574212978766,0,A,False,False,False,True,False,False
7.7090723880224425,20,1,2.458475235405402,1217.2887712763272,5,2.2402388583430857,1,A,False,False,False,False,True,False
97.15548192731441,23,0,36.92929396460576,2643.7220699861873,2,1.4788820744965847,0,A,False,False,False,False,True,False
15.392352411572,21,0,22.051035148776617,1613.0108419608805,3,0.9873667290161903,0,A,True,False,False,False,False,False
146.54599482035508,14,0,0.07974928707979402,1136.7066196022104,2,1.4445684059089188,0,A,False,False,False,False,False,True
17.198441782885357,20,0,20.0553437511703,994.1184078011064,9,0.5396465514553602,1,A,False,False,True,False,False,False
125.3767041006239,19,0,20.058088114481926,592.8353377048772,5,1.2419861398507759,1,A,False,False,False,True,False,False
205.8195223223244,22,0,10.301992959967894,565.2731655144881,4,0.9830126394735244,0,A,False,False,True,False,False,False
153.50357102441697,3,1,0.7060976376684979,2232.6238448725157,2,1.0529915292456067,1,A,False,False,True,False,False,False
73.81632978179717,20,0,13.0091495446295,1871.3500096221444,4,0.8314681449999121,0,A,False,False,True,False,False,False
41.36515536070494,20,0,21.770287900934786,2943.210460725116,8,2.0175256521858294,0,A,True,False,False,False,False,False
27.338514852318294,0,1,4.738631974130518,708.7200639589249,5,0.7810255650888143,1,A,False,False,True,False,False,False
319.0161182636159,14,0,16.497265044049012,2692.08435090266,4,0.5872178557164461,0,A,True,False,False,False,False,False
23.584877807908025,16,0,6.552622988522545,952.165795769666,3,0.476989386085974,0,A,False,False,False,False,True,False
15.729229164666402,18,1,12.794628343887005,1744.0189414300182,1,0.3406314891220642,1,A,False,False,False,True,False,False
121.32133928544329,13,0,7.2814074279105885,3081.66936585416,6,1.1154612034872988,1,A,True,False,False,False,False,False
21.002381502535233,18,0,5.430944341866046,5749.28589589113,4,0.6757928765532261,0,A,False,False,False,False,False,True
17.460196472011084,17,0,29.060223526445654,2586.1783529039126,3,0.5213885397898,0,A,False,False,True,False,False,False
9.656921241803028,1,1,21.02649714166119,1289.8135744001643,4,0.8765327936947012,1,A,False,False,False,False,False,True
30.58495412109235,5,1,6.357089689042718,1717.7418772540584,2,1.407359700163549,1,A,False,False,False,False,True,False
49.43911790802986,12,1,8.554166977911487,2978.5915075699772,5,0.9517541193938996,1,A,False,False,False,False,True,False
73.09135325198983,16,0,17.65039545526672,1935.1132391131366,4,1.0692507885433344,0,A,False,True,False,False,False,False
170.98357395728212,5,0,24.996377690112958,796.7968008961099,3,1.7964868071134028,0,A,False,False,True,False,False,False
102.74780682697971,20,0,17.296403919067966,1793.3322475856626,3,1.5094934942913942,0,A,False,True,False,False,False,False
43.421440355865464,21,0,11.67834027504876,3111.666714816941,3,1.0573176500531904,0,A,False,False,False,False,False,True
43.04151815477873,4,0,46.3130536118771,4674.810931272446,1,0.6111323243162103,0,A,False,False,False,True,False,False
100.7043466052575,6,0,22.317839509478098,1152.5235138579276,4,0.7607142900152745,0,A,False,True,False,False,False,False
251.40977948884213,0,1,1.8425493975529899,448.80690928764807,5,1.01442764862036,1,A,False,False,False,False,True,False
63.53411713796412,12,0,12.251402243748469,264.08199626459,2,1.431616470515665,0,A,False,False,True,False,False,False
31.094873766734796,18,0,7.903223535328558,2072.4983779529457,2,1.1858300473228902,0,A,False,False,False,False,False,True
16.586030396664835,21,1,23.76647073370255,321.5826120678888,5,0.7340918157566936,1,A,True,False,False,False,False,False
9.638386149262905,0,1,0.6853673491187061,1416.6246233603363,2,1.2219736585072496,0,A,False,False,False,False,True,False
121.45254452609652,12,0,7.932898267208077,2597.077278179996,7,2.3464106675655243,1,A,True,False,False,False,False,False
109.24294206529433,10,0,5.746962865477634,962.4258318173877,3,1.1571335735297013,0,A,False,False,False,True,False,False
109.1623507081727,6,0,2.2830434000786184,331.3732056569933,3,1.3608674586321892,0,A,False,False,True,False,False,False
46.78715335957369,19,0,7.1416321877938165,400.23301403897227,3,0.8409379120272835,0,A,False,False,False,True,False,False
295.39743740808683,2,0,16.757767866764546,525.3931679156021,3,0.908523788584805,1,A,False,False,False,True,False,False
30.540626281275614,0,0,6.733683609801311,993.0239368372622,10,0.4301160685496517,1,A,False,False,True,False,False,False
171.7986385073158,7,1,13.012743351422142,2873.5914568184407,2,1.0707594703172008,1,A,False,False,True,False,False,False
52.11790345032616,16,0,13.477196738732815,1106.9961075046378,4,0.2517283938484452,0,A,True,False,False,False,False,False
26.310788978550153,12,0,13.268651925111318,6140.357716189652,3,0.466995573917707,0,A,False,False,False,True,False,False
111.16731055628608,13,0,11.310406325107587,2521.7374324985044,3,1.1828583927072145,0,A,False,False,False,False,False,True
89.260882180547,4,0,1.8662513301588834,1389.0627192669797,2,0.6099588628563954,0,A,True,False,False,False,False,False
83.79449482522155,23,0,3.697256038114494,1035.6184700622673,1,0.3713369894137609,0,A,False,False,True,False,False,False
60.191678175232454,21,0,24.146600249128756,736.4683396362457,3,1.0347374916831262,0,A,False,False,False,False,True,False
52.17107914268095,22,1,10.46834077354884,1235.750673296346,4,0.46292948336713075,1,A,True,False,False,False,False,False
959.1489601497733,23,0,18.366526845211684,1692.371815458794,4,1.691691737596344,0,A,False,True,False,False,False,False
226.12952944668666,5,0,12.656379769191501,1417.9540724531398,1,1.2669682856796107,1,A,False,False,False,False,False,True
129.98151837237157,21,0,0.5918790919172866,735.9137789009999,1,2.49369999615701,0,A,True,False,False,False,False,False
62.43705878292507,5,0,23.860255828475456,480.3246107742244,2,1.216051957155493,0,A,False,False,True,False,False,False
182.8358289648162,20,0,0.9972933626690929,4866.12201778452,1,2.568425782311297,0,A,False,False,True,False,False,False
101.65591534778116,7,0,43.016433176663,1821.4685801170162,5,0.6167754180526316,0,A,False,False,False,False,False,True
56.34230665643187,12,1,3.6382774732407785,1457.3895703882881,2,0.7389958359061642,0,A,False,True,False,False,False,False
37.929258626710464,17,0,10.774087212591628,1644.3659423389417,4,1.1574666129598328,0,A,True,False,False,False,False,False
49.54588425206758,22,0,0.985496606409803,2646.755653459871,3,0.9390773662177573,0,A,True,False,False,False,False,False
1.2159055610846896,3,0,33.797266851080096,754.2370973782898,0,1.0753030990224592,0,A,False,False,False,True,False,False
70.29642943701892,16,0,58.63560280047868,988.5898877491232,3,0.985244789977904,0,A,False,False,False,False,True,False
30.38134302922945,4,0,2.372499793565876,600.6420106176722,5,0.9016534073196711,0,A,False,False,True,False,False,False
369.1503442082771,2,0,5.260106431449162,1090.3440256798435,2,0.6258069503211869,0,A,True,False,False,False,False,False
55.88035487183587,3,0,0.24002654916653923,638.5792318292391,2,0.6930824645549929,0,A,True,False,False,False,False,False
13.108277443213261,22,0,23.19451675278574,490.2429578372015,3,0.6396840020058637,0,A,True,False,False,False,False,False
51.4259966008165,4,1,5.597822366563993,300.1409342766175,4,0.6121092241271509,0,A,False,True,False,False,False,False
15.559240366502218,13,0,13.331500363999334,4131.638371216622,1,1.0333232412237232,0,A,False,False,False,False,True,False
96.35978040624495,14,0,0.6001239678251998,839.1297648613466,4,0.698784622311676,0,A,True,False,False,False,False,False
77.41161525319662,19,0,18.85323562459679,1618.7414295403787,4,0.7692875383304056,0,A,False,False,False,False,False,True
172.32936479906954,16,0,11.306328369702541,1184.5126996125973,3,2.013986147896719,0,A,False,False,True,False,False,False
21.135241277433284,5,0,19.363685267458564,1632.3580680349125,2,1.2701654562341391,0,A,False,False,False,True,False,False
56.87237460837327,9,0,23.378627972999382,220.78570965795095,5,1.4987057535370176,0,A,False,False,False,False,False,True
10.61187699927636,21,0,1.4021851532387328,753.0193703417644,7,1.7523606246409866,0,A,False,False,True,False,False,False
126.69640823040262,22,0,12.9445242674197,2772.855668407903,5,2.274501883098857,0,A,False,True,False,False,False,False
101.76288157223986,15,0,15.74493351129697,5189.819819562953,1,0.9940114172149513,0,A,False,False,False,False,True,False
98.98477250596495,16,0,10.907347572384477,819.2489179870561,1,1.1467237668100152,0,A,False,False,False,False,True,False
54.704328483811835,13,0,3.0209033181214293,898.3800025558052,4,0.7725914322171793,0,A,False,False,True,False,False,False
89.81279684044044,19,0,23.81494700028153,2573.783850120099,3,0.657396464324014,0,A,False,False,False,False,False,True
374.35589279964705,11,0,89.62400215697211,1560.2205804235605,2,0.47460409609091325,0,A,False,False,False,True,False,False
38.77931134060103,8,0,52.23786175910752,1122.9450903512923,2,0.602535460361275,0,A,False,True,False,False,False,False
64.48123301470937,14,0,22.54441593760265,1041.4391205046784,4,0.7693383085414117,0,A,False,False,True,False,False,False
14.829944904167837,11,0,8.122049086206228,694.79638113462,3,1.1050428003687647,0,A,False,True,False,False,False,False
19.26108705952991,13,0,6.171504466771333,675.625528859926,4,0.5651160421952771,0,A,False,False,False,False,True,False
61.39791959196063,21,1,1.0651238578879545,1218.8124686759563,2,0.6150175830479516,1,A,True,False,False,False,False,False
205.35090675361872,17,1,8.07516993770998,1412.79861504797,2,0.3512735788328532,0,A,True,False,False,False,False,False
40.14359941602399,19,0,2.544905494423994,1472.8646281244623,0,0.7092801615569064,0,A,False,False,False,True,False,False
41.13667933793307,5,0,4.40217685629481,633.7318661022573,3,1.0317101239356676,1,A,False,True,False,False,False,False
33.50644158932008,3,0,33.36864306803577,3184.586891194311,1,1.026491074445705,1,A,False,False,True,False,False,False
28.74006076607897,22,0,51.87872644727915,299.7579759881349,3,0.8511963121672037,0,A,False,False,False,True,False,False
77.78633295941106,11,1,44.509796522573644,1675.2085564449526,3,0.8825313273041991,0,A,False,False,False,False,False,True
9.054762168570413,12,1,3.22308687909972,711.9824907639771,2,1.0027486883255592,1,A,True,False,False,False,False,False
253.94748457493625,18,0,34.67351093571645,548.5547619286843,5,1.863855678856419,1,A,False,False,True,False,False,False
24.56919057216611,21,0,2.2886215990627665,845.6773229450109,3,0.835683870690615,0,A,False,True,False,False,False,False
129.83756673283582,12,0,10.628792497049204,306.958338404088,5,0.9321375943093729,1,A,False,False,False,True,False,False
11.893614781498306,11,0,15.478190960308034,1455.9583378554964,2,0.5231878665133983,0,A,False,False,True,False,False,False
121.82774936859548,19,0,9.311473341575656,3990.163328821354,3,1.2651889405697299,0,A,False,False,False,True,False,False
122.28244958087575,2,0,45.49759842130886,654.9622976437647,2,0.9688455990349111,0,A,False,False,False,True,False,False
86.57771816163655,2,0,6.079263136631741,7191.764094226936,3,0.7671146089097658,0,A,False,False,False,True,False,False
16.554960315080983,13,0,11.241879772239491,550.7665282044746,2,0.5546300476574499,0,A,False,True,False,False,False,False
73.6598465296068,17,0,1.1767211481521929,781.6530181412451,0,1.1903368701751775,0,A,False,False,True,False,False,False
13.201527971617264,18,0,28.680923859689194,3254.678870335815,3,0.5795409584300782,0,A,False,False,False,False,True,False
40.31340701438721,9,0,8.000245860259357,420.859672387755,1,1.3041679534324762,0,A,False,False,False,False,True,False
187.78463002009596,16,0,18.086221468010965,914.7990234701065,1,2.4491912452647124,0,A,False,True,False,False,False,False
142.0305694834727,14,0,17.197149290389806,4338.315801538297,0,1.778752642855465,0,A,False,True,False,False,False,False
55.60201997312665,18,0,16.91735235281412,427.03322860500765,2,1.015221225967868,0,A,True,False,False,False,False,False
16.949394473187176,8,1,10.606813763363126,1758.8961494675746,1,1.3663016134731902,1,A,False,False,False,True,False,False
118.47538939898364,3,0,4.875958005186414,1649.8982507855515,2,0.7064482666895499,0,A,False,False,True,False,False,False
55.88284720596799,14,1,14.716221614582011,235.52351210860843,6,0.5184534680133873,1,A,False,False,True,False,False,False
3.3723886183617995,18,0,48.97046062171329,670.1800828242797,2,1.0686715252683545,0,A,False,False,False,False,False,True
139.65230413070108,15,0,26.931927754019526,7370.1466341202995,2,0.7406740039281904,0,A,False,False,False,False,False,True
53.03333082383519,7,0,1.7272614543627243,1311.6436133522845,0,0.5036039341150517,0,A,False,False,False,False,True,False
231.12102650366432,16,0,0.3519068794522345,1490.799532876025,3,0.42524030880742253,0,A,False,False,False,False,False,True
14.668104541842254,20,0,10.36638011424336,1326.5658116849816,2,0.8607278307134152,0,A,False,False,False,False,False,True
1.2067797209366848,0,0,22.430215416969666,5620.864826261057,2,1.6430596045958294,1,A,False,False,False,False,True,False
76.31737485650723,6,0,5.651034158517634,503.1954669192088,5,0.9246006299896472,1,A,True,False,False,False,False,False
77.46888811008614,20,0,18.121634090482683,637.2948098851833,1,0.9030566800510207,0,A,False,False,False,False,True,False
7.179243726003266,17,0,40.30635547184538,1003.6470360867047,6,0.9739864231002173,0,A,False,False,False,False,False,True
16.874448334917464,11,0,9.214610440755033,1710.5789983922891,1,0.6201876282300979,0,A,False,False,True,False,False,False
1489.5975956997718,15,0,4.198876658934605,1240.1240976119777,1,0.8025669315174732,0,A,False,False,False,False,False,True
37.83623581982937,0,0,37.47131222260846,1268.5023866282377,2,1.871440238939891,0,A,False,False,False,True,False,False
131.25615185525723,14,0,9.587385781630099,705.0373322791359,3,2.146253317714991,0,A,False,False,False,True,False,False
25.008310938371313,6,1,7.859658592567669,1782.3514998977794,2,1.6852465080397523,1,A,False,False,False,True,False,False
4.444362865630909,16,0,6.539519758164665,241.33322464780983,1,1.4696985580997908,0,A,True,False,False,False,False,False
44.50894160115536,2,0,8.249135898233229,707.6532459463564,2,2.1680119010027714,0,A,False,True,False,False,False,False
39.69695671320282,10,0,16.797133814038652,568.5303401732642,3,0.5803534675884247,0,A,False,False,False,True,False,False
33.78936518889978,5,1,8.529989477401202,454.4151298518561,1,3.9022819373858644,0,A,False,False,True,False,False,False
47.58087988211907,5,0,5.878401808353492,263.87257986882355,1,0.35759982237403803,0,A,True,False,False,False,False,False
74.97254096077015,14,0,20.417451994285223,1320.8264392697113,4,0.8500431474177134,0,A,False,True,False,False,False,False
45.59780860672162,6,0,3.402971252625956,1546.385154775602,3,0.17649579870139165,0,A,False,True,False,False,False,False
11.979449001866271,10,1,3.3834544972871914,1555.2315896049831,2,1.4566717745493412,0,A,False,False,False,True,False,False
97.84863559226747,16,0,17.882419363021864,2328.643777631032,7,0.5579066738396811,0,A,False,False,False,False,False,True
5.263277300256781,22,1,30.22803062498511,2676.8209481412828,2,0.588650463929857,1,A,False,False,False,False,True,False
4.662589829937925,17,0,4.140469891123166,214.55479461331637,4,1.9852284914491491,0,A,False,False,False,False,False,True
132.5575106159797,21,0,3.1816628200266526,1816.6420047494478,4,0.8851172666123677,0,A,False,False,False,False,False,True
100.32594410377003,23,0,16.64384951060085,1269.0123644732662,4,1.3758435629571149,0,A,False,True,False,False,False,False
50.964308883140674,20,0,14.54547238303559,1257.7586262898042,3,0.7921030743313928,0,A,False,True,False,False,False,False
10.231403798908238,18,1,8.892805566405299,993.1774863365379,3,0.6219667590391553,0,A,True,False,False,False,False,False
23.347895958031465,7,0,1.5115765651724218,706.0493183567249,2,1.563073178323554,0,A,True,False,False,False,False,False
39.83332616623143,23,0,1.444119282093073,1672.8859016206484,3,1.0894443542366077,0,A,False,True,False,False,False,False
8.044006160102853,19,0,22.531760543771323,500.5416601597512,4,1.1127837322656817,0,A,False,False,True,False,False,False
22.492133151733302,7,0,9.015881432143175,2649.9195101224586,2,0.7425113189026694,0,A,False,False,True,False,False,False
119.4378802670942,20,0,29.2754474461676,736.4711664862921,6,0.9214573429353418,0,A,False,False,False,False,True,False
302.7073318216303,10,0,12.825594061381105,214.21159933639692,6,0.7417166239846563,1,A,False,True,False,False,False,False
33.005634747339116,20,0,14.464032698120034,1200.01185559504,2,1.4620128465404598,0,A,False,False,False,True,False,False
135.33944434588543,2,0,40.81576462115015,427.5514942170785,6,1.0158576902260916,0,A,True,False,False,False,False,False
5.491096241591097,22,0,2.6979547914559796,420.49800502905265,1,1.3652545577637238,1,A,False,True,False,False,False,False
120.46285996163272,13,0,11.746873614731948,1895.1204360655593,4,0.8530442574917854,0,A,False,False,True,False,False,False
20.806426437453155,8,0,0.8984572342936076,2316.376840426202,2,2.4491857207876184,0,A,False,True,False,False,False,False
78.94999994851774,0,0,6.669133483742264,1005.0411517545748,6,0.967835042221956,0,A,False,False,True,False,False,False
40.55654195434193,0,1,2.404265533972421,219.1477004296245,1,1.194022764638756,0,A,False,True,False,False,False,False
266.2662669652999,11,0,3.1207941349830075,1677.626620028726,3,1.3371878336436889,0,A,False,False,False,True,False,False
19.11889708254383,10,1,40.95322248992311,849.2568079215567,2,0.6584333886584067,0,A,False,False,False,False,True,False
115.94634686410886,20,0,14.150402180163649,3303.077088568564,3,0.8410001074836267,0,A,False,False,False,True,False,False
39.04016718912943,0,0,33.406339815639896,5290.69948613187,3,1.3284613392394427,1,A,False,False,True,False,False,False
45.151948107648955,19,0,8.7918656875238,329.17300829920936,0,0.46353538256545324,0,A,True,False,False,False,False,False
43.788679637361426,11,0,13.656245795029493,7927.29487302285,3,1.239587295391488,0,A,True,False,False,False,False,False
19.79030704408525,16,0,0.48931249552889966,315.25970839041696,4,0.4954168994506169,0,A,False,False,False,False,False,True
53.682187410549396,14,0,9.509092932084467,712.8768806876957,1,0.4745170879139039,0,A,False,False,False,True,False,False
50.644069371986376,1,0,12.453645432229642,2492.483750620033,6,0.5768461998417899,0,A,False,True,False,False,False,False
72.92914096929397,17,0,0.25380081682497047,615.6508031514356,1,1.2637785135850472,0,A,False,False,False,False,True,False
60.4251962753349,15,0,23.373273160000675,572.1112263467138,3,3.7601638620300966,0,A,False,True,False,False,False,False
142.25105073752323,3,0,5.252364508887363,280.0146588591058,1,0.5293918661751119,1,A,False,True,False,False,False,False
165.3741262967004,7,0,9.035538152888135,376.7104825441602,4,1.0341659211433831,0,A,False,False,False,True,False,False
15.475405376586215,1,0,11.506113676793898,571.6506557987069,4,1.63673708669232,1,A,False,False,False,False,True,False
154.86085448117623,13,0,72.79899942514044,2037.5853873151386,2,1.2922364853905877,0,A,False,False,False,False,False,True
13.14966505856957,14,1,1.5668163421624843,4199.882873167467,2,0.7120418788997924,1,A,False,True,False,False,False,False
110.54548506015415,8,1,12.154641359292699,597.7258652094376,4,1.4098798609917693,1,A,False,False,False,False,True,False
114.85684670065476,1,0,11.344312859664026,795.8271624270936,3,0.7732030332532684,1,A,False,False,False,False,False,True
5.509201696525102,16,0,1.0709851380766293,495.1709936486692,2,0.9330089617843307,0,A,False,True,False,False,False,False
61.042790132525276,9,0,15.074303174902898,322.9254218609604,3,0.6409240360929055,0,A,False,False,False,False,True,False
31.1185674131143,8,0,5.0710457905340105,323.6227582514206,4,1.7167005208030446,0,A,False,False,False,True,False,False
21.965689998476435,1,0,1.643338997986066,395.2801996137016,2,1.1586795760341875,1,A,True,False,False,False,False,False
276.1717063788129,23,1,2.951941903106582,1053.5607853420413,3,0.8642982036870825,1,A,True,False,False,False,False,False
24.91786537734091,18,0,26.02529196694303,663.316583861976,1,1.1791416978214646,0,A,False,True,False,False,False,False
20.745880255443996,16,0,1.649311792413864,810.9472496559675,5,1.0467947237419848,1,A,False,True,False,False,False,False
59.789731251328135,10,0,9.436464478508135,1506.3525378564098,4,1.1667062408101836,0,A,False,False,False,False,True,False
124.30120534809438,16,0,3.2587851015053957,1018.4010131132677,4,1.4713825074160138,0,A,True,False,False,False,False,False
46.063537654176336,9,0,2.6567842254557497,431.9631259131397,4,1.1707375504161175,0,A,False,True,False,False,False,False
221.32775447448833,17,0,3.4546329031179566,2358.5957815304228,2,0.663725027518789,0,A,False,False,False,False,False,True
103.25181334567628,22,0,10.18224344959946,217.6593061181197,0,0.41945590242573105,0,A,False,True,False,False,False,False
3.9994082645827396,5,0,4.072966488800579,590.4300549506523,3,1.4625120663516553,0,A,True,False,False,False,False,False
28.923072812044552,15,1,1.526055498641391,4349.158391094326,3,0.7552072210068352,0,A,False,False,True,False,False,False
27.820954083303434,17,1,24.24700356381906,1440.0031718103019,1,1.7481194156265163,0,A,True,False,False,False,False,False
97.05066329051948,19,0,11.642109163132073,260.19092618908155,2,0.47943896803330727,0,A,False,False,False,False,False,True
2.3401605364831832,17,0,2.559220990332735,309.0018372818147,2,0.6297283255255168,0,A,False,False,False,False,True,False
1163.0622197715463,0,0,9.563696186087796,835.5221264297949,4,0.9402379157608717,1,A,False,False,False,False,False,True
103.25806228455036,2,0,1.0621723247710546,743.0071224460482,2,1.0558477747524158,0,A,False,False,True,False,False,False
65.27781015681265,14,1,13.027868649442711,1933.828427515334,1,1.6075499521193974,1,A,False,False,True,False,False,False
225.40104993757657,19,0,6.239660977829622,2709.716187243615,1,1.687813389666024,0,A,False,True,False,False,False,False
909.0361509195247,9,0,1.6393321468477935,725.9693169109497,3,0.9752244461651505,0,A,False,True,False,False,False,False
155.22815051817395,20,0,3.043568411155835,1008.0009219747342,2,1.4574008057002816,0,A,True,False,False,False,False,False
170.4727936175925,4,0,6.362901766140846,480.0771189558012,7,0.3981683304242831,0,A,False,False,False,True,False,False
63.86861159521959,14,1,24.629994126848647,966.550250467782,1,0.8471400290525383,1,A,False,False,False,False,False,True
46.07032788190208,22,0,2.862971728731516,482.9791768836034,6,1.497225133239254,0,A,True,False,False,False,False,False
30.847184043124646,13,0,1.7423491227942987,1118.2310297436754,5,1.0362889618754456,1,A,False,False,False,True,False,False
20.260346674297953,14,0,10.883165407594817,664.3551621981446,4,2.0711586790050838,0,A,True,False,False,False,False,False
23.94077519527521,9,0,12.270352245178332,1808.9645467228772,4,0.6256977439756574,0,A,False,False,True,False,False,False
10.797696699154855,23,0,1.4186384833306633,2539.0010023660084,0,1.5627408682764996,0,A,False,True,False,False,False,False
49.846797876939576,8,1,5.021279819818852,3087.6061548621205,2,0.7837583213028589,0,A,False,True,False,False,False,False
7.23115596086984,11,0,4.572709085738771,1128.7545641258425,1,1.2805664904485723,0,A,True,False,False,False,False,False
68.65540274505564,6,1,3.09100796311352,1782.3785296397493,3,0.6481993749954211,1,A,False,True,False,False,False,False
52.268990029182824,4,1,5.689026711884907,735.3264310192968,2,1.0750503447303932,0,A,False,False,False,False,True,False
65.1259025078844,23,0,0.5672183138713148,559.6582926634759,5,1.5485777333495314,0,A,True,False,False,False,False,False
29.178791181717465,9,0,15.81389862309548,367.24912695421875,3,1.474125339741204,0,A,False,False,True,False,False,False
2191.2609737661937,7,1,66.9643656715166,1460.983227695323,3,1.062280870236033,1,A,True,False,False,False,False,False
279.2588362428766,21,0,15.07874600573928,212.63228665437913,5,1.5070514632963627,1,A,True,False,False,False,False,False
12.262538933583318,19,0,6.719557090136111,2204.7349362862074,2,1.3795817955656342,0,A,False,True,False,False,False,False
72.20011978087389,15,0,16.53525253927346,823.0012531927284,7,0.8608238425338378,0,A,False,False,True,False,False,False
26.321671952618605,11,0,12.712525453231928,867.7084515789298,3,1.0988497112285678,0,A,True,False,False,False,False,False
16.161378100465594,8,0,28.13604682276976,1880.31547223788,2,1.554761244514283,0,A,False,True,False,False,False,False
10.934397066436926,9,0,14.587939337375511,252.8932357972731,3,2.5377728201821443,0,A,False,False,False,False,False,True
91.71262334156376,15,0,15.079958797927787,918.1831796407287,1,1.3185672587589095,0,A,False,False,True,False,False,False
24.103178455398286,9,0,3.7589581998092787,3876.7220065888982,0,0.5621934191777742,0,A,False,False,False,True,False,False
174.4069268443328,8,0,8.058243143986326,873.8384969304886,3,1.2226324133192332,0,A,False,False,False,False,True,False
179.92474091586186,2,0,6.333433941702069,380.50400741221443,4,2.5150304295109036,0,A,False,False,False,True,False,False
283.92134973489647,18,0,0.1723643442764908,831.1080600340273,1,0.7230898739149813,0,A,False,False,True,False,False,False
19.631509063659667,10,0,5.63744551672509,3124.8071402860737,2,0.5196579020737115,0,A,True,False,False,False,False,False
96.5864761364627,5,0,9.98479327909807,594.613360588109,3,1.2883357037835532,0,A,False,True,False,False,False,False
116.62283088885127,5,0,13.738685797215048,319.91949760952366,6,1.0306794266778507,0,A,False,False,True,False,False,False
30.907108001930766,14,0,40.90137468404589,754.8278226334554,5,1.0445527289894052,0,A,False,False,False,False,True,False
21.625510319488193,14,0,4.099071284548255,356.4541867409347,2,0.9052088294762766,0,A,False,False,True,False,False,False
376.6908403619981,12,1,2.4807098540223285,180.36632412493663,1,0.7590915100300242,0,A,False,True,False,False,False,False
71.73616766363529,21,0,30.539489438152668,2004.073836751004,4,0.7009434420876454,0,A,False,False,False,True,False,False
117.11557887853158,4,0,42.67029460536277,2536.241930609639,4,1.1565304065469968,1,A,False,False,False,False,False,True
20.358709097293847,13,0,10.040119495421541,1533.3462613622823,3,1.4303968387392694,0,A,False,False,False,True,False,False
12.639902058766308,20,1,1.8361854884412203,2241.2438041608502,1,0.8376557147872417,1,A,False,True,False,False,False,False
27.568126560123606,1,0,9.965139628233642,792.2753829447845,6,1.9257833328456253,0,A,False,True,False,False,False,False
47.04828125257781,22,0,1.7386280492872228,3233.7688591547744,4,1.021471796710882,1,A,False,False,False,False,True,False
15.224957038509151,11,0,32.20753119271851,663.3586440743504,2,1.4673752092354935,0,A,False,False,True,False,False,False
53.95693506623559,19,0,18.472734986870545,1097.085658625477,1,0.8084314085241565,0,A,False,False,True,False,False,False
7.19793208475,13,0,4.139010628125365,558.3943311878471,6,1.0772437589041328,0,A,False,False,False,True,False,False
14.238407872636978,18,0,32.664509585537786,357.20456900119325,2,1.192556687280259,0,A,False,False,False,False,False,True
122.13090947487261,23,1,15.237594559232997,659.3907921673969,2,0.9489049487961775,1,A,False,False,False,False,False,True
112.67962605235547,19,0,45.94839512097789,6524.852376825155,4,0.5587722838292287,0,A,False,False,False,False,True,False
34.115365416877594,14,1,59.04461944367535,3739.4183944533643,3,1.88846618983595,1,A,False,True,False,False,False,False
16.09780341944485,19,0,0.049307791752966054,2038.7596750625887,2,0.9339428726084309,0,A,False,False,False,False,True,False
15.91267144673784,23,0,1.921152307360008,778.3359839273112,4,0.3657814513733695,0,A,False,False,True,False,False,False
34.885738435328086,16,1,11.875375695349698,764.3322903349208,6,0.7892549940001128,1,A,True,False,False,False,False,False
118.32347529541325,13,0,46.80341191347945,4318.3953876226515,2,2.2169205645201724,0,A,True,False,False,False,False,False
166.31687089550556,22,0,77.33570202067068,1116.3845944538232,4,1.8270780912992446,0,A,True,False,False,False,False,False
30.089068030233797,17,0,12.569401633691806,2064.247267328419,2,1.1475776248328806,0,A,False,True,False,False,False,False
13.678278844497406,21,1,2.8638030927280402,704.1728379189658,6,1.5274327314584706,1,A,False,False,False,False,True,False
75.29489713963228,23,0,2.669864570103011,864.4963773284502,4,2.0285094535261097,1,A,False,False,False,True,False,False
20.323097258810915,4,0,21.64981403495764,2047.829192283407,3,1.058667555718237,1,A,False,False,True,False,False,False
29.31492679908175,21,0,13.445030519608896,608.9142336058849,2,1.6996479222395482,0,A,True,False,False,False,False,False
267.8243375024242,11,1,11.936800985421213,1448.9810646267172,7,0.6721144852945599,0,A,False,False,False,False,False,True
147.3098975388707,9,1,9.403789775270045,626.2445034196447,5,0.5869542810280962,0,A,False,False,False,False,True,False
65.99435279818228,7,0,19.37210778586493,1649.3651350428295,1,1.008677527070599,0,A,False,False,True,False,False,False
11.866237688188923,5,0,29.284647547272996,611.3906995705406,6,1.4475516000517104,0,A,False,False,True,False,False,False
70.36358571403984,14,1,5.413645924101551,4456.202284172666,2,1.8775180840010852,0,A,False,False,False,False,False,True
195.4273597395874,11,0,3.7445801497372746,1041.6968585019765,6,0.952077785614348,1,A,False,False,False,False,False,True
34.78685554072302,5,0,16.638995115141697,2037.732561116043,5,0.6615447691839639,1,A,False,False,False,False,False,True
276.2584686155691,11,0,36.92941521937721,1078.6561897344498,3,2.9467713598470056,0,A,True,False,False,False,False,False
257.57072624563483,14,0,6.419283282424785,734.2897635771703,4,0.9093039336497558,0,A,True,False,False,False,False,False
402.010978751079,11,0,4.771051591214639,1736.1811246557966,4,0.605171909876059,0,A,False,False,False,False,True,False
78.75106109503429,8,0,3.844972761601043,2760.152439391134,3,1.3359826229617209,0,A,False,False,False,False,False,True
110.48392549773673,18,0,4.405319229046002,344.2324397164942,3,5.405015342529574,0,A,False,False,False,True,False,False
297.97951603263454,20,1,2.174230722866299,1217.8329934193887,2,1.047740157087666,0,A,False,False,True,False,False,False
93.39826083795303,1,0,13.624028470434787,1005.7892769699623,3,1.0394984404901395,1,A,False,False,False,False,False,True
29.919758173937687,12,0,4.9447806484468,1297.0099295596924,3,1.4591142728881858,0,A,False,False,True,False,False,False
31.8726602278085,12,1,14.315511599420862,3239.1890019023854,0,1.597703587974996,1,A,False,True,False,False,False,False
72.69451571807099,7,0,1.3002462734563036,2107.0036795455217,1,0.5562021269305419,0,A,False,True,False,False,False,False
11.603726466835983,12,0,1.8402587476626409,2766.4480078758074,6,2.106932446014248,1,A,False,False,False,False,False,True
45.974610642710765,3,0,11.522649786286369,1353.544972768369,3,0.9421195788691712,0,A,False,False,True,False,False,False
203.53877797241066,5,0,10.747187331204694,775.1867068876438,3,1.033856160435641,0,A,False,True,False,False,False,False
3.937300666942242,5,0,4.751719195649727,157.61643472921148,1,0.5681576121873012,0,A,False,False,False,False,False,True
344.2535748980589,20,0,26.328305076353452,3402.47412983766,2,0.850129063382086,0,A,False,False,True,False,False,False
209.9457286765375,11,0,3.1062327672657966,148.39737400071755,0,2.038736059350064,0,A,False,False,False,False,False,True
31.446335592098468,11,0,6.709809646254389,3905.1661938726743,2,1.7741108054090309,0,A,True,False,False,False,False,False
104.80159523154819,16,0,12.16247339618915,1983.745798192942,4,1.2579061240096274,0,A,False,False,True,False,False,False
54.80477210045275,6,0,30.284919730696505,5296.717615385106,2,0.2906641509486423,0,A,False,True,False,False,False,False
238.88647572696644,14,0,8.133479585605453,1356.372623570048,5,0.6985181751780156,1,A,False,False,False,False,False,True
177.54423183772815,23,0,7.627448956852854,1636.377227374765,3,1.2434397416191896,1,A,False,True,False,False,False,False
10.174810755426257,16,0,12.995997178944794,945.5733292888941,2,0.8069826385126408,0,A,False,False,False,False,False,True
110.46678595224546,9,0,5.712218517179038,1165.1826779266694,7,1.388250071080074,0,A,False,False,False,False,True,False
42.65935424275932,22,0,18.52541341195771,614.1338161757302,0,1.4904040178670475,0,A,False,True,False,False,False,False
60.30403908285058,19,0,4.28917254814442,998.3096444767289,3,2.01994152998889,0,A,False,True,False,False,False,False
22.787080231487764,5,0,25.990702309410494,557.1268953822052,1,0.40591231724406185,0,A,False,False,False,True,False,False
444.8621606989055,8,0,4.769097093885752,1137.9448642205018,4,0.8317198266050134,0,A,True,False,False,False,False,False
190.1996260237642,14,0,73.8006024207403,1074.361662344004,2,0.6812095756854077,0,A,False,True,False,False,False,False
22.472101426039014,15,0,5.707105831468621,1079.075214938312,0,0.754119179281514,0,A,False,False,True,False,False,False
11.006293787851146,20,0,31.657933411169907,1020.209214749859,4,0.9609237918960576,0,A,False,False,False,False,False,True
34.370300806347856,7,0,7.596428428058642,668.8422790379129,4,1.1303562412342538,0,A,False,False,False,False,True,False
91.96454987167783,15,1,4.2365347261277435,1715.8056976818139,3,1.3885368820431117,1,A,False,False,True,False,False,False
72.83867125581186,4,0,3.845915183192335,1410.8227342502082,3,0.679626583884728,0,A,False,False,True,False,False,False
245.61355588514547,17,0,28.475940164903207,1367.8804154479983,4,0.8513755842898024,0,A,False,False,True,False,False,False
140.87932411982902,19,1,5.538870694773271,516.2414474210152,3,1.0650393626643768,1,A,False,False,True,False,False,False
174.7720984978729,13,0,6.2001082740552205,1879.3226820378707,1,1.035950514719119,0,A,False,False,False,False,True,False
80.82016334402824,1,1,3.2908787595088276,595.2408307707327,4,0.752190151340729,0,A,False,False,False,True,False,False
10.307188080679063,22,0,48.78831891033795,721.8283297715024,3,0.7347394088700757,0,A,True,False,False,False,False,False
43.17068869893527,22,0,4.210476535608932,1180.1495279363871,2,0.9076055494508932,0,A,False,True,False,False,False,False
194.8261627503926,2,0,4.264190403366903,2752.113437559792,4,0.47754481544607774,0,A,False,False,True,False,False,False
51.32471888683791,13,0,43.208727904386606,417.27295073197297,4,0.5225052264920623,0,A,False,True,False,False,False,False
99.85393241872785,6,0,34.674214255176906,497.240002329171,4,0.9123632994171181,0,A,False,True,False,False,False,False
37.24441578235755,14,0,4.293464550752997,228.0771593738085,3,1.0380266606887016,0,A,False,False,True,False,False,False
15.866750905887892,16,1,30.006746183068394,1644.134203850064,5,1.7973172339860986,0,A,False,False,False,True,False,False
47.08653707642782,0,0,4.311695765148418,837.2975170925885,4,0.44852719357689097,1,A,False,True,False,False,False,False
79.11139571886314,8,0,1.3236865939179732,1539.9879197477708,1,1.2458879812054382,0,A,False,False,False,False,False,True
24.85787830355773,21,0,25.75211905336332,1437.4024979535773,2,2.021938197334544,0,A,False,True,False,False,False,False
41.146814251186456,13,0,22.147104315344333,2059.9275882464126,5,1.1530112528432563,0,A,True,False,False,False,False,False
17.68371411662739,15,0,5.236281296887477,1097.8964806415959,3,0.7129594236329869,0,A,False,False,True,False,False,False
209.1588269831803,20,0,1.4169513305963974,621.7625752868926,3,0.8431024612177614,0,A,False,False,False,False,True,False
38.34611009145346,12,0,3.468370826834184,1320.295429442849,2,2.4804138599201724,0,A,False,True,False,False,False,False
312.09469586646185,5,0,22.114205107080025,1527.8929122019833,1,1.754273390511973,0,A,False,False,False,True,False,False
341.89286257141185,21,0,50.1784164629417,829.9108513650963,4,0.7249593882692673,0,A,False,False,False,False,False,True
49.53823731258917,0,0,4.49636174450913,1179.2889692506562,4,0.6833622563343908,1,A,False,False,False,False,False,True
16.27876537762108,20,1,25.577573813923443,373.90172500080166,4,1.2247194975638154,1,A,False,False,False,False,True,False
4.46791808226323,3,0,3.8802525199986637,396.2345332830938,2,1.2553280753282696,0,A,True,False,False,False,False,False
9.332990720988931,2,0,17.072794300701165,290.5128082374991,3,2.0267785155042044,1,A,False,False,False,False,True,False
10.500241008826293,16,0,1.3097553941319144,1381.3913841110204,1,0.9018293872347132,0,A,True,False,False,False,False,False
285.47759594048864,1,0,13.202840986237913,1982.2183765345035,3,0.47288288582689075,1,A,False,True,False,False,False,False
62.7393915447715,18,0,4.704024330816166,350.5617951010857,5,0.8719989854785057,1,A,False,False,True,False,False,False
87.14081983624234,19,0,39.024158636955875,1247.4925407192654,1,0.7861246362795008,0,A,False,False,False,True,False,False
3.8018766088968743,22,0,5.132092644140187,1568.2707490176754,2,0.2577725454852972,0,A,False,False,False,False,False,True
12.967422943400113,21,0,7.62345229529962,796.7620595825367,3,0.8714485761275024,0,A,False,False,False,False,True,False
158.30059597665172,7,0,27.5525241253449,3949.08482921423,3,1.615042527639954,0,A,False,False,False,True,False,False
77.02491453128746,14,0,8.651131942907599,341.82176389577023,3,1.4538539897639657,0,A,True,False,False,False,False,False
45.75740632832998,5,0,4.08524823824961,810.7443079447829,0,0.850103486424713,0,A,False,False,True,False,False,False
107.5344036498799,22,0,11.895982010504682,106.72008332984457,1,0.8081017865502085,0,A,False,False,False,False,False,True
388.75812646421855,19,0,27.48789657111956,1445.9209589302661,4,0.7710063804647482,0,A,False,False,False,False,False,True
41.877514820442954,1,0,8.51563909518685,610.6108172795426,4,0.7629036275807028,0,A,True,False,False,False,False,False
59.33763524884459,14,0,2.138815404569525,225.75060351944813,2,1.4959808024061134,0,A,False,False,True,False,False,False
68.79398422165389,19,0,7.24540693562996,1763.76838732864,2,1.9690063448503587,0,A,False,False,False,False,False,True
963.4605690629271,11,0,46.34244865370193,967.3011751479314,3,1.4576013346585224,0,A,False,False,True,False,False,False
4.396340466484612,2,0,1.1212026641291821,857.8408561064086,7,0.6956513122514476,0,A,False,False,False,False,False,True
123.94868108795976,9,0,7.87501361195699,2702.549068126111,4,0.6649328715823329,0,A,False,True,False,False,False,False
47.57166455312955,13,0,15.66308861544451,586.9951151766991,2,2.076515929300523,0,A,True,False,False,False,False,False
107.78366015407742,21,0,1.2265760747304084,1835.6649734899365,1,1.0415880358604925,0,A,False,False,True,False,False,False
24.807671380726752,13,0,6.345713979712584,2062.017309388768,2,0.6928143222103667,0,A,False,False,False,True,False,False
51.48250097160316,2,0,42.34645060822953,699.2433536503055,4,1.0472042875773517,1,A,False,True,False,False,False,False
128.21296819765476,0,0,0.4667216266808185,1104.0875435518187,2,0.5120601432998496,0,A,False,False,False,True,False,False
2288.134741434022,19,0,20.89929398458423,4200.650080070487,4,0.5546121483547869,0,A,True,False,False,False,False,False
143.9755404672911,0,0,27.618182091944256,488.9043775554449,1,0.7363478547624406,0,A,False,False,False,False,False,True
19.73357070982076,1,0,4.866450768700878,1709.4801790710787,6,1.5645216973002172,1,A,False,False,False,True,False,False
