amount,hour_of_day,is_international,distance_from_home,avg_monthly_spend,num_txns_last_24h,ratio_to_avg_amount,is_fraud,bank_id,cat_entertainment,cat_food,cat_gas,cat_online,cat_retail,cat_travel
121.60760062328865,3,0,0.6203688214271256,465.12399812547943,0,0.700406296685104,0,B,False,False,False,False,True,False
31.78774416005767,4,1,0.06976676423714069,1406.8648335009018,2,0.7159278593719793,0,B,False,False,False,False,True,False
22.202594402812572,21,0,30.356531394239564,3367.3650584615443,1,0.6321117084206,0,B,False,False,False,False,True,False
25.253663048343892,3,1,4.549686098350709,556.90147229536,3,1.3578936884479516,0,B,False,False,False,True,False,False
37.48856414678138,7,0,4.058716874295071,342.76767562574446,3,1.0995862988417728,1,B,False,False,True,False,False,False
65.78369337529607,3,0,11.970598920131279,1769.508176969638,6,1.7373175912999201,0,B,False,True,False,False,False,False
51.17102497156083,10,1,2.783952278317569,882.6664156019916,3,0.30074429988197465,1,B,False,False,True,False,False,False
27.756146524102157,12,0,5.1092630214529935,586.7763441979392,1,1.223021775551697,0,B,False,False,False,True,False,False
54.35053953771513,14,0,10.88796862001398,869.160062564476,3,0.7375535322276916,0,B,False,True,False,False,False,False
28.85644719716185,15,0,60.159916966712274,2001.9622059977871,1,0.7886458045846934,0,B,False,True,False,False,False,False
12.764767263214308,9,0,2.4941738532167546,2656.828741543762,2,0.8676242775915015,0,B,True,False,False,False,False,False
121.39166211075172,19,0,0.6427482753383164,618.4815870284086,3,3.256148699995532,1,B,False,False,True,False,False,False
51.07604755895889,9,0,18.46695200704726,1836.9885247495108,1,0.693154991394064,0,B,False,False,False,False,True,False
59.664928945892036,0,0,14.365159433247888,798.6298946735386,2,1.3381042607882927,0,B,False,False,False,False,True,False
73.42706103215998,5,0,5.6377391717921315,954.0257494587097,4,2.4328971308823593,0,B,True,False,False,False,False,False
45.22741304622768,11,0,4.915010501925437,866.0880688752013,2,0.5487118460426783,0,B,False,False,False,False,False,True
77.99307153329082,0,0,30.35797978281143,626.8944737884232,6,0.9744790009095979,0,B,False,False,False,False,False,True
564.2726840177606,4,0,5.814113319732241,3662.450551920028,3,0.518622442789303,1,B,False,False,True,False,False,False
213.65180773785482,17,1,13.483622004723056,275.843970980333,5,0.6816888891727464,0,B,True,False,False,False,False,False
23.07635813501648,23,0,8.31024344482678,1499.9863426128516,2,1.258757819822352,0,B,False,True,False,False,False,False
6.610247147956358,14,0,11.243273553377287,2975.950246887089,6,0.9754875818785819,0,B,False,False,False,True,False,False
177.67334260493513,3,0,32.85970097380758,298.5781320615206,4,0.4354872456079083,0,B,False,False,False,True,False,False
97.37760496395556,2,0,8.904260423697442,1327.435959128444,1,1.3231829493269471,1,B,False,False,False,False,False,True
103.57000232818375,3,0,26.182523010428614,1264.5856269986268,4,2.4528641727526272,1,B,False,False,False,False,False,True
27.585958454265825,9,0,13.826927677755991,3170.440264361197,3,1.3271967177232662,0,B,False,False,False,True,False,False
26.2415773192037,19,0,6.7771071329651305,347.4974548559562,2,0.7772568699028869,0,B,True,False,False,False,False,False
65.87060718345506,11,0,0.3776096046056164,6155.1228471717595,3,0.6063160901340661,0,B,False,False,False,False,True,False
83.12994294832748,8,0,16.51387955460368,1072.2895798744626,4,1.0272797725452134,1,B,False,False,True,False,False,False
636.798459408301,21,0,17.887603790532204,3509.838984090643,1,0.5890832869760951,0,B,False,False,False,False,False,True
145.2197607041517,3,0,74.32624758541985,3565.872813358343,3,1.856815879147806,1,B,False,False,False,False,False,True
74.04755761136697,1,1,18.621833510487356,270.3258378831891,1,0.8955859852500876,0,B,False,False,False,True,False,False
1.9609411706755782,6,0,25.70028771552183,711.779045872803,0,0.44779182426253894,0,B,False,False,False,False,True,False
74.04006536226923,11,0,2.746480516179935,2820.7653326241857,3,0.7893098068792772,0,B,False,False,False,True,False,False
65.07512437697955,11,0,21.591498304220966,879.4254975613103,3,0.7404870924000432,0,B,False,False,False,False,False,True
14.161529731927184,20,1,6.507612494830748,2243.4111336087967,4,1.4949829788186455,0,B,True,False,False,False,False,False
114.52111777851349,17,0,58.67979597000911,803.3630570879395,3,1.2499484582380758,1,B,False,False,False,True,False,False
263.7959398383018,0,0,9.014920601780553,1285.778316389144,7,1.0713601563713777,0,B,False,False,True,False,False,False
559.469426981731,6,0,9.377801011447579,408.1722833584346,2,0.7222834676910314,0,B,False,False,False,False,False,True
64.05723022768903,18,0,10.323131928457984,979.375250157249,2,0.4259624276352508,1,B,False,False,False,False,False,True
28.63401265980403,23,0,5.517718906179918,508.68023193041375,1,1.987433453608171,1,B,False,False,False,False,False,True
239.7706584178248,12,0,7.161359783045301,1172.4171922608425,2,0.9991367791952471,0,B,False,False,False,False,False,True
21.695279113637547,19,0,7.471773658252465,1406.5690974165082,3,2.118458018189903,1,B,False,False,False,False,False,True
67.90318044842479,4,0,10.79143870190907,5737.86310558945,2,1.1953533057210162,0,B,False,True,False,False,False,False
13.422288260318012,18,0,2.284792163601052,1102.4723529715934,4,0.610142614609901,0,B,False,True,False,False,False,False
212.59124504946004,6,0,13.652530007354123,447.78610223478444,3,1.2881861019482326,0,B,False,False,False,True,False,False
26.85377709628407,19,0,11.615981381698592,1650.2144387507628,6,0.5127101192837391,0,B,True,False,False,False,False,False
158.82788455863954,14,1,60.475536849052524,370.78904573374274,1,0.4029238421782948,1,B,False,True,False,False,False,False
59.730224444843905,16,0,31.12403192314241,765.7206721138953,5,1.4513795252474129,1,B,False,False,False,False,False,True
109.53903635189666,20,0,9.312404803651003,1316.2617157914226,3,0.7277363781641928,0,B,False,False,False,False,False,True
38.575362113244125,1,0,17.963900760021605,392.0219852947752,4,1.9281218987637854,1,B,False,False,False,False,False,True
81.14100199850256,6,0,15.98989343069158,684.0749497304216,5,0.5840036524719826,0,B,False,True,False,False,False,False
171.23244957169055,10,0,4.015245340027198,686.4421895226507,2,2.2718819520862064,0,B,False,True,False,False,False,False
30.80600580371883,17,1,6.073661439536728,385.7344751774698,3,1.6794622634930558,0,B,True,False,False,False,False,False
86.58474336434583,19,0,0.5098944655648099,4235.55256172652,4,1.4136036340851708,0,B,False,False,False,False,True,False
245.97832544265273,1,1,1.509236012731214,742.0829735699324,3,0.9078084247340384,1,B,False,False,False,False,False,True
19.238656993531855,6,0,5.55830725162993,404.3334575024942,2,1.0932237298513892,0,B,True,False,False,False,False,False
24.806349851681883,14,0,22.5829628013968,4725.501221831538,2,1.635964675210501,0,B,True,False,False,False,False,False
23.287975258465462,18,0,18.866456289995607,3550.1686343548135,4,1.1713017142808475,0,B,False,False,False,False,True,False
41.88460137381076,1,0,49.96239718175669,1056.185547453218,4,1.5499544296731873,0,B,True,False,False,False,False,False
9.542461799878733,1,0,6.848350823711426,345.98215610697554,3,1.1599439494698218,0,B,False,False,False,False,True,False
61.81346578118753,1,0,6.298018946423449,3716.4986802346016,4,0.7787683538970718,0,B,True,False,False,False,False,False
450.5794687993588,10,0,1.629674479782875,855.4252967197775,4,2.3962914780047067,0,B,True,False,False,False,False,False
63.57488061068419,5,0,23.241151142705675,685.8832184696313,3,2.5379803274705215,0,B,False,False,False,False,True,False
669.0832025767899,23,0,2.712545654760152,647.6861441564163,1,1.861701951987322,0,B,True,False,False,False,False,False
8.555853168463509,22,1,45.98451648417894,1623.8784825737246,2,1.1225345013883388,1,B,False,False,False,False,False,True
13.01846356751426,13,0,5.692358451107871,615.4319217204751,0,0.9709997757858266,0,B,False,True,False,False,False,False
7.265949806350712,9,0,15.630525232908836,780.4784979541454,2,1.7030962539553014,1,B,False,False,False,False,False,True
2.434768752186702,0,0,8.979735832622913,345.90804134582214,3,0.9489173225228997,0,B,False,True,False,False,False,False
61.470993907407646,18,1,3.807098565716493,378.7220658760575,5,0.5460436916270917,0,B,True,False,False,False,False,False
14.055160387366914,10,0,9.132042722223439,2284.7306888537314,3,0.9087009600997211,1,B,False,False,False,False,False,True
3.998916620215221,23,0,5.916865993603019,966.3616324698869,4,1.5360470355474836,1,B,False,False,True,False,False,False
36.29951172292556,23,0,14.730634135715398,496.57793542931165,2,1.1314083745213823,0,B,False,False,True,False,False,False
56.36628531913575,12,0,12.017247496247919,788.5893841571045,3,0.996141707044619,0,B,False,False,False,False,False,True
80.68939753978833,11,0,1.294828683937754,799.5580364991513,6,0.6823374309022485,0,B,False,False,False,False,False,True
45.10515810770115,22,0,1.123154728677178,380.718317105143,0,0.5062914149275582,1,B,False,False,False,False,False,True
108.21546478639377,4,0,50.3892233230566,760.6237864722161,1,0.7903095465558607,1,B,False,False,True,False,False,False
17.721124274172524,18,1,5.382208713283791,887.1211495482146,2,1.1907939653690376,1,B,False,False,False,False,False,True
16.247123981801188,7,0,1.4236040783141888,213.86635092626923,1,0.7415610266049941,0,B,False,False,False,True,False,False
245.48140772837905,11,0,3.0104340525646047,931.1073930700032,4,1.0540252724884673,0,B,False,False,False,True,False,False
393.1294853150541,4,0,2.517099376534803,765.6655845425704,5,1.3401240040596776,0,B,False,False,False,True,False,False
10.970468991952636,11,0,3.5339582774988445,890.125225883859,2,1.4697987206132048,0,B,False,False,False,False,False,True
71.99885016871949,10,0,0.7201840490515994,1628.3420577839393,3,1.119879185496538,0,B,True,False,False,False,False,False
18.569780350985557,4,0,3.3039822567758845,1872.6645983824988,7,0.5002054297993035,0,B,False,False,False,False,True,False
16.28516034356358,7,0,42.542959189124836,504.2814911782174,2,1.1864436365905433,0,B,False,False,False,False,True,False
72.10082739711376,15,0,12.731142725426247,1742.6155520464347,1,0.9175065588163752,0,B,False,True,False,False,False,False
75.25749591032202,23,1,5.901471474489917,805.919051504844,2,0.3264791810006324,0,B,True,False,False,False,False,False
32.170581767727015,23,0,23.37513541136483,3670.976422719263,1,0.8575174826429403,0,B,False,False,False,True,False,False
35.11819026936739,19,0,33.928485977461726,1963.0229225735413,3,2.510552254065182,1,B,False,False,True,False,False,False
14.33993589703655,2,0,1.1003753414576645,1076.1536877569329,3,1.0647500162924899,0,B,False,False,False,True,False,False
209.64180345609296,5,0,6.3309887095589845,850.9980734483984,2,1.3359659003681466,0,B,False,False,False,True,False,False
49.41235080595483,4,0,25.606592116234,603.7975547427195,4,2.1293369325830214,0,B,False,True,False,False,False,False
17.952178986683403,9,0,14.0141731589244,748.2352764665868,1,1.1205622955956687,0,B,True,False,False,False,False,False
51.41297420103813,20,0,17.198893348663688,262.6849017145785,2,1.0196233939957897,0,B,False,False,False,True,False,False
37.15067317486686,11,1,12.299934596458153,1236.8867143593222,0,0.48289936879753703,0,B,False,False,False,False,True,False
21.168837859422336,20,0,1.2866311097396417,574.7053373718314,6,0.9802810899678185,1,B,False,False,True,False,False,False
18.963662573995975,14,0,28.536300139348473,1172.0342665959547,4,0.8482277687530023,0,B,False,False,False,False,True,False
16.545432116709996,2,0,4.084135908519718,498.5282655976416,4,1.2134695578778354,0,B,False,False,False,True,False,False
14.480427145694907,22,0,1.6341791044901024,1459.0893968089495,2,0.798749570252241,1,B,False,False,False,False,False,True
58.00270538126595,20,0,6.221429406450283,1668.923591146368,3,0.7436914530158493,1,B,False,False,True,False,False,False
36.106123792014984,19,0,20.516763161021444,1445.8272790409876,3,0.3216805765578607,1,B,False,False,True,False,False,False
634.9873814097117,3,0,31.798216070650366,1323.751148801588,5,1.5573412836662983,0,B,False,True,False,False,False,False
119.00464794402971,6,0,15.76886805341508,176.77409183039896,3,0.5896764989699278,0,B,False,True,False,False,False,False
75.27271354105734,0,0,6.649683841212086,1167.6456228563488,0,1.359793764714583,0,B,False,False,True,False,False,False
37.51147287168314,7,0,19.539192998418756,617.6037030717645,3,1.8161258934051088,1,B,False,False,True,False,False,False
37.26919241471536,16,0,21.819870331088108,982.3673831959809,4,0.6727115349250017,0,B,True,False,False,False,False,False
9.47378672955158,21,0,38.46609093345367,783.1514956098486,2,2.232189815156606,1,B,False,False,False,False,True,False
13.064251082543025,19,0,1.8940747410791523,564.5029667724941,3,1.051383624290033,0,B,False,False,False,True,False,False
14.769161931676596,10,0,2.2665687226752915,689.2943318351291,5,1.2196862270294035,0,B,False,False,True,False,False,False
7.892637943714,6,1,8.601185943029721,1407.0472684699832,4,0.8180054670241033,0,B,True,False,False,False,False,False
49.393165889508225,10,0,6.244381500300237,2567.275477459883,6,0.7612694410537266,1,B,False,False,False,False,False,True
7.823036824601781,10,0,22.192402779392943,1022.5017565075243,4,0.41233346918933833,0,B,False,False,False,True,False,False
78.66107524482487,21,0,13.312756575008573,5560.879714082208,3,2.633806577096112,1,B,False,False,True,False,False,False
43.96749331922675,20,0,1.5141098971247486,621.9955963799118,5,0.33775152583003404,0,B,True,False,False,False,False,False
362.232885581405,20,1,11.47209643902541,3230.73459667599,2,0.46118687065270236,0,B,False,True,False,False,False,False
75.70362727087092,14,0,5.043852051166846,568.1819060592155,3,0.9223876624256548,0,B,False,True,False,False,False,False
14.120437679809562,5,0,7.846120616188119,999.7506022688073,1,0.9401969735236687,0,B,False,True,False,False,False,False
10.718381246224615,22,0,1.27418142949353,633.4721781496625,2,0.4390666695645373,0,B,False,False,False,False,False,True
328.93650247821734,18,1,0.5348932774559847,853.3090366431409,2,0.789715171726576,0,B,False,False,False,False,True,False
18.654103222897238,12,0,50.39497791629906,1950.8247004466375,5,0.7209601138082166,1,B,False,False,False,True,False,False
24.462332152418366,15,0,20.305680212852145,1070.5146821660771,3,0.8530624353891191,0,B,False,False,False,False,True,False
34.318536929850346,11,0,15.884645751296304,885.8929750732578,1,1.5936546795672586,0,B,False,False,False,False,True,False
51.447018341886526,18,0,16.920718260901637,3157.963365664197,3,2.042201704890641,0,B,False,False,False,False,True,False
330.6397511901429,22,0,15.22716713117094,475.52468742428505,3,2.292737037321832,0,B,False,True,False,False,False,False
66.31604537563832,18,1,7.15303891148422,413.1234955353028,5,1.326306571672525,0,B,False,False,False,True,False,False
59.36111079675371,6,1,10.331240225870472,301.3270323488514,3,0.4760389638274459,0,B,False,True,False,False,False,False
49.28388454591492,17,0,38.90783644802612,955.8978803233625,3,1.282605159095116,0,B,False,False,False,False,True,False
58.94862021764475,23,1,6.950427880329301,1011.3865509136883,3,1.2489056666296845,0,B,True,False,False,False,False,False
144.18833887906348,13,0,3.182789602893159,201.0513193688174,5,1.2235608881784337,0,B,True,False,False,False,False,False
29.32053868795072,13,0,0.8350793623711175,400.35140879169796,3,1.514751717927714,1,B,False,False,True,False,False,False
29.84191378341488,21,0,4.526074423006731,804.3926154390421,3,0.701308259995917,1,B,False,False,False,False,False,True
175.38521667478932,15,0,2.1080924724681007,2430.225821047005,1,0.5244115494372855,0,B,True,False,False,False,False,False
27.927818142576296,17,0,15.788116121543741,5126.429193222506,5,0.5524023855041044,0,B,True,False,False,False,False,False
24.932270041991533,8,0,4.048775891383717,2525.874853815719,0,0.7102141397709477,0,B,True,False,False,False,False,False
238.3626138147967,20,0,6.058057876965788,7847.4985712650805,4,0.8496842707871416,1,B,False,False,False,False,False,True
37.897967558658046,3,0,1.50898787741468,624.2774244052571,5,1.1685503031289268,0,B,True,False,False,False,False,False
47.463189304414136,6,0,8.57812235785422,1604.2595934240933,2,0.7262909064580284,0,B,False,False,False,False,True,False
35.98681993084558,10,1,46.460800499127906,1754.7008176817953,1,1.992720262683484,0,B,False,True,False,False,False,False
28.697097960295164,5,0,8.669107104124862,540.7787405832304,2,1.0147090515481767,0,B,False,False,False,True,False,False
37.675676004346165,19,0,20.865677222305386,1509.5622467806722,2,0.7280301138119335,0,B,False,True,False,False,False,False
39.04766498323715,11,0,12.660296515646728,652.9832830970876,4,1.777556865349847,0,B,False,False,False,True,False,False
159.01138474390413,11,1,5.733522989650419,610.4748010705156,4,0.8156133327396708,1,B,False,False,True,False,False,False
18.665388797427426,11,1,42.557882092756714,450.2397383896752,3,0.7141045937544543,0,B,False,False,False,True,False,False
569.2815206757472,13,0,10.95335163059812,889.8439754227398,3,2.006069390257715,0,B,False,False,False,True,False,False
24.577270795172964,9,0,22.178803887987193,1711.1651539696297,4,1.1129353638037458,1,B,False,False,True,False,False,False
154.92187364553405,1,1,1.9597524659403796,435.2857188567324,2,2.919862682508968,1,B,False,False,False,False,False,True
9.850320110067933,19,0,3.855286072196509,766.9852710893065,4,0.5395697574025861,0,B,False,False,False,True,False,False
24.537932532734388,11,0,9.050773758571372,709.1948877517187,3,0.483981865239439,1,B,False,False,True,False,False,False
41.877345231356244,16,0,22.01229402310867,1200.0051681188531,6,1.1460665281927969,0,B,False,False,False,True,False,False
19.273436625243374,7,0,25.376449606857847,719.3925962980338,2,2.615059066632949,0,B,False,True,False,False,False,False
109.39545732746556,19,1,57.135470005511536,370.173931493664,3,0.6993785458547964,1,B,False,False,True,False,False,False
107.37617270077376,1,0,45.15857755762352,1387.9530484963177,3,1.0642988901287345,0,B,False,False,False,False,True,False
23.339060740524584,20,0,8.244221813645881,756.3926878505238,0,0.7576391133714399,0,B,True,False,False,False,False,False
6.1827317716339065,11,1,11.38649371236024,1150.4063204002377,2,0.8151870344180254,0,B,False,False,False,True,False,False
115.84318803990428,12,0,0.3871545728032532,1779.4144979050463,1,1.2917532113886276,0,B,False,False,False,True,False,False
60.09017753596494,0,0,10.07884595030194,1544.5887877739497,0,0.622347686817521,0,B,False,True,False,False,False,False
30.494813678670894,17,0,0.56469573946666,532.3584705618487,4,0.44192103118092385,0,B,False,True,False,False,False,False
27.267053793576714,13,0,0.19913117393040397,1063.4787226147919,3,1.1922151727746284,0,B,False,False,False,False,True,False
23.463152469552337,23,0,12.18426358738975,622.4945361626591,3,0.8708921943541862,1,B,False,False,True,False,False,False
150.94297390164704,11,0,34.18141405397684,1584.1834683401169,7,1.569244436946725,0,B,True,False,False,False,False,False
36.47223143447643,19,0,50.260516874029676,1480.0491876616204,5,1.643322167447767,0,B,False,False,False,False,True,False
285.9252215959089,3,0,19.860509785285288,500.5739991328677,3,0.5893907742998343,0,B,False,False,False,False,True,False
939.6697923500052,13,0,20.640823749804948,615.7618787718528,4,0.9012331687352485,1,B,False,False,False,False,False,True
120.95719436750167,17,0,8.747473832702513,578.6526627915143,1,1.3095879976237057,0,B,True,False,False,False,False,False
819.1448656994006,23,0,12.539910853916593,1533.511880239505,2,1.5134619651160146,0,B,False,False,False,False,True,False
127.08605814985948,3,0,13.160030383018794,2156.0857898140707,1,2.0701837210769867,0,B,False,False,False,True,False,False
35.33017991802583,7,0,1.0864430270034062,2315.482636534527,3,1.368150055525057,0,B,False,False,False,False,True,False
390.31898048722445,17,0,0.7005429063669275,521.7783021009715,4,1.5043900550876241,0,B,True,False,False,False,False,False
45.153373845186195,3,0,2.357108128978572,317.71055009726916,3,1.535892940069293,0,B,False,True,False,False,False,False
1010.4245892877678,0,1,23.754301107754582,760.1441143576689,1,2.417392931660074,0,B,False,True,False,False,False,False
29.671148663212858,23,1,12.356122238220193,1737.6745382599509,2,0.3081813340111377,0,B,True,False,False,False,False,False
167.04247374087515,5,1,13.419244057609024,457.97558919086947,1,2.639496933046186,0,B,False,False,False,True,False,False
54.96242600516353,12,0,6.443843002456784,2022.6813949416803,1,1.0828827055961967,1,B,False,False,False,False,False,True
15.151132216237144,1,0,30.43609950675361,223.6994909036546,4,0.263648367602533,0,B,False,False,False,False,True,False
18.681653118724785,18,0,49.65401713801384,2987.749499558595,8,1.1233671440018518,1,B,False,False,True,False,False,False
3.0545980878092074,11,0,3.60567878106503,1064.1122399223452,2,0.7767849722378022,0,B,False,True,False,False,False,False
50.448777188975455,21,0,5.675030535103028,2653.521130024851,4,1.2230281179091773,0,B,False,False,False,True,False,False
102.04955901220019,13,0,5.96506945888442,1273.8257029467313,3,2.890052657586477,1,B,False,False,True,False,False,False
4.065674733048655,8,0,49.37797524738516,932.4536956136081,2,0.5149148249487701,0,B,True,False,False,False,False,False
1.2948865989913427,9,0,10.94212992085068,1471.4105764993817,2,1.381196768326341,0,B,False,False,False,False,True,False
18.663525457664306,6,0,12.572883767319933,3828.532776002545,2,1.1909087250172745,0,B,False,False,False,False,True,False
61.65717946688506,8,0,6.887773556092663,391.9451495130153,3,0.8634223618435971,0,B,False,False,False,False,True,False
16.482493949492543,14,1,34.4479855501227,1880.357554005745,2,0.5595979653501157,1,B,False,False,True,False,False,False
65.72766855149796,19,0,3.178459884983037,2095.1221123686546,3,1.1433451692506327,0,B,False,False,False,False,True,False
27.02491508996514,14,1,9.163316029963706,961.3818387476043,4,0.4691791564955891,1,B,False,False,False,False,False,True
10.199044126255027,23,0,3.832830836092309,591.340755930272,4,0.7239351637168795,1,B,False,False,True,False,False,False
129.67261271764846,10,0,13.19653161090096,532.0039163347889,1,0.6929008274929142,0,B,False,True,False,False,False,False
79.08671971571523,17,0,11.904270459761104,296.9471724057574,4,1.090724920560121,0,B,True,False,False,False,False,False
34.707338694182766,1,0,2.110263799533775,664.532216909814,3,0.6029267872054697,1,B,False,False,False,False,False,True
5.732972254499348,19,0,26.63445209644465,1112.6847342625326,1,0.8564176194726354,0,B,False,False,False,True,False,False
28.330997413789103,18,1,1.9600027355593892,662.2802272435626,2,1.1325815159579045,0,B,False,False,False,False,True,False
18.334522031929456,23,1,2.913376229373292,888.0150965616054,3,3.7945261708565012,0,B,False,False,False,True,False,False
27.840689999508204,1,0,4.735239345998075,284.40007291651364,5,0.42925782647718724,0,B,False,True,False,False,False,False
19.239004438846106,19,0,25.18960286542605,1903.1457711310195,2,1.4792279628176186,0,B,False,False,False,True,False,False
35.83378450739659,12,0,3.413636723059025,1479.296575275513,2,1.5045411898713466,0,B,False,True,False,False,False,False
35.66341399233005,3,0,3.712689625148602,278.6453121975225,1,1.084031198128364,0,B,False,False,False,True,False,False
153.66179746903163,2,0,15.834130245311748,1628.289931567897,4,0.6216322322498236,0,B,False,True,False,False,False,False
22.577018578274963,14,0,26.555228722763257,2138.998878187088,3,1.9170681071051145,1,B,False,False,True,False,False,False
60.1192277288555,11,1,18.01647036468929,1092.8398653611869,1,1.0053467646317267,0,B,False,False,True,False,False,False
17.990809218003314,0,0,11.564564571817238,1223.684369569824,1,1.199825897702411,0,B,True,False,False,False,False,False
22.635559934797577,10,1,15.751574861298295,657.5369598545849,3,0.6324540397938833,0,B,True,False,False,False,False,False
24.74761391665057,16,0,11.881143156978583,2275.7513963627844,2,1.0646052260542018,0,B,False,False,False,True,False,False
160.12736633125084,7,0,6.619743176533598,830.2935679004034,5,1.6041207957252648,0,B,False,False,False,False,False,True
34.38655276308353,13,0,17.59841301749324,644.9451897780465,2,1.3004865410015827,1,B,False,False,False,False,False,True
43.62968599229807,4,0,17.44162003151575,447.95196964539326,2,0.8428860759109718,0,B,False,False,True,False,False,False
30.23332210140739,14,0,15.014869427395407,1052.9424277224646,2,1.5099069179501174,0,B,False,False,False,False,True,False
45.501251439502,1,0,15.121776931614393,830.1469544047458,1,1.2316668588761641,0,B,False,False,False,False,True,False
43.76752352301081,6,0,4.042589832319577,429.03059575500566,3,0.6943350307523165,1,B,False,False,False,False,False,True
28.150851436872834,12,0,39.299773953871,1654.9100409157058,1,0.4925149469497135,1,B,False,False,False,True,False,False
5.229896813520886,19,0,72.89650660776996,3184.825947437038,5,2.0523131558817265,1,B,False,False,False,False,False,True
26.369625825731564,10,0,12.166125856954078,1980.4917951028867,4,1.3378761879379815,0,B,True,False,False,False,False,False
62.31930343929037,13,1,3.7999150401740907,1778.4009421971136,5,2.9574120569763824,1,B,False,False,True,False,False,False
122.6789533796636,9,1,5.725095527069155,612.4452710609048,1,2.5632590427144177,0,B,False,False,False,True,False,False
8.621542824208221,3,0,20.185831676714507,802.9803554376871,3,0.907116071389586,0,B,False,False,True,False,False,False
10.703622190347726,19,0,4.764521103847853,553.985705644076,3,1.1616624773934845,1,B,False,False,False,False,False,True
25.903847843028068,14,0,14.072685539526612,1740.6924049923587,3,0.968673142374815,0,B,False,False,False,False,False,True
30.722707450081238,2,0,1.6281389322580244,652.5088194694009,8,0.5393343982289817,0,B,False,False,True,False,False,False
3.6297059055455327,10,1,51.508547426345515,2821.087131652076,6,2.279835646896581,0,B,False,False,False,True,False,False
52.88171813039741,19,1,27.590834347711723,670.6359548139764,3,1.3000414486319312,0,B,False,False,False,True,False,False
165.91652951825716,17,0,25.858942388232474,1545.6091962218559,4,1.5992182414698448,0,B,False,True,False,False,False,False
20.960933935087915,22,0,22.46697913914816,6005.113749697646,4,0.5544674255299923,1,B,False,False,True,False,False,False
42.546688723185085,16,0,0.004194819286825305,5799.752383617302,1,0.9860992300303366,1,B,False,False,False,False,False,True
74.42992324917995,20,0,1.0595966003832649,686.3615479048542,2,0.4427902221012362,1,B,False,False,True,False,False,False
42.914409879958164,13,0,13.338338262866072,3777.1625479903937,1,0.9419088002237969,1,B,False,False,True,False,False,False
24.163232044718463,14,0,21.956569464550416,1058.72886078676,4,0.8574791746723239,0,B,False,False,False,False,True,False
25.403607896675467,17,0,21.11692844184946,947.9601552812529,5,0.6265182296505705,0,B,False,True,False,False,False,False
49.27889098572503,2,0,11.300250082086954,1291.515796568572,1,0.7728419493838764,0,B,False,False,False,True,False,False
116.70055584148281,12,0,11.037536863793903,1169.3770454726327,1,1.983755476128322,0,B,False,False,False,False,True,False
51.9118648318095,2,0,1.3740799585362078,310.93631024846906,5,1.430726793625548,0,B,False,True,False,False,False,False
146.84228282742183,6,0,39.60317727549818,808.2899711805114,0,1.0296324954327012,0,B,False,False,False,False,True,False
41.14588803343338,18,0,5.628879814352397,614.0901855692476,0,0.609179290263145,0,B,False,True,False,False,False,False
42.42899363799134,22,0,3.5339135354111226,1044.6834944294383,3,1.2248298097768207,0,B,False,True,False,False,False,False
218.29229168308768,23,0,13.620951700310181,563.0181367021659,5,0.44555094195040457,0,B,True,False,False,False,False,False
17.51510377078919,17,0,0.3586740805992896,888.5975061033054,0,0.5063517640205544,1,B,False,False,True,False,False,False
122.36496826588501,16,0,48.70615121077103,1094.611462709477,2,2.110285356300177,0,B,False,True,False,False,False,False
69.04105755926108,21,0,6.830258744214211,1113.2341964954915,0,2.204050743557367,1,B,False,False,False,False,False,True
25.01890104534061,8,1,5.254366261687185,1467.238584233838,3,0.3362370258299723,1,B,False,False,False,False,False,True
13.814008309286743,13,1,2.4666037133096843,2128.5340955255774,2,1.1329046578083188,1,B,False,False,False,False,False,True
51.05909844377172,21,0,10.6477435393172,312.53189831355706,3,2.7688541434802993,0,B,False,False,False,False,False,True
61.53540490195113,7,0,7.402949829362931,688.9886484797919,1,0.7873841149036692,0,B,False,False,False,False,True,False
272.0810092540112,13,0,5.490258213130177,848.8048663966548,2,1.1483436696056413,0,B,False,False,False,True,False,False
62.602305842477634,4,0,2.13116698805504,1872.6210811033754,4,0.7371794411447091,0,B,False,False,False,True,False,False
7.65592736463434,23,0,5.903731196807475,743.0961600547607,5,1.3290193747375147,0,B,True,False,False,False,False,False
69.42571768182292,19,0,25.732786941055085,720.789762520864,2,0.5984218436404256,0,B,False,True,False,False,False,False
233.41337489177008,13,0,23.735026850841077,333.3042062643435,2,1.1878350021249366,0,B,False,False,False,True,False,False
57.930860295455545,11,1,12.75582355549218,2584.689402000918,4,2.750180197766107,0,B,False,False,False,False,True,False
76.53592235266703,21,0,20.95336507668175,1229.8437235813506,4,1.0965839828073194,1,B,False,False,False,False,False,True
5.309872187408536,7,0,14.219758096383325,639.2887852673427,2,0.8076551515167293,1,B,False,False,False,False,False,True
168.04330484990052,0,0,1.8401985462141182,3460.6184577351178,1,0.5504383764700501,1,B,False,False,False,False,False,True
19.131770642859927,15,0,39.00422573766102,2243.8005285330355,2,1.1005316348453549,1,B,False,False,False,True,False,False
11.389222579808177,21,0,10.406251801233232,2378.5858588631027,4,0.6285345105215175,0,B,False,False,False,True,False,False
23.99184568648543,7,0,20.231977911137715,337.1237226304205,4,0.5327599125978548,1,B,False,False,True,False,False,False
58.12277854900477,4,0,31.207771127324488,1530.3089567960603,3,0.5121455427048078,1,B,False,False,True,False,False,False
20.94349713325433,2,0,31.716288991808213,509.54412933609063,3,0.4399400583153868,1,B,False,False,False,True,False,False
113.14950478364459,12,0,40.58125286437493,1117.5802972416582,3,0.8753026865438644,0,B,True,False,False,False,False,False
10.666305371912417,4,0,15.635559892448072,358.0242230502096,4,2.170462627213298,0,B,True,False,False,False,False,False
58.80402762011295,2,0,15.046951495135723,1051.7552520335125,3,1.6947337073396291,0,B,True,False,False,False,False,False
17.494809851262243,21,0,4.109471355504665,977.2094662932535,4,1.5039630880238894,1,B,False,False,False,False,False,True
35.947576165400406,13,1,5.6566136194254595,1875.3584625156648,2,0.6869247080497942,0,B,False,False,False,True,False,False
235.56221172104244,5,0,13.872583718944407,774.2121009114966,0,1.0691342161621293,0,B,False,False,False,False,True,False
70.29807482814228,20,0,4.329173844796198,959.5893930876882,8,0.8559033595145291,1,B,False,False,True,False,False,False
57.735663682233586,6,0,6.668264406476435,671.3806112866655,2,2.7171665762160924,1,B,False,False,False,False,False,True
15.221421808927598,22,0,2.7263727382595,1049.348527274366,4,0.5851784114768779,0,B,False,False,True,False,False,False
36.06104623850338,5,0,20.83202179988512,988.5279953099446,1,0.4398246702320878,0,B,True,False,False,False,False,False
23.911838482075357,13,0,14.956254682234647,3002.000638781409,3,0.5038933034584342,0,B,False,True,False,False,False,False
4.18303049621927,21,1,19.30251508972929,702.3611527406541,3,1.2477811435588373,0,B,False,True,False,False,False,False
74.77549403855937,3,0,8.82199464843184,2863.6906150418,1,0.6903328512241271,0,B,False,True,False,False,False,False
11.008344606066744,19,0,19.963777790490578,734.4238065180514,2,0.7370174059586926,0,B,True,False,False,False,False,False
33.77783126323243,18,0,9.401044372270402,3408.840556689888,2,0.41667773712014805,0,B,True,False,False,False,False,False
62.77109622116728,9,0,11.413174123530643,2888.4375429112333,4,0.6769502293675461,0,B,False,False,False,True,False,False
21.748364734945568,22,0,2.041897463325415,2388.313578017202,7,1.452167727465726,1,B,False,False,True,False,False,False
13.455801123666243,12,0,0.5566943159136643,684.9848245435205,4,0.3844835990438499,0,B,False,False,False,False,True,False
93.61843973214418,11,0,20.499331691527416,1222.219004513226,3,0.7708172196430978,1,B,False,False,True,False,False,False
8.127043854384578,13,0,33.19164229862138,3002.500646075417,1,0.9978865882153619,0,B,True,False,False,False,False,False
17.612048388261663,12,0,6.711073326172022,675.9728356381432,2,1.3807968623680271,0,B,True,False,False,False,False,False
51.16438870871454,18,0,28.144647039864356,1307.288441898628,2,0.7559520518022899,1,B,False,False,False,False,False,True
40.87628050229698,8,0,4.83298099242625,1745.8251882876534,1,0.8495758681878098,0,B,False,False,False,True,False,False
33.35256206874286,15,0,19.74648031159832,797.0410290861738,3,1.7516121694572802,0,B,False,False,True,False,False,False
259.7412194713654,8,0,13.080042468064203,558.7707531057015,1,0.8391477935820872,0,B,False,False,False,True,False,False
93.66711212273533,5,0,0.5119182953719575,501.4616615699807,2,1.7326191045489991,0,B,False,False,False,True,False,False
119.29610258263496,13,0,4.147618482682089,3915.5470784522568,3,4.232632258739591,0,B,False,False,False,False,True,False
21.03509662561723,6,0,14.873189723019953,3056.1585655787635,9,1.131988203590304,1,B,False,False,False,False,False,True
316.98836868290215,18,0,3.4934143985472286,2459.1479184116824,3,0.5702465693042397,0,B,False,False,False,False,True,False
22.92008467598286,2,0,13.36985136276151,3147.2310581732327,2,1.3174418133438053,0,B,True,False,False,False,False,False
73.19534144436226,14,1,18.40461315063731,1687.2865157523443,6,1.762470399004233,0,B,False,False,False,False,True,False
69.29393963108498,11,0,6.383110266816408,802.4563609369244,2,0.6913143955104409,0,B,False,False,False,True,False,False
22.81025147508531,0,0,17.636905166039323,885.7697788062752,1,1.3865174794234787,0,B,False,False,False,True,False,False
11.463979496466534,10,0,15.444273529679881,511.6169964914764,6,0.3656144947532617,0,B,False,False,False,False,True,False
36.871387911952574,21,0,65.50815306782339,2069.217004736194,0,1.6264794003737149,0,B,True,False,False,False,False,False
26.47685452262078,2,0,14.304080531901665,614.3076083773651,3,0.6594336273430187,0,B,False,True,False,False,False,False
10.481769302849596,16,0,4.831068303806509,1063.6510601678544,1,0.40052753914837325,0,B,False,True,False,False,False,False
22.01557993644874,12,0,4.2592339946341164,1269.8106111515172,4,0.7635967159914568,0,B,False,False,False,False,True,False
115.57706170060884,7,0,16.167814653760026,1154.8271885040351,4,1.8712948244664533,0,B,False,False,False,True,False,False
18.78857517772019,12,0,1.638154525593453,2213.30795411643,4,0.9704276243273909,0,B,False,False,False,True,False,False
106.94760910219443,7,0,3.8503859467315342,3566.0039545108016,3,0.8981496692274521,1,B,False,False,False,False,False,True
82.41566642916679,7,0,0.13516188733926587,1117.981358755461,0,1.546451760391639,0,B,False,False,False,True,False,False
71.6164090096627,23,0,10.744499605951756,2115.179291757396,4,1.2271746930499023,0,B,True,False,False,False,False,False
616.702819332982,12,0,23.10085256076941,1212.8278737733042,4,0.7465052906570705,0,B,False,False,True,False,False,False
20.461009688278487,11,0,10.720387945568081,1161.0051092963386,3,0.9797023441739869,0,B,True,False,False,False,False,False
76.53587605274757,4,1,5.044007664088614,1490.8935069496158,1,2.6555292377854123,1,B,False,False,True,False,False,False
45.39762083664169,12,0,27.296061288897814,6202.111812588544,5,1.0157004980498596,0,B,False,False,False,True,False,False
47.10921822271757,22,0,9.945031736039413,3509.0440905208056,1,1.0852499803664621,0,B,False,False,False,False,True,False
1.9902779229925487,11,0,17.554184136615262,1551.9057449368584,0,2.9252784844007937,0,B,True,False,False,False,False,False
21.045352245508088,18,0,64.5306184129038,976.612621286003,3,0.46515859475563315,0,B,True,False,False,False,False,False
25.967390792083215,9,0,25.207806467107286,810.6227704779026,1,1.4227580373644786,0,B,False,False,True,False,False,False
46.312697538909205,14,0,28.509508404037195,944.0555540038637,1,1.1672052354978963,0,B,False,False,False,True,False,False
8.53298884126297,1,1,1.9299426391242733,2035.3644413502066,7,0.8912889767598803,0,B,False,False,False,True,False,False
37.60780181113981,5,0,11.669014286845329,1112.4398145894322,5,1.6539564972341265,0,B,False,False,True,False,False,False
16.364053922276604,15,0,87.30891079774072,938.3827953989013,1,0.5752483351433563,0,B,False,False,False,True,False,False
14.130034944998403,0,1,5.866765646163413,1309.7647386722094,3,0.8672629195451506,0,B,False,False,False,False,True,False
5.026480984399594,1,1,0.6402762370373528,1028.9088871689019,3,0.525378274260538,0,B,True,False,False,False,False,False
7.764016552316395,22,1,0.5196646058000504,932.0120728011543,5,0.8044981971178841,0,B,False,True,False,False,False,False
27.814628523365467,22,1,57.729748765447795,3139.398309323998,4,0.6842989853643959,0,B,True,False,False,False,False,False
137.85722099396628,14,0,8.543880319370222,747.7807038459217,5,1.5641785670720387,0,B,False,False,True,False,False,False
40.18092482622027,15,0,5.02896284781021,409.7605563742912,3,1.1653599672526842,1,B,False,False,True,False,False,False
45.17637263547379,7,0,10.821148061783305,1273.5321170449913,9,0.6025535133058142,0,B,False,False,False,True,False,False
77.84620417728775,13,0,14.130855381605588,650.6540284347321,4,1.0499428944786902,0,B,False,False,False,False,True,False
15.74499233430577,23,0,31.90088801771269,941.6267407129909,2,0.15859657574406963,1,B,False,False,True,False,False,False
11.453012095639833,9,1,8.768093717322998,2595.3873686202883,5,1.2353410436510568,0,B,False,False,False,True,False,False
72.05851467985453,14,1,28.767469576922416,1958.8763471528905,2,0.3574335172977669,0,B,False,False,False,True,False,False
36.2648896930819,2,0,4.520456716358082,1068.460385401181,4,1.3982643424736512,0,B,True,False,False,False,False,False
100.11706460454197,5,0,11.928334012938619,659.0111657996767,4,0.8098622049654025,0,B,True,False,False,False,False,False
19.84014929080918,1,1,22.820402214611672,859.665600524193,1,2.7472971578728513,0,B,False,False,False,True,False,False
133.074426347831,8,0,8.769418461208708,19533.81767600121,5,0.416851789705926,0,B,False,False,False,False,False,True
14.752020511092642,6,0,4.876487785453925,4646.807627276111,6,1.3692959338618869,0,B,False,False,False,False,False,True
55.248651887996026,18,0,24.832296445189904,947.3023492665902,0,2.383939444553468,0,B,False,False,False,False,True,False
97.15562304922808,5,0,24.696437608462197,1498.3538861913291,4,0.7841165944085401,0,B,False,True,False,False,False,False
16.107619738042942,0,0,4.9757066495483775,145.2210200397737,2,1.0638133765185922,0,B,False,False,False,False,False,True
8.921357574152193,22,0,13.928232207329529,832.0083956372625,3,0.9225081858879667,0,B,False,False,False,False,True,False
17.645988499207512,13,1,4.242834953259331,2085.947626436931,7,1.212448072909219,0,B,False,False,False,True,False,False
38.47741670381826,20,0,33.99504284219807,869.5100958917396,1,0.9693100561663675,0,B,False,False,False,True,False,False
32.25964132008266,7,1,1.1713659438031416,1203.1384854319379,6,0.7097450612972495,0,B,False,True,False,False,False,False
218.97932714729907,7,1,7.22642233755132,1149.1733098850864,5,1.0244680862321354,1,B,False,False,True,False,False,False
16.82615644037188,5,0,15.75253197617842,2268.505141595261,3,4.736154084188627,1,B,False,False,False,False,False,True
166.82652261336443,14,0,29.516950309443505,277.5065315269899,3,1.8137890014186029,0,B,False,False,False,False,False,True
146.30163094745845,18,0,23.79821740985653,595.161075002373,3,0.6176043418932751,0,B,False,False,False,True,False,False
37.870587585881836,19,0,17.28512289695701,1551.8295304627025,4,1.2700816962278392,0,B,False,False,False,False,True,False
5.749861901077718,16,0,39.06936487943955,585.833324835849,4,0.30538633744579086,0,B,True,False,False,False,False,False
17.278617756010316,5,0,0.36861677639492735,2915.8745075152033,1,0.7827456329283097,0,B,False,True,False,False,False,False
122.73654730402868,6,0,58.31723086860535,913.1260821176991,3,0.8879559070683409,0,B,False,True,False,False,False,False
37.18325218018212,9,0,6.36543215278029,263.76796574391545,4,1.2754329264434658,1,B,False,False,True,False,False,False
181.70423155288736,8,0,20.68982082493258,770.2964106533674,6,0.9989163309378477,1,B,False,False,True,False,False,False
42.691528602647814,4,0,4.910720113171664,3289.863568434117,3,0.824915443087503,0,B,True,False,False,False,False,False
11.982703502658701,1,0,8.03391621621955,312.6988296922804,3,1.0540935016741821,0,B,False,False,False,False,True,False
55.29379272493982,12,0,31.30937908281804,1362.3243486942702,8,1.1866907825179096,0,B,False,False,False,False,True,False
462.80550114420777,22,0,8.918224957629405,1505.9013985497227,4,1.7820692102356657,0,B,False,True,False,False,False,False
22.358002008596948,10,1,32.4208476692406,962.1528026478181,5,1.1915904642052446,0,B,False,False,False,True,False,False
287.0551466270909,10,1,11.944836435024992,825.8715763312083,2,0.8107124852005926,0,B,False,False,False,False,True,False
1065.3790399515005,22,0,4.599886364845625,1025.369856692508,6,0.6097463889412573,0,B,True,False,False,False,False,False
18.238603078869563,14,0,9.992688043221088,950.990813544642,1,0.7774105937076102,0,B,False,False,False,False,True,False
6.96923453709493,13,0,1.3939632884144828,2001.4933492369562,4,0.5302635484572278,1,B,False,False,True,False,False,False
14.762370854148488,20,0,9.755301333512977,1162.3640568516053,3,0.9395538488900035,1,B,False,False,True,False,False,False
14.979887934378567,10,0,23.244058572760242,3385.346045165855,3,0.7342896688323124,0,B,True,False,False,False,False,False
23.420916693553394,12,0,1.0700448199252124,1254.0298672122688,3,1.1927230111110738,1,B,False,False,True,False,False,False
58.21861233135841,17,0,3.9873718466060373,1236.9192965643183,2,0.5981480741795447,0,B,False,False,False,True,False,False
4.787091772612126,6,0,8.234281160214099,2193.9701713855657,7,2.8156775594615024,0,B,False,True,False,False,False,False
42.14970113689491,16,0,21.271905089874835,342.96903046976416,5,0.885602349224585,0,B,False,False,False,True,False,False
92.49802836838015,10,0,20.859969255243286,975.813734444152,3,2.7914827741850528,1,B,False,False,True,False,False,False
52.48160605942441,21,0,32.74424448918594,830.1638211102311,2,0.6218500185521215,1,B,False,False,False,False,False,True
115.28666331985194,5,0,2.3584624246747468,591.8776819391816,3,1.0896948879103736,0,B,False,False,False,False,False,True
89.91320203953062,13,0,2.5392334550609914,903.3644056196132,3,0.7669105077154217,0,B,False,True,False,False,False,False
308.2545310489351,5,0,16.583261631568654,5153.694904346794,3,1.6491952426237064,1,B,False,False,True,False,False,False
18.526595435253192,13,1,2.978413519962828,545.9990909874527,1,1.1176481765464499,0,B,True,False,False,False,False,False
909.5460245908072,18,0,8.012316148940643,777.0726075636641,5,0.49492998262170673,1,B,False,False,True,False,False,False
18.77378441024493,2,0,11.628453299616465,6066.8022373797785,4,1.2355534695580852,0,B,False,False,False,True,False,False
15.205620839965706,16,0,4.4540073816617305,1324.5015769949628,2,1.4202583866161218,0,B,False,True,False,False,False,False
44.02306608624593,19,0,17.643147826537028,3047.0086574174484,1,0.652466312547204,0,B,False,False,False,True,False,False
61.70401499104206,6,1,29.276175344506296,2239.514463449686,1,0.9739997581574671,0,B,True,False,False,False,False,False
71.18063531095457,16,0,0.1838300428681675,988.8598931999443,4,1.8839204578339146,0,B,False,False,True,False,False,False
243.07372563245357,9,1,5.121828271996676,2413.941425999616,1,0.8070478778214172,0,B,True,False,False,False,False,False
646.5617644763706,17,0,18.681973299771126,2031.226570809153,2,1.2106786275983366,0,B,False,False,False,False,True,False
74.41609996268079,17,0,4.836062813086805,4169.003082833844,5,0.4025584247324607,1,B,False,False,False,False,False,True
455.1531868328811,20,0,11.102163621784696,936.7591732023268,1,3.7234883788690887,1,B,False,False,True,False,False,False
204.29387466022126,12,0,21.187321897385477,563.5498911496311,4,1.1065480275001314,0,B,False,False,False,False,True,False
4.829256732016488,7,0,6.3172760806263275,1499.5423961281112,4,0.6227203961435108,1,B,False,False,False,False,False,True
109.43722046623743,4,0,23.236803592686478,1230.6839099670697,1,0.7046456472332422,0,B,False,False,False,False,True,False
3.755045556726164,0,0,25.403431295105136,588.7434413581203,6,0.2794724676260673,0,B,False,True,False,False,False,False
192.54128145908587,16,0,70.81442975467623,1934.9132195529878,3,1.2761519250740787,1,B,False,False,False,False,True,False
106.76357331814987,4,0,8.492766295725886,1672.2186619475751,2,1.6110374763068176,0,B,True,False,False,False,False,False
168.97226385156787,15,0,9.688145037943226,865.8835832506804,2,4.18382497035771,0,B,False,False,False,False,True,False
9.894088598394644,17,1,22.910094042591584,1778.5994341078795,0,1.2045070298721832,0,B,False,True,False,False,False,False
105.71626933974787,2,0,30.371863596877603,1294.396701525597,1,1.1073448636345922,0,B,False,False,False,False,True,False
73.97313452592702,17,1,10.554935485283295,836.8790725323374,1,1.1131765628393702,1,B,False,False,False,False,False,True
25.103094097062176,8,1,0.3294466950675361,1817.4077105562972,2,0.6751364123954944,0,B,False,False,False,False,True,False
75.69985491420354,20,0,9.188298677845882,1009.2999999175311,2,0.8519034275073872,0,B,True,False,False,False,False,False
19.357073515766157,13,1,3.8281033927328103,1700.2012630216946,1,0.7921200182803115,0,B,True,False,False,False,False,False
26.46454271016568,16,0,1.5253448131975182,3190.0052173595504,3,0.6372252866721277,0,B,False,False,False,False,True,False
165.03629667905508,18,0,6.2154497837007865,591.1167216043285,6,1.07404933280446,0,B,False,True,False,False,False,False
45.26306405482782,14,0,7.4617543274642335,2284.713761113298,2,1.5681822723222603,0,B,False,False,False,False,False,True
73.61529135759491,7,0,59.97193100726416,1091.6109162399416,4,0.436138612705471,1,B,False,True,False,False,False,False
56.93563211228172,3,0,9.111297940265745,1034.2322542357579,4,0.9930888636374412,0,B,False,False,False,False,True,False
83.24651290788681,23,1,51.43143451073946,2500.2055496025578,3,1.4572191654299562,0,B,False,True,False,False,False,False
57.669885940756565,14,0,19.773404472499198,1540.2273471319509,4,1.1930705866783564,0,B,True,False,False,False,False,False
4.110384403420182,16,1,4.377079518956149,563.1901981107038,3,1.268524245020836,0,B,False,True,False,False,False,False
18.542226995633367,23,1,18.158161596295702,1564.5031052948905,4,1.3646932967381815,0,B,False,False,False,False,True,False
25.846427843016617,10,0,7.7289703699782635,1343.8710878861589,5,1.2526869777496281,0,B,False,False,False,False,True,False
5.5150409828437885,11,0,12.986689741415073,1523.602142201197,1,0.4679858686379002,0,B,True,False,False,False,False,False
57.012829605320746,13,0,10.986613242959976,1011.036187263344,2,1.3917277479485102,0,B,True,False,False,False,False,False
19.18927178777379,6,0,40.283383221301804,906.1699676712402,3,0.7413639063211099,1,B,True,False,False,False,False,False
16.081224118030544,2,0,2.083900092255921,902.9026046355909,5,0.8962373115816652,1,B,False,False,True,False,False,False
4.861637196080277,10,0,8.803034271980431,212.70006241308803,3,1.238579907164981,0,B,False,False,False,False,True,False
31.081072183817064,1,1,1.2697961945881422,2060.187659531022,3,0.9700419725882709,0,B,False,False,False,False,True,False
69.70945540931314,16,0,4.410369237629821,714.0870326100738,3,0.595332932211304,1,B,False,False,True,False,False,False
56.40689910532872,9,0,1.1992853073768703,857.887104111589,5,1.6006131997817397,0,B,False,False,False,False,False,True
106.78637087982048,22,0,41.879105397440235,1080.633756274211,3,0.627958988625939,0,B,False,False,True,False,False,False
30.531984014418857,0,0,5.672624005361836,3456.905141522798,1,0.8310744848013828,0,B,False,True,False,False,False,False
161.57363292147656,21,0,22.800301341696116,280.2295583195276,1,1.5715908233183284,1,B,False,False,True,False,False,False
115.04102693378984,12,0,20.70703403180034,626.2249334489287,3,0.6380612648645761,0,B,True,False,False,False,False,False
38.69943575777424,13,1,2.269185342704785,1367.9237552871027,2,2.258754304632161,1,B,False,False,True,False,False,False
36.95636256922079,16,1,2.2807034724613255,116.2322739219626,4,0.6709745478922965,1,B,False,False,False,False,False,True
525.3257345500039,9,0,7.120942965768237,1005.3056648872598,4,0.7574938262063924,0,B,False,False,False,True,False,False
29.12449849400811,19,0,12.610261148532741,777.3207519498436,1,1.1104644766123763,1,B,False,False,False,False,False,True
417.92012626004856,14,0,8.345846043090821,773.7796375672319,2,0.4583667711624594,1,B,False,False,True,False,False,False
124.44674974444168,20,0,21.912530255022546,1036.0719238282225,3,0.4797951473829181,0,B,False,True,False,False,False,False
18.113596098318137,16,0,11.516247398765362,1496.2616706417557,0,2.7196493716083023,0,B,False,True,False,False,False,False
50.717339715143744,12,0,32.03683304617131,425.92236654427234,4,1.0695681499683616,0,B,False,False,False,True,False,False
28.414258715153174,7,0,13.461991445022106,1722.6456670510072,6,1.5812802538630566,0,B,False,False,False,False,True,False
20.71318367074348,6,0,13.460913036413832,860.2628172979973,4,1.4775508746880641,0,B,True,False,False,False,False,False
49.652533115024305,16,0,16.168069796628725,3347.9722233399734,4,1.0790074192965087,0,B,True,False,False,False,False,False
20.797627769720098,4,0,13.857448571589998,2305.433575776907,4,0.9547648743753633,0,B,True,False,False,False,False,False
19.319088843751455,3,0,14.205808902458001,932.9600173695031,6,0.6374270578312253,0,B,False,False,True,False,False,False
56.70266223173622,16,0,8.959647508665487,2233.1732501172364,5,1.975261104597782,0,B,False,False,False,False,True,False
176.95512095831822,3,0,1.4236661451702182,405.58304696092796,4,0.7897041296460634,0,B,False,True,False,False,False,False
33.47397107116452,19,0,6.904510702983672,440.57028140123896,2,0.7658457700130004,0,B,False,False,False,False,True,False
65.87103947169045,21,0,21.93489113091418,3357.0342675990896,3,0.2672143937951311,1,B,False,False,False,False,False,True
65.19326049833694,19,0,0.5809215781859666,768.784586647997,3,2.0699032953342638,0,B,True,False,False,False,False,False
17.997771748809985,20,0,17.59834818126557,2367.477362297618,3,0.9312028273341731,1,B,False,False,False,False,False,True
265.2897666324374,10,0,59.33681603395904,843.7722805769915,0,0.6793722561238795,0,B,False,False,False,True,False,False
33.104846196062596,9,0,8.589525730854108,1770.1306735235912,3,2.488713321476798,0,B,False,False,False,False,True,False
22.74152653625792,2,0,3.5817330728494965,759.5178150541723,1,0.3704963028030834,0,B,False,False,False,True,False,False
236.8149353050553,15,0,0.3491305261735247,395.6415942152982,3,0.5340790600522823,1,B,False,False,False,False,False,True
79.9385637117726,12,1,28.939793027530214,2043.1809994956623,4,0.5112485346264761,0,B,True,False,False,False,False,False
157.3071108678598,6,0,2.39172898241449,3496.8514542669996,2,1.2572587217694295,1,B,False,False,False,False,False,True
16.684820792463366,10,0,0.6615871759163472,319.50596681702604,1,1.0311275923166903,0,B,False,False,False,True,False,False
519.938213816184,18,0,9.966601074002577,1256.6547692897034,5,1.0940450589572763,1,B,False,False,False,False,False,True
11.61184920132229,20,0,7.212510586884635,967.4888475882325,1,1.6514453458794982,0,B,False,False,False,False,True,False
141.28737189082992,1,0,48.21122178472602,2229.98057791514,3,1.07546451389114,0,B,False,False,True,False,False,False
117.69110318079626,9,1,9.313072765786469,1653.2659686996526,1,1.061263811288897,1,B,False,False,True,False,False,False
44.30790543832193,10,0,27.06637132792172,1365.0380797362434,4,0.35592439247513424,1,B,False,False,False,False,False,True
150.26661948177195,23,0,40.32242797595313,380.2413983768561,1,1.1646762383352343,0,B,False,False,True,False,False,False
9.306583904022958,12,0,3.0545789594996275,1767.0116871591274,3,0.5973896232918302,0,B,False,False,True,False,False,False
52.15942991449916,19,0,6.3772630536780595,913.1626188042017,1,1.1435188304150925,1,B,False,False,True,False,False,False
149.57523812808648,0,0,38.51350430502524,605.4795701323916,4,1.2416210524410263,0,B,True,False,False,False,False,False
196.31528311767698,17,0,12.174329276586068,1440.3051692519261,6,1.4497052309944716,0,B,True,False,False,False,False,False
149.3839174709878,6,0,5.84436054155069,846.4783301572257,2,3.7516089311943266,1,B,False,False,False,False,False,True
3.952244706728432,6,0,11.02552538096312,2704.0958158168887,3,2.288369413170663,1,B,False,False,True,False,False,False
142.09161044050236,1,0,19.705015408803252,1020.3933050417993,3,1.9247822310700469,0,B,False,False,False,True,False,False
72.51095505388518,7,0,14.44851452696736,2057.1099401213796,3,0.7121050863549483,0,B,True,False,False,False,False,False
275.08683233000653,10,0,40.67896155575794,2313.1281161441325,2,3.17466192503929,1,B,False,False,False,True,False,False
50.71366017876792,16,0,49.444254901433055,1541.7994904046577,1,1.2108631333832685,1,B,False,False,True,False,False,False
5.587165353189768,14,0,18.6438816080975,287.30161122338427,2,3.1674670457521787,0,B,False,True,False,False,False,False
52.145879437281906,11,0,16.346885178664795,827.7317528171399,3,1.4414263228554087,0,B,False,True,False,False,False,False
9.101404130814618,19,0,0.20478931387899862,429.54851926796374,3,0.2726155535057342,0,B,False,False,False,True,False,False
68.35916304239463,7,1,22.96611007165248,375.9941575388536,1,1.6027245100471554,0,B,False,False,False,True,False,False
15.52357264714236,4,0,10.380451810183203,115.93043192681981,3,1.1981248372286708,1,B,False,False,True,False,False,False
271.38783696678166,23,0,31.148392176602226,531.0265631642154,4,0.7900008783907951,1,B,False,False,False,False,False,True
61.235254035840036,7,0,40.57046261132503,1016.7423327091179,2,1.2961036091375637,0,B,False,False,False,True,False,False
4.5946460032608245,12,0,6.9068630448520185,1231.9884659372583,3,0.9730822498077975,1,B,False,False,True,False,False,False
277.1707799243651,13,1,35.3819334831641,1295.765468225517,4,1.2521963361381407,0,B,False,False,False,True,False,False
908.1721845488948,13,0,16.163100271288364,1767.2828464231739,5,0.8246725613275407,0,B,True,False,False,False,False,False
22.116732224345046,0,0,8.381830026638134,1019.8118254619035,6,0.9734950646447756,0,B,False,False,False,True,False,False
11.550847137813365,0,0,0.7816203003339192,633.2926798864374,2,0.7754424032488685,0,B,False,False,True,False,False,False
12.522753488347083,8,0,20.330802710975572,1154.4901898165983,4,0.7695779119378477,1,B,False,False,True,False,False,False
4.130662790862552,6,0,33.55328471578392,355.6152785764102,3,1.0635246856319691,0,B,False,False,False,False,True,False
95.95924800997643,8,0,13.095115172188866,881.7967644416394,5,1.3872218678891968,1,B,False,False,False,False,False,True
23.407965182558236,1,0,7.734138701139122,2610.845587218546,7,0.5476807364726919,0,B,True,False,False,False,False,False
21.614134600498083,7,0,9.007611154979866,427.11108651637056,1,0.8543131670251919,0,B,False,False,False,False,True,False
36.0373884992391,0,1,18.46852312406796,823.1614654880339,3,0.9099416502872479,0,B,False,False,False,False,True,False
262.96115801829933,3,0,3.314716949004587,893.694751547897,3,1.7066614639600202,0,B,False,False,False,False,True,False
35.66719152691854,23,0,3.429952346101491,2160.6007518347196,4,1.1468235908429323,0,B,False,False,False,False,True,False
29.08261830075037,11,0,6.393477212473501,901.7720601023645,2,0.5490491489077735,0,B,True,False,False,False,False,False
15.565071310708568,3,0,0.45401838296692415,3802.0387206551713,2,1.1564226119149754,0,B,False,False,False,False,True,False
93.10896287122499,18,0,16.5818711313208,1620.5523721088116,1,1.2560417858038884,0,B,True,False,False,False,False,False
16.188936368785733,6,0,8.919626902204488,1746.953492000473,2,1.4736409985513488,0,B,False,False,False,True,False,False
29.439472497196085,20,1,33.62453170743696,850.0018766687806,3,0.738925826699692,0,B,False,False,False,False,True,False
195.61273099345854,0,0,15.62053685267437,224.85015442203874,1,1.177133863204698,0,B,False,False,True,False,False,False
10.019066598675446,10,1,18.29699308107059,2119.715886804705,3,1.0824238779333843,0,B,True,False,False,False,False,False
6.570394519731524,3,1,16.71470940052951,478.17342922236793,4,1.0927755697598893,0,B,False,False,False,False,False,True
26.086444315176124,3,0,8.117110238541708,4374.354650038529,3,1.0225930952811626,0,B,False,True,False,False,False,False
45.75556147035646,11,0,40.48246705918654,2299.9903880917395,6,2.947249043470546,1,B,False,True,False,False,False,False
85.67524499536765,16,0,36.86452141628441,590.8336617529337,2,3.2973371345596174,0,B,False,False,False,True,False,False
46.27463109469873,10,1,9.881634214412093,1405.9331116336405,3,1.6953334334027668,0,B,True,False,False,False,False,False
56.1074704820215,4,0,22.666822251205883,605.1035712485317,0,0.9057743943151799,0,B,False,False,False,False,True,False
371.54679270742014,1,1,63.09850422954664,3919.357786642801,0,1.402273521350469,1,B,False,False,True,False,False,False
94.77874871623379,23,0,6.03487036907709,11900.873244522232,7,0.9135951257411304,0,B,False,True,False,False,False,False
33.84379039850226,8,0,14.706577908988892,397.5846775791077,2,0.9614048234252168,0,B,False,False,False,False,True,False
49.128348770431224,15,0,12.644013501127402,539.0078704570591,5,0.811719499097882,0,B,False,True,False,False,False,False
39.95750330244969,17,1,11.673175095249709,2361.9754630388907,2,0.4476879374634977,0,B,False,True,False,False,False,False
138.94631017327043,11,0,40.57379078515742,1754.0309720851083,3,0.29086408417151144,0,B,False,False,False,False,True,False
276.5651029820183,11,1,2.030397021341917,481.56521667172683,1,0.7858629085841861,0,B,False,False,False,False,False,True
45.816265040869595,3,0,10.896902121595696,842.9296889218621,1,0.6994646428846324,1,B,False,False,False,False,False,True
11.884594356318319,17,1,0.39291921285559567,1147.9629130777666,2,0.6903938396213783,0,B,False,False,False,True,False,False
222.03964856029899,20,0,5.52480881387429,833.4155280003594,1,1.869607484050171,1,B,False,False,True,False,False,False
18.60745304439263,22,0,16.861949541000527,720.6448915492035,2,0.6605842153786003,0,B,False,False,False,False,True,False
60.80927139110776,20,0,22.73983039519221,328.6883640006378,2,0.5416134601377377,0,B,False,True,False,False,False,False
2.2102715679721685,15,0,28.88938181768296,4284.629711355608,3,1.7438896946513092,1,B,False,False,False,False,False,True
23.524018310844127,4,0,1.1956283248079027,1554.8329226832025,5,0.9080077361864736,0,B,False,False,True,False,False,False
130.49946816437316,1,0,3.0605102342149455,4313.650712644093,3,0.716034570439824,0,B,True,False,False,False,False,False
116.16775622976924,12,0,7.699981804096337,653.9252322970871,0,0.9000760152971948,0,B,False,False,True,False,False,False
15.96308125714525,10,0,7.200033190548362,907.1367165503278,4,1.5664414812249323,0,B,False,False,False,False,True,False
83.16176747516093,2,0,4.39409449136009,1559.8723040729017,4,0.9498570455058246,0,B,False,False,False,False,True,False
2.745491587576731,5,0,41.39569626044311,461.6803163080101,3,0.9854420470665092,0,B,False,False,False,False,True,False
13.888656909446844,13,1,11.450948114708781,2615.427414165556,2,0.9751703893608912,0,B,False,False,False,False,False,True
18.35555777853652,5,1,16.051342141097223,580.2668780653122,1,1.122605373249782,0,B,False,False,False,True,False,False
169.85610025327045,12,1,20.773929735195207,1583.3051270236642,2,0.7279157132481475,0,B,False,False,False,True,False,False
36.93114434142384,0,0,11.775124729783174,1105.2526949714468,3,0.42977153597236517,0,B,False,False,False,True,False,False
91.60138317471967,16,0,26.90423514233782,1198.9145648653325,7,1.0992997916610427,1,B,False,False,True,False,False,False
124.14898056790504,10,0,62.83714703627662,2251.6383966162534,3,0.6670354294388657,1,B,False,False,True,False,False,False
52.96517342366689,1,0,7.4617155412010225,304.3930416210135,3,1.154038293935206,1,B,False,False,False,False,False,True
251.03642836194703,1,0,15.4790727172974,383.2266056443039,2,0.5373821437445208,0,B,False,False,False,False,True,False
19.2179912264084,15,0,5.718815522424418,1238.4133884311682,5,1.4926097047589277,0,B,False,False,False,False,True,False
68.06755934468805,11,0,1.0724787496948605,1280.2568423941316,2,0.6863807132092028,0,B,False,True,False,False,False,False
4.404712812165099,8,0,0.4116860734024038,653.7433669223495,4,0.8547073076144847,0,B,False,True,False,False,False,False
117.06137345105559,4,0,3.970673254152575,955.3555807896654,1,0.624759454733391,0,B,False,True,False,False,False,False
106.51515660761372,21,1,2.6567076004408747,98.3066907620145,2,1.6602738277702327,1,B,False,False,True,False,False,False
32.56495072927523,13,0,19.21618712330576,2018.4173113846891,6,1.2298758782089116,0,B,False,False,False,True,False,False
26.08552489838855,2,0,9.33641038163741,2584.897013616778,1,0.5761131778878016,1,B,False,False,False,False,False,True
195.58651470927373,6,0,11.65113955135351,1233.0415499094686,4,3.098045417682276,0,B,False,False,False,True,False,False
27.540474803858498,17,0,1.2798757928883802,581.0288677068598,5,0.6393524594689932,0,B,False,False,False,False,True,False
171.41272592013544,20,0,0.29396184266327663,1234.26311315965,2,0.6415191651418247,0,B,False,True,False,False,False,False
29.11764175000438,14,0,8.56740585570741,1343.5965157610237,5,1.224082449987169,0,B,False,False,False,True,False,False
93.34175055382974,3,0,4.429404967009069,500.257180509633,2,1.8792719538731344,0,B,False,False,False,False,True,False
11.439946904029071,23,1,14.591657029136936,3237.16435539243,3,1.0510209478476993,0,B,False,True,False,False,False,False
27.215898218310652,12,0,10.750872822175337,4506.512067082265,1,1.16070219183022,0,B,False,False,False,True,False,False
61.86368149490985,17,0,26.440814970308168,1804.7064946689368,1,1.0932002944445194,0,B,False,False,False,True,False,False
562.2879409957477,15,0,27.35248078905519,311.72732601309247,1,0.7721036722819552,0,B,False,False,False,True,False,False
231.75385835317599,0,1,11.554694977898373,1124.5842064653843,3,1.0846041895340077,0,B,True,False,False,False,False,False
35.7489356045989,1,0,35.59701317062966,1258.0489799249392,4,1.750453126692673,0,B,True,False,False,False,False,False
257.94751451157623,1,0,40.510516777605325,5504.688290596344,3,2.2040285672062203,1,B,False,True,False,False,False,False
41.86799289141156,15,0,4.2029305801258,1269.5227242791264,4,1.3781172040467307,0,B,False,False,True,False,False,False
127.95165024271347,7,1,56.91100043272189,293.5735155122165,2,1.7192222773759565,0,B,False,True,False,False,False,False
42.06763237690707,0,0,63.95316733279522,713.8258778196454,7,1.3782684868493935,1,B,False,False,False,False,False,True
21.32129138325792,14,0,1.0075687107441682,938.5048355091569,3,0.8301235607544925,0,B,True,False,False,False,False,False
29.649216939242155,16,0,0.03552318317275019,1635.6774042363436,0,1.5779276986941853,0,B,False,True,False,False,False,False
6.0001449296090525,16,0,0.9057850763215732,1071.0696529076733,2,0.5312185803212308,0,B,False,False,False,True,False,False
29.39273791850449,2,1,6.453936652283162,813.8493646002509,4,0.9112625092176394,0,B,False,False,False,False,True,False
13.00272328724843,20,0,24.75787457841997,308.55771320706475,5,2.5497541175164327,0,B,False,False,False,False,True,False
79.81944625762371,23,1,10.534700403290145,625.9066500443353,5,0.8612231101653308,0,B,False,False,False,True,False,False
142.89769785937614,23,0,5.270360230668235,850.325414361842,2,1.0442475183005886,1,B,False,False,True,False,False,False
32.2063598216326,11,1,0.8486312015201349,946.672844962137,5,0.6939244386292739,1,B,False,False,True,False,False,False
10.522028279284285,4,0,7.5588888654610535,4005.946173390119,2,0.5885796920935195,0,B,False,True,False,False,False,False
183.8593042873067,12,0,0.5524965194168074,1873.3330313677104,2,1.144283270024586,0,B,False,True,False,False,False,False
34.36608890134071,20,0,2.8442462652984277,533.0633275726524,2,1.0840561780749238,0,B,False,False,False,False,True,False
215.47199770924544,6,1,31.645246163493667,1753.1907411546708,5,1.9787286697020166,0,B,False,False,False,True,False,False
77.06268779099707,0,0,21.508690710977877,398.39862914903176,2,0.468274409514249,0,B,False,False,False,True,False,False
513.7275379522188,16,0,81.78747143708186,438.9724646394992,2,1.3106752871545677,0,B,False,True,False,False,False,False
42.697352120815864,12,0,33.72467594064778,629.1115041544232,2,1.242324664801944,1,B,False,False,False,False,False,True
4.650871349291126,10,1,29.039717423664605,1026.5408339608166,3,0.7708766366502411,0,B,True,False,False,False,False,False
64.53210994813533,16,1,2.8809296807501275,1961.3592017308983,3,1.483358959026276,0,B,False,True,False,False,False,False
17.125995849229383,23,0,15.675719215388824,1583.9818397873441,4,0.4708495155633509,0,B,True,False,False,False,False,False
16.835610840034605,23,0,13.764415469887373,1784.5156880066886,1,0.5088278569197823,0,B,False,True,False,False,False,False
256.94568098740604,12,0,37.498953491530465,2627.1868066146553,2,0.39793428941204295,1,B,False,False,True,False,False,False
75.95814460621547,3,1,22.781524116776133,2227.392205117164,2,0.7983233981297432,0,B,True,False,False,False,False,False
23.239422238609894,4,0,22.35720648142922,727.1987043389593,6,1.1508069553999414,0,B,False,True,False,False,False,False
56.75155270220244,22,1,5.889815239900371,639.812192565854,1,1.1387823791711669,0,B,False,True,False,False,False,False
56.34505810027433,13,0,1.9929391844036253,1885.35922770016,9,0.7455549378105805,0,B,False,False,False,False,False,True
5.663973724918336,15,1,6.9080642005636435,2693.7703263793433,3,2.315717582455918,0,B,False,False,False,False,True,False
152.96237480841938,5,1,3.5060964669493986,1744.0832889301512,4,1.073301346222665,0,B,False,False,False,False,True,False
132.53274491436,1,0,19.51278728737683,2388.277516240401,2,0.38600287673076644,0,B,False,True,False,False,False,False
35.197444219563955,12,0,9.223835037508545,1511.8978062045949,4,2.6993832213512734,0,B,False,False,False,True,False,False
71.76411126535287,22,0,3.9647121586598817,3321.282412343138,5,2.3702505291816434,0,B,False,True,False,False,False,False
12.517304593431914,17,0,16.09346988015448,705.6539579452079,3,1.5595060530337248,1,B,False,False,True,False,False,False
539.846903956438,3,0,1.0739923503935205,2421.281396938853,2,1.1959805110628206,1,B,False,False,False,False,False,True
165.42751846117173,15,1,37.48547520295539,1016.5708502468808,1,1.0815235706395216,0,B,False,True,False,False,False,False
29.050017522467105,3,0,12.952381484761876,421.9932620917785,0,0.584655009687394,0,B,False,False,False,False,True,False
14.565402456511988,15,0,9.270278736699025,873.0933577602063,4,1.063879635106786,0,B,False,True,False,False,False,False
30.2824380526449,20,0,4.297358621674836,1785.8775323130765,3,1.0256036860715259,0,B,True,False,False,False,False,False
21.7538297556237,16,0,11.90757109837992,3242.151184486513,2,1.1451809590688187,0,B,False,False,False,False,False,True
89.49372042437986,2,0,5.077644634849039,1162.8726290189297,0,0.7856804949700136,1,B,False,False,False,False,False,True
30.686937478876487,23,0,7.526195728816255,801.8887017004954,5,0.4072127868281351,0,B,False,False,False,True,False,False
6.437605459295196,5,0,32.91208287719817,1851.5223612546004,3,1.5997758812882066,0,B,False,False,False,True,False,False
32.36353859989486,18,1,3.2377335657152835,285.38894535006443,3,0.931835482096128,0,B,False,False,False,True,False,False
22.620837026639038,1,0,6.416435993555325,1247.3235244077498,2,0.8303892850646808,0,B,False,True,False,False,False,False
145.72037169363904,21,0,15.999829049412224,252.55404215605873,3,1.252620447781943,0,B,False,False,False,False,True,False
615.0316260484917,13,0,19.352528919007955,365.72155041767485,3,1.7253557900055354,1,B,False,False,True,False,False,False
48.27438187760349,2,0,1.831114781628441,444.1596593894899,4,0.685577826231698,0,B,False,False,False,False,True,False
61.437207764971006,6,1,41.2888015690422,1517.348081261205,2,1.3478053462883701,1,B,False,False,False,False,False,True
20.851672295237627,22,0,0.41169434659669596,800.493199064407,0,1.3307743386780866,0,B,False,False,False,False,True,False
121.43757500959538,10,0,1.0386109296915116,502.493682045087,2,1.2745424409529256,0,B,False,True,False,False,False,False
41.8531738363905,14,0,21.538438532504763,2015.4737722234997,3,1.2113908312097985,0,B,False,False,False,True,False,False
57.04182942608591,17,0,22.141641013597038,563.4909068381303,3,1.3453370202379484,0,B,False,False,False,False,True,False
148.00271824834238,3,0,16.453238364132474,1419.0603148078433,2,0.9997010045906112,1,B,False,False,False,False,False,True
113.77503058144282,2,0,11.061443147043985,1191.7903538351798,7,1.4847238373440093,1,B,False,False,False,False,False,True
39.011088241431764,15,0,5.108592702149255,823.021852168071,3,1.0132497596090961,1,B,False,False,True,False,False,False
140.57752097054845,7,0,27.48717228761362,1033.3952483042203,7,2.238663156279489,0,B,False,False,False,False,True,False
419.05452946089025,7,0,17.997472896298344,2049.7336147521187,4,1.98349762339273,0,B,False,True,False,False,False,False
79.1309079987071,3,1,51.6541027024144,361.77666805844626,5,1.9265222246347653,1,B,False,False,False,False,False,True
102.27401077036033,15,0,9.085743510831266,5011.776939197908,4,0.3550528783340344,1,B,False,False,True,False,False,False
111.24534026906196,3,0,9.538117752198739,809.0500422687003,4,0.7141626786920351,0,B,True,False,False,False,False,False
15.573657823331821,5,1,23.509232651686514,1464.8384337891735,1,2.677331592188257,1,B,False,False,False,False,False,True
97.35585965676364,21,0,74.53260496458905,388.77596953522516,1,0.45895126240725387,1,B,False,False,True,False,False,False
46.252103852348235,5,0,34.00920869851612,6658.51313107694,4,2.9874686722636206,1,B,False,False,False,False,False,True
246.38330056359843,17,0,5.296192480292696,424.1235555630957,2,1.2327553297563973,0,B,False,True,False,False,False,False
64.72790152167975,11,1,46.06247686007444,1178.4026312623917,3,0.9735597710176893,1,B,False,True,False,False,False,False
29.768025510055516,7,1,3.3091100365325308,2492.652960768378,3,0.7377726220449604,1,B,False,False,False,False,False,True
37.195386155397856,13,0,8.20834795491203,2206.4341287224784,3,1.0143916727239621,0,B,True,False,False,False,False,False
433.4209320932477,6,1,32.69753901887056,2186.627086435802,5,0.9762461337506997,1,B,True,False,False,False,False,False
2004.702299118299,1,0,5.641051424422465,922.8344498478316,2,0.6551186739933554,0,B,False,False,False,True,False,False
88.30570831775486,7,0,6.513366972871173,5916.591869809613,8,0.5289413657025471,0,B,False,True,False,False,False,False
23.689356942890534,10,0,78.78867551642864,684.9340294680369,2,0.5254619659552036,0,B,False,True,False,False,False,False
10.591753607140598,16,0,8.995406557566925,1146.5053328779782,1,1.9095357384918752,1,B,False,False,True,False,False,False
30.708083245448254,9,0,44.1909840616331,823.4029863378552,3,1.3928354755733205,1,B,False,False,True,False,False,False
58.55302075348174,6,0,4.803720502322544,681.6310452615372,3,1.2340965402720852,0,B,False,False,False,False,True,False
29.403125484388774,5,0,10.42202863355264,2735.8615732638923,3,0.6005513069027898,0,B,False,False,False,False,True,False
12.771646961249303,8,0,7.237051166080471,2824.944957314017,3,1.2251267142723485,0,B,False,True,False,False,False,False
85.86791305434976,18,0,12.457765606498986,1373.281345788864,3,2.321124891423017,0,B,True,False,False,False,False,False
36.32837131044409,4,0,34.301747409505666,2349.1392183947196,3,0.8330971278950746,1,B,False,True,False,False,False,False
40.446139731199466,4,0,70.45756874609134,539.4168959522286,3,0.9210379888627651,0,B,False,False,False,False,False,True
84.43274349706316,21,0,10.429225643350826,579.8856653826757,1,1.2532317022580617,0,B,False,False,False,True,False,False
37.20070106305392,2,0,2.8861639780612,173.95084476268397,1,0.4732631332064769,1,B,False,False,False,False,False,True
4220.9065741046115,3,0,0.7769282887485885,141.00737044559278,5,2.145203235969974,0,B,True,False,False,False,False,False
109.14001157153498,11,0,2.6068176814526813,3772.0408082464714,4,1.5439290344943433,0,B,True,False,False,False,False,False
9.850782771564928,5,0,20.583463471983812,1078.5071487656899,2,1.3979622783665007,0,B,False,True,False,False,False,False
137.43682428849564,20,0,13.532704999250361,2168.5006895691217,3,1.0398288353594112,1,B,False,False,True,False,False,False
115.69190453895656,9,0,20.72187765741322,1395.1991708129106,1,0.5304835269438093,0,B,False,False,False,False,True,False
84.71189621784782,7,0,46.177917135384575,2298.915594349731,0,1.3471333003021106,0,B,True,False,False,False,False,False
302.17190463744043,22,0,18.404802758536512,1991.5203422709649,1,0.8977989115247582,0,B,False,False,False,True,False,False
92.98465542000443,16,0,22.545780685787083,288.218389931486,4,1.6599128369586302,0,B,False,False,True,False,False,False
17.288187790843736,5,0,8.356830194625909,2685.0220703063505,3,0.8962569184890872,0,B,False,True,False,False,False,False
17.92283944999323,4,0,10.740785345793892,1763.1426115719905,2,3.13372762988298,0,B,False,False,False,True,False,False
35.666806206879784,9,0,25.998442101435632,187.7914366090664,4,0.6989460560703253,0,B,True,False,False,False,False,False
158.25008634417156,11,0,15.285902048205827,1702.57636448042,6,0.7324161122292631,0,B,False,False,False,True,False,False
20.286687767833417,13,0,11.501878385267219,273.83745978882143,3,0.6693131933792571,0,B,False,False,False,False,True,False
14.179127753107887,2,0,3.749986307966381,3496.6235642961574,4,3.285563629745818,0,B,False,False,False,True,False,False
1338.4181938912748,19,0,13.850972601491213,1994.9957037881118,1,0.6002339747540689,0,B,False,True,False,False,False,False
55.66711890676544,3,1,5.1609855140483605,1241.4951907404734,4,2.092369870291046,0,B,False,False,False,False,True,False
25.79969796727387,3,0,13.382111685232612,1358.8567667138623,1,0.2629158562851152,0,B,False,True,False,False,False,False
1.9647771157972511,7,0,9.351231693895365,351.3055077683131,2,0.9761130137869385,0,B,False,False,False,True,False,False
18.635609782202213,3,1,1.6091459167391238,1800.9753331017396,3,0.6608914708592022,0,B,True,False,False,False,False,False
20.88673195758989,18,0,29.188927427349757,871.0647720541994,1,1.1380570032638222,0,B,False,True,False,False,False,False
53.07832033254597,14,0,13.05958537112048,558.1456649261543,4,2.093734958346986,0,B,False,False,True,False,False,False
43.61045464294407,12,0,34.98760971741078,637.4131546235515,2,0.676740346325353,0,B,False,False,False,True,False,False
90.18690494950718,4,0,39.25849595539149,370.78001014289885,1,0.9799336858324549,0,B,True,False,False,False,False,False
11.857194732304844,14,0,10.934083304577412,5596.30231849429,5,1.0163434152498811,1,B,False,False,False,False,False,True
284.7525175751008,17,0,17.000431993980406,2198.968200971159,5,1.208160955892279,0,B,False,False,False,False,False,True
229.78697644235828,4,0,33.861876448287845,2623.4386294009537,2,0.678469412697113,1,B,False,False,True,False,False,False
18.191547917188366,17,0,17.098776409883683,419.8664864082152,2,0.9550281282286405,1,B,False,False,False,False,False,True
496.6864848158314,9,0,4.194440873183814,212.4039629527738,4,0.6377449479785657,1,B,False,False,False,False,False,True
11.614587129392056,17,0,4.4857748639630985,914.8098902247422,3,1.6070691524668148,0,B,False,False,False,False,True,False
17.590886451756727,6,0,8.142067217563334,925.7029742880351,2,1.1134397162284588,0,B,True,False,False,False,False,False
18.35104492593323,9,0,0.5760519828607316,1316.5174396046482,4,0.8146746927661493,0,B,True,False,False,False,False,False
25.628503521574487,3,0,6.953921894786331,5868.262715677052,5,0.7088918644442603,0,B,False,True,False,False,False,False
17.405600575029503,21,0,2.3245559147971298,542.1607944353735,3,0.9851538434888066,0,B,True,False,False,False,False,False
31.659550761695478,8,0,26.329246774074285,290.88824690802613,3,0.9161667659121405,0,B,False,False,False,True,False,False
130.79996700419315,12,0,22.86405359789385,441.7759709116023,4,1.789536359214802,0,B,True,False,False,False,False,False
38.22218026014652,15,0,2.887782731200311,1312.9266154019278,3,0.8148399632427553,1,B,False,False,False,False,False,True
2505.9279253380296,12,0,5.025202319541034,4149.237171217079,4,0.6364249595546663,0,B,False,False,False,True,False,False
299.7246287747377,2,1,12.657724552400335,1917.0465114489086,2,0.929457872168959,0,B,False,False,True,False,False,False
255.84848290946613,14,0,4.3027923568713256,363.0207518054427,0,0.44775868671623537,1,B,False,False,False,False,False,True
17.739332226829717,16,0,0.857207548134235,4247.116269461581,1,1.5415417601048367,0,B,False,False,False,False,True,False
36.28658513527429,2,0,21.744214820371283,648.8162665695087,5,2.00467876715964,0,B,False,False,False,True,False,False
30.922299806420327,2,0,1.4331987456567,229.8469374611391,2,2.3553322734311695,1,B,False,False,True,False,False,False
14.8248432289601,18,1,16.98744605657702,1201.6494988142351,0,0.3402466506811879,0,B,False,False,False,False,True,False
646.4688204348136,3,0,2.4352046426715237,906.1470861459102,2,0.8215587309124142,0,B,True,False,False,False,False,False
200.41024281161725,2,0,0.1156044636231699,5044.83626789777,7,1.5024571121540016,0,B,True,False,False,False,False,False
43.51561422429289,20,0,12.400124922764425,395.3946873350412,0,1.1460735676800078,0,B,False,True,False,False,False,False
90.34267537278213,15,0,5.025258839629723,4006.4276799858103,5,0.6596253724493344,1,B,False,False,True,False,False,False
61.14688193277096,23,0,2.0901980683031467,595.5637544979438,2,1.13161599999779,0,B,False,False,False,False,True,False
16.856323651695526,18,0,17.326463033670557,647.5604465965667,0,1.321339020319889,0,B,False,False,False,True,False,False
139.68462555241288,5,0,15.498172972981298,658.6130626165588,2,0.915090013714622,0,B,False,False,False,False,True,False
61.54724774706233,16,0,7.9496697024385234,3412.205672436916,4,0.7277118952630646,1,B,False,False,True,False,False,False
29.15625297726083,3,0,1.3915453884046818,341.6472319372207,4,0.6204660185430179,0,B,False,True,False,False,False,False
13.612485285301696,16,0,9.406037558718076,583.5316307126275,5,1.4984651308279477,0,B,False,True,False,False,False,False
111.41999813130668,1,0,1.6500112851152708,1149.327812288244,1,1.70516764537557,0,B,False,False,True,False,False,False
49.904744932222094,18,0,77.61054211361301,1421.0585557339543,3,2.4713927264532787,1,B,True,False,False,False,False,False
19.490640510240045,20,0,4.0126068121798735,1979.9502110889946,6,1.1384999638919742,0,B,False,False,False,True,False,False
231.81657010034198,8,0,0.046626848731929404,795.305037696271,2,0.8019707631024796,0,B,False,True,False,False,False,False
64.774344865968,2,0,3.727472813088073,2365.435699753521,4,0.5491881113464279,1,B,False,False,False,False,False,True
6.608378924315346,12,0,14.499594791647382,155.1206001134483,4,0.8954431208034986,0,B,True,False,False,False,False,False
319.21583963193297,23,0,56.2275825906388,1442.6119703684024,1,1.0635372568834336,0,B,False,False,False,False,False,True
9.08438376792896,17,0,11.180059129906379,1656.0445612561268,3,1.1131136012674585,0,B,False,True,False,False,False,False
29.365185182015583,19,0,8.83371850535054,553.3942789375452,3,0.8158337481799434,0,B,False,False,False,True,False,False
57.18158677011939,14,0,72.91156743557033,1836.5456688510512,1,2.358425361997849,0,B,False,False,False,True,False,False
13.47980500567949,1,0,2.704314313971299,546.3669817787,1,1.9487831088968168,0,B,False,False,False,True,False,False
45.19425592599181,20,0,3.30549136714684,994.3982931135148,2,1.977731342417483,0,B,False,False,False,True,False,False
361.36596061714135,11,0,7.187428038498356,372.59323446309924,2,0.8653482234369425,0,B,False,False,False,True,False,False
286.67680646994654,6,0,20.64529326325542,1543.662665222752,1,1.13489379683963,0,B,False,False,False,False,True,False
145.23319559572556,10,0,5.4041171946136854,2264.707153434126,4,0.7822619401349192,0,B,False,True,False,False,False,False
179.91258485308867,21,1,9.520843303108746,690.284461927998,2,0.903973540288604,1,B,False,False,True,False,False,False
209.88115262984775,14,0,42.03884223759018,1088.0697807820004,5,1.8910152722266518,1,B,True,False,False,False,False,False
168.16893849668057,6,0,30.9288250664257,1131.8748548520975,4,0.6510458624908572,1,B,False,False,False,False,False,True
68.98678991720413,21,0,44.06885833963288,809.0366401937214,3,1.0011517382956354,1,B,False,True,False,False,False,False
36.07573545080068,7,0,2.737500124949088,1398.6658905895995,2,0.9192027847070358,0,B,False,False,False,False,False,True
22.50699167848334,22,1,9.870807715083494,8425.546332010019,4,0.8187389242777382,0,B,False,True,False,False,False,False
27.277733804145388,22,0,18.7296645758166,3462.495948272567,2,1.4756790801434392,0,B,False,True,False,False,False,False
4.943954358598788,23,0,19.801727724185827,868.0727875300338,2,0.9535381540945671,0,B,False,False,False,False,False,True
130.62987766865584,11,0,11.980436232995359,1557.5399553261102,2,1.02423723963126,0,B,False,False,False,True,False,False
88.14342015561905,5,0,25.78520456042427,945.1520254634339,2,1.6734405888743213,0,B,False,False,False,False,False,True
63.48662700609259,13,0,0.6548563838747736,712.2812086226942,4,1.0812618868458865,1,B,False,False,False,False,False,True
35.40615720576581,4,0,3.289325291856468,3133.934453469493,4,2.385116712402414,1,B,False,False,False,False,False,True
88.44552058569363,3,0,5.961323970235622,1084.126262961464,1,0.5209910769767694,0,B,False,False,False,True,False,False
64.07414096271543,23,0,19.579295587749264,1103.2844299620149,3,1.9812855281414758,0,B,False,True,False,False,False,False
45.49789522366102,3,0,34.800803862050614,11996.034159135432,3,1.4850699233845233,1,B,False,False,True,False,False,False
139.44869913113868,8,0,11.289027549842316,1827.2963708908944,2,1.4531341488119784,1,B,False,False,True,False,False,False
50.83107607306958,14,0,18.4737176397665,749.6888880927715,2,0.6640428786702242,0,B,False,True,False,False,False,False
111.02125417664625,17,0,13.5361828968356,1536.8238964194848,6,1.3048601757513394,1,B,False,False,False,False,False,True
167.21979306544793,6,1,38.75288256483611,1028.493160645291,0,0.490073244338554,0,B,False,True,False,False,False,False
14.941222889375334,19,1,34.55231648902946,1784.9124803055981,3,1.2815290947345095,0,B,False,False,False,False,True,False
104.60386355511666,15,0,24.746594627850232,379.65058271922373,2,0.699866125535437,0,B,False,True,False,False,False,False
2.482473314043275,10,0,4.918858869081639,696.4238072287513,2,1.5960978192371682,0,B,False,False,False,False,True,False
140.58588798483754,3,1,7.004973881606006,1688.4077688334246,1,0.5185238930716562,0,B,True,False,False,False,False,False
170.78056066263792,7,0,8.078935609856572,1385.324717435645,2,0.7968805045714104,0,B,True,False,False,False,False,False
146.05347586607598,2,0,0.06524941789449576,1310.7235016315688,2,0.7480236402893169,1,B,False,False,True,False,False,False
184.00909407229054,20,0,3.9418947956255437,1943.4091349528503,3,1.0964945403807151,1,B,False,False,True,False,False,False
229.41957767880808,4,0,18.76642454278718,1397.4344761872928,4,0.8734739728931777,1,B,False,False,True,False,False,False
48.97463144764424,2,0,11.791788482034447,330.7828508071418,2,1.230900380980205,0,B,False,False,False,False,False,True
118.10280979503236,19,0,47.46148107595847,295.3400238714858,2,0.6617632788597377,1,B,False,False,False,False,True,False
165.55256192683478,8,0,0.44385073668656805,3411.9528221367896,4,2.1555132324942643,0,B,False,False,False,False,True,False
24.59845897191031,2,0,7.1292161474492755,3894.573872110854,7,1.3936914993535323,0,B,False,False,False,False,True,False
10.504013440552502,9,0,18.42776731568902,7256.367086324832,2,0.6123790214029823,0,B,False,True,False,False,False,False
101.86352458995587,16,0,2.152868760046715,801.4411473853298,2,2.037520702043342,0,B,False,False,False,False,False,True
136.09725782677216,20,0,10.38587730584893,476.24613491630254,2,1.0063318421103038,0,B,True,False,False,False,False,False
211.82610554933572,20,0,0.23968457180416092,664.9081256021506,1,1.401118797895536,1,B,False,False,True,False,False,False
55.99491242754599,10,0,2.9795715161355347,488.95049717166177,4,0.9605715066606079,0,B,True,False,False,False,False,False
63.24750662427689,8,0,41.755138915032674,565.4327027696351,4,1.172973356313331,1,B,False,True,False,False,False,False
61.250677774952756,10,0,13.719342728648915,3711.2925409560503,2,3.4981569184370507,0,B,False,False,False,False,False,True
28.687048603306593,23,0,21.358722975323687,784.8217521732986,5,1.5001410525506664,1,B,False,False,True,False,False,False
142.65683057926492,6,0,1.6168034195320546,443.3299613718241,5,2.6057937214559876,0,B,False,False,False,False,True,False
116.7075326303773,0,1,4.010171644706802,365.7803023214227,3,1.4544028575632528,0,B,False,False,False,False,True,False
48.64177251512473,13,0,3.196398633562952,1681.7335821117983,3,0.8536251517647634,0,B,True,False,False,False,False,False
58.83775487905438,10,0,4.81876223465055,1345.1650754986872,4,0.9252164397572712,0,B,False,False,False,False,True,False
45.32163080210722,13,0,4.4824515560685665,2223.5320105810533,2,1.1463156603727458,0,B,False,False,False,True,False,False
559.5346110476391,22,0,12.435526899989148,534.3258992634245,2,0.5047428636198845,0,B,False,False,False,False,True,False
111.46755444548576,17,1,18.346747824855555,1507.3052465520536,3,0.9606544770478832,1,B,False,False,True,False,False,False
10.279812547741628,8,0,11.925638761397853,6997.660096035089,2,1.7775942604193402,0,B,False,True,False,False,False,False
54.8495885506282,11,0,5.329790825210504,1057.1034258411823,1,1.7851395324476367,0,B,False,True,False,False,False,False
35.46911284067801,13,0,17.802627183005498,945.7286989200425,0,0.6387811344505211,0,B,False,False,False,True,False,False
59.90718129963765,11,0,12.040258510106478,785.8333628554327,2,1.8107114263285677,0,B,False,False,False,True,False,False
29.05303524416585,2,0,15.264016849906564,834.7451420497518,3,0.8243956947604822,1,B,False,False,True,False,False,False
171.70857331998633,8,0,3.5657754863028512,2216.9017461106746,2,0.2678092360544855,1,B,False,False,False,False,False,True
48.2320755596842,15,0,48.146758467575594,390.557404914608,2,0.7310063290658941,0,B,False,False,False,True,False,False
60.69180604325181,20,0,5.9567312627435935,165.8256802174364,3,1.5204236444174395,0,B,True,False,False,False,False,False
75.66528616631278,3,1,6.923221780559933,3470.7189643113143,3,0.730834332702175,0,B,False,False,False,True,False,False
61.65035185615011,20,0,11.664463040267101,1505.6352107230039,2,1.1214135133844303,1,B,False,False,True,False,False,False
10.77326652897702,12,0,0.7645359383817809,731.959750297204,6,0.8012535177958482,0,B,True,False,False,False,False,False
18.69949947385964,17,0,3.182448561763975,6363.335333775191,4,0.8690615957032543,0,B,False,True,False,False,False,False
19.911182113821923,7,0,25.125140927424155,872.5258312763171,4,1.536789219486257,1,B,False,False,True,False,False,False
75.18076259505278,23,0,23.68907049585611,193.37761357010174,5,2.9301308402406097,0,B,False,False,False,False,True,False
26.934465383684078,23,0,2.294145497946336,1349.522247657034,6,0.8021894573579506,0,B,False,False,False,False,False,True
22.73430915862782,7,0,13.362555352776425,1559.03214354134,2,0.6669489705066226,0,B,False,False,False,True,False,False
41.00544833537242,15,0,1.028363387990538,1585.9556882618826,3,1.2480324014868989,0,B,False,False,False,False,False,True
104.6339869188362,22,0,1.1632927702937863,688.5129567819591,2,1.0615095469497382,0,B,False,False,True,False,False,False
41.437099941444764,12,0,24.111798236939844,399.04359976746264,3,1.4538310820495295,0,B,False,True,False,False,False,False
59.35901763263444,1,1,9.538192049495006,1038.2872292125783,4,2.3294290944151164,1,B,False,False,False,False,False,True
43.3805575614921,23,0,39.165029739302625,4374.902255200975,6,1.8102867712470723,0,B,False,False,False,True,False,False
1172.5993832903216,21,1,9.754827879617459,1066.2285994646486,4,0.8260723914223124,0,B,False,False,False,False,True,False
56.35060141177323,20,0,24.67286596347205,822.8776620999414,3,1.2621883733672783,0,B,False,False,False,False,False,True
33.24632339886239,12,0,15.273405965750543,624.9630654453363,0,1.0357931050722589,0,B,False,False,True,False,False,False
2.9683620792236467,17,0,8.447567865995047,858.05573005947,3,1.0528785013554094,0,B,True,False,False,False,False,False
48.149034564448534,18,0,12.140867205421117,1911.0345644725285,4,1.3957631901696916,0,B,False,False,True,False,False,False
379.0233713544853,3,0,40.82359752270737,1143.4363900132555,5,0.734794626226728,1,B,False,False,False,False,False,True
9.788138350268097,3,0,1.1833095279590515,1253.7480864593315,5,3.942296823703514,1,B,False,False,True,False,False,False
21.15264123066057,20,0,11.308463632271009,2513.2303441209724,3,1.0817886901768383,0,B,True,False,False,False,False,False
754.9460798000912,1,0,0.7985751968726069,873.6770872337567,4,1.063706044611478,1,B,False,False,False,False,False,True
9.805153110742562,8,1,12.16006635425149,922.3973421201041,3,1.1269006419086487,1,B,False,False,False,False,False,True
141.91716738699705,8,0,14.006524164665233,518.7260756089581,5,1.9068602916454616,0,B,False,True,False,False,False,False
40.48728457530646,20,0,24.71456806072538,3918.3199848565982,3,0.6527433244185331,1,B,False,False,True,False,False,False
13.435290207392237,3,0,24.005761563358288,3717.244103861681,4,1.0330270696783488,0,B,True,False,False,False,False,False
108.67550619882093,15,0,0.15216780808365185,1207.5543197712489,3,0.4870167346056809,0,B,False,True,False,False,False,False
3.5934346463539204,7,0,1.1077740297155179,615.4079083672111,7,0.7677014510802016,0,B,True,False,False,False,False,False
155.5146084377702,6,0,17.305725984746662,1261.4942153391305,4,1.3330599695572833,1,B,False,False,True,False,False,False
22.07815727841575,12,0,3.029308644142942,1102.3040028492708,9,0.7555250934103176,0,B,False,True,False,False,False,False
12.6845536908627,4,0,11.265844498551091,1513.2183416844957,3,1.0378067751637532,0,B,False,False,False,False,True,False
267.24273524746826,7,0,3.9539794360130984,979.0454470147417,2,0.7990113742559634,0,B,False,False,True,False,False,False
42.46811979718341,20,0,26.990143178125802,2372.1798469389346,4,1.6567869836691547,0,B,False,True,False,False,False,False
155.06754996641178,1,0,17.13403232016969,781.1357806696865,0,0.5563378936616951,0,B,True,False,False,False,False,False
404.52193097388874,15,0,8.578243768071015,1894.3638549273367,2,0.6606452712427465,0,B,False,False,False,False,True,False
16.889496771075077,21,0,3.8164569956618424,2388.8823180302543,3,0.6648907414801207,0,B,False,False,False,False,True,False
2.8124908911698268,17,0,16.154164940918925,1981.4388929149234,2,1.3157924058023576,0,B,True,False,False,False,False,False
106.27507741015296,9,0,6.491390345916559,2691.9126603827717,3,0.8204918918387869,0,B,False,False,False,False,True,False
40.28807700163591,8,0,13.341484996559014,1096.2798523388446,3,1.0742651260107139,0,B,False,True,False,False,False,False
98.37509317156695,14,0,16.543981909497106,437.05843557816985,1,1.9363824206118307,0,B,False,False,False,False,True,False
429.6299996123182,22,0,2.2217081677340142,2717.08424359369,6,0.8547633913160824,0,B,False,False,False,True,False,False
5.561327895806956,2,0,0.7577163965879056,930.114881976809,2,2.1450401217051858,1,B,False,False,True,False,False,False
26.92670551276755,14,1,10.198126301161997,1705.9955413468913,4,0.3450066977664731,0,B,False,False,False,True,False,False
75.55623918129507,12,0,2.5849687002298203,2276.9084623331905,3,0.5379196352188453,0,B,False,False,False,True,False,False
60.07265098286083,23,0,1.4092234951599527,2633.2945250922935,3,0.8711508474984349,1,B,False,False,True,False,False,False
32.009152295529994,0,1,1.398980615544704,930.0030295717874,3,0.48646487178034065,0,B,False,False,False,True,False,False
242.8933924558492,14,0,18.16498078102555,472.2695909619037,1,1.4642129330466562,0,B,False,False,False,False,True,False
1.8494769248200469,8,0,35.35036017361914,390.9571894640884,6,1.2801969056772182,1,B,False,False,False,False,False,True
8.061486685761366,6,0,40.288363062825056,1399.8994183015063,4,1.3121359629832627,0,B,False,False,False,True,False,False
122.7685471850232,17,0,41.212706132339534,1193.9867434465723,0,0.5084967843218743,0,B,True,False,False,False,False,False
31.15460414302165,7,1,16.675253011047143,524.7471476937319,4,0.9084534856188676,1,B,False,False,True,False,False,False
147.2506062414743,14,0,39.02819530559562,1523.959847858966,2,0.9838809435989443,1,B,False,True,False,False,False,False
388.2068146101762,13,0,2.1207943007087313,737.9718688059301,2,0.7295321015362988,0,B,False,True,False,False,False,False
8.770180398310757,21,0,13.801072045602229,2532.8074572084884,3,0.8250628851394922,0,B,False,False,False,False,True,False
34.215803372415785,5,0,21.406618111826834,2279.9304188332517,3,0.7677359358478378,0,B,False,False,False,True,False,False
11.887223151517965,13,0,42.98741011741795,1235.3967272755388,2,0.8260920699960564,1,B,False,False,False,False,False,True
122.69276903481042,3,1,5.970527159488241,641.2489711401586,2,2.1051410245808952,0,B,False,True,False,False,False,False
17.62587219077196,20,0,13.184018083688937,1321.1746645200171,4,0.5120660573960308,0,B,False,False,False,False,False,True
327.4569702165734,15,0,7.7515329333952945,7253.654328110292,7,0.5000499259291784,0,B,True,False,False,False,False,False
24.979698414940543,13,1,11.591586448323564,461.36826393642747,2,3.2630882972747495,0,B,False,False,False,False,True,False
22.7421695778786,22,0,10.5045995529809,2099.9715208736707,2,2.704643205441815,0,B,True,False,False,False,False,False
163.77193610048042,16,1,28.42577260743081,1382.0247269924855,4,1.8139649926226236,1,B,False,False,True,False,False,False
53.78614564195212,15,1,26.06476694449801,962.6945293259242,4,0.5828161295351807,0,B,False,False,True,False,False,False
152.02882273070568,1,1,7.535723387344369,518.1362136347093,0,0.614750441243605,0,B,False,False,False,False,True,False
11.90449178866792,0,0,4.948608410827873,4039.3427891931456,1,0.6709719260951444,0,B,True,False,False,False,False,False
51.69899365712777,14,0,28.545033379197957,2793.5290075003536,3,1.032296863807921,0,B,False,False,False,False,False,True
262.39350485072526,8,0,46.402836741369136,2093.4486191032415,3,1.254819010775483,0,B,True,False,False,False,False,False
53.18203669183575,12,1,0.2818965468180352,1276.8329316418317,3,0.5225193654593686,1,B,False,False,False,False,False,True
8.725102740697304,16,0,10.427364478240964,237.65939861940305,1,0.8380097032919898,1,B,False,False,False,False,False,True
441.01286973155055,2,1,22.14441698585583,1331.1375452033535,6,0.8393902436309056,0,B,False,False,False,False,True,False
12.72965543944912,5,1,63.99966074804394,524.4421664783684,3,0.8517976539221519,1,B,False,True,False,False,False,False
21.069518344551735,21,0,11.341978877356873,2652.182944574069,2,1.012739071181561,0,B,False,True,False,False,False,False
10.744451472487471,8,1,19.04145461661944,2170.0801143664394,3,1.0826230750403296,0,B,False,False,False,True,False,False
185.9987993119212,8,0,40.62429295883355,2132.471500838657,3,2.9443329922971775,1,B,False,False,True,False,False,False
1721.4926910434951,19,0,7.0553474150006625,5248.478566070348,1,0.669620421548147,0,B,True,False,False,False,False,False
43.256506979202435,16,0,32.41896152782895,313.5601803564033,3,1.1622238985865871,1,B,False,False,True,False,False,False
598.4617732281524,8,1,4.6418098816772275,216.44866570396593,2,0.7209352630894834,0,B,False,False,False,True,False,False
755.2245048694587,1,0,19.389770278221143,2254.770085791807,5,2.888410331594316,1,B,False,False,False,False,False,True
62.32862952036546,14,0,46.82314142105966,339.00008868063304,2,0.8759686996774193,0,B,False,False,False,False,True,False
42.96468584073567,9,1,15.674828887141896,1123.1700614600234,1,0.6467361828076007,1,B,False,False,True,False,False,False
35.41808750248252,9,0,7.079053443611157,843.343460595975,2,0.6493399783160397,0,B,False,False,False,False,False,True
66.07974243680606,3,0,1.217188630722279,1175.3369872440926,3,0.8892626536045207,0,B,False,True,False,False,False,False
557.9200567176155,6,0,3.3597349354241195,956.4785537652327,2,1.6174526064109325,0,B,False,False,False,False,False,True
67.3057675139941,1,0,19.598677828735706,1392.7296028032185,1,0.773889460554451,0,B,False,False,False,True,False,False
40.15977721281247,8,0,68.60017208708122,272.03427500876677,3,1.1946009260865151,0,B,False,False,False,False,True,False
52.8047118282094,4,1,28.43183831852876,3234.6360537467162,1,1.286987748445982,0,B,True,False,False,False,False,False
97.86427696748606,9,1,23.515841754129482,1059.3136077383274,3,1.2527562795293454,0,B,False,False,True,False,False,False
31.389537930579706,8,1,0.28361159479892234,1235.1851615260741,5,0.5303295052303766,0,B,False,False,False,True,False,False
38.568151217617,7,0,19.84649066718369,474.62893855509077,3,1.238808463536313,0,B,False,True,False,False,False,False
25.207107706008593,2,0,26.365733933177268,1316.544755502716,3,0.9591071450122499,0,B,False,True,False,False,False,False
16.33215728061214,18,0,5.895565918177545,1740.4577341500449,2,1.985682405446343,0,B,True,False,False,False,False,False
109.14611525998838,17,0,121.84989220218732,947.5721882669222,2,1.1139787138818507,0,B,False,False,False,False,True,False
16.918023318440884,13,0,0.5478212083358623,1015.1499872905707,4,1.0278889143307153,0,B,True,False,False,False,False,False
50.56812068279615,10,0,7.441023679317603,493.7575386537501,3,1.5867053535592832,0,B,True,False,False,False,False,False
36.508242350891955,22,1,3.5858957256415698,155.02871209766136,4,0.8070294492872107,0,B,True,False,False,False,False,False
161.6245131698921,1,0,53.92557351669143,1045.4199510358546,1,3.5883904252915615,1,B,False,False,True,False,False,False
38.04058934527987,20,0,16.72457956703444,451.9020388770651,3,0.6708291637621095,0,B,False,True,False,False,False,False
109.6871923991523,1,0,8.08637704790511,877.6263844535358,1,0.8735534455069476,0,B,False,False,False,True,False,False
7.9755782275377385,14,0,53.96151367548654,5480.091920267727,2,0.5820188822027539,0,B,False,True,False,False,False,False
229.02722164432282,23,1,0.9520953376934751,1345.853098447879,0,0.41937888335250895,0,B,False,False,True,False,False,False
106.4144362513989,17,0,3.7169192491325647,529.7835126567904,3,0.832138574943628,1,B,False,False,False,False,False,True
257.02103724435034,15,0,8.237280768159026,520.9326471820941,3,0.8804182800784439,0,B,False,True,False,False,False,False
76.74560479270178,1,0,1.9907062330028091,2302.277441583029,2,0.7085375827987945,0,B,False,True,False,False,False,False
72.84324489452537,12,0,86.85198959117112,467.27261231567195,2,0.45628676612275976,1,B,False,True,False,False,False,False
30.89959063044212,19,0,12.77897389196842,218.6626126892521,7,1.9741614504437017,1,B,False,False,False,False,False,True
73.21667685424073,6,1,2.6535943809008957,1270.9772297519844,5,0.7032376031739667,1,B,False,False,True,False,False,False
14.192006335234709,8,0,4.285150200890819,6384.675990164642,0,0.7340219810000079,0,B,False,False,False,True,False,False
20.69199489686666,18,1,7.56817672592423,1144.581529414688,5,1.2361887039922048,1,B,False,False,True,False,False,False
24.05892475769291,1,0,19.439950231481628,1060.3321538868554,4,0.9589033051139572,0,B,False,False,False,False,True,False
36.27747436561402,21,0,5.438396430248941,379.7908550806473,3,0.6646867963991748,0,B,True,False,False,False,False,False
2.3840101287584443,0,0,5.305078195895466,322.21155935283554,2,1.1448763648874543,0,B,False,False,False,True,False,False
13.71096910293932,20,0,14.74818369494367,1253.1782657834256,1,1.1469594387248914,1,B,False,False,False,False,False,True
8.541433187786149,7,0,0.7034464091703514,3389.392976914544,3,0.5943823453386459,0,B,False,False,False,False,True,False
351.1585948056648,18,0,18.67031386010818,1271.6247411963882,7,1.403600355404809,0,B,False,True,False,False,False,False
14.562117716480476,20,0,11.90014270910457,996.3155641539103,5,0.7737008588611543,0,B,False,True,False,False,False,False
17.245533287500066,8,0,8.537200353275333,1527.435527725178,3,2.0393665684849425,0,B,True,False,False,False,False,False
46.96332311234164,0,0,7.487886813244596,3016.2598376062306,3,1.8460408459673145,0,B,False,False,True,False,False,False
68.09967945645232,16,0,3.7476276410585636,5608.239393393472,1,1.418784384290922,0,B,False,False,False,False,False,True
87.89325553471785,19,0,4.122435102600528,1227.274008530432,2,1.2258215212256027,0,B,False,False,False,False,False,True
25.236223897112485,16,0,10.39266315580324,3353.5957855482425,6,0.7250120108396376,0,B,False,True,False,False,False,False
44.08418220097759,23,0,3.3144242340159042,492.10181302210805,3,0.4800811408398829,0,B,False,True,False,False,False,False
323.093519391803,6,0,12.579266310609476,1011.5198940345733,3,0.4615091108318468,0,B,True,False,False,False,False,False
48.98793960987222,2,0,15.734247204422148,755.8314674548787,2,0.5389342859658124,0,B,True,False,False,False,False,False
61.65279236815737,15,0,9.18308999053124,3633.6947926393827,2,1.7492361033412955,0,B,True,False,False,False,False,False
161.57136875249287,20,0,1.6970712719575947,3494.526558978939,1,1.37450059488208,0,B,False,False,False,False,False,True
138.9246496277709,1,0,41.60682107123663,1262.9578500348748,6,0.9996591975217698,1,B,False,False,False,False,False,True
6.21809859897177,4,0,26.868756745794037,832.47871282182,3,1.0162728057433041,1,B,False,False,True,False,False,False
85.42303013948194,4,0,46.03663134768626,1289.5520521546773,7,1.0657931226408266,0,B,False,True,False,False,False,False
55.65654991232986,8,0,6.888319329277463,829.3061888811367,5,0.9322073839563279,0,B,False,False,False,False,False,True
413.1004605168809,14,0,0.49073686322048765,3796.184715812276,4,1.5252508494755055,0,B,False,False,False,False,True,False
14.80308549363532,20,0,8.599681266041042,1999.338421875094,1,1.464984578694639,0,B,False,False,False,False,True,False
18.065945477790116,15,0,9.384182795932325,667.288648063204,3,1.2763157358980255,0,B,False,False,False,False,True,False
33.03472494631439,17,0,18.389443241107543,382.3426156177212,5,0.7226952126586198,0,B,False,False,False,True,False,False
139.45630950640907,18,0,19.903669751054064,455.5803934722235,3,0.7504339543403968,0,B,False,False,False,False,True,False
218.1399809607059,5,0,8.294640554451393,2182.0540145578007,1,1.0608970077348356,1,B,False,False,False,False,False,True
37.38333062258329,16,0,56.72337960901609,4510.027590410788,2,0.617384722550606,0,B,False,False,False,True,False,False
115.98374749570371,21,0,1.7861408501249896,1031.4627304597918,4,0.698792519817295,0,B,True,False,False,False,False,False
26.0172164793197,20,0,34.9093155957336,407.07653868895784,0,0.6318759255598259,0,B,False,True,False,False,False,False
51.8528681915061,13,0,22.039204851978013,2751.9306083167457,2,0.7265999582306014,0,B,False,False,False,False,False,True
96.8062256216421,15,0,11.427105293028347,481.3114650984638,5,0.5115118453507079,0,B,False,False,False,False,True,False
539.7567504145359,1,1,21.56816556291884,804.1492904633928,3,0.7850791675276472,0,B,True,False,False,False,False,False
185.22265997855513,17,0,21.046640020145347,881.5990567995802,4,0.9018686123462248,0,B,True,False,False,False,False,False
221.00621183355173,17,0,2.735852777010864,477.52027897628955,3,0.9780460870696357,0,B,False,True,False,False,False,False
38.300774590217316,2,0,11.404387039845306,1830.7144913495813,3,0.6618534935313255,0,B,True,False,False,False,False,False
6.843563127865657,13,0,9.549519796070818,1071.5610189458794,1,1.8901276408520375,0,B,False,False,False,False,True,False
853.9644018759159,17,1,10.222651690386646,363.21836370192557,1,1.442589182665726,0,B,False,False,True,False,False,False
7.623313814337755,18,0,2.7638782252100698,1118.0395711655694,2,0.8049929950831979,0,B,False,False,False,True,False,False
32.83443478598315,2,0,7.291670604806591,749.8939354109407,2,1.3427545184930767,0,B,True,False,False,False,False,False
44.247415566556796,6,0,10.971887386075775,486.6736017997929,5,1.2236757634147173,0,B,False,True,False,False,False,False
249.72268003544946,2,0,17.29219419225375,1783.9284244387363,3,1.2103310591322292,0,B,False,False,False,False,True,False
218.0688089706705,5,0,8.25295297029094,1089.433848757256,0,1.3633593697854374,0,B,False,False,True,False,False,False
26.068172344538024,11,0,15.61473917185562,842.9122094865832,6,0.9531086679732402,0,B,False,False,False,True,False,False
68.97833273681518,21,0,14.417102130285034,349.41913847670475,5,0.9219207710723829,0,B,False,False,False,False,True,False
22.86906245062073,15,0,25.14734652951338,1307.3168028045216,2,0.4125740717948706,1,B,False,False,False,False,False,True
21.02008103476147,19,0,8.038958592461498,1099.4404169566583,5,1.46750659701619,1,B,False,False,True,False,False,False
127.66315722503728,4,0,30.91439646749877,199.6723839367461,2,1.3093000755272903,0,B,False,True,False,False,False,False
9.76065917136066,23,0,0.3995074367466145,5320.44924608496,3,1.7623521675541447,0,B,False,False,False,False,True,False
71.29600374654905,10,1,34.65588285971552,2986.4112684922143,2,0.5261622921549127,0,B,False,True,False,False,False,False
25.20389755319538,12,0,45.32842220539064,1009.2014217655171,2,1.9416742442562465,1,B,False,False,False,False,False,True
4.0319828515000875,11,0,7.97801695162783,2401.96206703916,4,2.1124170962957707,0,B,False,True,False,False,False,False
42.01643314083196,23,0,44.73517682069931,808.0052177326613,5,1.3763270963565322,1,B,False,False,True,False,False,False
175.16280483352602,15,1,29.978132471761214,834.1151733423882,4,1.19640573049911,0,B,False,False,False,True,False,False
75.58043619796734,14,0,0.8809868866712725,1809.2541801124883,2,1.0199602466438904,0,B,False,False,False,False,True,False
12.92744343993065,6,1,15.808223782004236,807.3833426522731,0,0.6754633078638498,0,B,True,False,False,False,False,False
65.63879708911804,4,0,37.45371316732248,1483.0225249739005,3,1.0848574034979095,0,B,False,False,False,True,False,False
6.8528431721480425,12,0,3.461506119636847,384.6233953796306,2,1.2221583073605788,0,B,False,False,False,False,True,False
725.7333488971833,14,1,38.006018781585276,364.7931299331226,5,1.593787675136298,0,B,False,True,False,False,False,False
64.12992828900218,8,0,3.4775997178172635,1085.0887157741206,1,2.1401337411975048,0,B,False,True,False,False,False,False
116.65493184987506,16,0,14.965633427906889,373.60379045285435,5,1.0477010718152941,1,B,False,False,True,False,False,False
305.47743029760767,3,0,7.185287564097395,1777.4276971504057,4,1.1577673649558373,0,B,False,True,False,False,False,False
65.95925180085166,13,0,11.913843090542622,1743.9446153352283,0,1.0640776667032947,1,B,False,False,False,False,False,True
64.78978211416997,9,0,4.957944540746439,232.60866500344235,3,2.4813440348557068,1,B,False,False,True,False,False,False
18.96014173480184,22,0,7.849172561560872,827.9989553188838,1,0.8568781361308024,0,B,False,False,False,False,True,False
4.378379197357436,4,0,10.501020793394137,2090.5752633051648,2,0.4159607310033747,0,B,False,True,False,False,False,False
22.82915171602909,11,0,10.454046234845066,506.05501890574277,3,0.8508698970855317,0,B,False,False,False,False,True,False
64.87856735975117,12,0,77.04331043020953,1180.7522894310164,4,1.5398079000782126,0,B,False,True,False,False,False,False
60.81822004789074,3,1,28.93700411755461,557.4334584659142,0,0.4288033968886204,1,B,False,False,True,False,False,False
74.98559081246573,12,0,2.3888549348211803,495.0738957269952,5,1.0113491440557825,0,B,True,False,False,False,False,False
12.737876063956044,4,0,48.50832943226804,1194.1029097957419,7,0.5122516705173139,1,B,False,False,False,False,False,True
24.063579471753673,0,0,12.595330623526316,294.08343059957014,5,1.1958151431147084,0,B,False,False,False,False,True,False
165.9290106214485,3,0,14.116792780561502,942.597480891509,2,2.5828895863352748,0,B,False,False,False,True,False,False
68.9015766949073,0,1,4.8462352789518635,1678.7825235668545,5,0.49084865410736,0,B,False,True,False,False,False,False
10.305164354031746,17,0,5.414604583143609,445.3261378230323,1,1.16738547896087,1,B,False,False,True,False,False,False
213.57781686801496,12,0,2.2257209675238583,536.8957897777417,8,1.6882491580276544,0,B,False,False,False,False,True,False
373.06674036923374,20,0,26.54466445605797,2004.981755961537,2,2.3337876821317196,1,B,False,False,True,False,False,False
17.299293344558002,14,1,9.906395100320895,237.3531135716804,6,2.5763973766700277,0,B,False,False,False,False,True,False
52.085945511891154,8,1,1.5400045385019514,2641.5682190915454,2,1.175149785270436,0,B,False,False,False,False,False,True
41.7695530712692,8,0,8.81304245172634,302.6541282916322,1,1.6977407292988724,0,B,True,False,False,False,False,False
14.008368499788967,9,0,6.244113090128805,1354.1274949794768,2,1.7402484568466579,0,B,False,True,False,False,False,False
52.3209059844883,20,1,17.56977718099586,996.0250394295756,1,1.1408009173327551,0,B,False,False,False,False,True,False
85.88152685025307,2,0,3.0976003281354028,852.06211406325,1,0.5874199532224514,0,B,False,False,False,True,False,False
70.59935216017485,3,0,41.069236893239356,1634.5558865139878,0,1.5311988644046666,1,B,False,True,False,False,False,False
606.0764291788051,4,0,22.791191539765357,615.1692250087094,2,2.184815573279403,0,B,False,True,False,False,False,False
16.725890299351153,11,0,7.451635345424296,860.7580610993246,2,0.5134485930467592,0,B,False,False,True,False,False,False
14.030105494997743,5,1,3.1266433434964576,1249.6089782128477,3,1.2952880829182625,0,B,False,True,False,False,False,False
202.20795023953067,5,0,21.88339970225875,573.9537792108417,2,0.8468932580116756,0,B,False,False,False,False,True,False
173.3982086326109,23,1,1.8932518992111005,930.552181137744,6,1.1861735832548481,0,B,False,False,False,False,False,True
4.1665156278001625,23,0,1.3713712799328852,433.0397580777746,5,0.7989825081240788,0,B,False,False,False,False,True,False
19.062731131738225,7,0,17.08535619473233,929.1928699820563,3,1.2489570295803984,0,B,True,False,False,False,False,False
6.371336072880674,18,0,3.3525836758461263,448.9584936668906,8,1.544644036104921,0,B,False,True,False,False,False,False
182.40570290736193,19,0,15.453634862900888,1834.9018682314731,1,0.765388081660092,0,B,False,False,False,True,False,False
167.70075955940558,19,0,6.584810182207263,930.6889732857053,2,0.8546848386378207,0,B,True,False,False,False,False,False
51.15513004522082,10,0,1.5116538845045926,412.02239012933046,4,0.8365779250396042,0,B,False,False,False,True,False,False
210.2515766190907,10,0,14.691421895365382,317.1121519626047,2,1.9378696301821952,0,B,True,False,False,False,False,False
122.85957199582731,22,1,15.593723311786503,1087.9617337492734,5,2.150925285267528,0,B,False,False,False,False,True,False
85.50036852127342,14,0,11.652778848423038,1223.7496243035864,6,0.4485010977607879,0,B,False,False,False,False,True,False
29.661617263614623,20,0,6.435747847509276,569.493261615035,5,1.135831523235308,0,B,False,False,False,False,True,False
9.683133484257228,3,0,36.77827885338712,1347.5382966793525,8,0.9715590434365485,0,B,False,False,False,False,True,False
38.87777107254178,12,0,17.102617614983064,2868.2813159169327,1,0.7646351655898301,1,B,False,False,True,False,False,False
53.54951956582191,9,0,12.124172394256972,2910.2065522705593,4,1.4310895184099575,0,B,False,False,False,False,True,False
107.11126323054353,13,0,9.838798821581989,4475.009198665843,3,1.0045653934361594,1,B,False,False,True,False,False,False
69.14345571950027,4,0,27.774479658834384,433.6139911372308,2,2.156834279665267,0,B,False,True,False,False,False,False
51.16881208873018,16,0,48.763918826822355,977.9250792075449,7,1.208214099727532,1,B,False,False,False,False,True,False
75.95288119012484,19,1,12.22111851342828,671.6141564429897,5,0.6648152978647159,0,B,False,False,False,False,True,False
16.198996069396372,6,0,0.7602685674321037,470.00378685729146,4,0.9448304073071258,0,B,False,False,False,True,False,False
29.312685669751602,14,0,10.136617914722152,1282.7109766512576,4,0.7248223040903061,0,B,False,True,False,False,False,False
146.4189781468074,18,0,15.556307702143604,246.09698451313983,2,2.204277081009351,0,B,False,True,False,False,False,False
32.20127656660212,15,0,25.51782073775955,4846.0978064639285,3,1.1924835450589337,0,B,False,False,False,False,True,False
39.867509424744924,6,0,5.577166965407041,464.2349715479014,2,1.6229230890251667,0,B,False,True,False,False,False,False
102.40759889333256,4,0,16.92812294467125,336.1429887861136,7,0.5242827616033532,1,B,False,False,False,False,False,True
21.99598252834058,16,1,0.7105961995738261,937.9229497219544,2,0.9291383073395071,0,B,True,False,False,False,False,False
30.55883864998477,3,1,6.49514330356602,1182.6786931443348,8,0.7690473320365818,0,B,False,False,False,True,False,False
6.656864516225061,15,0,5.327747367626858,2202.000569400505,2,0.5920000689753249,0,B,False,True,False,False,False,False
200.6706906177901,18,0,1.3422236230910707,1436.9992262012586,5,0.970762991720366,1,B,False,False,False,False,False,True
245.15022129840543,3,0,18.157177648158985,2017.689910499426,2,0.93257965732448,0,B,False,False,False,False,True,False
167.7877276332121,5,0,6.894011801073548,2702.630479824629,2,0.6537458446308134,0,B,False,False,False,True,False,False
67.1184660042731,13,1,3.686387175693961,557.7646740471054,3,1.081966102125642,0,B,True,False,False,False,False,False
13.302519246028629,19,0,2.3871382759803432,4480.922469653936,2,1.4317551481113053,0,B,False,False,False,True,False,False
30.548140515077993,12,1,35.1028694076314,1154.8997868463466,5,1.6914516618960849,1,B,False,False,False,True,False,False
18.878635727957494,13,0,2.2409715617346246,2050.0762289418035,1,0.7614639555972382,0,B,False,False,False,False,False,True
20.674165975102373,6,0,30.113445367072288,1141.7185970574617,3,1.0693033995162646,1,B,False,False,True,False,False,False
34.27675888802273,23,0,11.000204781844184,617.1461751373422,3,0.5955673350085117,0,B,False,False,False,True,False,False
32.43942915903121,2,0,0.47453986928567926,1111.2594972883442,4,0.49911336922402383,1,B,False,False,False,False,False,True
196.7292123117171,2,0,47.63763885158497,1630.513098881653,2,0.8841298168512284,0,B,True,False,False,False,False,False
57.28117355388219,17,0,12.079937742986333,1053.0716259830165,2,0.722135154006299,1,B,False,False,True,False,False,False
274.02421636822066,21,0,5.7324113212817185,1711.331761049988,2,0.39754681833336586,0,B,False,False,False,False,False,True
22.866791430524724,21,0,4.684265694912056,2921.171935504486,2,1.409961548397568,1,B,False,False,False,False,False,True
84.91140510123641,15,0,5.723820722146067,843.5981448074682,2,0.9160006772803568,0,B,False,False,False,False,False,True
41.39454719322571,0,0,3.628230716217548,821.6393438911412,3,1.193071721079917,0,B,False,False,False,True,False,False
99.32143664120863,13,0,4.225696289876686,2364.9555147952515,1,1.3075668342601827,0,B,False,False,False,False,True,False
149.0334149188406,17,1,7.148794406383928,2300.3782090096747,4,2.845863433048523,0,B,True,False,False,False,False,False
212.65802108100854,19,1,11.02972521508345,1847.3022826609204,5,1.1822453907211645,0,B,False,False,False,True,False,False
35.475091758385396,15,0,19.402465028488354,1412.4685458461595,2,0.9564077095336466,0,B,True,False,False,False,False,False
54.055918625126615,22,1,5.416872165226724,1217.0816521846432,3,0.8466883929379725,0,B,True,False,False,False,False,False
165.8899657231248,18,0,2.1789660415634775,748.0053392091038,5,1.2208539118494246,0,B,False,False,False,True,False,False
527.1014431799318,1,0,0.3119340947388982,2031.743150915716,4,0.5178030648458257,0,B,False,False,False,True,False,False
60.196995036847426,8,0,6.9809528284528914,1839.9434591942404,2,0.49486912427886354,0,B,False,False,False,True,False,False
43.98956795778245,12,0,23.475565702218383,2432.44656095794,1,1.1916165621177146,1,B,False,False,True,False,False,False
47.91482653123415,17,1,5.981695016473556,4010.2917313276043,5,0.9323038826139601,1,B,False,False,True,False,False,False
5.03631756230441,19,1,3.672405391136251,581.6874061563664,6,1.0230558556410572,0,B,False,False,False,False,False,True
79.88679268894694,1,0,36.39199035798902,2794.0383007759715,2,0.6002071084346648,0,B,False,True,False,False,False,False
25.47785702473745,6,0,16.28360047436302,2014.5098370568874,2,2.0931428939272765,0,B,True,False,False,False,False,False
14.175744311141841,21,0,55.73512489280456,1944.7875398934834,1,0.3878526608073327,0,B,False,True,False,False,False,False
107.58067870886792,12,0,12.343262452652235,2361.1868184917575,2,1.1632992741039583,0,B,False,False,False,False,True,False
49.70830838774561,7,0,11.676953206354483,494.58520385157794,2,0.6684980141424012,1,B,False,False,False,False,False,True
155.12152916355606,2,0,53.61355877017756,2870.195906713425,5,0.6224682030733537,0,B,True,False,False,False,False,False
52.599257323278785,13,0,14.149671732180465,527.2675615148387,3,3.8143276597725952,0,B,False,False,False,False,True,False
12.825088545092237,22,0,10.845858522063432,391.6691744281228,5,0.7875952302523447,1,B,False,False,True,False,False,False
66.41727572189605,7,0,4.091308352492026,1474.3809526061639,2,1.0217403633388102,0,B,False,False,False,True,False,False
5.426421212522648,0,0,7.24175940882822,3861.04112316559,3,1.5074844112021337,0,B,False,False,False,False,True,False
138.41218913511958,23,0,12.385597600847998,2171.823704292157,1,1.6857131303077884,0,B,False,False,False,False,True,False
286.76816020822116,10,0,12.461538168473039,2263.925023789557,3,2.023944865635726,1,B,False,False,True,False,False,False
38.69086148369729,0,1,9.117252926616684,2017.6793551018284,1,0.7452977513174173,1,B,False,False,False,False,False,True
68.99671253921144,10,0,17.54034748556512,962.200687313513,0,2.1429504440911553,0,B,False,False,False,True,False,False
272.88380596340346,5,0,2.560361528049363,740.7744244135629,3,0.6988831243918492,0,B,False,False,False,True,False,False
53.572910131230465,10,0,30.3153936561299,406.5980450317625,2,1.0350849386766863,1,B,False,False,False,False,False,True
7.055767761121704,17,0,20.055888800081362,1846.1043826766158,7,0.9926395431470326,0,B,True,False,False,False,False,False
295.47921654618546,8,0,26.065684960398354,845.4379247976382,4,1.1409708793453537,1,B,False,False,True,False,False,False
29.662250534089658,12,0,0.5401124383437074,2811.938112894727,4,0.6330952172199861,0,B,True,False,False,False,False,False
41.39403921103557,9,0,22.860824909795404,1394.7827673312102,4,1.0701423307282651,1,B,False,False,True,False,False,False
374.5341822076851,9,0,20.186004890379003,1329.4302891680177,3,1.3007637543024964,0,B,False,False,False,False,True,False
1044.3477683529368,2,0,0.30739116364596064,318.5450845594129,3,0.7599875181520859,0,B,False,True,False,False,False,False
22.770950992346506,3,0,8.990376211001793,981.3896281754271,2,0.7477344311706351,0,B,False,True,False,False,False,False
179.90185746157636,9,0,5.451743614733502,1086.0961761403728,3,0.9622532973975106,1,B,False,False,True,False,False,False
76.83998366319247,20,0,4.428684135165548,161.16983673207235,4,0.8821704984846717,0,B,False,False,False,False,False,True
461.44712822895787,18,0,2.5623960692538805,976.1645935032218,0,1.8976674497732031,0,B,True,False,False,False,False,False
39.82736152263175,22,0,4.382197053367946,1085.1754320298323,3,1.1912405364831888,1,B,False,False,False,False,False,True
82.83674043484444,17,0,21.54002855311479,1021.4875657063835,2,1.5047054381246303,0,B,False,True,False,False,False,False
30.30517985109411,6,0,35.7601070778893,558.7350172641022,1,1.0854813029412427,1,B,True,False,False,False,False,False
492.36097131129424,20,0,6.486914902974563,2359.849424458776,1,1.2918015274029202,0,B,False,False,False,False,False,True
29.354446900891844,1,0,5.0403043834356,968.7142020362437,2,2.52477650289244,1,B,False,False,False,False,False,True
29.664936282254985,8,0,5.204460241303834,249.78648802156778,5,1.3648964139768092,0,B,True,False,False,False,False,False
125.34373603359037,7,0,11.463537314278184,446.43431514481256,2,0.7256292781353563,0,B,False,False,False,True,False,False
20.778560721375126,20,0,0.7003832380533457,5134.64589016398,1,0.5862966394568776,0,B,True,False,False,False,False,False
83.69771822145702,2,0,12.822120001174643,886.6535518793235,4,0.555804698369987,1,B,False,False,False,False,False,True
36.58409497693607,11,0,37.91705052219774,197.567289806441,2,0.5942725037715526,1,B,False,False,False,True,False,False
26.61513922574511,9,0,10.17263693147709,1338.7685625655427,4,0.9401695087728794,0,B,True,False,False,False,False,False
46.28923301916378,13,0,7.624467645722176,429.85166042657784,4,1.6247447293490513,0,B,False,False,False,True,False,False
14.9653608676871,0,1,0.6079206268886239,2958.521798390947,2,0.7930155950204958,0,B,True,False,False,False,False,False
12.944622468673229,18,0,11.901464377620513,375.91060103774083,1,1.7148706359808563,0,B,False,True,False,False,False,False
27.855024470780513,13,0,2.1995948051037457,400.9031434693828,5,0.46624000259682225,0,B,False,False,False,True,False,False
724.2080065783077,21,0,9.28674928914923,2618.111281262819,0,0.9404266487566013,1,B,False,False,True,False,False,False
24.68023738186198,19,0,5.542851189400717,468.4309528896343,3,1.063367939966692,0,B,False,False,False,False,True,False
469.6072604157179,5,0,4.5336800168649045,1660.80716034468,3,1.0440327862649021,0,B,False,False,False,True,False,False
118.2345160940166,15,0,47.38234919421378,670.6780083832338,4,1.3765993540582562,1,B,False,False,True,False,False,False
40.967119840975464,3,0,23.245730913186605,936.0850849469682,6,1.3876018446148428,1,B,False,False,True,False,False,False
27.954510162160467,8,0,1.9094000757556855,1478.8080173861745,4,1.240495216829222,0,B,False,False,False,False,False,True
62.12863328146412,7,1,5.7025311510028285,2083.484908295635,1,0.7010234510646287,0,B,False,False,True,False,False,False
540.1319577317608,5,0,18.22858026344833,3864.7245543161334,5,1.4666024396356871,1,B,False,False,False,False,False,True
10.841335223787267,9,1,26.021517630817844,484.256161363113,3,0.6980600367647422,0,B,False,False,True,False,False,False
36.892910899552405,23,0,11.214325853462743,589.0123172573296,2,0.7571221950757538,0,B,False,True,False,False,False,False
162.20526552164114,6,0,34.58377397216677,1225.1039895694173,2,1.3135080520719962,0,B,False,True,False,False,False,False
46.75650257945654,10,1,6.731386529498156,1407.3433351537635,1,0.7611703122585366,0,B,False,True,False,False,False,False
64.14645686042232,4,0,1.1877511439723412,412.1536771758239,4,0.5906950131636197,0,B,False,True,False,False,False,False
3.800369260719681,13,0,42.58479445918462,646.0671819373212,6,1.0893946931668506,0,B,True,False,False,False,False,False
69.80742832110808,8,0,8.010224371784785,504.696581461394,1,0.7789847869341779,0,B,False,True,False,False,False,False
94.71603543614908,19,0,0.350256064930289,734.7339087618991,1,0.8932755308354761,0,B,False,False,True,False,False,False
47.9728608528083,19,1,19.051685673704114,1302.362620831218,8,1.2217625651574175,0,B,False,False,False,True,False,False
38.33808372404608,19,1,4.350910663867865,1589.397096452087,2,1.766487576201556,0,B,False,False,False,True,False,False
243.61485704010707,19,0,1.4314081317520868,2971.9660242804316,3,1.1713471113870262,0,B,False,False,False,True,False,False
111.34431578138346,23,0,27.874790380717553,1542.7324102121497,2,0.8543616763715252,0,B,False,True,False,False,False,False
87.44076685674663,5,0,4.167406396802974,362.8041383108907,4,1.1663326062000139,0,B,False,True,False,False,False,False
696.5510567934953,6,0,11.758282979399045,1160.5798721928709,2,1.346175068874928,1,B,False,False,True,False,False,False
37.24081604322908,3,0,14.211519280539271,1168.2711608778113,5,2.1800755162865113,0,B,True,False,False,False,False,False
55.45578118859886,16,0,43.51007076443414,417.00353546015685,1,0.9932214731675717,0,B,False,False,False,True,False,False
437.0346910693324,3,0,7.57480841620898,685.1286927573648,4,0.6186030312444778,0,B,True,False,False,False,False,False
34.0476881159672,19,0,10.439474392442614,1837.6197298014438,5,0.34518256090232896,1,B,False,False,False,False,False,True
541.5587486666018,13,0,5.386346982965661,484.40671046830363,5,1.2196620164932754,0,B,False,True,False,False,False,False
49.06570185735292,17,0,9.42212603409953,2141.3495403917254,3,0.9709590967718419,0,B,False,False,False,False,True,False
225.00067191618675,7,0,0.10641193747297938,635.684484585314,1,0.9789917685862872,0,B,False,False,False,False,True,False
139.2527280558086,4,0,29.35281467337964,1008.8123478250919,2,0.3536825096564154,0,B,False,False,False,False,True,False
20.2174465791946,13,1,1.0234094497049988,392.07059841386285,7,1.646423379745038,0,B,False,False,True,False,False,False
89.1902924572639,8,0,4.237179254041167,1107.7505089047008,2,0.6585835040568392,1,B,False,False,False,False,False,True
95.24899075669099,20,0,19.04653307356979,1158.6486150523822,5,1.216724777052213,0,B,False,True,False,False,False,False
102.37110432833275,19,0,15.389455850998976,557.1374206289261,4,2.27345015136668,1,B,False,False,True,False,False,False
735.754126092892,2,0,20.90017842139089,819.6932607843057,8,0.5787262290742942,0,B,False,False,False,True,False,False
117.79211829812921,16,0,10.55537214447384,1257.2599834316954,4,1.6354633370061447,0,B,False,False,False,True,False,False
47.27945450950185,22,0,39.59143089528846,1935.020043561326,3,0.8104553819600033,0,B,False,True,False,False,False,False
15.189806021625172,17,0,43.504916931906564,1175.905307217302,3,1.0712136474500247,0,B,True,False,False,False,False,False
60.58532996484067,3,0,21.276806355680804,6947.595419813441,3,1.32804537457393,0,B,False,True,False,False,False,False
29.36665324956652,23,0,5.822562726246066,1643.6514783138755,4,0.6629755903907991,0,B,False,False,False,False,True,False
19.807765450394914,8,0,0.6304058190307215,2524.2205006943327,4,1.1837590827452669,0,B,False,False,False,False,False,True
48.51753941073424,10,0,11.955299906609683,314.7065003085571,6,1.0519219459408102,0,B,False,False,False,False,True,False
9.844850520371848,8,1,0.13649742077369148,844.0401285632812,4,0.8872110141738833,0,B,False,False,False,False,False,True
4.808886748239099,5,1,24.863045993692502,1988.6340666789943,4,0.9446574404144482,0,B,False,False,True,False,False,False
75.72196698484844,17,0,13.302600259536325,1487.746517373619,3,0.8504950203825866,1,B,False,False,True,False,False,False
986.4094721057251,0,0,14.471332510911369,3550.1313386543975,4,0.5318823436182802,0,B,True,False,False,False,False,False
168.7775619157591,3,1,0.9349436446594744,652.4832092556632,4,1.4815639562244152,0,B,False,False,False,False,False,True
19.310820539229944,5,0,13.222963945928939,343.64603383274056,3,0.6543384757447741,1,B,False,False,True,False,False,False
155.87205316869364,17,0,2.971958413622548,745.7903248005301,0,1.3324832216214895,0,B,False,False,False,False,False,True
1405.280811910516,21,0,7.728115348356788,193.40728630624392,4,0.4019392638698193,0,B,True,False,False,False,False,False
30.47182920293587,16,0,5.766649283069933,2509.627644409828,2,1.2963317856760375,0,B,True,False,False,False,False,False
11.843470413206699,15,0,4.24127285583898,216.02380811890407,2,0.4165932940759462,0,B,True,False,False,False,False,False
113.50644060918196,21,0,8.88788269722026,2020.1252098519108,5,1.713692446645802,0,B,False,False,True,False,False,False
589.9007791029961,20,0,21.528095645586568,1307.1173714119006,4,0.6766724230481637,0,B,True,False,False,False,False,False
81.12510361956939,17,0,3.9833534635048222,4077.89622051502,4,1.5027539586224483,0,B,False,False,False,True,False,False
51.572470317131184,11,0,10.714908426194317,1626.0162736425718,2,1.403690411961828,0,B,False,True,False,False,False,False
30.86493451983368,19,0,6.616022968896118,9117.163368117228,4,0.8160778421269794,0,B,False,False,True,False,False,False
16.773410291926325,8,0,15.927187322171086,209.13899971584743,4,1.7543579337906876,0,B,False,False,True,False,False,False
24.41684365695803,17,0,12.557179227596196,1801.9557256645598,4,0.5938156564302108,0,B,False,False,False,True,False,False
44.99538554773973,4,0,15.749854137913456,8245.722592127126,4,0.7020169695621746,0,B,False,False,False,False,True,False
553.9573259328048,2,0,60.50128040188631,320.11304301147334,2,0.35392416762321915,0,B,False,False,False,True,False,False
2.663706815081349,1,0,10.608365301862786,2836.177565842088,3,0.6230848254938627,0,B,False,False,True,False,False,False
986.0239818521661,23,0,1.626767921043843,742.8075669708143,1,1.2059805251394136,0,B,False,False,False,True,False,False
190.59539133370595,9,1,0.6878557717822227,1549.958278752135,4,0.9828484026587854,0,B,False,False,False,True,False,False
37.67290700943407,5,1,0.7753316871387925,2013.7091140855975,6,1.0814672052220302,0,B,True,False,False,False,False,False
104.30178783242866,12,0,6.512060426041188,378.2010848214779,3,1.041821476850368,0,B,False,False,False,True,False,False
21.141908351511983,4,1,19.34420152353432,1656.2471300803943,6,1.1790572435467677,0,B,False,False,False,False,False,True
670.6221105066401,6,0,27.498837182213187,569.578615886414,3,1.0001075689023213,0,B,False,False,False,True,False,False
10.11869821065646,18,1,13.522770701802761,1770.3003665580973,6,1.1287021185432138,0,B,False,False,False,True,False,False
9.343802739344017,5,0,9.808447307313926,1557.1226260295168,1,0.5007649555795073,1,B,False,False,True,False,False,False
125.68824843807533,13,1,28.124305502499116,11149.308296318728,3,0.6529948609277809,0,B,False,False,False,False,False,True
64.39627736879979,6,0,0.8759187733450956,646.0427225723327,2,0.6863988880059579,0,B,False,False,False,False,True,False
60.79922260670061,16,1,5.864298002147105,1171.3142035220299,5,1.0625912092093917,1,B,False,False,False,False,False,True
38.94220403786139,3,1,0.8862189824782344,331.56380689923475,3,1.4115750055595053,1,B,False,False,False,False,False,True
23.254670527499353,12,0,40.12763294763816,3285.314375454738,1,0.8947579169965169,1,B,False,False,False,False,False,True
36.506778537934,6,0,1.4013539244922666,1227.721145198656,5,0.7049524023645218,1,B,False,False,True,False,False,False
231.63604900119466,9,0,48.115599459194314,2462.5095699119397,5,0.7849154574958599,0,B,True,False,False,False,False,False
253.49455820488944,21,0,19.68568233940849,2596.0244142639945,1,1.1076460710499507,0,B,False,True,False,False,False,False
162.6203564277228,1,0,10.234265740572862,1138.2369681767248,4,1.0428555977370741,1,B,False,False,True,False,False,False
26.0064035222363,7,0,5.622672931378554,751.5603072269131,2,2.2750752282184585,1,B,False,False,True,False,False,False
13.465010860307427,6,1,11.553034521371876,1075.5361485466715,1,1.623636116036856,0,B,False,False,False,False,True,False
477.63307730207924,17,1,15.437407183011514,3019.3531495992274,4,0.4548401146329085,0,B,True,False,False,False,False,False
7.738125559859144,8,0,9.846523475511665,1514.9962728487296,4,0.6941077779685543,0,B,False,False,False,False,True,False
41.88908444894286,21,0,37.42415416304516,1538.4061868786127,0,0.8034654243184219,1,B,False,False,False,False,True,False
66.97954376468859,17,0,2.2500814597604517,8268.6131029362,0,1.8357289365204446,0,B,False,True,False,False,False,False
2525.463756098098,4,0,2.0613610273040828,2661.245393312278,0,0.9769925026717342,1,B,False,False,False,False,False,True
55.560963681686246,14,0,22.679148147684906,791.2865618987379,0,1.685246648522526,0,B,False,True,False,False,False,False
125.43833227961917,0,0,12.33933901053462,602.0303864354831,4,1.4028854635086252,0,B,False,False,False,False,False,True
104.86653091662454,15,0,7.815359443166408,552.2659922274013,3,1.0099359284958658,0,B,False,True,False,False,False,False
266.6240556881513,12,0,25.759820783061723,2547.2911055649465,1,0.6677392461017951,0,B,True,False,False,False,False,False
168.43304134273393,15,0,41.96928404469291,415.29349290318896,2,1.8749539928444254,1,B,False,False,True,False,False,False
115.86037169130125,1,0,11.157599795883415,1113.7772779644893,4,0.41845509909416845,1,B,False,False,True,False,False,False
85.49867243242856,16,0,12.611262570669108,2480.9214285546823,4,0.8270661990354897,1,B,False,False,False,False,False,True
136.3442320097586,3,0,0.8485488632397328,530.3888916828668,5,0.6551114146973266,1,B,False,False,False,False,False,True
37.18593521452222,8,0,10.350712661034818,3746.116612479784,6,0.6159436696365612,1,B,False,False,False,False,False,True
1.837260737711496,19,0,0.2987269226300474,223.6013877334352,0,1.2135274172536716,0,B,False,False,False,True,False,False
24.271108650744747,9,0,7.81057981202891,1760.105841339671,2,1.1643895253598695,0,B,False,False,False,False,True,False
105.18671389867765,16,0,50.883569290710525,937.2370395067359,4,0.8246710548668427,0,B,False,False,False,True,False,False
24.868581888367043,4,0,21.567618756457925,1364.090274805968,6,1.373303273385763,0,B,False,False,False,True,False,False
50.23054779301763,5,0,19.887156215582227,1529.6166633341136,4,1.6787258916091228,1,B,False,False,True,False,False,False
40.92480317568122,16,0,23.047093875073276,1023.147739342816,4,2.156510771170809,0,B,True,False,False,False,False,False
35.77786030235272,7,0,28.42480855214402,1209.82690785764,1,0.3932549492905725,1,B,False,False,True,False,False,False
124.14155135338125,16,0,0.6546489877153531,714.4355911353802,5,2.176198181685506,0,B,False,False,False,False,False,True
70.40602477013176,21,0,31.741162146600534,996.8012091432101,1,1.64767270866556,1,B,False,False,True,False,False,False
54.98557751283417,8,0,22.349191890049987,1061.1802048470415,5,1.0474940248017435,1,B,False,False,False,False,False,True
3.505531581445566,18,0,17.27615850675872,229.09655624566,2,0.45334305044776363,0,B,True,False,False,False,False,False
7.179809959091636,4,0,7.806403623197734,945.2956698802707,2,1.6722963386879386,0,B,True,False,False,False,False,False
106.06936399525772,0,0,5.361712959457429,737.1600388546245,3,1.3138177745797384,0,B,False,False,False,True,False,False
16.08248662782841,16,0,3.1968409242413114,1651.341096820579,3,1.6342816038528194,0,B,False,False,False,False,True,False
122.3075842114722,17,0,6.269351654680176,1819.6522229099592,5,1.5316356963244713,1,B,False,False,True,False,False,False
28.46461942555344,5,0,31.59057820537389,3671.9103322507144,5,0.7625210834746652,0,B,False,False,False,True,False,False
27.44361516845085,22,0,0.8717746292654351,4282.021029136866,3,1.7937082858997762,0,B,True,False,False,False,False,False
7.481420561531621,13,0,19.429167907196444,415.1232939600385,4,1.6009107439883898,1,B,False,False,False,False,False,True
46.30029726264163,20,0,1.334984687691495,3741.2615635923166,3,1.023511356421737,1,B,False,False,True,False,False,False
5.055972690322714,0,0,1.8632971685750417,148.34399584155636,2,0.830499477938033,0,B,True,False,False,False,False,False
15.010307772606756,16,0,3.34229065506538,1104.6184245911554,0,0.8625301091109596,0,B,False,False,False,False,True,False
30.45886775609344,0,0,16.806036671020607,1236.3842350740354,3,2.4435944873650506,1,B,False,False,True,False,False,False
108.59321105202415,11,0,28.598478033491883,1911.0161261112646,4,1.554747157723511,0,B,False,False,False,False,False,True
72.0116682627493,2,0,2.293356500897627,815.7392756743018,2,0.8214641901376312,0,B,False,False,False,True,False,False
48.48933661896588,12,0,3.9962665877858545,1349.5154522253843,5,0.9562496738164454,0,B,True,False,False,False,False,False
134.2105592988097,3,0,15.103837902689724,931.9617025475894,2,0.8884308296127914,0,B,False,False,False,True,False,False
25.18878296301688,23,0,9.136702891126301,3800.6982331485938,1,0.8113390901032739,0,B,False,False,False,False,True,False
74.54596790499842,8,0,15.055361552761784,1152.3638287235847,3,0.705566492033533,0,B,False,False,False,False,True,False
15.072909536057058,15,0,2.5851663791077297,3102.568928249623,3,0.5903439100878317,0,B,False,False,False,True,False,False
43.85684153054974,13,1,9.23173149309487,539.7958576698368,6,0.7136454394019484,0,B,False,True,False,False,False,False
20.225097938819506,4,0,6.243157118589611,2983.2033890733055,1,1.029847585369199,0,B,False,False,False,True,False,False
63.693088954575494,19,0,8.609606784785031,525.2624447844915,2,1.4009546378431366,0,B,False,False,False,False,False,True
89.31644560411354,14,0,5.272295796307509,2316.7112708582035,3,0.7353881526865815,1,B,False,False,True,False,False,False
110.09160270331233,9,0,2.319076112947174,1208.499642564676,4,0.7700939016542346,0,B,False,True,False,False,False,False
28.111246455339725,11,0,16.484422341999377,1420.80683173085,1,0.6494851565944036,0,B,False,False,False,True,False,False
109.41294555594236,5,0,16.585469998478143,7632.14385710917,3,0.5406030504352602,0,B,False,False,True,False,False,False
70.18100599566569,18,0,4.605741682246641,739.3932310658118,1,0.9247547273676262,0,B,True,False,False,False,False,False
32.490699728516645,13,0,12.911553003279716,2494.68968203844,3,2.069718663564548,0,B,False,False,False,False,True,False
37.64743756702261,13,0,48.93225684677638,1436.3606042074982,3,0.3287308300726453,0,B,True,False,False,False,False,False
127.89443160605254,6,0,11.554591458247497,5236.2199042580305,1,1.2052432036772804,0,B,False,False,False,True,False,False
72.0715388598023,9,1,5.6530436991473225,4600.767924413281,5,0.6882566133845209,0,B,False,True,False,False,False,False
31.911567308103386,14,0,5.534637709595377,3421.485665670757,1,1.064864892838018,1,B,False,False,False,False,False,True
292.46459015964507,14,1,26.689919313971426,1574.0064402919352,0,0.6374290563344241,0,B,False,False,True,False,False,False
5.805215284396151,17,0,10.055258506880161,333.18297465425263,3,1.86831162190756,0,B,True,False,False,False,False,False
21.882037745182675,8,0,4.583059036177922,1057.16522581225,2,1.146533428301181,0,B,False,False,True,False,False,False
18.749722248369604,15,0,14.949779951647471,252.06152303975045,1,0.6252118832820667,0,B,False,False,False,True,False,False
13.646580189178406,1,0,30.009919857442384,416.6837722038085,2,1.8793673315112425,1,B,False,False,False,False,False,True
29.963864769808485,20,0,19.499690219727576,729.1147458029693,3,0.7057365254074414,0,B,False,False,False,False,False,True
363.91100140186666,14,0,1.3545390483247803,1977.8024003623136,3,0.983856538785081,0,B,False,False,False,False,True,False
14.851123764032263,12,1,6.270489135605879,425.3682996536628,4,0.8928265622608554,0,B,False,False,False,True,False,False
82.64918773538845,0,0,25.126554224707643,432.28211116737646,3,1.6163712960555343,0,B,True,False,False,False,False,False
70.93280568667478,1,0,8.125880378773807,112.94494914833247,1,1.006825401716049,1,B,False,False,True,False,False,False
248.78597520111794,15,0,98.86844961494866,3900.8566115261515,2,2.6058293319293244,0,B,False,False,False,False,True,False
105.42156517293368,22,0,6.276898346595155,1081.9801623071662,3,1.556484636953721,0,B,False,False,True,False,False,False
148.04704136535352,3,0,35.707381336044904,2465.8871978398565,5,0.6114386649720716,0,B,True,False,False,False,False,False
479.68666694795195,22,0,9.227423415471499,1710.1934536764836,4,3.5127930905277833,0,B,False,False,False,False,True,False
23.231660310174213,19,0,41.232860734343696,615.0852743188366,1,0.8882414958851934,1,B,True,False,False,False,False,False
48.52698921456718,0,0,8.204695050360215,1385.868900909942,4,0.8152065696740282,0,B,False,False,False,True,False,False
24.222289498139848,5,1,9.479501070029396,2409.8824880981297,3,1.1240478886679555,0,B,True,False,False,False,False,False
5.193446453258575,15,0,11.674164594762493,602.564841465969,2,0.7117664475367393,0,B,False,False,False,False,True,False
8.147659319757471,15,0,0.6090728967456793,1948.915757515635,2,2.42744327202299,0,B,False,False,False,False,True,False
52.338755262678035,5,0,1.3169124745065435,886.2242096991258,2,1.5145367514205241,0,B,False,False,False,False,False,True
15.790469518006223,14,1,28.922066020347234,2048.693567910099,0,1.5680651645779433,0,B,True,False,False,False,False,False
21.95686694236507,6,0,4.621373083427388,989.7001061738462,6,1.1107168352991512,1,B,False,False,False,False,False,True
210.00438318400808,6,0,14.803212377112384,3761.829966209743,2,1.1463797149075312,0,B,True,False,False,False,False,False
81.53900512864425,11,0,4.5166062840732994,4928.289307482534,2,1.841178617323278,1,B,False,False,True,False,False,False
243.47634899813656,0,0,6.509883794012251,2551.7043423828627,0,0.5910172465944444,0,B,False,False,False,False,False,True
102.59113555774047,1,1,13.907096700685317,6009.970703749922,3,1.140763333064143,0,B,False,False,False,True,False,False
77.9029185697917,16,1,6.20161550145731,2256.0098126670414,3,1.1680881161353216,0,B,False,False,False,True,False,False
234.59395625243587,16,0,19.40915264229315,407.9130610150988,2,1.0356135463178855,0,B,False,False,False,False,True,False
50.64903057378935,7,1,10.901939983531088,617.5277734499539,1,3.2696018780775997,1,B,False,False,True,False,False,False
85.81966334741595,3,0,21.20482900470196,6121.868906112003,2,0.8838400245981005,0,B,False,False,False,True,False,False
30.44215125348229,12,0,3.610809966528838,508.90614007709655,3,0.7508894023809263,0,B,False,False,False,False,True,False
54.94137028172244,12,0,15.533139438044385,1093.4805338712742,3,1.99229781855676,1,B,False,False,True,False,False,False
32.5908552758453,10,0,5.638842672079383,222.75199016334716,2,2.5342216661236376,0,B,False,False,False,True,False,False
77.64094582687666,11,0,6.534344767104312,856.0559794088969,1,1.3053679121908826,0,B,False,True,False,False,False,False
11.071482860535372,23,1,3.0979030549821536,3054.8999756892567,1,1.1934428668190933,0,B,False,False,False,False,True,False
37.347644136311416,13,0,2.063530111423093,2000.2517613083855,2,2.6954383776558233,0,B,False,False,False,True,False,False
129.17621012934714,20,0,31.976066626943418,1224.871419640205,1,1.536256948987754,1,B,False,True,False,False,False,False
12.531669666760145,0,0,43.85864052651233,331.81721750628867,6,0.720079671719375,0,B,True,False,False,False,False,False
99.5783929874389,8,0,7.502264077815651,2388.29515207091,3,0.946315907063282,0,B,False,False,False,False,True,False
179.29902983553401,2,0,21.62886920306694,2621.635871727403,2,1.2545186968293325,0,B,False,False,False,True,False,False
305.5398806260149,6,1,24.406907392455288,1297.974556182882,3,0.3706965166187951,0,B,False,False,False,False,True,False
11.912278046623825,14,0,2.294676027845842,1407.0515340559743,8,4.167333197639052,1,B,False,False,False,False,False,True
28.961979583777122,6,0,41.974241511094924,839.2539365826008,3,0.8534182404839586,0,B,True,False,False,False,False,False
130.44523817388705,10,1,24.77062097586532,994.7483629828926,1,0.7294528314547155,0,B,False,True,False,False,False,False
27.04394027115484,15,0,23.382311871360955,411.2451192967216,2,1.0961413082383928,0,B,False,False,True,False,False,False
23.287962499619866,11,0,38.75261396837965,3156.254713179395,3,0.358337474586533,1,B,False,False,True,False,False,False
51.981909788300236,19,0,6.528416516784885,2062.8810262642255,3,1.2772100382237692,0,B,False,False,False,False,True,False
33.77422361060964,23,0,32.664183198652786,1184.6794202296744,2,2.504190370189264,0,B,False,False,False,False,True,False
92.63215341689661,7,0,93.23208846114012,750.757028715391,4,1.7208637235761886,1,B,False,False,False,False,False,True
21.499706774050136,12,0,3.946713101614365,3358.0299808065047,1,1.1766400902152483,0,B,False,True,False,False,False,False
36.115494491534974,1,0,1.9419751167463826,2072.710708255975,0,0.5447240638423054,0,B,False,False,False,False,True,False
54.75530463328056,7,0,1.727772862386601,2220.9264001851548,4,0.5620489008547305,1,B,False,False,True,False,False,False
38.44851173478717,14,0,7.10982800524943,2340.1886921729592,1,0.7517957689835906,0,B,False,True,False,False,False,False
18.63081127491389,11,1,24.81407102124046,1666.6061336539544,2,1.118513910797504,0,B,False,True,False,False,False,False
10.532287549370299,4,0,20.84429128100696,875.8304439127268,3,1.1980885783341815,0,B,False,False,False,False,False,True
92.126321110196,1,0,3.297081482065602,177.45893349107672,3,0.691069462615672,0,B,True,False,False,False,False,False
31.02908214950751,11,0,11.477040146535463,472.24074959042605,2,0.5613633065156717,0,B,False,False,False,False,True,False
59.308230845555634,5,1,6.730356533257064,238.18030507035004,1,0.3741521986565036,0,B,False,True,False,False,False,False
11.451073635797965,7,0,26.74219065910581,1503.7405711849403,4,0.5369401726241964,1,B,False,False,False,False,False,True
147.48494960164408,3,0,24.45789131469432,2357.4986444534884,4,2.090957726516402,1,B,False,False,True,False,False,False
50.780527301783216,9,0,24.92178198715961,1335.586834575353,5,1.46107551390115,0,B,False,False,False,False,False,True
30.59940841108369,15,1,11.174966318134631,387.21062291776906,7,1.9408896148891255,1,B,False,False,False,False,False,True
384.17445128281037,7,0,24.7121638157706,756.382670651728,3,0.6999909111406794,0,B,True,False,False,False,False,False
23.996666253781893,15,0,19.82776949966867,1609.8410807828072,2,1.3616171350030541,1,B,False,False,False,False,False,True
88.4838821675879,22,0,11.159053919726656,562.5433564351023,2,1.1640387679147208,0,B,False,False,False,False,True,False
74.59224444128488,6,0,22.22600078785003,1182.1038535390437,2,0.7262822265542982,1,B,False,False,False,False,False,True
26.114234363233248,23,0,7.094786008223616,1349.18701041516,2,1.1901183198690244,1,B,False,False,True,False,False,False
48.73889304271189,11,0,22.698829168297184,1624.2836773047113,3,2.5801770231840098,0,B,False,True,False,False,False,False
64.13797083429301,6,0,14.647514395216996,436.2969072267005,4,1.4121022854784577,0,B,False,False,False,True,False,False
95.46241942078059,16,0,29.69432123307826,3415.8886978764317,4,1.2011805792644663,0,B,True,False,False,False,False,False
49.11296001013619,14,0,33.430720727682036,1511.140506488909,5,1.808342558551394,1,B,False,False,False,False,True,False
63.47451384778982,13,0,7.383327892541525,867.915279239747,4,0.6040772145297912,0,B,False,False,False,True,False,False
76.5631865023548,4,0,5.092051223373303,1056.8572372377223,2,1.2162949927379054,0,B,True,False,False,False,False,False
3.556059726666665,1,0,4.929319756646127,4722.500688982111,4,0.8617044582781911,0,B,True,False,False,False,False,False
31.267190520461707,4,0,5.92050088286404,694.4871006614057,2,0.4685325092792244,0,B,False,False,False,False,False,True
62.3363431685853,4,1,0.7805484420349095,645.6086269592179,3,0.45608967497710773,0,B,False,False,False,False,True,False
2.8332730123788985,5,1,40.15523997131917,1163.7699877765804,0,0.6546283078489974,1,B,False,False,True,False,False,False
62.65224264904255,13,0,1.985524546246164,349.96132593665396,1,0.9028092892707863,0,B,False,False,False,True,False,False
583.8485017891891,21,0,31.55035772951414,5112.983068312884,2,0.5713910819352022,1,B,False,True,False,False,False,False
134.15835454695232,5,1,10.028812942815536,448.2833629821564,6,0.9967868201816875,0,B,True,False,False,False,False,False
20.90452744301256,12,0,34.591506235036015,1881.4978196083252,4,1.2979465095885145,1,B,False,False,True,False,False,False
787.1171250063884,6,0,40.45475584507935,1248.7541218034862,1,0.7014301620584991,1,B,False,False,True,False,False,False
9.788679748713816,17,0,25.82311331544721,1050.327541266206,1,2.058569446168967,0,B,False,False,False,True,False,False
28.05860523160498,3,0,7.83749867019919,1615.1928311695735,4,1.6344433547375816,0,B,False,True,False,False,False,False
266.232835755135,4,0,7.977322989878439,651.8773897448804,5,0.5691423500529267,0,B,False,False,False,False,True,False
55.80514776085654,14,0,50.91099449823914,1841.8327601851322,1,0.6135677165443146,0,B,False,False,True,False,False,False
138.667662305087,22,0,6.159135386577403,535.4412171298457,3,2.004769348373107,0,B,False,False,False,False,True,False
185.7271127847032,1,0,7.944093686469503,555.7253554559655,1,0.9406185492619761,0,B,False,False,True,False,False,False
145.14074245182044,7,0,5.155332450042771,419.9183482900056,3,1.3174359405637648,1,B,False,False,False,False,False,True
10.951539263924564,17,0,10.814663787022145,858.2920033685342,5,1.9152974075761209,0,B,True,False,False,False,False,False
22.160893334311204,20,0,14.140689255733857,1181.115852063589,3,0.754558135264704,0,B,False,False,True,False,False,False
41.69096347197206,1,0,16.317071732279008,1762.561208543586,6,0.7472083816422138,0,B,False,False,False,False,True,False
100.70784820963897,1,0,2.58830357442161,783.2322308818108,1,1.5413797279904273,0,B,False,True,False,False,False,False
53.89467364162352,17,0,6.383191140018246,1302.2175474830747,3,1.674521422668099,0,B,False,False,False,True,False,False
16.55726452981651,6,0,82.70247380838312,1021.3937636878497,1,2.0137922068632874,1,B,False,True,False,False,False,False
28.130603345830046,13,1,1.114007607205392,1560.157239878413,3,1.4956047041538012,1,B,False,False,True,False,False,False
146.6100750718687,4,0,6.983504617055811,621.4968166726845,1,0.8096610963058882,0,B,False,False,False,False,True,False
3.6119595776390825,8,0,3.5703003419426516,1618.9545658118507,1,1.0831822216402425,1,B,False,False,False,False,False,True
48.307589179071925,13,0,4.962409779517124,666.8597538972776,3,0.8265098545789585,0,B,False,True,False,False,False,False
168.45630804681957,3,0,9.445074806679612,1539.204802982714,4,1.0598690966528759,0,B,False,False,False,False,False,True
213.65865983759605,0,0,64.65987747397422,840.8257128943266,2,2.267903419345544,0,B,False,False,False,True,False,False
5.8956926779825105,7,0,25.10064356243662,2242.215538970032,1,0.9376523476501611,1,B,False,False,False,False,False,True
21.65752742109417,21,1,4.130376012025079,1384.5233355846913,2,1.398627513965643,0,B,False,False,False,True,False,False
428.23264866150316,14,0,2.217830721330863,2818.239923238496,4,1.0519998012510556,1,B,False,False,False,False,False,True
8.899303449760549,18,0,13.978596011816146,1626.4801679355571,3,0.7816434287385948,1,B,False,False,True,False,False,False
92.34466104792051,9,0,31.351600626920817,1019.2867796058608,4,0.7638205771279123,1,B,False,False,False,False,False,True
169.9478200595472,22,1,3.3520794640293365,2618.039207805096,1,1.5120864379527674,0,B,True,False,False,False,False,False
127.43744030261722,16,0,3.256943410034952,333.58725589892214,3,1.7663218268368646,0,B,False,True,False,False,False,False
102.14558240798198,1,1,17.28504972889698,1080.2510455281629,2,0.5456171207166836,0,B,False,True,False,False,False,False
54.4661390940836,4,0,5.290246343148047,1039.1077383426377,4,0.8645412610238915,0,B,False,True,False,False,False,False
68.20829028177978,14,0,0.6355929475543947,1391.872119019593,4,1.9585592116129353,0,B,False,False,False,True,False,False
17.270285109873704,9,0,5.403123447381791,536.9306487780672,4,1.1114676923741555,0,B,False,False,False,True,False,False
61.70400386381578,17,0,3.5486529164414704,2132.9012010424462,5,0.8384801317316879,0,B,False,False,True,False,False,False
209.34924818382905,23,0,5.954456974670064,3593.8480547849917,2,1.5223030849827843,0,B,False,False,False,True,False,False
8.148454539846558,12,0,25.268449467671932,1054.3177524903865,0,0.9274874556417445,0,B,False,False,True,False,False,False
36.01205958640855,20,0,16.78139619936345,809.3628670043892,5,0.8845871800011926,0,B,False,False,False,False,False,True
21.136031162943286,13,0,4.922138216286328,1553.9945114567704,5,0.43844202253308795,0,B,False,False,False,False,True,False
200.32934592163824,2,0,7.880267668990022,540.2244783435706,0,0.6058994553399756,0,B,False,True,False,False,False,False
29.022812603101944,5,0,3.6103706045777537,738.0131912441364,1,1.5056571966103416,0,B,False,True,False,False,False,False
904.1040686605903,19,0,12.098903125386384,792.4309158977574,4,1.453232991463872,1,B,False,False,True,False,False,False
380.3133395219993,22,0,3.8476433638503855,738.5880675074324,3,0.639822571845245,0,B,False,False,False,True,False,False
17.036888518108753,22,0,39.31285658529693,902.3021032997382,1,0.9470103564537306,0,B,True,False,False,False,False,False
14.027441355233574,20,1,4.716374169276708,1960.335398313045,7,0.9552752686041488,1,B,False,False,False,False,False,True
265.3689570954332,11,1,18.673070248371744,857.7722242849611,4,1.4558050919424814,0,B,False,False,True,False,False,False
42.79943906018677,4,0,7.5120210532276745,1095.3170344876012,6,0.7538125081416557,0,B,False,True,False,False,False,False
13.84375232740551,19,0,33.60471356122639,565.5803921232045,3,0.9851712534636645,1,B,True,False,False,False,False,False
13.367322095269683,8,0,5.684641317665378,2421.8237942032924,6,1.4000596849465237,1,B,False,False,True,False,False,False
226.56285486393654,6,0,0.24068384032965134,519.7872855844398,5,1.0380641568143145,0,B,False,False,False,False,True,False
72.90596543682469,21,0,1.682553311996358,1819.468139752226,1,0.32311539090612373,0,B,False,False,False,False,True,False
14.77293024561291,18,0,1.0541922941529784,1433.4524795826683,2,2.0715798252225426,0,B,False,False,False,False,True,False
55.349644671246146,4,0,5.566098227834563,169.17871303189582,5,1.2074676141930243,1,B,False,False,False,False,False,True
50.839974324729646,3,0,16.739848073023097,466.7682290888849,4,1.3249877128930476,0,B,False,False,False,False,True,False
152.0894854810197,20,0,10.88907171369436,1532.391701303728,4,0.21165474014153746,1,B,False,False,False,False,False,True
19.240730411485412,17,0,4.295536822738249,906.8873237610998,2,0.9387705064705025,0,B,True,False,False,False,False,False
22.63397762713151,4,0,100.44801525576786,1068.1308607133096,4,2.3480611137491434,1,B,False,False,True,False,False,False
29.655363608039004,6,0,1.0193632239971855,804.0664459793575,8,0.9120067574793996,1,B,False,False,False,False,False,True
89.70024677130847,12,0,14.641047086276872,564.9000339355824,3,0.864278418598892,0,B,False,True,False,False,False,False
11.861169045290591,15,0,24.26455514090564,7602.772267481426,2,1.027740898903693,0,B,False,False,False,True,False,False
143.27069041618375,10,0,47.55653516058442,1706.4219083164796,4,2.7664741250031137,0,B,False,False,False,False,True,False
34.57715306271138,2,0,6.564177035676127,2398.419530162208,2,0.7921685961508285,0,B,False,False,False,True,False,False
194.98325375526025,3,1,12.665862748945546,413.4636833769379,1,1.9031165190652815,1,B,False,False,True,False,False,False
14.197395001086267,16,0,4.348748678196384,1008.4885296699503,1,0.8450081867755845,1,B,False,False,False,False,False,True
42.275933905303766,8,0,0.5133536129937601,1522.2018610174064,5,0.756618693282783,1,B,False,False,False,False,False,True
29.042204999382065,18,1,10.937734549690212,516.8458639948008,7,0.9754531198539631,0,B,False,False,False,True,False,False
825.6621699322953,12,0,13.398207205794355,1144.518537353124,3,0.6086780790389749,0,B,False,False,True,False,False,False
59.80831187324056,11,0,4.829019629602353,2298.8122800780347,3,0.6721826667398819,0,B,False,False,False,True,False,False
14.926140590170604,21,0,3.9659453622152756,1153.1470219761964,0,0.9762153921339176,0,B,False,True,False,False,False,False
5.881928227235699,16,0,4.947239710202525,1293.1456145688917,4,0.8551681006688513,0,B,False,False,False,False,True,False
84.27105329864482,12,0,11.145490649118875,2437.37591394405,1,0.8365977309382097,0,B,False,False,False,False,True,False
22.613035972389138,20,0,17.113805929474324,815.9168328079735,3,0.9355608675987664,0,B,False,False,False,False,False,True
15.36420172474192,10,1,19.129779841087778,2385.07822770584,3,0.5006454735192409,0,B,True,False,False,False,False,False
120.20121623476643,9,0,4.867025814277872,840.0919111225887,1,0.6738839042266194,1,B,False,False,True,False,False,False
45.36137309367565,20,0,29.09650882025473,385.46952294435357,1,1.2785093974794453,1,B,False,False,True,False,False,False
68.09868825314469,4,0,9.961582235293285,1776.7044007427824,3,0.6691142452901684,1,B,False,False,False,False,False,True
59.16478515422235,16,0,11.915525634641744,2257.998907015745,1,0.9226373114110413,1,B,False,False,True,False,False,False
41.60976501927644,22,0,3.887792520840814,313.63447437375413,1,0.5720691249841299,1,B,False,False,True,False,False,False
236.3770970126673,20,0,7.247467216986718,440.95087576888716,4,2.6654948179559175,0,B,False,False,False,False,True,False
5.4954551320535625,0,0,0.7952506089694745,472.9291434878502,3,1.1463578241464156,0,B,False,True,False,False,False,False
7.087599287920697,15,0,12.915295279066317,381.19621980965826,3,1.1130554209945362,0,B,False,True,False,False,False,False
27.09485168155003,7,0,20.72685662727849,1641.0217609325882,4,0.7570011580074768,0,B,False,False,False,False,False,True
80.82021269088715,21,0,11.762967716797986,1518.8792713391767,3,0.4862153267388824,0,B,False,True,False,False,False,False
114.94373516365701,22,1,5.929906576572965,766.2516266131149,0,1.0899310523650063,0,B,False,True,False,False,False,False
8.980568780314062,19,1,27.00417815893218,366.87224440665636,0,0.9995363277957146,0,B,False,False,False,False,True,False
224.83823760321596,16,0,0.8904491738748477,793.518713047987,6,3.1066213902376685,0,B,False,True,False,False,False,False
719.0249326739462,7,0,4.289940991428512,2067.47862109308,5,0.5252714077467303,0,B,False,True,False,False,False,False
82.68977748683355,13,0,0.7698862055596616,2861.168069634269,2,1.2106451034220056,0,B,False,True,False,False,False,False
29.55891953417434,16,0,7.4886218506791264,196.64633022955312,3,0.5622052446692135,0,B,True,False,False,False,False,False
180.61864124983464,8,0,4.32231113929036,362.8806800482866,3,1.7368627827805132,0,B,True,False,False,False,False,False
220.510370243243,5,0,17.213044633672332,2432.1630180919005,2,1.667765335704802,0,B,False,False,False,True,False,False
36.80028165597757,20,0,1.2272499767736413,4064.3734737165014,3,1.7994297344450096,0,B,False,True,False,False,False,False
32.334431081756144,1,0,0.5137881263564167,1707.6422682235204,3,0.7919158753525491,0,B,False,False,False,True,False,False
52.20291709723351,23,0,12.075418657950525,412.12687563748943,3,0.9732973006379981,0,B,False,False,False,False,True,False
157.7157755144744,18,0,20.59268075695652,516.6351572883701,3,1.2586345054239936,0,B,False,True,False,False,False,False
184.78631101076772,12,1,9.47655252772258,1098.1756916209497,0,1.1246013942986555,1,B,False,False,True,False,False,False
41.74074477794945,9,1,4.954015074323131,780.5871917445618,6,1.244578826023408,0,B,False,False,False,True,False,False
154.05036436240852,23,0,10.354101315334166,1034.7269033874816,4,0.8479523588266565,0,B,False,True,False,False,False,False
28.431101240468017,9,1,6.1940438028038,1038.2883641653218,5,0.6652238398443976,0,B,True,False,False,False,False,False
648.9351231489563,14,0,5.269903486439199,1874.8738596159305,2,0.8388653768728127,1,B,False,False,True,False,False,False
16.578534074763482,4,0,8.890291484880084,603.2519134597675,2,2.256360613469595,1,B,False,False,False,False,False,True
125.50319006894566,19,0,14.280635516460096,1419.1218639158617,2,1.8345987520235811,0,B,False,False,False,True,False,False
41.67034039102537,6,0,12.96454624683894,521.0863263996173,3,1.440058975541583,0,B,False,False,False,False,True,False
42.705778143668766,12,0,1.7181699843017932,817.6076391399974,1,1.7354189040092833,0,B,False,False,False,False,False,True
38.782465593425236,19,1,3.6936740995984065,951.1467777248623,4,0.7530623021398317,1,B,False,False,True,False,False,False
24.989453921768103,20,0,0.10608076124690341,1123.3971910044647,1,2.082131878684861,0,B,False,False,False,True,False,False
20.70792032804414,10,0,8.647940188028688,344.9728692082526,4,0.5276795774121115,0,B,False,False,False,True,False,False
16.230048465720884,20,0,22.05348014308048,433.484142838738,1,1.009614006705042,0,B,False,True,False,False,False,False
47.258966516790565,1,0,8.022982087660044,797.3839086054506,1,1.1283173595182872,1,B,False,False,False,False,False,True
59.762409131743475,20,0,109.6890283637804,2767.2980369870916,2,0.4414125710139007,1,B,False,True,False,False,False,False
29.019420352997564,14,0,20.81467352955982,742.9155917257322,4,0.8016208056696345,0,B,False,False,False,False,True,False
4.19472015780843,14,0,7.047990734963699,162.9411153412434,4,1.1476994231672186,0,B,False,False,False,False,False,True
56.49129821638489,18,0,54.29400053792555,1757.941102637022,2,0.2813101581133061,0,B,False,False,False,True,False,False
44.96992404805477,4,0,15.353114328323693,1276.0206950244417,1,0.5361240424035307,1,B,False,False,True,False,False,False
172.79979516684907,16,0,37.776215341366196,665.5059606925134,5,0.9594453916958524,1,B,False,False,False,False,True,False
46.962346740066394,7,0,1.3709390240833965,1200.8398612558497,3,0.8731980290949819,0,B,False,True,False,False,False,False
80.65464126196053,15,0,12.232855011849185,3171.799845407366,2,0.5759234952513482,0,B,False,True,False,False,False,False
227.23428832748382,14,1,35.86273071173042,974.411402076058,1,1.4918029492180456,1,B,True,False,False,False,False,False
590.2196533809258,23,0,15.781551135684188,713.3222914132941,3,2.3084562174805257,0,B,False,False,False,False,True,False
53.11109799518088,17,0,66.6098948703823,662.7411336044273,4,0.8865449930923978,1,B,False,False,False,False,False,True
12.12933868011048,17,1,81.91655853860946,767.324453801753,3,0.7949443590769038,1,B,False,False,False,False,True,False
301.22534115008716,14,0,23.5559606943095,602.5348278918269,2,0.4143005373071534,1,B,False,False,False,False,False,True
1.0,9,0,4.901868396518979,1095.4833369189366,7,0.6384474255077744,0,B,False,False,False,False,True,False
15.64326063658733,4,0,28.817111520314146,3859.2840742895764,4,0.3608206056839909,0,B,True,False,False,False,False,False
20.845198042628365,21,0,18.23574755809323,755.444572112801,2,0.41288802476178366,0,B,True,False,False,False,False,False
133.86235011443537,15,0,1.6864543752354166,435.2969329519983,3,1.186125783426472,0,B,False,False,False,False,True,False
45.15639218046157,20,0,7.357445891075828,376.4015795763798,2,1.1852853277896886,0,B,False,False,False,True,False,False
14.060845124972772,11,0,31.13301659814763,268.8884369319813,4,1.0192768910439904,1,B,False,False,False,False,False,True
1096.4484799362028,16,0,18.45283337751845,654.6649896898463,2,1.4263651600345584,0,B,False,False,False,False,True,False
34.72725080641482,11,0,8.3624988955123,595.8880018293211,5,1.6058954648930828,0,B,False,True,False,False,False,False
13.917766189164249,0,0,14.240073352554266,1193.1117123904914,3,0.5760182164645586,0,B,False,True,False,False,False,False
12.570837304514521,10,0,41.41668039416874,4425.529875074654,7,0.7047304789803718,0,B,True,False,False,False,False,False
12.62624557876548,7,0,13.655408836831,1594.7395280807737,4,1.8431312745248059,1,B,False,False,False,False,False,True
57.37197310297688,4,0,3.8752218999839663,1968.7969298083997,4,1.3116138233765355,0,B,False,False,False,False,True,False
29.704138706865958,7,0,16.601032222572115,3961.643581042206,3,1.5739696264790164,0,B,False,False,False,False,False,True
29.316654081150293,10,0,4.6426316723095615,313.8810529321066,4,0.9692775647009475,0,B,False,False,False,False,True,False
63.39768437882918,10,0,14.474946877080395,2593.8904454097424,1,1.0994978650092808,0,B,False,False,False,True,False,False
41.485536445783,13,0,15.5163473912631,2737.421339237843,5,0.8948722533835342,0,B,False,False,True,False,False,False
77.43002317162853,13,0,6.730330675594272,581.6632039869235,2,1.3607302214979344,0,B,False,True,False,False,False,False
38.134808371508285,18,0,20.245240145418588,1761.5788956207557,2,0.8226210787081367,0,B,True,False,False,False,False,False
36.7654211903347,10,0,5.198955134606919,322.12040306331306,3,1.5154823511287514,0,B,False,False,False,False,False,True
21.08112260537536,20,0,0.22249857945546064,618.0979274228582,2,0.7532109069360384,0,B,False,True,False,False,False,False
45.67514459172202,1,0,6.476752578803442,4154.162386741086,2,0.9419640924950337,0,B,False,False,False,False,True,False
103.36839782822142,7,0,29.740183736185493,844.7263578080223,0,0.4634653515365162,0,B,False,True,False,False,False,False
172.1692989879367,10,0,12.900845907081013,680.9241436020454,4,0.4030859924486456,0,B,False,False,False,False,True,False
59.77137721444264,0,0,28.394106927521243,484.88465770945913,3,1.4460769411111691,0,B,False,False,False,False,False,True
1.0,4,0,2.0648093978463766,1133.2361128609703,5,0.7734884713600934,0,B,True,False,False,False,False,False
368.9241351327104,22,0,3.216283454857404,451.54187101333986,2,1.324510057135076,0,B,True,False,False,False,False,False
23.74122397559193,20,0,2.698023550861728,552.7906498291599,7,0.628095615146257,1,B,False,False,True,False,False,False
59.44461886083438,14,0,23.065619586643358,3264.53638215738,6,0.9133830308844183,0,B,False,False,False,True,False,False
112.22251244751553,18,0,14.208737181934021,468.80549530788926,3,1.219242283256954,0,B,False,False,False,True,False,False
168.69992825321364,15,0,6.15121559489223,173.43452969097117,5,1.0357899442042173,0,B,False,True,False,False,False,False
1349.2111933493202,3,0,22.75623698713719,769.2757414590626,5,0.893744851807052,1,B,False,False,False,False,False,True
72.85189847899761,11,0,8.5742914749483,2319.687312688837,3,1.0702991352996396,0,B,False,False,False,False,False,True
130.43937747914143,4,0,14.341168434702425,448.3647515487923,2,1.5438529268285743,0,B,True,False,False,False,False,False
71.61825833398873,18,0,28.93529555821758,684.5684925247826,4,0.9479144067145706,0,B,False,False,False,True,False,False
181.9148441571712,10,0,8.307253767919361,5093.920072030304,6,1.10362342758083,0,B,False,False,False,False,True,False
186.20082666516774,6,1,20.932189573735876,2168.123122111684,1,1.2716706126625443,0,B,False,False,False,True,False,False
260.4402511213554,5,0,12.508274611324724,673.1058643500941,0,0.9117759316702314,0,B,True,False,False,False,False,False
14.67523360611659,12,0,35.73774169220704,1243.2349544627464,4,0.465141038175112,1,B,False,True,False,False,False,False
44.0469963439849,14,0,9.117285008097898,1245.9288467983142,0,0.8550258962567409,0,B,False,False,False,True,False,False
186.74444795260078,2,1,5.32122853164494,344.76994277172093,5,0.40694272866044656,0,B,False,False,False,False,True,False
42.17480792316794,2,0,4.708197539349212,661.6889188210414,3,0.5993334556875856,0,B,True,False,False,False,False,False
95.76851938313318,3,0,3.1760342575200973,1654.7568517916527,2,0.8103300407828137,0,B,False,True,False,False,False,False
66.51824286790311,9,0,6.613643491087088,435.4650787890002,4,1.9744673738024265,0,B,False,False,False,False,True,False
41.56764064746133,18,0,8.545142196793197,955.8519110693375,3,1.0938060616061596,1,B,False,False,True,False,False,False
6.431403481339686,5,0,2.184916233704933,210.22985964786423,4,0.6982494207031932,0,B,False,True,False,False,False,False
26.829234021374045,0,0,19.962553035218487,3027.5623657826077,3,0.8514110613542122,0,B,False,False,False,False,True,False
87.38892726379979,0,0,41.68559897587958,7310.116118942058,4,0.994145182117744,0,B,False,False,False,True,False,False
73.13705246108933,6,0,7.962189961156481,1345.056056524613,2,0.6837131052151312,1,B,False,False,True,False,False,False
34.31525935549833,15,0,38.894192363226146,691.7529682773796,7,3.2785551669306274,1,B,False,False,False,False,True,False
40.88978825237301,23,0,8.222731285891212,156.9076298313829,4,1.087339301786321,0,B,True,False,False,False,False,False
665.7751527059777,3,0,3.731273689870655,1700.1800582020692,1,1.1256524236312608,0,B,False,False,False,True,False,False
67.77744235431423,15,0,29.39648712261673,2040.598602768022,1,1.2650427362898464,1,B,False,False,True,False,False,False
26.20185748801062,6,0,34.772241685626504,1423.3486530969549,4,0.4631592274085266,1,B,False,False,False,False,False,True
12.455325686916357,17,0,15.270661571267375,2814.7092064960625,3,1.2319175764762338,1,B,False,False,False,False,False,True
190.2150230794902,14,0,38.37177031240457,1518.223659359039,2,1.2866604765243432,1,B,False,False,True,False,False,False
55.19233234445266,8,0,6.431828545000834,713.7862789669571,6,0.9555990074937801,0,B,False,False,False,False,True,False
18.76644329908111,10,1,5.75689292424748,267.712650730041,2,1.9266624055764767,0,B,False,False,False,False,True,False
5.705276645504545,6,0,28.952754720039934,1368.2549894040253,5,0.9219046417940839,0,B,False,True,False,False,False,False
46.94848364123242,20,0,4.944982576725964,406.1862011129214,4,0.9573424428390711,0,B,False,False,False,False,True,False
620.0598723930079,6,0,30.173637456943226,1662.6021610058249,1,1.1793641450421026,0,B,False,False,False,False,True,False
227.6693004484945,22,0,4.083820442807761,3851.77715918738,5,0.9386988168039269,1,B,False,False,False,False,False,True
29.755751499302445,2,0,17.808525280603583,4370.255744728751,1,1.1397131326809813,0,B,False,False,False,False,False,True
99.18100244957529,6,1,25.588042129296234,258.00947642067905,2,0.9318052052889908,0,B,False,False,False,False,True,False
9.732588161344562,2,1,30.3851846079704,2680.185177527765,3,0.7760516867660646,0,B,False,False,False,True,False,False
42.651017842388285,11,0,50.336677919138886,1681.2570055123253,4,0.5278105368259125,1,B,False,False,False,False,False,True
56.18157303522184,2,0,5.358636265770472,1239.8557764049503,1,0.9190322462183129,0,B,True,False,False,False,False,False
10.563479093876504,6,0,11.784568254580117,860.649297915737,3,1.0826482601226155,0,B,True,False,False,False,False,False
18.389257449950982,22,0,47.01991256452801,309.88955086219664,4,0.4606636134343936,1,B,True,False,False,False,False,False
23.60686197307674,5,0,0.15520757152913683,928.1332927507568,3,1.1971221107441707,0,B,False,False,False,False,True,False
89.0930973874357,14,0,14.329277811635373,1931.284273447639,4,1.3515755815121175,0,B,False,False,False,False,False,True
74.41698648743437,22,0,2.4298796739518744,1504.5867843752067,5,1.959318925287629,0,B,False,False,False,False,True,False
18.159662750935198,9,0,8.703826326705387,767.0471942376271,5,1.4424818397856294,1,B,False,False,True,False,False,False
113.80397123750265,4,0,1.3169897745554842,1610.2542926397516,1,1.1091331645360814,1,B,False,False,False,False,False,True
55.57640875741681,8,0,6.151334337722177,4080.9680031313205,2,0.6428232806002208,0,B,False,False,False,False,True,False
436.96366251951565,16,0,17.647007503800754,2536.771538005138,4,1.2411533015185932,1,B,False,False,False,False,False,True
12.055211679702072,20,0,25.04268883917203,975.1930807476316,5,0.7602887251039093,0,B,False,False,False,True,False,False
380.79213881470065,18,0,12.358514489612466,807.6380118713943,2,0.6726957545102605,0,B,False,False,True,False,False,False
30.6381412196162,23,0,8.596053245363809,942.3323574730265,5,0.9468238427504305,0,B,False,False,False,False,True,False
365.1342267548318,22,0,6.2905495779866465,533.01291807359,3,0.8293874389705389,1,B,False,False,True,False,False,False
118.22091323405114,16,0,35.609975113636416,2144.016470723082,2,2.1124667223243456,0,B,False,False,False,False,True,False
10.794635860168443,8,0,3.301422487706132,1806.4839373770444,4,0.6583232018043953,1,B,False,False,True,False,False,False
64.81634592846115,20,0,17.286261071491083,584.0926521051789,8,1.545844074208008,1,B,False,False,True,False,False,False
311.2688193921869,16,0,2.276229571343658,2267.131022331752,3,0.8106681092246278,0,B,False,True,False,False,False,False
22.642172208245672,0,0,34.486068963686655,2179.672994550194,4,1.6520593959337335,0,B,False,False,False,False,True,False
227.04655513245427,7,0,5.039771648878839,2106.1116799750216,3,0.9682183624159424,1,B,False,False,False,False,False,True
225.54759311967646,18,0,6.961759190566271,1654.69888943149,2,3.8552184797459645,1,B,False,False,False,False,False,True
354.39333722874414,8,1,3.0346903365912903,296.9038813886275,3,3.272600565658886,1,B,False,False,False,False,False,True
104.74776335645458,7,0,40.79609515549966,2763.596521804627,2,0.8388806435629867,0,B,False,False,True,False,False,False
22.358397828897832,5,1,32.800838442690434,234.5427532548588,2,0.5165686154063301,0,B,False,False,False,True,False,False
130.84038921992575,14,0,9.61586926643019,529.4015812636844,4,3.0361747483858292,1,B,False,False,False,False,False,True
233.10341953119263,14,0,0.4588451644107706,2156.4983284366617,3,1.148015614721418,0,B,True,False,False,False,False,False
148.40116068242398,5,0,35.235189085200346,1888.9059865942556,3,0.596169412489107,1,B,False,False,True,False,False,False
4.022184549047832,20,0,49.29992060152233,958.2024215222389,2,0.6366182716454446,1,B,True,False,False,False,False,False
71.88454037401584,14,0,1.0883282337910996,681.842980282033,6,0.9912242142694753,0,B,True,False,False,False,False,False
129.62307398961184,17,0,14.074979914848718,2585.229906789843,1,1.8584018809239906,1,B,False,False,False,False,False,True
336.1627190014719,21,0,46.79461897390405,2111.739398557712,1,1.1042073074887673,0,B,False,True,False,False,False,False
8.421862597424049,23,0,17.885674888015096,894.6860478389195,3,1.2626742206483736,1,B,False,False,True,False,False,False
14.459669310842381,5,0,10.89125923169729,162.71604695861828,4,0.8564149248328862,0,B,False,False,False,False,True,False
51.28364716455327,22,0,6.279499665371267,596.0000360017455,6,1.218931173001068,1,B,False,False,True,False,False,False
1157.455739396846,17,0,20.208384162177975,1055.333890887116,3,1.0674850048007378,0,B,True,False,False,False,False,False
139.10442215607935,17,0,65.93612716407735,4366.248783508171,2,1.2151012039521722,0,B,False,True,False,False,False,False
23.06251903777777,18,0,15.292584841037014,2457.6144441810766,2,0.733412766787103,0,B,False,False,False,False,True,False
52.559567234377454,22,1,10.54036870866949,638.4569438327388,5,1.0719441802024567,1,B,False,False,False,False,False,True
128.14430768161174,23,0,2.7565961109974397,1947.9392193262522,1,0.33076619590145806,1,B,False,False,True,False,False,False
82.27138000614381,19,0,29.624132686205918,1956.4959880814438,2,1.722510897684252,0,B,False,True,False,False,False,False
73.2989796064446,12,0,7.262773867107418,778.970470064694,5,0.6215600738144741,0,B,False,False,False,False,True,False
32.153260920839635,10,0,22.004633179471174,3406.259782027881,1,0.7963659088922069,0,B,True,False,False,False,False,False
34.280351833889824,14,0,6.410771049882145,481.46062934382604,4,1.2677889649882468,0,B,False,False,False,True,False,False
85.09771420896736,5,1,1.9318877987506051,1430.7256602236068,0,1.713405048812411,0,B,False,False,True,False,False,False
117.11707706172572,22,0,16.570674662197494,625.3902745100286,0,1.1274783299500015,0,B,True,False,False,False,False,False
6.327285551520998,10,1,11.834412567528435,456.0774994294533,3,0.6661093417927797,1,B,False,False,True,False,False,False
44.48985001355554,3,0,2.45147887376189,371.9384386679108,2,1.1073914482692675,0,B,True,False,False,False,False,False
265.19566721407205,14,0,26.53559017909618,1147.773550362309,2,1.9335323525179349,0,B,False,False,False,False,False,True
754.5069716704558,15,0,5.404947016482071,1395.779325244094,2,0.5644783982621457,0,B,False,False,False,True,False,False
152.82577993696307,23,0,8.774433694608767,2308.808429311866,5,0.730199814438369,1,B,False,False,False,False,False,True
109.99228225988057,13,0,10.299014986514582,832.8333322242244,2,0.7459889018668854,0,B,False,False,False,True,False,False
220.59411229633702,23,0,4.242924922845733,1119.9547474944527,2,2.0711881362717333,0,B,False,False,False,False,True,False
83.29522490141575,22,0,10.458865046480868,2118.994524467141,4,1.287158247031244,0,B,False,False,False,False,True,False
13.524339298367144,4,0,1.0527182679191207,1210.522342648798,4,1.3732419913479812,0,B,True,False,False,False,False,False
37.32072533363887,14,1,3.105207498316254,626.9087006570543,2,1.4668829469053715,0,B,False,False,True,False,False,False
9.91544548926087,9,0,4.838256011452346,630.9321361576611,2,1.3895873651199915,1,B,False,False,True,False,False,False
158.9802381869768,5,0,6.678345167707252,2749.618205023891,5,2.0858001461089883,0,B,True,False,False,False,False,False
4.966669944461145,15,1,4.292212867746315,2234.0628249204865,1,1.1574821167749707,0,B,False,False,False,False,True,False
81.0248524428205,15,0,9.544585336819685,1743.8864045823807,6,0.8323059294957784,0,B,False,False,False,True,False,False
92.26418489826906,18,0,16.146009233552874,2846.801582962835,0,1.4181123360223038,1,B,False,False,False,False,False,True
52.98319198095635,2,0,6.352718933086577,1705.379824982472,2,0.8730304169770634,0,B,False,False,False,False,True,False
2.026381134575299,19,0,0.5719146933608779,9668.418104252085,4,0.4415412779841364,0,B,False,False,False,False,True,False
10.021464434748252,17,0,15.066469063138047,308.1050652912691,5,0.7977381156671807,0,B,False,True,False,False,False,False
64.13137545422154,21,0,31.779726799574007,1169.7631955880506,1,1.025605354338376,1,B,False,False,True,False,False,False
141.8551024089171,18,0,1.9952611721345617,684.4712066179758,3,2.1105107661690443,0,B,False,False,False,True,False,False
54.37154119684916,1,0,3.0703384492336774,1053.7922202202797,3,1.1853027073450306,1,B,False,False,False,False,False,True
275.121270229445,8,0,0.45090669024108326,449.25199246587607,1,1.1195239403191217,0,B,False,True,False,False,False,False
105.07081894625543,0,0,3.698173000790487,334.5701115374244,5,1.8788664309574488,0,B,False,True,False,False,False,False
55.46976640345003,3,0,5.25786737572753,820.4195703211004,2,1.0513717478491216,0,B,True,False,False,False,False,False
51.58683839714537,20,0,9.131173063253836,2170.883241772464,2,0.7761822070226467,0,B,False,False,False,False,True,False
23.915089121184742,21,0,18.041239098639416,969.3679364828306,2,1.722140137010469,1,B,False,False,True,False,False,False
999.7815231535777,3,0,8.508090346788554,2475.8697463224566,8,0.8548548975233745,0,B,False,False,False,False,True,False
146.60226343997772,5,0,6.8086153560859755,722.0260210659862,5,2.210978602297723,0,B,False,True,False,False,False,False
88.83427834979167,22,1,17.268378091538192,572.44407790117,3,0.7119378106407818,0,B,False,True,False,False,False,False
47.61077238500601,5,0,15.53204473203264,909.5267245188018,4,0.9690368865267289,1,B,False,False,False,False,False,True
69.52530669924255,21,0,8.27376206290714,1328.1778719530785,4,0.9525344772812399,0,B,False,False,False,False,True,False
5.443944998740972,18,0,6.201826306682363,3553.7912918816883,5,0.8132453602175692,0,B,False,False,False,False,True,False
57.742717219635956,7,0,7.167256227063235,1997.8895399372348,1,0.7997958214920752,0,B,False,False,False,True,False,False
52.10343027756198,7,0,7.782175435998543,2415.226897383446,4,0.653016231594502,1,B,False,False,False,False,False,True
2.152510325796038,19,0,1.4106277696471219,672.9226047699464,2,3.552529354884428,1,B,False,False,True,False,False,False
270.891974919715,23,0,3.009515426111537,446.34930956734866,6,1.5900349047985225,0,B,False,False,False,False,True,False
77.46839559771183,12,0,16.026383943837843,524.49325060556,3,1.4031624383931263,0,B,False,False,False,False,True,False
68.04649375141027,8,0,40.171272675962406,1235.5907026073924,3,3.564131065117963,0,B,False,False,True,False,False,False
23.821335279450373,20,1,1.3233028678613952,606.0964442017569,4,1.2564754067545572,1,B,False,False,False,False,False,True
300.28938846789504,18,0,1.9338177843214435,5704.077824427993,2,0.9140868963933652,0,B,False,False,False,False,True,False
86.77584833290187,6,1,1.5574177345673532,1524.5679697419607,3,1.0622546400552817,1,B,False,False,True,False,False,False
15.166622098178753,19,0,4.421695412329202,346.7414601986394,3,1.7342259058296081,0,B,False,False,False,True,False,False
10.715882752500859,7,1,23.594960946103406,967.6142717414671,4,0.2782435719930181,0,B,False,False,False,False,True,False
15.729785298981692,10,0,27.108884639806472,1095.0192921219639,4,1.640279180432286,0,B,False,False,True,False,False,False
31.490035313962373,2,1,33.357326435649995,507.2859428160481,5,3.1267372050734346,0,B,False,True,False,False,False,False
26.615182680262354,16,0,22.987762471171905,1999.123268467071,2,0.5155785224455596,0,B,False,False,False,False,True,False
27.276509048125085,4,0,9.211016339209335,1154.9047024293914,1,0.628019307494076,0,B,False,False,False,True,False,False
89.38740544175096,5,0,12.603342869606724,2014.3593777915457,0,0.696113380814003,1,B,False,False,True,False,False,False
28.66137839056696,14,0,17.31968801232351,1088.3836932369957,1,0.9517086990774354,1,B,False,False,True,False,False,False
241.33211278258736,8,0,4.268541230206161,492.5971195787339,3,1.30006331954391,0,B,False,False,False,False,True,False
576.4979077305924,18,1,11.81585988269908,1494.7235514278336,1,0.9838843011356225,0,B,False,True,False,False,False,False
13.787560949410743,5,1,10.84590029199108,687.9574947955483,4,2.0445628391501685,1,B,False,False,True,False,False,False
261.50455454041173,7,1,21.83495870335813,442.7423694507782,2,1.5675565784924588,1,B,False,False,True,False,False,False
17.933948803173717,11,0,4.003018874350334,1039.3244733700155,0,1.5276861503485804,0,B,False,True,False,False,False,False
169.22476872842435,15,0,37.91054795934996,6310.186065346151,3,0.9751739256453588,1,B,False,False,False,True,False,False
91.1979653775938,19,0,7.337551829620801,2213.912268326277,5,0.6094768531628072,0,B,False,False,False,False,True,False
223.9066129753608,21,0,10.221079016576743,1965.3638260652876,5,0.9770822639177311,0,B,True,False,False,False,False,False
13.97841150093114,2,0,6.120539339416696,483.73832437336705,3,2.687846519968096,0,B,False,False,False,False,True,False
127.02488053261797,15,0,1.841704126207476,1771.0681417704595,3,0.2437901511538332,0,B,False,False,False,False,True,False
15.228487675211582,14,0,2.9327365957416456,3195.6055558821927,4,1.5063315339034065,0,B,False,False,False,False,False,True
38.601407793612864,10,0,69.47194735144835,3713.4265391048216,4,0.9320181741052116,1,B,False,False,False,False,True,False
20.178232317555796,5,0,6.457281622384932,388.56512627264084,7,2.6341382370971647,0,B,True,False,False,False,False,False
14.2197527700729,1,0,1.8414357912510857,1578.9605327062347,1,0.9007429665500337,0,B,False,True,False,False,False,False
60.87502294298619,22,0,8.838261613452271,1322.736294977822,3,2.4321095585980257,0,B,False,False,False,False,True,False
140.3105737533836,6,0,2.214589679476523,5861.485842292467,2,1.0344997710470558,0,B,True,False,False,False,False,False
62.69868490700801,15,0,14.313615735144422,904.3815975600561,3,0.4592231615355899,0,B,False,False,False,True,False,False
55.63323804322873,0,0,0.3662474721183823,935.7949260230014,5,1.5720460776477032,0,B,False,False,False,False,False,True
41.534051767899754,12,0,12.332017339885315,2271.98400926354,3,1.4707762691067279,0,B,False,True,False,False,False,False
169.68208460148057,3,0,17.41136716063723,1728.3098693387315,1,0.6486893522369481,0,B,False,True,False,False,False,False
20.804758358501573,0,1,1.2624376346944046,3335.7684055828095,2,0.8312967965590472,0,B,False,False,False,True,False,False
158.24803214343484,21,0,2.4011407779246494,335.6225558178204,2,0.43130121971602614,0,B,False,False,False,False,True,False
53.10163124697117,4,0,22.34887431381499,1803.3051862411317,3,1.6599909497690652,0,B,True,False,False,False,False,False
2525.663905543447,15,0,8.195451180462099,2165.4064707013627,0,1.1797848170910796,1,B,False,False,False,False,False,True
62.71057331860782,18,0,1.4514396575378614,1537.5416833895542,6,1.28299007478473,0,B,True,False,False,False,False,False
47.60757636565809,11,0,29.74983579476519,4197.200425235116,4,1.6339902140003695,0,B,False,False,False,False,False,True
6.110020205411658,8,1,20.03013617625083,632.4206575342855,2,0.6963798205310863,1,B,False,False,False,False,False,True
252.8422844039175,5,1,3.106641756917838,832.540512353055,1,0.7775977260294646,0,B,False,True,False,False,False,False
17.871059503575236,21,0,6.3978429533952035,1138.28901216302,3,1.6646742462022275,0,B,False,False,False,True,False,False
55.49497589129837,8,0,12.58842309552765,2568.740507656053,3,1.0625792894043096,0,B,False,True,False,False,False,False
38.242045665468716,1,0,0.32738867393945764,2353.658045903944,2,2.153935599462167,0,B,False,False,False,False,True,False
107.74579587641091,0,0,10.095154035806113,687.0655281589759,5,0.7431922811216861,0,B,False,False,True,False,False,False
38.91586337507687,9,0,6.246287648760153,936.5824149295611,3,0.7695280001943196,1,B,False,False,False,False,False,True
12.329077122399719,2,0,39.02301687506832,1397.8740423308504,3,1.4424112627783447,0,B,False,False,False,False,False,True
17.039515690017215,23,0,3.840346554467952,1732.7208012615688,3,2.3814610876818696,0,B,False,False,False,False,False,True
14.516519133537534,17,0,7.6253654011796685,1693.277539391974,3,1.586644484641789,0,B,False,True,False,False,False,False
68.27776884252481,23,0,2.656060804257294,244.8361107532327,2,2.8748663568132025,1,B,False,False,False,False,False,True
255.45095366063893,11,0,2.060318549983022,4840.410632371475,4,1.5848427263323854,1,B,False,False,False,False,False,True
37.7200857651114,14,0,4.923398145895131,614.6011800464152,7,0.7949873201196672,1,B,False,False,True,False,False,False
111.55487465941903,13,0,25.4142884219061,593.8536357121408,5,0.8300081504689197,0,B,False,False,False,True,False,False
160.2484642896993,9,0,7.113864300007109,433.9767115202672,1,1.0181892608958365,0,B,False,False,False,False,True,False
78.91226857115596,5,0,3.09617024744736,1089.7276090251678,5,0.9228540319131856,0,B,True,False,False,False,False,False
19.951926397687554,19,0,0.2559065864046834,1105.5017171046234,1,1.1184461830193069,0,B,False,True,False,False,False,False
252.60563779836227,19,0,11.919011054068074,753.8783743619053,4,1.3004668452725479,0,B,False,False,False,False,True,False
21.003617082515866,11,0,10.24933937807089,959.8125776708506,4,1.2567252037884273,0,B,False,False,False,True,False,False
80.13508612256305,22,0,3.5476229368433065,274.9757518095082,6,2.8845504879055386,0,B,False,False,False,False,True,False
54.681096071658075,22,0,6.771334954275022,250.8316890097074,3,2.076071381435655,0,B,False,True,False,False,False,False
96.7280669466468,8,0,5.103372895108339,1721.9334000671565,5,1.4721061301661367,1,B,False,False,True,False,False,False
86.23987208751497,3,0,18.657862241722377,1087.2864313460636,4,1.262632750875917,0,B,False,False,False,False,True,False
143.76158492144538,3,0,6.874645660695725,2544.6812026443245,2,0.7024921333764294,0,B,False,False,False,True,False,False
60.989300228437656,1,0,9.51481343946767,1195.5508670280294,2,0.7866000983038374,0,B,False,True,False,False,False,False
110.9752455702927,6,0,68.1710511577325,715.5024521051555,1,0.6686779100327749,1,B,False,False,False,True,False,False
161.80967132934546,10,0,33.849557618852145,3410.2207964995637,2,0.5314896920519657,0,B,True,False,False,False,False,False
8.559411013279423,15,1,16.09798329462078,753.444116948659,3,0.6226726661180971,0,B,False,False,False,False,True,False
267.45132469736734,9,0,9.885041376240846,3124.7403217338137,3,3.7730576121485977,0,B,False,True,False,False,False,False
43.54969527930295,14,0,6.511470391091234,4050.8658563476806,5,1.8079330404147407,0,B,False,False,False,False,True,False
81.53594450676201,1,0,43.01404855796612,800.3304318595077,3,1.1641362699588098,1,B,True,False,False,False,False,False
65.72062359811224,11,0,36.558405845894605,2046.0487588047092,1,1.8765509966972813,1,B,False,False,False,False,False,True
33.92347446330305,21,0,2.7058084753344955,1932.7735715243186,1,1.4066586661992952,0,B,False,True,False,False,False,False
47.46570242131136,21,0,4.357803083330429,1118.9602888010947,1,0.5388314004003814,0,B,True,False,False,False,False,False
64.08615694918011,14,0,7.426690107704107,1794.421947505175,6,0.3519096976917453,0,B,False,False,False,False,True,False
42.614545029122304,10,0,9.16826595526507,671.7226655526089,5,0.44560215743478593,0,B,False,True,False,False,False,False
204.2095806832276,9,0,11.720093495877729,1980.0269710589253,3,0.6939957761457521,0,B,False,False,True,False,False,False
160.95572785057917,2,0,0.5910963641196212,916.946683015123,6,0.6029538238749148,0,B,True,False,False,False,False,False
29.5935957866939,7,0,1.0580701863770585,790.1485054231206,3,1.071110155943786,1,B,False,False,False,False,False,True
598.6595472058922,20,1,9.507727280343094,362.9961506014829,4,1.3095794713341042,0,B,False,False,False,True,False,False
9.039435217738824,19,0,37.55136349427505,2372.7475995841537,2,0.563820505182929,0,B,False,False,False,False,True,False
15.14826922666286,19,0,20.345193756621217,535.6082490592876,5,2.493733885289874,0,B,False,False,False,True,False,False
50.386154372915925,4,0,11.746997783777882,967.0948450359909,2,0.579147137446221,0,B,False,False,False,False,True,False
78.48559928362153,10,1,0.4334327142415261,1152.015471736756,5,1.2036617330771047,0,B,False,True,False,False,False,False
22.598237549768285,11,0,1.0608459434860145,3016.813011316978,3,0.8066979147702247,0,B,False,False,False,True,False,False
35.83554379258149,19,0,14.91318302022501,738.5732061518843,3,1.3694098850968284,1,B,False,False,False,False,False,True
15.764755609653175,10,1,3.192840769040274,422.4490240554195,2,1.2069559434307193,0,B,False,False,False,False,True,False
38.36069739706017,5,0,12.866456037405852,607.3582664365475,3,1.4239516911968235,0,B,False,False,False,True,False,False
8.625624640787548,7,0,9.064897503506005,2348.3304431264787,2,1.393378813471673,0,B,False,False,False,False,True,False
35.31751128913668,12,0,3.0603159188907547,3120.758123278198,4,0.777978667152286,1,B,False,False,True,False,False,False
33.52384682113952,14,0,9.39651005877089,2766.3805504046813,3,1.1386172672990598,1,B,False,False,True,False,False,False
14.057016867395712,1,1,32.67612012831854,1058.9153329466665,0,0.7830183387083066,1,B,False,False,False,True,False,False
324.63220396517085,22,0,3.8174386792747477,309.820273163076,3,0.5280534760647739,1,B,False,False,True,False,False,False
112.63179965893369,5,1,47.16112616652315,361.96800104180187,1,1.3151128511004337,1,B,False,False,False,False,False,True
237.68613114394563,19,0,3.9055869615861614,1331.4418308026388,4,0.6135872455684576,0,B,False,False,False,True,False,False
58.5701633974501,1,0,9.14709397505046,857.362110407822,3,0.9591101119361147,0,B,False,True,False,False,False,False
97.677375376031,14,0,19.253903559147286,1279.2908502107673,4,1.671085273144742,0,B,False,False,False,True,False,False
46.115105830309986,0,0,22.34024360941546,803.9035809296638,3,1.4445527055864409,0,B,False,True,False,False,False,False
45.273748399452025,10,0,5.571324889772078,502.5595022310048,1,2.1522015854424614,1,B,False,False,True,False,False,False
133.86424701868685,7,0,0.24933377601251663,2715.7571332444713,6,1.324301191613629,0,B,False,False,False,True,False,False
21.722000978649465,23,0,14.74745448237964,480.57457854949735,0,1.2851518007277787,0,B,False,False,False,False,False,True
45.97590665985821,8,0,5.834493828290967,2128.198541423179,2,1.11918475226481,0,B,False,False,True,False,False,False
474.9897832084007,14,0,11.046666397225657,2410.2779784229283,4,3.901125319991295,0,B,True,False,False,False,False,False
50.07173470774379,4,0,1.0027965020590135,680.5391322585366,2,0.4677880900545145,0,B,False,False,True,False,False,False
68.31602408015985,8,0,7.442117080090796,2164.686244250096,2,0.4806204647472706,0,B,False,False,True,False,False,False
181.01625971998934,3,0,14.960199522960014,1985.9612841102564,2,0.529146017719384,0,B,False,True,False,False,False,False
218.42394737811375,9,0,1.3033279698580955,665.0742777493216,1,0.6928966279977863,0,B,False,True,False,False,False,False
182.1172595841704,3,0,9.612383548783908,855.6524880863764,4,0.4208409923754118,1,B,False,False,False,False,False,True
14.786399869047356,4,0,8.616927090752133,9148.377891540493,3,1.6062384872736533,0,B,False,True,False,False,False,False
30.956142096050808,18,0,5.6106430889779295,4713.115098673902,3,0.8209110203397633,0,B,True,False,False,False,False,False
433.51504557163804,20,1,63.670679883285906,491.97601205844614,2,1.0312506791131473,0,B,False,False,False,False,True,False
43.09443263685653,12,0,54.92285606525492,261.98504182330555,2,1.6193080672267388,0,B,False,False,False,False,True,False
104.79757608210656,20,0,10.089516777940156,1388.3115934461982,2,0.5185519471908235,0,B,False,False,False,True,False,False
144.2975081315994,10,0,3.1318550438849444,646.6099524517172,5,0.42128237603326807,0,B,True,False,False,False,False,False
392.9484799676831,11,0,9.414277146602325,2184.1981007341865,2,1.2524652513765158,0,B,True,False,False,False,False,False
18.436864272345616,13,0,28.24557386757299,611.3042607103741,5,1.2632412745487287,0,B,True,False,False,False,False,False
74.38036786424992,12,0,6.341436665099437,1606.0826180891738,4,1.1659325653930348,1,B,False,False,True,False,False,False
52.286338954258085,3,0,6.257658480452433,3407.2690568916105,2,1.1558458712975765,0,B,False,False,False,False,True,False
1329.9347055106011,12,0,24.827731236707976,357.33385375150704,5,0.48890738678551454,0,B,False,True,False,False,False,False
27.22956664588399,4,0,14.836026193565587,868.3711693468777,8,1.3801714723483574,1,B,False,False,False,False,False,True
17.379549554546383,20,1,7.795423024035864,1353.0664811284046,4,2.3198154215929603,0,B,False,True,False,False,False,False
578.3355152170748,8,0,10.967524911222863,1244.758586174775,3,1.5274185760313326,1,B,False,False,True,False,False,False
1334.705652660508,0,0,13.541680339224811,1143.6340501797235,2,0.3860550112580284,1,B,False,False,True,False,False,False
228.3844753383208,11,1,2.636736281012701,2333.849531528982,2,1.58275950818007,0,B,False,False,False,False,True,False
8.266367877145107,22,0,9.727171400000085,668.889577657385,4,0.8674463820410596,0,B,False,False,False,False,True,False
16.809421043871552,16,0,11.107633607521999,675.4887768589562,3,0.9159248408160225,0,B,False,True,False,False,False,False
19.08006298474711,0,0,80.56908582540234,4580.955046475764,9,0.9207969648478366,1,B,False,False,False,True,False,False
627.6030670124534,18,0,4.367908091922257,1077.076382958636,5,0.7805297391242006,0,B,False,True,False,False,False,False
49.686294536738856,4,0,4.273108561897447,299.5727526636606,4,0.984016588736057,0,B,True,False,False,False,False,False
78.10509482089063,11,0,21.460325139929754,302.60326476062863,3,0.4492673129639097,0,B,False,False,False,False,True,False
37.14013292005134,11,0,6.121941644709392,1695.602033150873,5,0.36485717693344405,0,B,True,False,False,False,False,False
11.051596884086011,10,0,0.8678841272039141,610.3297383607628,2,1.7042159271150128,0,B,False,False,False,True,False,False
22.805758841869896,15,0,47.53123774891328,1780.8673594777144,3,2.0031057240153762,0,B,True,False,False,False,False,False
574.8348982726881,16,0,0.6370432175351596,1524.3170199127055,2,0.7152179774950654,0,B,False,False,False,True,False,False
51.98157093584509,2,0,37.76469233915092,150.6367870512344,6,2.81053192254923,0,B,False,False,False,False,True,False
6.000739220326387,10,0,25.129682307957452,1692.4639157833017,5,0.4967871640205583,0,B,False,True,False,False,False,False
120.95318879618527,16,0,14.154022842530624,1260.8202939058904,1,0.6845548876155877,0,B,False,False,False,False,False,True
49.65394544374207,0,0,32.002548741717106,1070.9987277749863,3,0.7156351839370166,0,B,False,False,False,False,True,False
51.254275942449304,14,0,3.2681618997768793,707.7098706087136,2,0.3255236615480035,0,B,False,True,False,False,False,False
40.87606184657679,8,0,3.112989426429181,264.411180772643,3,1.0667517342061865,0,B,False,False,False,False,False,True
13.534424551690446,17,0,8.79943712682499,634.676787313459,5,1.1312396617313893,0,B,True,False,False,False,False,False
24.48473645922363,0,0,84.84138609333327,141.48982498912625,1,2.1750916653494414,1,B,False,False,True,False,False,False
760.001643276772,5,1,0.1387259500672176,611.1786881699925,0,1.3404329313944332,0,B,False,False,True,False,False,False
158.80183198864367,1,0,2.29891428262274,535.5211180639708,2,1.5858177200250787,0,B,False,False,True,False,False,False
125.74050752614447,4,0,19.03514234274438,3745.9959781286693,2,0.7401722339779653,0,B,False,False,False,False,False,True
43.32009402459241,2,0,4.482762791677226,916.9214855773984,8,0.9093965272847164,0,B,False,False,False,True,False,False
61.258965152340735,4,0,12.12580165897873,601.7439549870052,3,1.5302038267286646,1,B,False,False,True,False,False,False
415.7696191348732,7,0,18.788649686895234,1746.1108026237366,4,0.7679841173175074,1,B,False,False,True,False,False,False
62.68658699225428,5,0,27.53758546731748,4826.002462383709,4,1.9241989136143474,0,B,False,False,False,True,False,False
76.15975745849708,10,0,12.205009426106184,8859.01601430068,0,0.9244401296644623,0,B,False,False,False,False,False,True
105.67367258209866,10,0,1.5956724891650482,260.63013164494436,3,0.5843558425106608,0,B,False,False,False,False,False,True
12.468469660132032,10,0,17.75559592955719,1898.623251887572,5,1.7438384177038115,0,B,False,False,False,True,False,False
46.824580214635034,7,0,10.429075475464344,499.7395298869097,2,2.6625000900452673,0,B,False,False,False,False,True,False
12.462196200221412,5,1,17.767580263033828,2394.174532799168,1,0.692530057625356,0,B,False,False,False,True,False,False
1.9555287550065772,15,0,0.883091343274526,479.7386803380603,4,0.8281031737681778,0,B,False,True,False,False,False,False
9.134420863625598,19,0,0.053389711102422306,693.0732835396881,0,0.6612906684114893,0,B,False,True,False,False,False,False
51.834062610065814,19,0,35.63498934006877,3418.64884464629,4,1.1868488508689774,0,B,False,False,False,False,True,False
267.05164264143,2,0,12.604699356631933,684.1826439730831,8,1.9778721444658403,0,B,True,False,False,False,False,False
82.9035433125223,7,0,2.952473740576181,1531.2200234987042,2,0.8809516839909441,0,B,False,False,False,False,True,False
95.86178626969148,12,1,18.29068721467472,3708.449641287935,2,0.6430497376373259,0,B,False,True,False,False,False,False
185.3561412884543,9,1,18.431899748277797,1296.5402634992622,3,0.7274499271326673,0,B,False,False,False,True,False,False
508.9211580300888,7,0,36.94728090468612,934.4857515790694,5,0.5503881408634738,1,B,False,False,False,False,False,True
133.52288365069586,9,0,21.84759888664662,1112.9535075982744,2,0.586692585656495,0,B,False,True,False,False,False,False
22.34770477145731,12,0,27.368274060724186,1972.9795411463429,3,0.5009112355238616,0,B,False,False,False,True,False,False
51.47744183706179,2,0,27.061585687079408,556.0341106768808,0,0.6671809188367981,0,B,True,False,False,False,False,False
295.4206907182229,3,0,5.21516589059466,1606.385563481695,5,0.80621287827577,0,B,False,True,False,False,False,False
127.55212899422985,15,0,11.068086085390249,2787.8355502673885,7,0.8134124130632634,0,B,False,False,False,False,False,True
21.92875320074526,2,0,0.5397324096785021,3200.057783832894,7,1.5170782510885672,0,B,True,False,False,False,False,False
78.66246837577812,20,0,0.6555298940288031,1311.246821673084,2,0.8316469347466591,0,B,False,True,False,False,False,False
279.43825408277814,8,0,31.957305701725783,857.0707882123448,0,1.2273188968747935,0,B,False,True,False,False,False,False
185.26106606646985,18,0,0.7864694088930302,240.15265641124432,2,0.6479304609877802,0,B,False,False,False,False,False,True
131.65545707159745,11,0,11.941438115565404,994.1150877823775,6,1.380948214839847,0,B,False,False,True,False,False,False
15.902382806993915,5,1,39.60170685194672,611.8466152232595,7,1.9060934578776112,1,B,False,True,False,False,False,False
16.722604059158233,3,0,3.450173173906758,865.5516075811151,0,0.5636246268505359,0,B,False,True,False,False,False,False
62.40940875993639,13,1,8.769582562043938,446.66048472599135,3,0.43019150571380477,0,B,False,True,False,False,False,False
513.6027292956591,0,0,15.646194272514482,975.2152014505751,5,1.1895531929937793,0,B,False,False,False,False,True,False
110.25251660308874,7,0,12.37738638917763,1785.7944751008415,5,0.9634002527136765,0,B,False,False,False,False,True,False
55.63838647197912,18,0,6.779602474788807,1639.2495069682752,2,1.6766399225912538,0,B,False,False,False,False,False,True
25.26336790508487,15,0,23.2415123391067,1288.7575834071768,4,1.2423456788887342,0,B,False,False,False,True,False,False
140.55131491361323,7,0,7.900042047378568,1036.8222092723688,4,1.1886803412255036,0,B,True,False,False,False,False,False
225.24391408592928,4,1,7.318667704397796,733.8618611289244,5,0.37404888643386014,0,B,False,False,False,False,True,False
36.52384601157869,7,0,0.3274272915257213,1131.4026907049085,4,0.744633304486243,0,B,False,False,False,False,False,True
42.17735649330194,16,1,29.989320473067497,2869.16998031299,1,0.6626778544323058,0,B,False,False,False,False,True,False
29.501301839289304,5,0,111.18215373363984,625.3129389318376,5,1.054088539281784,0,B,True,False,False,False,False,False
14.60868162618093,2,0,20.39668450299099,832.311677964704,1,1.7388627144780662,0,B,False,False,False,True,False,False
7.960956166385131,20,0,53.10007071354291,875.2111495779909,3,1.4915015895392074,0,B,False,False,False,False,True,False
138.22726368666025,19,0,10.262818075810026,322.6946554786659,0,0.8527949742827365,1,B,False,False,True,False,False,False
11.282678618235408,10,0,13.070448176228833,2191.99129735717,5,0.7350535126677362,0,B,False,False,False,True,False,False
162.83169087024865,12,0,32.39420209899356,315.4969990302959,5,0.6886228537018064,0,B,False,False,False,True,False,False
3.618438370801093,18,0,11.134115690451534,2360.92336791406,2,1.7207408112399734,0,B,False,False,False,False,True,False
122.41381067685731,22,0,1.1124514097476028,783.8288517842725,2,2.0596836969413896,0,B,True,False,False,False,False,False
32.845770703725556,19,0,20.11452198803378,3504.865856349156,4,2.2609930390761392,0,B,False,False,False,False,True,False
81.20829312312287,2,0,2.244980669038763,1482.6290831338313,3,1.5333355758222798,0,B,False,True,False,False,False,False
40.061232336137955,18,0,6.300859519687805,498.2640355485325,4,0.6789896852292095,0,B,False,True,False,False,False,False
31.630370686301564,19,1,27.912555335360558,548.6908648310598,1,0.5920876726229042,0,B,False,False,False,True,False,False
14.169955620723792,6,0,4.878627518543758,3036.368655695362,3,0.9917917350443681,0,B,False,True,False,False,False,False
52.0303020072099,10,0,40.89267196163404,581.3289992772908,6,1.6223012501636371,0,B,False,True,False,False,False,False
340.7126695120797,8,0,25.328799890912453,2935.092753851544,6,0.34774384112017315,0,B,False,True,False,False,False,False
131.34501685611224,14,0,51.710138309849675,1460.549361777437,4,1.964531712628931,1,B,True,False,False,False,False,False
13.307993757757455,11,0,1.6615153662863806,1081.5106827725424,4,1.5289156200248104,1,B,False,False,True,False,False,False
37.688977610620306,11,0,5.236978566337998,6376.218180221809,3,0.8361223997979081,0,B,False,True,False,False,False,False
33.625783301360954,5,0,23.494338519638113,6283.7499654395815,4,0.2704349501173919,0,B,True,False,False,False,False,False
103.66587855973523,16,0,16.787399121679254,927.3271787498684,4,1.5385020449488112,0,B,False,True,False,False,False,False
8.61172151217699,23,1,21.650858032262306,946.072580322186,2,1.8759140981233824,0,B,False,False,True,False,False,False
189.67522075327759,17,0,30.886499004085096,2367.9959843439406,1,0.4812079161906162,0,B,False,False,False,False,True,False
1523.9391732337328,8,1,4.766899849493931,3854.595137076728,4,2.1543517610496217,0,B,False,False,False,True,False,False
66.04441608995748,10,1,53.83548765084297,2003.9192620568306,6,0.8388761030895326,0,B,False,False,False,False,False,True
41.531412786791265,18,0,21.374306606938127,866.8392978021158,6,0.7300601406594371,0,B,False,False,False,False,True,False
193.93510235880598,9,0,44.30021034045553,393.7626012574501,0,2.0295299081563556,0,B,False,False,True,False,False,False
15.139153416190661,10,0,1.7299554198990865,1253.4087509892074,2,0.37439039032976273,0,B,False,False,True,False,False,False
238.3950274211227,22,0,12.242609071738654,2323.5103772156676,3,0.9078616484712363,0,B,False,False,False,True,False,False
17.86214595708745,5,1,25.424696541977838,880.372718688259,4,1.0419693599554596,0,B,False,True,False,False,False,False
1393.9746816220631,8,0,1.402062260239642,981.4534700565395,2,0.7513807763627545,1,B,False,False,False,False,False,True
5.578042559519219,15,0,9.965991959642402,1595.613477088928,3,1.0109287438833132,1,B,False,False,False,False,False,True
23.817445499324027,2,0,23.96919263634369,575.7992930379235,2,1.133150230717021,1,B,False,False,False,False,False,True
89.12121232151782,15,0,0.7599186482579167,724.2750793120542,2,0.6742459580100348,0,B,False,False,False,False,True,False
129.60965105537554,17,0,18.96433087612813,1175.6016818876221,1,0.7069436250628451,0,B,False,False,True,False,False,False
30.180048388938218,18,0,51.8339991834661,914.8745255535636,4,0.8039560028482023,1,B,False,False,False,False,False,True
248.90821468673232,15,0,0.8670560089206257,1573.335146480977,0,0.8527779951587698,0,B,True,False,False,False,False,False
15.238762654038323,3,0,37.50286518702487,1060.2168927582704,5,1.0463814957413513,1,B,False,False,False,False,False,True
14.632608671268809,4,0,8.14978388126838,335.5831102187216,2,0.670927490657518,0,B,False,True,False,False,False,False
11.281828409695503,21,0,0.36767807331474167,164.7350497410233,4,1.1438476041757786,0,B,False,False,False,False,True,False
70.37711693562322,22,0,6.418595953193186,2500.6844850556104,2,1.8043735529949594,0,B,True,False,False,False,False,False
46.111560380470955,9,1,5.436969012363624,874.8961691172692,2,0.5289607595962152,0,B,True,False,False,False,False,False
12.734593163957994,18,1,4.294349527589938,1300.3691179002483,3,1.6224699900094262,1,B,False,False,True,False,False,False
66.91420668933853,18,0,26.463380586975596,1003.2378606099884,4,0.6680964706381775,0,B,False,False,False,True,False,False
13.575239126209672,2,0,9.032038699561392,2096.638150672097,4,0.4374063443425976,0,B,False,True,False,False,False,False
76.40365556738529,7,0,5.525029735001314,535.8199431987532,1,1.0632954239277206,0,B,False,True,False,False,False,False
166.50387948383016,18,0,5.568310652048446,2535.385264919567,3,0.7788043630624377,0,B,False,True,False,False,False,False
14.92086024002635,22,1,72.62872500501388,4588.411190260614,4,1.0308016934166464,1,B,False,False,False,False,False,True
33.87453853295215,16,0,14.467182772163724,8048.195985135002,3,0.3900419425013735,0,B,False,False,False,True,False,False
344.37690201802536,0,1,0.6372676751977575,363.5009037498876,3,0.7192842360991364,0,B,False,False,False,False,True,False
31.192975399287498,20,0,32.82812620494666,2425.3517470913844,3,2.4985798715620926,1,B,False,False,True,False,False,False
28.620090577303337,12,0,19.456919873772076,3447.3319066044687,2,0.5115326120664613,0,B,False,False,False,False,True,False
901.8330871908087,10,0,3.568631549528878,510.11679283321763,1,2.1212873628540625,0,B,True,False,False,False,False,False
190.34379106216824,11,0,1.8081757897313837,518.5045084824162,2,0.34875657598698234,0,B,False,True,False,False,False,False
33.956808906405115,23,0,7.102223604746318,504.23196394487167,3,0.8459927296444872,0,B,False,False,False,True,False,False
116.17057380758692,1,0,3.496993015132567,1530.543929500598,6,0.710520467600239,0,B,False,False,False,False,True,False
3.0714660989049234,23,0,18.151343925041985,3377.3307606329035,4,0.7336898915004669,0,B,False,False,False,False,True,False
24.23667865589541,9,0,2.8730203439708326,132.4071017182777,2,0.9477580350743391,0,B,False,True,False,False,False,False
37.68862519919146,8,0,11.126961804766562,500.460119657897,0,1.7604242464049336,0,B,True,False,False,False,False,False
29.389587170747408,15,0,15.204295493123144,789.2486774514567,2,0.47679172579524404,0,B,True,False,False,False,False,False
21.420650174402205,3,0,16.586829575696772,1231.6404402933606,2,3.676579836555442,0,B,False,True,False,False,False,False
108.3893558182393,15,0,21.770360333131457,1120.720192526953,3,0.577901715228616,0,B,False,False,False,False,True,False
37.56795669187071,3,0,10.484977801062746,1219.577649945906,7,1.0601382585176855,0,B,True,False,False,False,False,False
45.80077069659563,23,0,3.5567349137672037,406.76363628846764,3,0.5952963153820446,0,B,False,False,False,False,True,False
34.55699949001699,22,0,6.221482105009628,581.3481889905953,7,1.3803209428203027,0,B,False,False,False,False,False,True
30.217930443416407,6,0,7.163309527769446,1073.9244528357058,2,0.4891125451107982,0,B,False,False,False,True,False,False
116.66758150791448,14,0,17.443434841298,2141.8004741230466,4,1.1680174187315997,0,B,False,True,False,False,False,False
120.474047418051,23,1,14.746000810303775,482.37722228438963,4,1.1088948017046323,1,B,False,False,True,False,False,False
135.78233995621628,10,0,10.24864434805636,1280.85304161629,3,1.0133354972456117,0,B,False,False,True,False,False,False
54.55590414218895,9,1,9.618865367842718,675.3180451972352,5,0.7703295706158885,0,B,False,True,False,False,False,False
54.38568832479514,9,0,0.9306556983601522,385.83281766143233,5,0.4966540014069556,0,B,True,False,False,False,False,False
36.75614059127663,5,0,17.550887413281878,932.3771085897441,3,0.7916514541791373,0,B,False,False,False,True,False,False
148.84389394322295,19,0,24.454381371407344,1390.2407373899853,0,1.4633650174565285,0,B,True,False,False,False,False,False
21.24304868491007,4,0,32.91413512986959,652.5160892086218,1,0.7574323477570922,0,B,False,False,True,False,False,False
62.149344442050435,19,0,0.30967058315910634,1180.35470518824,3,1.2481388672727076,1,B,False,False,False,False,False,True
48.77161353841384,0,0,31.169132697868903,384.2730644212664,5,1.1394797312813263,0,B,False,True,False,False,False,False
15.815331181262884,21,0,31.31516294856072,5673.174756177207,0,1.1799773940306926,1,B,False,False,True,False,False,False
39.58171913579584,14,0,16.320066866987087,1026.5746440623575,1,0.6985930911649101,1,B,False,False,True,False,False,False
38.935629553297765,22,1,4.897206936412681,2109.982346892351,4,1.4605320608198897,0,B,True,False,False,False,False,False
171.6880337800325,13,0,33.45146174234981,984.1673249984375,3,1.165508381714618,0,B,False,True,False,False,False,False
74.42150399318818,3,0,6.404299434647195,1402.0980964355851,1,3.5749916709181324,0,B,False,False,False,True,False,False
130.9695644443457,11,0,13.049562649388433,1440.5111020342665,3,1.568836893079359,0,B,True,False,False,False,False,False
8.643625678122085,14,0,8.722755418492055,1548.2785146353174,1,2.7208787894497615,0,B,False,True,False,False,False,False
18.300286953344074,16,0,32.56638920688674,1115.9748884030255,2,1.1333958761628975,0,B,False,False,False,False,True,False
237.02130073571692,15,1,4.4773875518049975,1140.8664880746255,1,2.2176857506970875,1,B,False,False,True,False,False,False
19.589435345669152,14,0,6.03287857380089,1137.9091645006456,2,0.47976549291740683,0,B,False,False,False,False,True,False
65.01457191512482,7,0,7.861356060304559,550.3291533072938,2,1.4019766346456015,0,B,False,False,False,True,False,False
26.36116814255342,11,0,28.94316101072826,1694.3000601062106,1,0.9930394319669013,0,B,False,False,False,False,True,False
140.8255048644855,17,0,5.745090012052817,1005.7576470857462,1,0.6002815177309622,0,B,False,False,False,True,False,False
36.42412760451364,13,0,5.1085671704052205,1631.172682447718,2,0.8952354228164123,0,B,False,True,False,False,False,False
46.97576030893313,1,1,23.849830436850166,325.9363108806037,4,1.0084767439255784,0,B,False,False,False,False,False,True
20.870186997293754,22,1,7.35742743032227,1576.8281202942244,5,1.9389198493920328,1,B,False,False,False,False,False,True
32.82540218651029,11,0,16.40040976524188,1464.7885269502533,4,1.526661679349198,0,B,False,True,False,False,False,False
151.42144817161505,23,0,31.262690358184038,1894.2477824855382,1,0.5299417264662274,0,B,True,False,False,False,False,False
50.5783854983675,1,0,3.83429138156154,1956.2961673283692,5,3.3727635903157496,1,B,False,False,True,False,False,False
15.373319678313953,17,0,9.363873359727659,1356.6488770031644,3,1.783016292087965,0,B,False,False,False,True,False,False
132.80686495389236,3,0,10.011016456523262,666.837786095603,3,0.9774187671377221,0,B,False,False,False,False,True,False
22.284054504820595,8,1,12.599678636289253,846.2319475728159,4,1.3750370651626436,1,B,False,False,False,False,False,True
72.77412684773455,7,0,37.60214009740278,521.8303391090793,4,1.0627256702469925,0,B,False,False,False,False,True,False
36.233915809025845,6,0,59.13967293097132,694.5759528309454,2,1.1266041450762416,0,B,False,False,False,False,True,False
201.63215982192423,12,1,24.226852241814477,1538.751869880361,5,1.164672976434732,0,B,False,False,False,False,True,False
312.58471309932196,23,1,0.45567199234433226,309.7623811903746,1,0.8514657059252876,0,B,True,False,False,False,False,False
59.26249022749675,11,0,1.8671792263227986,1474.1786197932306,2,0.7141960176256856,1,B,False,False,True,False,False,False
1.7896618576692362,11,0,1.877761883947656,1066.933774853466,5,1.0736914413961378,0,B,False,False,False,False,False,True
38.830542274640365,22,0,11.376868547000907,445.01545250665237,6,1.948254368168334,0,B,False,False,False,False,True,False
30.211184545514072,12,0,0.6615105510218893,887.8819409134849,1,0.7589721948337235,0,B,False,False,False,False,True,False
47.38372398698222,18,0,10.752647311699103,810.7407512980675,2,1.3129502014267118,0,B,True,False,False,False,False,False
149.85090348921983,3,0,20.904204955982618,1819.5107421894418,6,0.7808680441609848,1,B,False,False,False,False,False,True
28.476859450673714,1,0,5.391471789532219,1401.7500831000862,2,0.4847465774636919,0,B,True,False,False,False,False,False
47.48022275984035,23,0,9.506724588851862,598.2158367587131,1,2.9863949485495396,0,B,False,False,False,False,True,False
79.82157881445211,12,0,1.5235392129600356,703.8090147535772,2,0.7766994208779643,0,B,False,False,False,True,False,False
97.12416113163492,10,0,1.0704267612119815,1299.4756955146945,0,1.0048140952962203,0,B,False,False,False,False,False,True
82.44609424660746,23,0,11.446696533721656,3296.780911861143,3,0.6998923664614386,0,B,False,False,False,False,True,False
19.83659288594933,6,0,0.18344838268104843,925.8116041955794,1,0.7739176685266126,1,B,False,False,True,False,False,False
190.27341925603562,8,1,18.232690986752065,1132.48663317392,2,2.421236598469805,0,B,True,False,False,False,False,False
69.9968901458174,6,0,2.295873792178051,399.9048987905798,0,0.46330497516311625,0,B,False,False,False,True,False,False
5.869913156650505,2,1,33.70491051641142,917.4951687356893,5,1.8984169616596565,0,B,True,False,False,False,False,False
15.316344146336505,23,0,28.48358857756712,513.6343478011457,3,0.8848761378339208,0,B,False,True,False,False,False,False
46.416692826157735,2,0,3.8543412699993103,3177.6821471790963,2,1.2241997626660903,1,B,False,False,True,False,False,False
85.98162791973812,0,1,4.019309115191235,362.974674448456,2,0.5716769572945576,0,B,False,True,False,False,False,False
143.90228032202435,0,0,0.561291360315003,360.063979993943,3,1.1571179820108977,0,B,False,True,False,False,False,False
415.7356500395701,19,0,61.644389053162215,1936.2594497510647,1,1.685049600004995,0,B,False,False,False,False,True,False
48.586829611593004,13,0,0.8531841911168934,1323.6138584473217,4,2.301342984288014,0,B,False,False,False,True,False,False
58.143674322226595,1,0,9.798278315748462,1545.1079726586627,3,0.8380623764100777,0,B,True,False,False,False,False,False
12.540945192928932,10,0,28.379972783284426,1239.1253800814268,2,0.579328183103586,0,B,False,False,False,False,True,False
69.28635382542086,9,1,2.6192385178813793,1735.5480700277221,2,0.744947892353323,1,B,False,False,True,False,False,False
83.53442538591925,14,1,22.115039067303815,1398.6654139692048,1,0.8239810411372526,0,B,True,False,False,False,False,False
158.60757205622693,10,0,2.7731234443183927,1537.932915781304,8,1.9952946856206344,0,B,False,True,False,False,False,False
156.41756239977374,7,0,5.4494280068522745,2098.8923181020805,0,1.186797897537513,0,B,False,False,False,False,True,False
76.62322107002498,0,0,4.427991310027221,564.8804495252572,1,1.1598125940104207,1,B,False,False,True,False,False,False
84.05996415711301,5,0,0.7231170218072258,439.25121812922254,6,1.4162635087039326,1,B,False,False,True,False,False,False
69.26654248737016,19,0,1.9675128607759316,1484.8833988943557,0,0.8475786050212772,0,B,True,False,False,False,False,False
47.34150603462837,7,1,16.875032680054634,899.6029989154804,2,0.49228903759631704,0,B,False,True,False,False,False,False
83.15379067161179,18,0,1.3501613881407626,600.1232123513487,3,1.0694820014429756,0,B,True,False,False,False,False,False
31.114300463307732,20,0,55.693872229826816,3328.986228466002,3,1.354615196454051,1,B,True,False,False,False,False,False
12.391240033410645,22,0,4.5347086380872526,5875.694600374861,3,0.5518433968355738,0,B,True,False,False,False,False,False
21.308748895532172,16,0,1.7417591874579004,144.3429874224475,2,0.9876976806227471,0,B,False,False,False,False,True,False
67.09999271401021,13,0,6.987093947450811,181.47736478848788,6,1.50574486240255,0,B,False,False,False,True,False,False
98.2501608488735,3,0,4.846024535710937,1535.18548626526,3,0.34406881517365356,1,B,False,False,True,False,False,False
174.39413292029332,1,0,1.2255120539392126,141.95187133071357,1,2.1610613157085523,0,B,False,False,False,False,True,False
838.4698180276479,15,1,16.03322437769318,2797.8951248962853,6,0.8789842179693588,0,B,True,False,False,False,False,False
86.88746242635298,19,0,22.555296322308127,2966.537403035205,3,0.522671246305477,0,B,False,False,False,True,False,False
16.45712116031661,1,1,0.03185457274719298,1067.5958618366924,3,1.6042014390641788,0,B,False,True,False,False,False,False
30.58780485982915,10,1,12.725322594776896,1236.8422367412752,2,1.4876066401712835,0,B,True,False,False,False,False,False
231.9754043305835,13,0,15.558879334113765,806.0425467197756,2,1.1196580380175523,0,B,False,False,False,True,False,False
170.13331725416768,17,0,61.433028985827896,615.6198060708442,2,1.2731235498854847,0,B,False,True,False,False,False,False
80.26160061550766,9,0,16.19469286491628,596.3245732045845,0,0.40794205211992146,0,B,True,False,False,False,False,False
15.185047828748427,22,0,5.324548462510431,2067.262753141744,2,1.6383947206739355,0,B,False,False,True,False,False,False
131.13181032875886,23,0,16.608424850229284,1625.4539201893042,5,0.7376664695540937,1,B,False,False,False,False,False,True
52.770868062846375,11,0,4.862394254011982,1649.5159803254382,1,0.7301658728751775,0,B,False,False,False,False,False,True
74.25006553861026,10,1,2.2550618423462345,4399.22251214975,2,1.934620937732533,1,B,False,False,True,False,False,False
663.9441633062833,22,0,20.289305207879604,910.5912249973525,1,0.5813156105517943,0,B,False,False,False,True,False,False
37.38152611373453,8,0,9.921173753564402,1828.607779031029,4,1.9230869156391912,1,B,False,False,False,False,False,True
6.398393425530434,23,0,45.50723309374379,2165.733154205705,3,1.2545668827901777,1,B,True,False,False,False,False,False
142.32824144845702,15,0,0.9634897162636963,528.1045161626503,7,1.7832072406015493,0,B,False,True,False,False,False,False
14.036595840846887,7,0,9.792742168407779,724.5141018804748,4,0.611816419761819,1,B,False,False,True,False,False,False
7.765685417771566,21,1,4.334342997908148,989.3352993536953,3,1.5963600845325756,0,B,False,False,False,False,True,False
134.3823908834463,4,0,10.5469157084792,541.2317499693406,5,1.2371771998537013,0,B,False,False,False,False,False,True
59.25981780597468,14,0,0.6521647818140527,1199.4462539489343,2,0.9759977207849846,0,B,False,False,False,True,False,False
25.05233640313567,14,0,0.619462548535404,971.5558420666827,0,0.6451098869304115,1,B,False,False,True,False,False,False
83.42814191330903,16,1,11.522875036284699,394.27710183176697,5,0.9560237891487849,0,B,True,False,False,False,False,False
187.29898973282386,1,0,6.535774046040251,1296.748627467226,2,0.4041402419015867,0,B,False,False,False,False,False,True
383.6978195376037,12,0,0.34836021171089326,1294.8242004804179,3,0.593496617854035,1,B,False,False,False,False,False,True
120.06263787303995,10,1,14.074061912548043,899.8074248999934,4,0.9831267795724573,1,B,False,False,True,False,False,False
18.538311092540997,0,0,8.803105828686496,1569.1903481921156,2,0.7785611847702507,0,B,False,False,False,False,True,False
8.347749455393034,8,1,56.57466702322671,1726.843582134554,1,1.489459463285616,1,B,False,False,True,False,False,False
140.36326881081555,3,1,26.80005804497859,394.5395876757502,2,1.041112054098455,0,B,False,False,False,False,True,False
26.91054845095219,15,1,19.64922235720194,587.0002839335892,2,1.3158956735906662,0,B,False,False,True,False,False,False
16.18909907802332,15,1,9.78708080279214,169.57420892223297,3,1.9780336636981135,0,B,False,True,False,False,False,False
79.53984721036032,2,0,9.950569001719664,6676.190125478845,3,2.099231033670783,0,B,False,True,False,False,False,False
36.63979410468453,17,0,42.2143966826127,284.5170386231524,4,1.517774499100894,1,B,False,False,True,False,False,False
51.3649355639894,6,0,19.729958695708216,4343.296136467035,4,0.8284907135838645,0,B,True,False,False,False,False,False
44.00147695710567,21,0,1.4181468978725387,1439.1496434232179,4,2.1824608184985994,0,B,False,False,False,False,True,False
291.4443291927221,9,0,8.586114538282843,357.8848447231623,4,0.15573475832827696,0,B,True,False,False,False,False,False
165.1764781392506,9,0,8.122366641582566,2228.763932902364,4,0.838590528355277,1,B,False,False,False,False,False,True
21.733823518725817,6,0,1.7886578932022443,1170.591254318231,3,2.043626964549332,1,B,False,False,True,False,False,False
49.539892602771616,0,0,28.019829537827857,3032.3190473015943,3,0.5745188242835201,0,B,True,False,False,False,False,False
87.5723329941243,16,0,4.959562408254263,1826.8292831039878,2,2.0044344157940683,0,B,True,False,False,False,False,False
22.298510431456624,19,0,7.019324001957126,2992.7989177129743,1,0.9677527786726664,1,B,False,False,False,False,False,True
206.42034242149614,4,0,58.46646788686326,874.1077617357643,6,0.700189924843522,1,B,False,False,True,False,False,False
12.424430299883237,10,1,17.188365986365778,1244.985040651339,2,1.4401809995152772,0,B,True,False,False,False,False,False
128.0704389087383,1,1,24.587497027431358,3167.0461347345044,3,1.8776728674728915,0,B,False,False,False,True,False,False
152.6303347068441,9,0,1.668411523348432,639.2311447678444,4,1.5412869154656845,0,B,False,False,False,False,True,False
96.27208922051436,13,0,11.648278538035482,1506.6638046563678,4,1.0278714091348378,0,B,False,False,False,True,False,False
418.418969154658,5,0,18.858443640536503,603.0628945988352,1,0.325445215949214,0,B,True,False,False,False,False,False
10.944369958312949,1,0,25.169910205655132,1818.1794874579894,5,0.8619256470246986,0,B,True,False,False,False,False,False
38.12240881792846,6,0,32.41857616706549,1015.4949604422361,0,2.1439243495740636,0,B,False,False,False,True,False,False
7.719327701807426,9,0,1.4126038524500553,1263.33799984937,6,0.7020566433881811,0,B,True,False,False,False,False,False
81.16248461699524,17,0,20.164507162715555,3225.929796278472,6,1.7727937322608767,0,B,True,False,False,False,False,False
36.78809826997203,0,0,1.5496362701567354,961.0686835788816,0,0.4973358200403583,0,B,False,False,False,False,True,False
998.9101868348426,11,0,7.766457815378195,1380.8768485854428,4,1.8752347005406684,0,B,False,False,True,False,False,False
183.5051395674382,3,0,8.864310809612796,2487.733099201411,1,0.38744958783784017,0,B,False,False,False,False,True,False
116.21774481276292,0,0,5.066825452519353,845.5271370545524,1,0.7102424002049383,0,B,False,False,False,False,True,False
234.57762251525043,13,1,29.850874868045548,854.3444528056112,0,0.7356104885573036,0,B,False,True,False,False,False,False
23.969625684929984,23,0,13.241370007826804,364.20696460829055,5,0.42518851778629857,0,B,False,True,False,False,False,False
97.59087195267216,8,0,2.2715124899492007,951.5599402891689,3,1.1606747460099531,0,B,True,False,False,False,False,False
4.739741081999239,21,0,6.995408406596592,2721.2762067814847,2,0.8743097414739258,1,B,False,False,False,False,False,True
21.99398599467073,9,0,1.2314930708046985,683.2989143554182,2,0.7954957911194306,0,B,False,False,False,False,True,False
137.26621399187124,11,0,10.235534863723368,850.6035991908404,3,0.4460476609570595,0,B,False,False,False,True,False,False
390.3002028929829,13,0,6.573789541227387,658.3966120268419,2,0.6265345815198887,0,B,False,False,False,True,False,False
546.483762247298,11,0,5.825349952467174,365.4333616574832,3,0.4456077498287644,0,B,False,True,False,False,False,False
39.88533579382635,19,0,27.791426473601817,722.7923796563502,2,1.8452918266456542,0,B,True,False,False,False,False,False
121.14673380026346,1,1,28.425034821006385,879.8982768905275,7,0.48416147166238566,0,B,False,False,False,False,True,False
42.64372182173363,23,0,17.062526672966197,4773.635360306203,4,1.2327558890638515,1,B,False,False,True,False,False,False
26.143705009904213,2,0,37.755433890399,969.0894030584404,5,1.468487191211826,0,B,True,False,False,False,False,False
930.5234083013529,12,1,15.950292054337712,1548.1643084146795,2,0.39535619469650984,0,B,False,True,False,False,False,False
19.004272484545023,21,0,14.474564843015688,1209.1792520017161,2,0.8610344485577393,0,B,False,True,False,False,False,False
37.84291520097677,5,0,1.475450221673595,2016.1609631998774,4,0.619210992095311,0,B,True,False,False,False,False,False
221.47289678835148,16,0,0.15742653780904528,314.070618703976,7,0.7829586664525392,0,B,False,False,False,True,False,False
5.292688612502861,22,0,3.533412992904787,1316.444443316592,1,0.5675112970917714,0,B,True,False,False,False,False,False
16.673095469799247,15,0,23.18132715781629,981.2878969359504,4,2.285185851548107,0,B,True,False,False,False,False,False
26.59411155902783,22,0,39.71764778880596,1442.194996226949,2,0.34499935449752633,1,B,False,False,True,False,False,False
36.28747460465983,4,0,3.91329871940894,1918.3390252341148,3,0.8781147447781492,1,B,False,False,True,False,False,False
126.62785966736153,17,0,2.769715040614067,1163.6661883585152,4,1.3104547401639832,0,B,False,False,False,True,False,False
56.48030721703215,3,0,27.079807128779994,762.7377321308147,2,2.4291016685789355,0,B,False,False,False,True,False,False
36.43587203233797,22,0,7.159594897071259,2134.13031702097,7,0.7071242076369584,0,B,False,False,False,True,False,False
22.51628161001586,14,0,57.17312516002598,1768.5636277815906,6,1.6745387250963637,1,B,False,False,True,False,False,False
36.17983126339503,12,0,48.59450258828487,2456.9001626454556,4,1.1796502706415297,0,B,False,False,True,False,False,False
25.874243643647784,13,0,6.104666584804317,1089.6061831521993,5,2.5831162593534134,0,B,False,True,False,False,False,False
208.43612327797302,21,0,12.309255063355886,720.4492642765982,3,0.9426378141588818,1,B,False,False,False,False,False,True
86.69892882489312,8,0,17.078782280250266,4749.938863701468,2,1.4221391486990784,0,B,False,True,False,False,False,False
198.34587524864236,7,0,15.323764699625979,536.1874221012657,3,1.4375013396709584,0,B,False,False,False,False,True,False
5.209687689509023,13,0,55.60361846391614,2549.5871271409183,1,1.1950023941596954,1,B,True,False,False,False,False,False
409.31424092029147,20,1,6.673173602226649,2531.3318627906306,5,0.5900083246073461,0,B,True,False,False,False,False,False
69.51423243743102,6,0,19.414402425643054,1848.6753982344396,4,0.5867699354520814,0,B,False,False,False,False,False,True
35.72569415292269,2,0,13.04785002174613,1046.5165539499683,1,0.7479217037433812,1,B,False,False,True,False,False,False
14.837108529852937,3,0,11.02830580532727,1290.6199974987135,2,1.2267624786923272,0,B,True,False,False,False,False,False
27.441485885131705,22,0,2.4088859083272487,685.7978505349444,2,0.8177633138936101,0,B,False,True,False,False,False,False
244.32338828197874,16,0,21.012962545437684,327.42817791038914,0,0.5239292610273069,0,B,False,False,True,False,False,False
48.94449097508428,8,0,7.601655620205799,832.8446438908007,3,1.1319221126875185,1,B,False,False,False,False,False,True
57.50410639288226,22,0,2.076386115130892,1000.0917140943766,4,0.9164393616129438,0,B,True,False,False,False,False,False
14.782251326324772,22,0,0.17216326758570386,449.53307831083515,0,0.4688802423928011,0,B,False,False,True,False,False,False
131.64621578483943,10,0,2.412033368197106,487.17043909044224,3,0.8744571105070141,0,B,True,False,False,False,False,False
3.7981388010041117,20,0,17.586713018154015,624.7586062021929,2,0.7964036551639566,0,B,False,True,False,False,False,False
58.32017951828906,0,0,20.719961236407254,1156.8761005104764,1,1.3636471724345114,1,B,False,False,False,False,False,True
23.81798930412998,11,0,0.7043545527739559,2001.002043866013,2,0.4230829850557944,0,B,True,False,False,False,False,False
197.33273886986908,6,1,2.5221270767746287,1190.240669362116,2,1.040844132310462,0,B,False,True,False,False,False,False
64.94084206088327,8,1,107.19290703892361,6293.069808888861,3,1.1075837852584474,0,B,True,False,False,False,False,False
104.2686753474127,2,0,8.013005967536285,920.3759642935028,2,0.542576982941171,0,B,False,True,False,False,False,False
29.438792602343607,10,0,33.807885629438864,1109.3414777359146,5,1.6829481839611213,1,B,False,False,True,False,False,False
78.33946160126078,20,0,7.833470920945081,3156.0269677976385,2,1.1951304588158351,0,B,False,False,False,False,False,True
67.9668177661742,9,0,11.294879372882116,809.805673370636,5,0.7303613728558619,1,B,False,False,True,False,False,False
64.88263948391852,18,0,31.26491621688313,946.2230987293086,5,0.8427432083637825,1,B,True,False,False,False,False,False
71.36223478895765,0,0,68.87105766490498,1021.2539326633737,3,0.7841035322422084,1,B,False,False,False,False,False,True
45.69667178745968,13,0,1.104636109647591,2145.560419557689,3,0.9523853929912399,0,B,False,False,False,False,True,False
74.73767666890913,7,0,15.004391594891782,1315.1132119975755,1,1.9394748262108332,0,B,False,False,False,False,True,False
30.557903294094967,6,1,9.479710451931037,1006.4636094046044,1,0.4417907762629194,1,B,False,False,False,False,False,True
21.976839919580367,9,0,11.621860735818242,1541.871630978676,3,0.8567377637112772,1,B,False,False,True,False,False,False
30.497416416615007,23,0,3.379436304245358,583.438621649826,5,0.6043688331215549,0,B,False,False,False,True,False,False
157.8113108038762,11,1,33.71491765214202,1851.6084818812765,4,1.1798857490374817,1,B,False,False,False,False,False,True
31.549948567797795,18,0,5.0697098025872,2855.9371120626256,1,1.0832165007275758,0,B,False,True,False,False,False,False
213.79060968312112,20,1,2.2510647678674798,2873.57255828624,4,2.039295488548521,0,B,False,False,False,False,True,False
93.20853000589278,6,1,18.508959170303605,774.7652111855303,4,0.9901591203784813,1,B,False,False,False,False,False,True
86.6088304226916,8,0,59.00186818755129,273.42822843833665,5,1.8384628077999947,0,B,False,False,False,False,False,True
18.33924828216554,21,0,4.123992856552272,4574.35186930236,3,1.3521573163166434,0,B,False,False,False,False,False,True
146.3354742332783,18,0,9.494133320510105,499.3273486487514,1,0.9420193409401795,0,B,False,True,False,False,False,False
35.60186216200292,6,0,1.0044913055650846,1146.1528164662166,3,1.2265958607532086,1,B,False,False,True,False,False,False
1.8142109711922465,15,0,6.085175748427085,1481.2149498842555,3,0.6008200650870854,0,B,False,False,False,True,False,False
136.80975888512012,6,0,24.581700806754924,218.79270791963881,4,1.4685913993913557,0,B,False,True,False,False,False,False
143.3555655261114,11,1,31.999639496905097,1705.4059850475696,2,0.8620115464121221,0,B,False,False,False,True,False,False
30.855360877878145,2,0,4.005683717711476,2236.5560494821416,3,0.7868704109870789,0,B,False,False,False,False,True,False
115.67506542429386,4,0,11.892246420664843,1581.5259417987559,5,0.8115031746878884,0,B,False,False,False,True,False,False
9.28786440149164,5,0,23.044663633274716,910.3472776559889,1,1.3010083738324467,0,B,False,False,False,True,False,False
48.435099152080156,16,0,0.28002616577363815,821.4917943000016,4,0.7393601980662544,0,B,False,False,False,False,True,False
557.1792904141546,16,0,3.5796519429572746,587.758350065136,4,0.6187270936132996,0,B,False,True,False,False,False,False
19.719578777796972,3,0,0.5708084725323248,1260.814798866015,1,0.7093662858717439,0,B,False,True,False,False,False,False
7.4798306075094505,9,0,2.0342748109680926,869.8983372141411,4,0.44454477648830065,0,B,False,False,False,False,True,False
51.189181240780236,22,0,2.93409464130752,195.9421113640755,2,0.7399879880569585,0,B,False,True,False,False,False,False
299.5224364415734,22,0,0.45042820235720293,1208.1563490293838,4,0.6185076989839874,1,B,False,False,True,False,False,False
7.131928704246377,7,0,8.640607729444904,3338.8340136321135,1,1.2667899718119957,0,B,True,False,False,False,False,False
44.367097358503514,13,0,7.979418422217949,481.993702523966,2,0.8055624265435258,0,B,False,False,False,True,False,False
161.08228074097656,10,0,5.172839018566384,829.1564067922523,5,1.0194780347979864,0,B,False,True,False,False,False,False
148.6896588376501,5,0,5.745984572057412,1176.0892734983554,3,0.29558087211021505,0,B,False,False,False,True,False,False
65.5335660730634,12,0,11.5547415445478,347.7857514376742,2,0.9200470734896973,0,B,True,False,False,False,False,False
35.00093634710131,14,0,24.50669997861604,784.4471904107089,5,0.8997853528119317,0,B,True,False,False,False,False,False
88.40623099497779,22,0,55.404048340824794,3014.8423907421848,4,1.4097347864218823,1,B,False,True,False,False,False,False
231.6853172942927,11,0,25.461914889139898,686.9142328182586,1,1.5932949947925663,0,B,False,False,False,True,False,False
27.328344046508704,21,0,7.410004974803949,382.9304357590847,3,0.3851864668290365,0,B,False,False,False,False,True,False
159.19783271227664,20,0,31.2557926819335,1138.512986598365,3,3.571887201618387,0,B,False,False,False,False,True,False
137.7171791782802,21,0,26.07470957457225,638.5360555649107,4,0.9181244060948841,0,B,False,False,False,False,True,False
45.98851936065738,9,0,36.49429122344094,2047.5499845325228,5,0.8246631740562372,0,B,False,False,True,False,False,False
12.627092858078653,11,0,1.017100793485681,2461.1818881360587,4,0.5509079114529281,1,B,False,False,True,False,False,False
21.050182079142303,3,0,6.54258453788767,330.8119074555914,2,1.6349102167027894,0,B,False,False,False,False,True,False
394.1480703372661,22,0,0.7147145333578834,5351.428518061569,3,0.6950428226629523,0,B,False,False,False,True,False,False
344.41670053351584,23,0,5.816795282864074,535.9353345830666,1,2.2751957159860656,0,B,False,False,False,False,True,False
86.26437542826653,7,0,4.9400888085148225,664.1568475003954,4,0.8880332160250809,0,B,False,False,False,False,True,False
1042.1575116105926,19,1,36.19126764173616,857.4918684764693,2,0.9146592281902741,0,B,False,False,False,False,False,True
60.17491317848416,2,0,43.48479511747425,2179.530067251935,3,2.8015011588330645,1,B,False,False,True,False,False,False
12.552783095258285,6,0,17.81516873485619,4499.269713691032,3,0.9643116881805563,1,B,False,False,True,False,False,False
9.88406923662116,22,1,4.985936963582875,777.8990748763874,4,0.627442645125362,0,B,False,False,False,False,True,False
12.266815850286262,2,0,0.10419909289865661,1704.7144019914258,1,0.9621488166685223,0,B,False,False,False,False,True,False
92.11221007485709,0,0,16.655175212198955,2998.41826436524,4,1.3288021786869777,0,B,False,False,False,False,False,True
30.609426780437012,18,0,10.37920180468699,635.2400370573822,1,0.9612565076260795,1,B,False,False,False,False,False,True
26.695457858752235,13,0,3.4855593291510463,991.5097588433513,1,0.8282715720604176,1,B,False,False,True,False,False,False
53.9519998769278,2,1,2.8994310938736874,2587.740399249427,3,2.3302380747502056,0,B,False,False,True,False,False,False
486.79491697635166,21,0,12.310386994491102,1446.5311769840862,5,0.8926266525289973,1,B,False,False,True,False,False,False
525.8799345261592,1,0,2.0932546726428574,986.9317396243885,1,1.2414825540177696,0,B,False,False,True,False,False,False
82.33322577932016,3,0,11.94636456792011,791.3356674430328,4,0.4865679457182464,0,B,False,False,False,True,False,False
165.12485709137312,4,0,37.159063564373454,1348.5685728354263,3,1.224684053229495,0,B,False,False,False,False,True,False
152.53846911164314,5,0,23.515190936852072,300.54504256011984,2,0.5652169947189555,0,B,False,False,False,True,False,False
93.97247452322723,8,0,42.562798290357776,928.0703106790085,1,1.7713724942705402,0,B,False,True,False,False,False,False
14.711606050112009,9,0,4.280851533126603,1240.1405491710334,2,1.035562117085401,1,B,False,False,True,False,False,False
113.6563765946602,4,0,45.57947016049744,1345.5806340543138,3,0.4074240573841391,1,B,False,False,True,False,False,False
29.45659932576164,17,0,9.670610059475091,1480.730665678621,3,0.8538699524481197,0,B,False,False,False,False,True,False
25.020614408032856,6,0,14.940682306387645,768.6706669531414,3,3.513501265212847,0,B,False,False,True,False,False,False
103.23632850058364,9,0,5.22154603099974,1290.637483097056,4,1.9260387134057664,1,B,False,False,True,False,False,False
436.16786838771264,10,0,77.3561357802586,595.0024671318737,2,1.0766787528469675,0,B,False,False,False,True,False,False
87.4656729726345,16,0,8.6375184500582,1597.3089100170655,1,0.6513314651322526,0,B,False,True,False,False,False,False
39.880758750890124,7,0,3.114925271559654,782.119308016961,2,1.4112976153411803,0,B,False,False,False,True,False,False
40.6994370592729,6,0,12.797569311297796,4096.719087031492,3,1.1900569409895876,0,B,False,False,False,False,False,True
127.3508661992137,13,0,4.427241136689409,1295.355855816566,5,0.8945586951918276,0,B,False,False,True,False,False,False
42.46162877291984,10,1,8.59008524473197,467.37062374183483,2,0.48180683817387726,0,B,False,False,False,True,False,False
43.396490504453254,7,0,3.498918314395229,654.9633256104044,4,1.021804006701278,0,B,False,False,False,False,True,False
27.024732009888176,0,0,7.335109732325186,2459.1882903472338,4,0.7496843363124612,0,B,True,False,False,False,False,False
28.049088716973085,5,0,1.4563534435600878,527.152690573447,6,1.234280972636405,0,B,False,True,False,False,False,False
202.3460433095633,13,0,5.02777430185418,220.57506630480253,4,0.6886659780825642,0,B,True,False,False,False,False,False
65.80739459923865,4,0,4.290561974231556,1855.033931307913,5,1.1699733006413335,0,B,False,True,False,False,False,False
29.18017680232704,15,0,44.270522266816926,2539.3371818986498,0,3.2183913755342,1,B,False,False,False,False,True,False
61.01884204449201,12,0,13.468591745919905,184.9980597215929,3,3.2736170360335217,0,B,False,False,False,False,True,False
103.45571886786676,15,0,0.40360078644106845,4450.771161582353,1,1.2233992077258806,1,B,False,False,True,False,False,False
17.82600165523102,13,0,36.74560614999028,856.0718544908831,2,2.2955617477651997,0,B,False,True,False,False,False,False
91.3651014289936,1,1,15.507394262297376,296.3276719372849,3,0.8075423807176676,0,B,False,False,False,False,True,False
114.78341325694878,23,0,6.168171323855609,875.1376724013224,5,0.6183041654722603,1,B,False,False,False,False,False,True
447.8896729995595,17,0,6.845154791472769,3613.0077578670916,5,1.8760294318127735,0,B,False,True,False,False,False,False
91.45029116524722,1,0,0.4788374494312384,205.45064831304109,3,0.6345537939278353,0,B,False,False,False,False,True,False
10.089787546118293,21,0,54.93263588239932,1405.2098933757702,3,1.8927262946099501,0,B,False,False,False,True,False,False
120.63174137450383,2,0,29.543639901432783,3986.2140718627184,1,0.5066941476938923,0,B,False,False,False,False,True,False
77.26743107640205,8,0,1.01449877002078,1020.4334493415199,3,1.2309696501312757,0,B,True,False,False,False,False,False
65.01639822879552,17,0,17.164865196778628,1089.5633813433192,5,0.5906726151054885,0,B,False,True,False,False,False,False
234.93455562118817,23,0,8.946413426826933,2118.264570174118,4,0.7085403534329529,0,B,True,False,False,False,False,False
95.61377168361092,19,0,24.7772124623324,1528.3197362378055,4,1.7469965322558638,0,B,True,False,False,False,False,False
131.67581063275455,12,0,14.647158240952528,716.2938264420861,4,2.0279109926576533,1,B,False,False,True,False,False,False
23.847832807780886,9,0,7.986083217028618,2029.67634039075,2,0.7189876011084636,0,B,False,False,False,False,False,True
96.5869678000101,1,0,8.601523070878224,2713.8084016206926,1,1.781321719208469,0,B,False,False,False,False,True,False
31.976414732378384,20,0,15.814869973078928,271.12049653179014,2,0.8208953828978288,0,B,False,True,False,False,False,False
31.941409338905974,18,1,15.950613902357494,2096.884974207832,5,1.0368242700710246,0,B,False,False,False,False,True,False
34.39605681036173,8,0,12.234230595857024,405.5341463453034,6,0.7390500138007199,0,B,True,False,False,False,False,False
10.597793670476724,7,0,32.333258320880205,1001.4721564602766,4,0.7538755128080288,0,B,False,False,False,False,True,False
38.194794522831586,21,1,22.66616284132338,608.4019795759508,6,0.7108188276708126,0,B,False,True,False,False,False,False
47.168371217287564,12,0,1.8943047911617414,562.637095187048,3,0.4942764513531009,0,B,False,False,False,True,False,False
24.389404930388032,5,0,30.821623138836248,3041.5537809946345,2,0.7089725958036264,0,B,False,True,False,False,False,False
352.81296333994914,8,0,3.3807025956802588,1844.7529114416643,4,0.699797385535661,0,B,False,True,False,False,False,False
57.58307705975257,13,0,45.058295692521405,3080.456731359165,0,2.647443996688599,1,B,False,False,True,False,False,False
35.61504140553065,1,0,24.700403970136275,560.3340311875986,2,1.5804710746472792,0,B,False,False,False,False,True,False
24.68556484520697,6,0,35.97389626630937,2310.638212520347,1,0.8007015909717734,1,B,False,False,False,False,True,False
271.0341640019663,11,0,16.931209069981804,3222.836341352567,3,0.906957533338829,0,B,False,True,False,False,False,False
26.468840352941758,10,0,15.814239236801056,1124.643280682062,3,1.1538110596730753,0,B,True,False,False,False,False,False
61.51995407593998,18,0,4.297431357778127,618.0413783983979,0,0.9923152824230935,0,B,False,False,False,True,False,False
131.29854760611232,18,0,14.757056475528113,961.5123588343477,8,0.7226871140207533,1,B,False,False,True,False,False,False
13.323511963481673,14,0,8.177342134059568,483.4754402398413,4,1.47366815030277,0,B,False,False,False,True,False,False
38.11654758440556,19,1,2.4977734023313816,857.7316809520692,2,0.7972850676193305,0,B,False,False,False,True,False,False
71.56139651321472,12,0,6.696678524542649,866.959826143818,1,1.3837621244125184,0,B,False,False,True,False,False,False
48.800296656882885,14,0,16.277025356215663,285.74396061890263,1,1.8140141342720701,0,B,True,False,False,False,False,False
89.677301982109,20,0,31.274476915798054,1719.1097918557787,5,1.1549170227616368,0,B,True,False,False,False,False,False
59.68754442016897,4,0,8.645369509849603,601.3151572114393,4,0.833103825816924,0,B,False,False,True,False,False,False
141.6329656189976,0,0,5.136772108242895,2117.607205724193,3,1.560996998846383,0,B,False,False,False,True,False,False
15.099991754577905,15,0,2.633352511956378,2372.311925131976,3,1.7194408388517413,0,B,True,False,False,False,False,False
96.67132412896834,21,0,7.737736845729913,275.57988655884157,1,2.2732013051743163,0,B,False,False,False,True,False,False
53.51607612364263,10,0,5.022381666029629,1884.0794798344837,4,2.1470210235085996,0,B,False,False,False,True,False,False
59.758882586857,14,0,8.89121843168892,1795.7164608195528,4,0.8083755430995587,0,B,True,False,False,False,False,False
83.72207889535248,12,0,1.5928250249771632,2570.9239831682926,2,0.42155511873733215,0,B,False,False,False,False,True,False
14.057587433513856,14,0,19.94757820901249,1559.469829580905,1,0.9000972284545953,0,B,False,False,False,False,True,False
38.833413705189436,17,1,0.0664903499799498,190.78858526830092,2,0.7231043259306702,0,B,False,False,False,False,True,False
183.24868032499535,14,0,18.038555083585624,431.6368139372572,4,1.1932946063667385,0,B,False,False,False,False,True,False
19.791098388188672,1,0,5.492956930640102,719.7086703613464,4,0.9368736900361126,0,B,True,False,False,False,False,False
66.86611573208602,8,0,6.67660649418261,604.7661403523842,1,0.4697463645094649,0,B,True,False,False,False,False,False
66.42971775970156,16,0,2.8160108550034884,544.2583460962481,2,1.7570092805917756,0,B,False,False,True,False,False,False
73.07586403876749,17,0,51.71444220919663,934.5502620000287,2,0.7191135506719236,0,B,False,True,False,False,False,False
2.8550840408034928,9,0,0.8162484981979136,1767.281254125956,5,0.9955443382078998,0,B,True,False,False,False,False,False
333.51272145278926,8,0,4.991327763942087,3379.818214902986,4,1.9271133011883768,0,B,False,False,False,False,True,False
17.83758919206526,19,0,2.383477908091376,2799.464374445592,2,0.8381363378160175,0,B,False,False,False,True,False,False
290.33561403729794,19,0,9.874442132173824,1797.9834747384077,2,0.8284835191882287,0,B,False,True,False,False,False,False
17.482228854313007,20,1,12.314658429279788,1677.314487753375,4,1.4859860391151494,0,B,False,False,False,False,True,False
90.48225600420399,19,0,3.2783138420987825,1107.1229732338493,2,1.4588052326766026,1,B,False,False,False,False,False,True
32.57482270480785,8,0,15.976417710829072,1122.7743191569866,4,0.4496916149033065,0,B,False,False,False,False,False,True
20.544563952879503,3,0,12.066511113333949,701.1371346094901,5,1.1769709195378935,1,B,False,False,True,False,False,False
1302.979103374278,14,1,27.68938480627473,375.6620518911595,6,1.2531295136124887,0,B,False,False,False,False,False,True
40.73947629492008,19,0,35.5537264485235,727.9662385429428,2,0.5311775789111646,1,B,False,False,True,False,False,False
9.870085344988098,22,1,17.787798279448452,857.2887088644269,0,1.9099789873230433,0,B,True,False,False,False,False,False
305.2576714952267,9,0,14.92485650868891,2129.3503753265636,0,1.407906358933016,0,B,True,False,False,False,False,False
149.14732295231642,9,0,13.947959175975235,2561.323383401266,2,1.9441731942799707,1,B,False,False,True,False,False,False
354.51901575096895,15,0,2.74295052872242,423.31287049189365,3,1.552841536398698,0,B,True,False,False,False,False,False
10.951483852109206,0,0,32.2145135932864,985.2225503551574,3,0.9312288289826676,1,B,False,False,True,False,False,False
18.493401320110976,18,0,6.699323183236766,670.7702304744961,4,1.0345940991560119,0,B,False,True,False,False,False,False
85.48950625351867,3,0,17.635932480076242,908.8256836738035,3,0.6705968514714765,0,B,False,True,False,False,False,False
35.275919786647584,7,0,8.714911270506075,128.46920652586263,4,1.2815071473199693,1,B,False,False,False,False,False,True
26.990633852201906,16,0,34.98061863449074,81.64573677579742,2,0.43274098178221376,0,B,False,True,False,False,False,False
126.24851765283735,2,0,7.85218160310864,1042.0665853072685,3,1.0024897954969447,0,B,False,False,False,False,True,False
12.596342475948024,2,0,12.314308576530019,1906.0963841114208,6,0.5579310002603628,1,B,False,False,True,False,False,False
12.943677884231743,11,0,3.1141014007322694,1978.4990787558208,2,1.7002357582395586,0,B,False,False,False,False,True,False
77.65668573852487,7,0,12.112869608135178,578.0559135702425,4,0.2795521612809156,0,B,False,True,False,False,False,False
16.891672751325306,20,0,3.3956280214966026,2767.223468360486,7,0.6139874927880002,0,B,True,False,False,False,False,False
31.31219998274857,4,0,23.735643047818193,1215.9777174761193,2,0.7950434001851971,0,B,False,False,False,True,False,False
70.30314679738817,14,0,6.866723789576417,1989.0087074058933,1,0.8437777199392668,0,B,False,True,False,False,False,False
24.219406875268973,7,0,8.283436501888906,1521.5797002968982,2,1.1782564971404654,1,B,False,False,True,False,False,False
19.479478640700364,12,0,15.337859051607186,2246.5808784894193,2,0.8662985876178461,0,B,False,False,False,True,False,False
253.7326232405473,21,0,1.3481640172430072,616.5244966610799,2,0.7068359714984421,0,B,False,False,False,True,False,False
42.26674505649585,5,0,5.670385685175388,687.8098436618801,3,1.242988143053902,1,B,False,False,True,False,False,False
119.19795481995718,22,0,40.62118591358216,483.50539708128036,1,1.4418241730784709,1,B,True,False,False,False,False,False
27.1126486491266,9,0,29.720380270694516,451.80870748877595,6,2.352438480881223,1,B,False,False,False,False,False,True
45.127226111123726,0,0,3.944108683816112,600.3093564701737,3,0.7832489300387214,0,B,True,False,False,False,False,False
69.96599611772945,8,0,10.787283669543601,674.6949001613158,2,0.9347262939855872,0,B,True,False,False,False,False,False
55.1229522713023,4,0,13.131484500375686,5831.187498520966,3,1.1454508106128258,0,B,True,False,False,False,False,False
72.34331386518642,23,0,5.385405354574987,4070.0807836760205,3,0.608576550289119,0,B,False,True,False,False,False,False
709.5763817413856,11,0,6.407336908251791,1825.2131970115333,2,0.584968204847681,0,B,True,False,False,False,False,False
171.55421694009038,12,0,57.22166808694837,708.0905675402882,5,1.3678671164915441,1,B,True,False,False,False,False,False
107.19502621714395,5,0,2.2367884575166994,1104.904817094349,3,1.6864004669070176,0,B,False,True,False,False,False,False
207.05435367695594,15,1,36.344545725439446,4007.7423945423625,5,0.9295652013148676,0,B,True,False,False,False,False,False
32.86193533998849,11,0,6.560035118614962,855.4582979476177,4,1.2815705344377786,0,B,False,False,False,True,False,False
394.4887348717709,21,0,4.0980617235163646,376.74168745379615,1,0.8423151160316331,0,B,False,False,False,True,False,False
9.17617905399832,3,0,4.527457197988818,9102.89660721835,1,1.4464792839895226,1,B,False,False,True,False,False,False
102.96298791215497,2,1,4.996410331138399,1276.1856472742008,5,0.8042416323525371,0,B,False,False,True,False,False,False
280.8426596181289,1,0,5.072042891855649,6643.130141957345,1,2.1404640590589543,1,B,False,False,False,False,False,True
9.951929665891724,9,0,4.396279499285452,1225.8826059112478,2,1.2635180095280145,0,B,True,False,False,False,False,False
60.829417129914184,11,0,27.72352284374811,1302.0901280946982,3,0.6408285372963975,0,B,False,False,False,True,False,False
29.054196496068673,3,0,4.675361110534333,2742.7612797867746,1,0.821433677538948,0,B,False,True,False,False,False,False
11.054021089161184,14,0,29.69016503189912,1235.1245439811585,6,0.88887898009123,0,B,True,False,False,False,False,False
70.70966911365862,13,0,52.236932343948375,1287.566154652854,3,0.8839276679078787,0,B,False,False,True,False,False,False
36.294672174393604,12,0,4.90317865609705,2767.433168687662,6,1.1451993575986597,0,B,True,False,False,False,False,False
208.34986334366607,16,0,12.489444037208825,4788.033899180723,2,0.8995399995469104,0,B,False,False,False,False,True,False
50.898495090824774,21,0,9.13618009451942,2446.4712187015,6,0.4666529437850365,0,B,False,True,False,False,False,False
15.152045622600962,22,1,28.12991834396192,950.1976535462653,4,0.9717806910907235,0,B,True,False,False,False,False,False
45.37388921017453,4,0,5.5286490549399,849.103275322769,3,0.7011846609803878,0,B,False,False,False,True,False,False
30.536231373330963,9,0,21.708059834401876,1047.134649132464,5,1.1149149765846085,1,B,False,False,True,False,False,False
316.49710334592737,9,0,9.683619836186859,1350.5586167062659,8,1.1180382990610078,0,B,True,False,False,False,False,False
85.08134625169711,16,0,14.950676568895902,831.5569278853502,3,0.5183483632587335,1,B,False,False,True,False,False,False
55.004242661997715,18,0,12.893333591541204,1257.0298901673568,4,0.46529247842028865,0,B,False,False,False,False,True,False
572.5802948213717,21,0,0.9663923727460296,2783.508551748741,3,0.9584629068057453,0,B,False,False,False,False,False,True
78.85256809312011,22,0,13.32229907013025,763.3729567663217,3,1.0616427720771529,0,B,False,True,False,False,False,False
32.86743103268419,11,0,26.358163820238325,1927.2722686563893,5,0.7664973811549102,0,B,False,False,True,False,False,False
37.22682074335726,1,0,5.1043964914922295,553.3836208076441,2,1.152846318872034,1,B,False,False,False,False,False,True
104.03039683885196,2,1,7.730948582467675,755.4771512886944,2,1.2263057148888523,0,B,True,False,False,False,False,False
22.323785854606648,14,0,3.4433246392974692,2560.6742788991073,1,1.3752592358492433,0,B,False,False,False,False,True,False
2194.315150210667,12,0,3.5291183320407695,3130.7305369364353,6,0.6175186820665738,0,B,True,False,False,False,False,False
78.17704785342055,3,0,5.502660771363044,392.7612692210468,2,1.451983369388261,0,B,False,False,False,False,True,False
66.45019367808986,20,0,21.018674230548335,4562.209762663656,3,0.6849949587378814,0,B,False,True,False,False,False,False
6.15652371630104,13,0,9.845824960811571,1577.4439315303168,1,0.6774775828593713,0,B,False,True,False,False,False,False
3.5659709338132717,12,0,17.62595551394346,180.3304997158926,4,1.428556403221487,1,B,False,False,True,False,False,False
25.721058259939316,6,0,41.144939269663816,459.9767294370605,4,1.0094522150449432,1,B,False,False,True,False,False,False
28.709733989333493,13,0,19.660223188651138,2270.543301203944,4,0.8205489121567662,0,B,False,True,False,False,False,False
23.271056073689618,5,0,7.005923099041303,2018.2205010398452,1,0.4983990576232631,0,B,False,True,False,False,False,False
44.922179657698,4,0,10.721507780270333,1988.317689282983,2,1.4966092541298435,0,B,True,False,False,False,False,False
5.12948547818327,12,1,4.898257917740356,129.7384771489128,4,0.556877548070278,1,B,False,False,True,False,False,False
113.81964335125939,5,0,1.0201301582181164,1121.2143589557566,3,0.31226740562139016,0,B,True,False,False,False,False,False
51.38739751319082,16,0,16.449933830912265,817.057353166993,1,0.6589087800277348,1,B,False,False,True,False,False,False
94.38811631567336,7,0,16.26380229725653,1100.1013901180415,4,1.3663891166519584,1,B,False,False,True,False,False,False
75.79909567549925,6,0,29.094339531580644,601.0973234684893,2,0.8816450051898768,0,B,False,False,False,False,True,False
21.270490423286965,13,0,2.6103680885764224,195.82285016079678,3,0.7999716369335884,0,B,False,False,False,True,False,False
85.74081235297385,2,0,32.34820912607659,91.74264721862744,1,0.5653118035364337,0,B,False,True,False,False,False,False
278.33224046206857,17,0,23.72399089622608,1777.2507055330036,4,0.9966541905368856,0,B,False,False,False,False,True,False
22.70031576942735,20,0,1.7019511542239563,618.8453193750048,3,0.9877654470527971,1,B,False,False,True,False,False,False
182.03787068660608,14,0,60.59855507781026,589.5848906589032,2,0.45754410726749883,0,B,False,False,False,True,False,False
256.8145098903956,14,0,0.5975495349914516,1559.9548179924454,4,0.37745775673150306,0,B,False,False,False,True,False,False
63.31095449054542,18,0,23.758135844822803,1165.4219668534506,5,1.8117766253882088,0,B,False,False,False,False,True,False
45.48215411334236,18,0,8.393487607013213,1097.2341051416536,0,2.6992200890092124,1,B,False,False,False,False,False,True
39.543302585180136,12,1,30.078750635357896,3533.115113256469,4,1.5528160082892812,1,B,False,False,False,False,False,True
62.40418353811001,13,0,19.547668137728678,4513.270990759932,3,1.0226525182862756,1,B,False,False,True,False,False,False
903.3414631806447,18,1,0.9387154267173993,4507.72061129709,1,0.7633452929130818,0,B,True,False,False,False,False,False
25.307081350044726,22,0,4.1164847108406155,485.3009969081172,2,0.9469920797295289,0,B,True,False,False,False,False,False
103.976709373258,18,0,45.680272435981955,3010.155284703922,3,1.3681088850774874,1,B,False,False,False,False,False,True
84.02431655151999,16,1,2.388357896473069,435.85953552145014,5,1.1850470916749667,0,B,True,False,False,False,False,False
193.0694303431741,11,0,1.0642077119301634,2124.5502671277377,5,3.2539771228224397,1,B,False,False,True,False,False,False
52.03777002999751,15,0,2.513139870200863,600.9151616814775,3,1.4161458736205983,0,B,False,False,False,False,False,True
82.52579417946328,18,0,19.109605629582095,1194.5952125346644,5,1.388626404322089,0,B,False,False,False,False,True,False
21.302587278160786,20,0,0.6065434211905909,1496.1669607044432,1,1.5099839815765823,0,B,False,False,False,True,False,False
27.544588845954042,12,0,8.50603808176044,1279.1382447790738,4,1.179709529252575,0,B,False,True,False,False,False,False
50.46528115394126,9,0,1.437356532654208,2095.4480456377005,6,0.9117640240298219,0,B,False,False,False,True,False,False
7.674757159607517,7,0,17.43048388087633,1209.7605761625148,0,0.8200474168449063,1,B,False,False,False,False,False,True
34.66648019376114,22,0,4.374862807768515,638.8247901304411,4,1.1909739812840798,0,B,False,False,False,True,False,False
94.62145590091755,16,0,17.31158900896713,771.264024087987,8,1.6461207518662186,1,B,False,False,False,False,False,True
230.22372466968113,12,0,2.890480107475497,735.4102421863166,2,1.123287859412688,1,B,False,False,True,False,False,False
28.845688176125545,1,0,7.568570129815467,1074.990388713737,4,0.6288225097091789,0,B,False,True,False,False,False,False
49.711224266862786,11,0,38.94518118050545,1260.8610502094791,4,0.6492388323117039,1,B,False,False,True,False,False,False
56.41349773082338,23,1,7.267666661649156,612.8144367245178,0,1.1395639749885123,0,B,False,True,False,False,False,False
28.30047319340012,17,0,1.815858086587818,600.8274805535406,7,1.1661821053532953,1,B,False,False,True,False,False,False
35.15037372658822,18,0,6.929525642943911,1540.3475215199962,4,0.545934066103694,0,B,True,False,False,False,False,False
136.23166008982892,23,0,9.09382405279308,2596.630968742283,2,0.48753732314175136,0,B,False,False,True,False,False,False
771.2856264123604,15,0,9.200373067223591,703.236486466176,4,0.7925531169977238,0,B,False,False,False,True,False,False
75.34262313449258,19,0,18.528533015589066,1289.6237375158762,4,0.6546863004830693,0,B,False,True,False,False,False,False
193.97086886831622,1,1,1.9976899684862905,968.6324974086355,3,1.1481214315583732,0,B,False,False,False,True,False,False
10.845573532900339,19,0,9.28629261841364,5622.250847188022,7,1.3220001128137675,1,B,False,False,True,False,False,False
83.19633555045547,5,0,4.3944627235655975,3223.623817060623,2,1.1048342855014468,0,B,False,False,False,True,False,False
341.5842114816702,13,0,8.818465345304281,602.7878737690042,6,0.9710207575919011,1,B,False,False,False,False,False,True
203.14713950956968,23,0,2.8501139625408944,895.4026123352379,3,0.8662940296121107,0,B,True,False,False,False,False,False
43.31599028919451,2,0,4.027279390371985,1010.2087082875661,3,1.2703054139871026,1,B,False,False,True,False,False,False
178.11539411162823,20,0,12.072724364399638,610.7744708472603,3,0.5878924074530957,1,B,False,False,False,False,False,True
80.28601959590681,18,0,5.37756250284179,570.8877864213606,3,2.9483507247503646,0,B,True,False,False,False,False,False
10.506079255536493,7,0,2.6082668264601137,2382.708651467637,6,0.5309605440436669,1,B,False,False,True,False,False,False
20.57605520187866,7,1,14.499038125808752,180.36310051259298,1,1.1274169145452069,0,B,False,False,False,False,False,True
128.13919972220444,5,0,27.161066841414847,1066.1705916922538,3,1.807775822008078,0,B,True,False,False,False,False,False
41.691514397117146,9,1,25.83896265030359,2053.5252337718866,2,0.5629341063424236,1,B,False,False,False,False,False,True
9.019288328880718,10,0,26.94575824776583,3710.6419024027477,3,1.0595475843671684,1,B,False,False,True,False,False,False
70.97145436214139,16,0,0.2607031457232035,2428.9388347377817,6,3.0122040457824144,1,B,False,False,False,False,False,True
26.401748220075753,10,0,17.380282443775094,345.73976049582427,1,0.7212141918515634,0,B,False,True,False,False,False,False
2.1443696944970463,18,0,100.72418749064116,1797.3050564298003,3,0.788961330064247,0,B,False,False,False,False,False,True
47.64259256447636,22,0,19.44497753952817,5406.209710986506,4,1.1241987360697183,0,B,False,False,True,False,False,False
6.535321674759463,12,0,4.635168122491929,541.0118381308861,3,0.607696913559871,0,B,True,False,False,False,False,False
49.876022634787915,23,0,12.451826043697482,659.8870692452796,6,1.3535894156545643,0,B,False,True,False,False,False,False
47.79415561367306,2,0,9.752956234434022,1075.899411140062,4,0.533571237048496,0,B,False,True,False,False,False,False
913.755424139205,5,0,9.215627868965823,1762.793143458834,1,1.5826799515150045,0,B,False,True,False,False,False,False
110.62482716622466,1,1,19.237079879962145,2840.779533688227,2,0.5698251475989855,0,B,False,False,False,True,False,False
79.67076682873717,0,0,2.0349853719172297,977.0328661280502,3,1.1597408041830324,0,B,False,True,False,False,False,False
252.26014804040184,15,0,1.9065898532566303,2898.5464171000176,2,1.4226046862891095,0,B,True,False,False,False,False,False
33.23618612006458,8,1,10.592501178243754,755.2800052415346,2,0.7704088815244707,0,B,False,False,False,True,False,False
33.22645030620535,20,0,54.71427567277793,356.1932235210585,5,1.0277602839115256,1,B,True,False,False,False,False,False
22.58339271930238,0,0,0.9526896267281401,1425.954935304912,3,1.338102768745812,0,B,False,False,False,False,True,False
218.24874520902702,17,0,6.9433986117029685,1063.247656448974,3,0.5789945617247608,0,B,True,False,False,False,False,False
68.54139657207497,16,1,10.664829252693975,1086.0760775015463,1,0.766846206434196,1,B,False,False,False,False,False,True
24.704235805387153,15,0,0.018829079063940362,1925.449015058265,2,0.49863643884010567,0,B,False,False,False,True,False,False
140.43548987946943,5,0,5.236496788879671,1014.9126755803153,1,1.387283572230216,1,B,False,False,True,False,False,False
12.910722277515369,17,1,1.7621908249142961,2656.3096585539165,4,0.8464838049345857,0,B,False,True,False,False,False,False
19.624222186387048,13,0,18.33933335840768,4906.112943139899,4,1.3274093900916824,0,B,True,False,False,False,False,False
37.929068964140455,16,0,8.67133694800326,1838.5298745765945,2,2.214263261264685,1,B,False,False,True,False,False,False
61.74176543746439,5,0,14.618713367524082,2380.8661100710906,5,0.5655597857406244,0,B,False,True,False,False,False,False
81.23823171811112,10,0,13.835318872827685,170.86109895639876,2,0.6385759269502058,0,B,True,False,False,False,False,False
42.06714934723849,1,0,6.641890840757796,1766.8188842306677,5,0.6566406770961867,0,B,False,False,True,False,False,False
72.70869348459551,2,0,0.5410663849138728,1189.1795581790832,6,1.7765506657049879,1,B,False,False,False,False,False,True
137.12279023052366,7,0,4.673708866635909,797.1981807973411,4,0.8912617382908504,0,B,True,False,False,False,False,False
349.4356003615934,8,0,9.842285085797622,282.42587088251804,5,1.6616502836180116,1,B,False,False,False,False,False,True
57.238384374719445,9,0,3.3975524770343335,1697.204903770803,0,3.733848796265423,0,B,False,False,False,False,True,False
412.36968769784926,20,0,41.63314337264439,556.9975845756784,2,0.49709212333382596,0,B,False,False,True,False,False,False
63.38989806913202,21,0,8.006740367308518,375.1625725670906,4,0.7282263402837967,0,B,False,False,False,False,True,False
39.57893701757129,12,0,6.512525437201133,3996.059786565008,3,1.5771114576587368,0,B,False,False,True,False,False,False
29.67057728604164,11,0,1.7067940726900908,763.7738475832359,2,0.7839516201933037,0,B,False,False,False,False,False,True
11.649656349889478,9,1,4.847424420526252,421.9719829830304,2,0.5279530515548655,0,B,False,False,False,False,True,False
31.393905766573262,20,0,12.959878949584425,1134.1508588903835,1,0.5704991713847154,0,B,False,True,False,False,False,False
133.42244641656944,13,1,25.691077013920168,1051.6763127601678,1,0.6591209615877481,0,B,True,False,False,False,False,False
21.744932581275272,5,0,22.270357685057725,2412.3089245255046,5,0.44257266204819,0,B,True,False,False,False,False,False
21.609520759740388,1,0,17.33234207357063,1327.8927059198331,5,0.7626859288884467,1,B,False,False,False,False,False,True
29.999642160333675,14,0,40.43025179113366,2148.8870368846187,1,1.445627913306412,0,B,False,False,False,True,False,False
114.08444018086732,22,0,4.176371282449263,246.1674855749806,2,0.5766378886957638,1,B,False,False,False,False,False,True
25.198327604661603,21,1,4.013241221889155,2045.2742003959681,1,1.2164225729007159,1,B,False,False,False,False,False,True
5.181785289372534,14,0,0.7165926619488682,2877.412209709505,3,0.7780789667427302,0,B,False,False,False,True,False,False
6.647578490153423,3,0,18.243723879203788,694.4103481014016,2,1.3697183721221933,1,B,False,False,True,False,False,False
18.98376464465363,10,0,24.225426811489648,1957.196990317346,1,0.4389208145564117,0,B,False,False,False,True,False,False
58.20142356054403,6,1,4.509889176969486,339.98016137993676,4,0.8347419303354673,1,B,False,False,True,False,False,False
39.658127508922995,14,0,23.459394360661506,2463.2165187542255,2,1.5182211359849396,0,B,False,False,False,False,True,False
47.017751136279564,19,0,18.51528041371119,477.15419125632775,5,1.843242555706777,0,B,False,False,False,False,True,False
278.653629257971,18,0,11.680090122818527,2296.735624474755,3,1.1055530071540218,0,B,False,False,False,False,True,False
435.3479889407432,13,0,12.09378534969996,629.6270092520385,3,0.8805592174063844,0,B,False,False,False,True,False,False
15.010684857324344,9,0,18.316597591372993,873.1638262611293,3,1.027072080214084,1,B,False,False,True,False,False,False
11.710485661165873,23,0,94.43808544103483,556.0833959224335,4,0.9854492447197338,1,B,False,True,False,False,False,False
191.34319830992544,5,0,5.7650654091769304,2026.2582654233133,3,1.6614970994176161,1,B,False,False,False,False,False,True
59.45553008370817,1,0,1.131960973097573,1024.4451956838798,1,0.6943927682366421,0,B,False,False,False,True,False,False
56.256341562040745,6,0,18.037040707937265,331.7111679930076,5,0.4998404283803947,0,B,False,False,False,False,True,False
16.604833391069597,23,0,0.4390996575384906,1165.1642002660592,1,1.2599529344983615,0,B,False,True,False,False,False,False
11.29139324837904,20,0,33.78540209091349,1256.165633978228,3,0.984958015175997,1,B,False,False,True,False,False,False
2.8458487044711545,2,0,54.01608261866282,423.01310480014934,3,0.8920505932612414,1,B,False,False,True,False,False,False
61.16108300636825,7,0,19.443700063443654,1285.3687441562486,5,2.475274548985482,1,B,False,False,True,False,False,False
155.84332014145144,17,0,6.302260882305096,1683.250023551016,4,0.6308967013468763,0,B,False,False,False,True,False,False
105.16991652930717,14,0,3.837349834882986,245.2945252429953,2,0.3746415204536666,1,B,False,False,False,False,False,True
74.4154707660639,10,0,1.7518987619258357,398.6829505671789,6,1.291850593363038,0,B,False,False,False,False,False,True
16.674421495353634,21,0,0.08951337171295475,1324.409356667373,3,0.6881105186945631,0,B,False,True,False,False,False,False
10.395066527290075,22,0,8.443416717548752,1425.6942827662895,1,0.9797549640922215,0,B,True,False,False,False,False,False
121.28609663560084,9,0,15.62408747971459,973.677592138547,3,2.441901509030343,0,B,False,False,False,False,True,False
12.97305180472668,20,1,7.08271113281522,2613.6303687659647,1,0.3449651213903733,0,B,True,False,False,False,False,False
20.086876341120718,16,1,8.649037659452517,586.7627713007782,1,0.6834809783758062,0,B,True,False,False,False,False,False
21.587001421114056,17,0,17.338589582432306,1652.5564796546585,0,1.665860861826171,0,B,True,False,False,False,False,False
53.627065387059815,23,0,7.88994037658746,635.4769899906622,4,1.912978949532573,0,B,False,False,False,False,True,False
57.43490243936291,0,1,22.26955984613102,7243.4025289666115,5,0.6922720762591948,0,B,False,False,False,False,True,False
144.72433310128466,1,0,15.422695184949253,1724.3059239596178,4,1.015926541230705,0,B,False,False,False,False,True,False
57.00765800761682,4,0,16.693674159644672,326.59158803982626,2,1.1870059346636144,0,B,False,True,False,False,False,False
48.287898884055934,9,0,14.48658326384284,5036.003413468622,3,1.1474457258796982,0,B,False,True,False,False,False,False
215.59624119758297,11,0,1.9126750915360982,250.0112774310061,1,0.6651438168290944,1,B,False,False,True,False,False,False
25.62468224750032,12,0,17.283956959585687,2504.581204284883,3,0.961565946639073,0,B,False,False,False,True,False,False
56.16530340923554,15,0,13.455865322379093,513.3875877127531,7,0.7295806400753483,1,B,False,False,False,False,False,True
15.83484295794267,2,0,12.809081202214546,3086.6743624709475,1,1.2582061671162872,0,B,True,False,False,False,False,False
65.57387716552728,3,0,13.683702058169482,860.5108470959439,4,0.5114324974755844,0,B,False,True,False,False,False,False
143.9524919198585,15,0,65.22811020357618,354.8437806280746,1,0.7036375760897771,0,B,True,False,False,False,False,False
25.719780219676228,9,0,8.592098384099907,1764.0904522094036,4,0.6121900793022483,1,B,False,False,False,False,False,True
398.0908969424673,13,0,1.6819067635665836,396.17722495861227,2,1.0954939269041333,1,B,False,False,True,False,False,False
56.64862706151831,20,1,10.78846886008758,513.0553756353112,6,1.3009210365294868,1,B,False,False,True,False,False,False
106.52947500391352,18,0,2.4368120636367108,467.6137524699284,6,1.1014145858316844,0,B,True,False,False,False,False,False
8.602210755691098,4,0,24.625987289659697,761.2316485526565,6,2.1275696767752343,0,B,False,True,False,False,False,False
294.0686732030686,18,0,4.307736094957734,658.492212605637,7,0.9330564015792238,0,B,False,False,False,False,True,False
202.1986114142331,10,1,81.6104084998033,1066.7815412709892,4,0.6195261304167503,0,B,False,False,False,True,False,False
5.123176162606111,16,0,2.9328462638605823,532.4246210312964,5,0.7092067813594682,0,B,False,False,False,False,False,True
10.423731338165457,6,0,7.122877935719353,243.9364783271245,6,0.6582373938866916,1,B,False,False,False,False,False,True
142.0335654017846,3,0,2.3702026140146724,1680.431003761384,1,0.8586322822415503,1,B,False,False,True,False,False,False
169.91129535187625,14,0,8.151107777840924,1496.548754592752,2,0.47646523145070374,1,B,False,False,False,False,False,True
5.836023829361835,23,0,9.926306424368729,1041.7409110916365,2,1.0451128425890783,0,B,False,False,False,False,True,False
131.37180288588414,3,0,20.40118549849912,1134.0208778707845,6,1.2027068707322406,0,B,False,True,False,False,False,False
24.523647625120525,15,0,0.020914537744323992,2282.70712963536,0,1.092969157885578,0,B,False,False,False,True,False,False
48.33598881108097,22,0,3.936141145175818,1535.8469623060482,0,1.9829170948757613,0,B,False,False,False,True,False,False
42.1439905828359,18,0,4.719065512476908,1975.5442922947336,2,2.439013841877895,0,B,False,False,False,False,True,False
21.751572779259153,1,0,13.76724632231545,1140.3202091099824,0,0.9523258627688459,1,B,False,False,False,False,False,True
40.66783312708074,10,0,4.869227445742279,2643.399317208663,1,1.7250720554430086,0,B,False,False,False,False,True,False
17.982195064148456,18,0,10.007537987085662,2094.488645996882,5,0.5009545402478749,0,B,False,False,False,True,False,False
26.196082453412377,22,0,10.03489918415076,267.14459843826,3,2.4226071665989317,0,B,False,False,False,False,True,False
13.418229603662798,13,0,24.946240131949217,435.43495439041936,0,1.0745772917483511,0,B,False,False,False,True,False,False
242.9964880426855,11,0,31.29958248513277,487.6512196055053,2,1.224134739978681,1,B,False,False,False,False,False,True
29.58972530462553,18,0,56.60485932103177,1413.3396103299947,3,0.6576609529186593,0,B,True,False,False,False,False,False
173.66079881963654,9,1,27.563551868115816,2953.4153748076174,2,1.4580031719081985,0,B,False,False,False,True,False,False
107.99617114445654,7,0,31.550899778014603,1248.5193826397674,5,1.138218231501099,0,B,False,False,False,False,True,False
202.2442059973801,23,0,53.094746970592595,1833.2011440604101,2,1.658577702466506,1,B,False,False,True,False,False,False
31.721731072787353,16,0,26.353998276398677,130.36488894783446,1,0.8372797314890124,0,B,False,False,False,True,False,False
42.71667313845834,22,0,3.4343487317276646,1651.2143062600585,4,0.8924821936212299,1,B,False,False,True,False,False,False
61.639751700395514,7,0,23.579575004195064,614.2562885446096,3,0.8310067220416457,1,B,False,False,True,False,False,False
12.639264358993056,8,0,18.54439154246017,4390.375817082704,3,1.7579731938556709,0,B,False,False,True,False,False,False
59.716497209759716,23,0,12.174224210866264,5743.324874919727,4,0.46384875651420693,0,B,False,False,False,False,True,False
37.85824085459676,13,0,2.8764023324444943,1147.5183682463519,0,1.592278960057401,0,B,False,False,False,False,True,False
226.41026765965682,14,0,0.7380977709877033,1064.4123963992304,1,1.752833137898393,0,B,False,False,False,False,False,True
301.95353164728994,15,0,3.6721721088881027,1406.0990746791692,2,2.342760156953985,0,B,False,False,False,True,False,False
478.4759901442549,21,1,31.42678310640941,1008.4223453214217,4,1.377938518814199,1,B,True,False,False,False,False,False
6.3446588851879655,7,0,4.712898703927273,1950.3035092755943,2,0.6409274330750735,0,B,False,True,False,False,False,False
125.47383594878633,2,1,8.885414495856487,873.3552774800904,2,1.4030090616659203,0,B,True,False,False,False,False,False
36.55073013348754,1,0,90.32960994348474,621.4938696989732,6,2.456727144493702,1,B,False,False,True,False,False,False
24.028738834297098,0,0,10.684709498194241,1183.5051792256913,1,1.1395635073586345,0,B,False,False,False,True,False,False
338.9175583601695,7,0,21.88291449055478,993.099560969803,6,0.8301620332346823,1,B,False,False,True,False,False,False
16.21865502356905,22,0,23.77368189839283,1435.2751905882735,2,2.765735989375968,0,B,True,False,False,False,False,False
70.0448849575399,5,0,31.71258886222788,1364.1966935743,1,0.4552405648357832,0,B,False,False,False,False,False,True
17.60579538440213,10,0,6.0710991947718504,3112.927240997454,4,0.7971307476612932,0,B,False,False,False,False,True,False
2.9718731478070137,2,1,2.482464101743344,691.9463092753759,1,2.1947260872247707,0,B,True,False,False,False,False,False
8.992387031291587,13,0,32.92196872908735,790.4652346039426,3,0.5744366943012721,1,B,True,False,False,False,False,False
3.4362886229829654,21,0,14.10752132066243,1353.0892550584604,2,1.9679233005368006,0,B,False,True,False,False,False,False
32.30714078433673,4,1,13.588725866484314,317.0615459720568,0,0.3836584866369949,0,B,True,False,False,False,False,False
11.636401672357122,20,0,12.652618549807094,268.1941051675299,0,1.5088439473942807,0,B,False,False,False,False,True,False
218.61059292199369,19,0,0.535219356268906,1152.3551749756032,2,1.5837099584497558,1,B,False,False,False,False,False,True
109.31498211249655,12,0,4.290290363935869,777.2022832000611,3,0.5552246541368464,1,B,False,False,False,False,False,True
18.067732469750904,20,0,16.742119477186616,497.45029607946327,1,1.0076892001531002,1,B,False,False,True,False,False,False
15.862500966961031,4,0,0.5032562641875186,1116.4860583511884,5,0.5026887908952897,0,B,False,False,False,False,True,False
27.365799130414604,4,0,13.999631242524405,407.7465136431936,4,0.5955879487376062,0,B,False,False,False,False,True,False
34.77240020998158,9,0,0.7730579045843471,297.78818364781915,2,1.012229653469015,0,B,False,True,False,False,False,False
236.4996537678082,12,0,0.1276888570769987,201.5133902719878,4,2.5226927541392605,0,B,False,False,False,True,False,False
29.00146101085768,9,0,33.34517219780793,785.3343310955714,3,1.9164045006444415,0,B,False,False,False,False,False,True
61.40562896566706,7,0,36.27820486169012,901.4027622587946,3,0.5053642276757988,0,B,False,False,True,False,False,False
28.12405630583147,1,0,5.13875036485583,1485.171470289283,3,1.4651658599960002,0,B,True,False,False,False,False,False
108.05378571104285,1,0,30.028567445428468,1158.8562709832768,7,0.518838474477923,1,B,False,True,False,False,False,False
129.92309348999623,21,0,1.168120358431883,1997.0668165930447,1,2.003090682245664,0,B,True,False,False,False,False,False
227.03146846015693,18,0,7.954878573666402,1423.488770909676,3,0.5543285101191232,0,B,False,False,False,False,True,False
165.79283902645096,9,0,9.70664462198555,888.0837061488359,4,1.6736658352677236,1,B,False,False,True,False,False,False
3.003489044966316,14,0,7.877575310208455,3783.7783089099466,1,0.788789950388226,1,B,False,False,False,False,False,True
8.797143347618672,15,1,6.424345726774522,1031.6554666361005,2,0.3721517095909274,0,B,False,False,False,False,False,True
70.10782528284776,9,1,14.174983804658659,3099.708495551421,4,0.9472318892432948,0,B,False,False,False,True,False,False
72.49311029120707,9,0,16.918140858006534,1024.2864360820952,1,0.7503758945119894,0,B,False,False,False,False,True,False
38.901753922790625,19,0,47.72058999532121,585.2876420343771,4,1.4608650681202926,0,B,False,False,False,False,False,True
172.83949797316714,18,1,2.0313844408974373,1294.8926824168693,2,0.6340992395440265,1,B,False,False,True,False,False,False
331.94758434664885,3,0,34.597778695170476,5812.207523730954,1,1.817673540362803,1,B,False,False,True,False,False,False
23.919212290845746,1,0,23.945975989634213,1428.8133400349752,2,2.8584129425910283,0,B,False,False,True,False,False,False
8.426712253352129,8,0,4.984629411140768,5722.360317507746,5,0.6447394160349522,0,B,False,False,False,False,True,False
92.23186600131221,10,0,3.3519585650014374,7270.469241695295,2,0.8011580532262159,0,B,False,False,False,False,True,False
26.392341905880063,2,1,1.8579499647642947,719.3201525377652,1,2.86302346381293,0,B,False,False,False,False,False,True
4.225821744458642,6,0,8.267509098957433,238.0555425476467,2,1.2382951218476754,0,B,False,False,False,True,False,False
77.03703146611724,5,0,11.982157923295086,826.8258276984243,3,0.7403950896771719,0,B,False,False,False,True,False,False
92.85586422510887,0,0,12.65163593983463,411.7111809701322,2,1.1540878367779275,0,B,False,False,False,True,False,False
23.383384204007566,11,0,8.087101353203458,769.0784765037222,5,0.7684513013012292,0,B,False,True,False,False,False,False
45.04079894233612,17,1,17.344459318650664,1932.5261947958916,5,0.9088635475331258,0,B,True,False,False,False,False,False
79.76533591096579,8,0,18.45716773097529,1778.6880183617632,3,0.9323234477856033,0,B,False,False,False,False,True,False
317.63954552860395,4,1,10.854947534847659,885.3189016962967,3,1.0942460571557544,0,B,False,False,False,False,True,False
114.24108854118398,12,0,12.034238776005283,4291.665404195159,3,1.4362761240709103,1,B,False,False,False,False,False,True
9.042885579766022,17,0,3.2517382431345285,1957.1212177697646,3,1.851726542071698,0,B,True,False,False,False,False,False
323.5029520458841,14,0,12.10965048119341,1936.0272368597166,2,1.226833405548706,1,B,False,False,True,False,False,False
421.96793472368535,14,0,1.173981742795933,345.969309702452,4,0.7360813313023191,0,B,False,False,False,False,True,False
90.5983998229825,5,0,12.683159777496705,2119.938621154361,5,2.0192552107024495,0,B,False,False,False,True,False,False
210.72793492560203,6,0,15.445312347193514,439.5286930348113,2,1.7971776908585164,0,B,False,True,False,False,False,False
12.762323016643736,12,1,60.08370076032229,1558.4471987500524,5,0.6619652820540991,1,B,False,False,True,False,False,False
57.207263706886444,11,0,8.30009413430136,2735.5249290082593,7,1.141196810993068,1,B,False,False,True,False,False,False
151.98544528013701,9,0,10.269381469471956,767.2161792425801,2,0.981210577622312,0,B,False,True,False,False,False,False
74.5221981787578,21,0,9.026529775245356,487.60299954711775,1,0.8268067212597214,0,B,False,True,False,False,False,False
22.394510298172467,0,1,4.512191887523104,530.1843375951067,2,1.2355595696639665,0,B,False,False,False,False,True,False
16.338540220337407,10,0,1.4864870610395946,1259.0796044884335,0,2.5679584619998765,0,B,False,True,False,False,False,False
77.20307492898068,15,0,15.349644153967532,4674.702601948204,3,1.0636036264359998,1,B,False,False,False,False,False,True
135.34108868833832,0,0,1.1225399831611704,472.86355921429737,1,0.6149191050532771,1,B,False,False,True,False,False,False
13.801797322385449,17,0,8.433462303311423,1263.1277763950666,4,0.7830680086458814,1,B,False,False,True,False,False,False
28.61326982755224,10,1,0.16612808256972128,549.2494891673708,3,0.5972783389827782,0,B,False,False,False,True,False,False
915.0104581475422,8,0,42.332199879374315,352.6648155707841,3,0.9217168806393374,0,B,False,False,False,False,True,False
117.95562106316277,13,0,17.932407331453597,2138.035114058113,5,1.4789495925955578,0,B,False,False,False,True,False,False
40.522100926109786,10,1,3.7873473553737944,715.2323991310321,2,0.6251339030164285,0,B,False,False,False,False,True,False
177.14246818041926,0,0,4.847654160826237,3262.5606436037424,4,0.5158381703883191,0,B,False,False,False,False,True,False
132.43146964095752,10,1,5.834515878860044,386.0201303456938,1,0.3586415381433397,0,B,True,False,False,False,False,False
71.87233583530319,8,0,10.980753383758222,4356.077884581204,4,0.5000742559930801,0,B,True,False,False,False,False,False
73.70175593327417,21,0,14.9862118967587,2043.833476682809,2,2.124223321144245,0,B,False,False,False,False,True,False
24.6639204276518,1,0,1.1951699152891555,705.7706030735919,1,2.2066776243968715,0,B,False,False,False,False,False,True
169.23487732838888,9,0,16.197529104077624,2231.1959856423273,5,0.8440512971780134,0,B,False,True,False,False,False,False
20.917483030381653,2,0,1.160251134899701,1939.8259846172027,2,1.8720236409752693,0,B,True,False,False,False,False,False
155.4308402848468,12,0,36.78235421695378,4867.070780934597,3,1.045856709310113,1,B,False,True,False,False,False,False
169.0483422901406,10,0,10.317034498180554,369.21024172243386,1,0.789276414882592,0,B,True,False,False,False,False,False
27.718319312918354,17,1,40.698315505957474,681.3604041096305,4,2.79677138065516,1,B,False,False,False,False,False,True
7.205792898713268,13,0,15.426352320091807,536.7527056532709,2,0.9200905446111042,0,B,False,False,False,True,False,False
128.98797209277095,4,0,7.692270972920081,804.4065978356767,4,1.5069492565816551,0,B,False,False,False,False,True,False
139.25476443737475,7,0,22.906073333834748,330.9874746620245,7,0.8540905040621933,0,B,False,False,False,False,False,True
92.0659276322378,9,0,1.0576366518345557,341.5585631453259,1,0.4103308461375346,0,B,False,False,False,True,False,False
9.477771143200897,5,0,13.265604162924994,1180.4641358578638,3,0.9594096014214899,0,B,False,True,False,False,False,False
78.13855313924897,14,0,4.469457981108875,466.7981827594273,3,1.0566474212221593,1,B,False,False,True,False,False,False
453.14375500331124,7,1,27.746644137461157,1015.3591135172811,5,0.5571683671736242,0,B,False,False,False,False,True,False
392.2847087756683,21,1,33.19519411930168,989.3267508434178,1,0.9601109292967666,0,B,False,False,False,False,True,False
245.91591490846184,3,0,13.209048715598971,511.6432264854022,3,0.6966237587790918,0,B,False,False,False,False,True,False
110.12882602784723,23,0,4.534310109886617,2608.2504177331775,2,1.8542684409164336,0,B,True,False,False,False,False,False
100.36746484946086,8,0,7.389173417751588,427.06541425105746,3,0.7083196392723322,0,B,False,True,False,False,False,False
30.081128076341532,4,0,14.533006586354645,1759.9950535264522,4,0.8636076706606614,0,B,False,False,False,False,True,False
403.3334230373565,18,0,8.307218011298724,511.8191630633985,6,0.8392785331492668,0,B,False,False,False,False,True,False
69.10554678178153,16,0,22.515145908348803,1159.7713893072864,4,0.9210212024425295,0,B,True,False,False,False,False,False
220.55936702972397,1,0,6.905195495599065,1153.644433987067,3,0.5192938252901361,0,B,True,False,False,False,False,False
38.62426020524616,12,0,10.56242103740032,690.8518901147459,2,0.9713122097647033,0,B,False,True,False,False,False,False
114.16756518723147,16,0,3.1427271737117644,1950.585275285236,7,2.1629243045777895,0,B,True,False,False,False,False,False
47.933597022448104,13,0,17.949739289141302,2409.2204540067,6,0.9798946982141037,0,B,True,False,False,False,False,False
8.863673174563136,10,1,30.062143297687317,1022.8365429699959,3,1.7787610645578693,0,B,True,False,False,False,False,False
22.060677314915672,6,1,6.850386504243889,3794.3811649903523,1,0.3901425909988068,0,B,False,False,False,False,False,True
33.89089688863671,1,0,46.42174528089155,730.9155490917299,4,0.33259388376106536,1,B,True,False,False,False,False,False
340.5767404312611,2,0,0.587201970035085,1326.845525680806,2,1.735677350487764,0,B,False,False,False,True,False,False
14.464296517610936,10,0,3.7335099731551935,752.0048092696466,4,0.966030310418477,1,B,False,False,True,False,False,False
16.71212929580673,2,0,7.97704829664448,2404.045130315557,3,1.1071913803505717,0,B,False,False,False,True,False,False
22.80208298817504,0,0,8.286486900235488,1299.0755028620927,7,0.9872040094112916,0,B,False,True,False,False,False,False
235.31226305320436,18,0,23.654464166390866,2472.349124558829,5,1.4693156613627845,0,B,False,True,False,False,False,False
45.90400336600246,13,1,32.73006051026669,950.160813186932,1,0.6079160657113792,0,B,False,False,False,True,False,False
47.4721156172941,16,0,5.4161912614008925,541.0427697369344,3,1.0930045162333228,0,B,True,False,False,False,False,False
144.37301261814258,18,0,15.272990728203272,670.986946755599,2,1.3433925059786842,0,B,False,True,False,False,False,False
402.0916815899287,18,0,12.031946005258261,1960.945294293139,2,0.7267407186226552,1,B,False,False,True,False,False,False
578.0859154488874,20,0,2.9312463798025297,499.44492001905985,3,0.7625028884648767,0,B,False,False,False,False,True,False
352.2447177035735,18,0,5.918671538974851,3604.1069079416525,4,0.5171267989792885,1,B,False,False,False,False,False,True
43.814250444013,18,0,0.29962785616416304,1472.0108241241494,3,0.6207453557392456,0,B,False,False,True,False,False,False
34.68309683853851,0,1,5.431873891858871,424.8878574399543,3,0.36110989282577144,0,B,True,False,False,False,False,False
45.330985697889396,10,0,1.6719757968984241,1561.7128651449996,2,1.4270842738262426,0,B,False,True,False,False,False,False
6.844447709732375,0,1,34.297914332283405,626.0022018626235,3,0.2743241974402991,1,B,False,False,False,False,False,True
10.102624348746316,22,1,34.37616192097741,328.0731703339993,4,0.4663815926121281,0,B,True,False,False,False,False,False
115.19294699532873,6,0,17.100969798827144,1631.6091732353202,1,1.0887635314848108,0,B,False,False,False,True,False,False
8.6873749352656,7,0,74.05713137839462,1250.3590087258292,0,0.8485172577320171,1,B,False,False,False,False,True,False
15.54593920164611,6,0,13.0084001510694,2519.647078732621,4,0.8325384310449093,0,B,False,False,False,True,False,False
68.65090853217478,14,0,3.356256780621486,1500.7061609373154,1,1.3115689065131944,1,B,False,False,False,False,False,True
15.325399447711906,15,0,32.40005864148569,644.1350934101571,0,0.7789274968144968,0,B,False,False,False,False,True,False
27.853077275444402,21,0,3.505386624875994,2565.5757209411554,5,1.0633589577409992,0,B,False,False,False,True,False,False
28.38696940238433,7,0,4.658674026998588,617.9473894602935,4,1.11692608696996,1,B,False,False,False,False,False,True
2.995823012735913,9,1,16.1260941202474,615.1940938779935,1,1.055015688854112,0,B,False,False,False,False,True,False
50.895666488448256,3,0,2.082061295818849,958.949876256636,1,0.7811872385842281,0,B,False,True,False,False,False,False
34.9913170637242,12,0,14.116941793567023,342.99435590921604,3,1.0596307224254622,0,B,False,False,False,False,True,False
41.473315619339104,3,0,5.410488321434097,2435.1140751835896,1,2.128793377231044,0,B,True,False,False,False,False,False
10.335246375039125,18,1,14.755091656768359,957.1353706222371,3,1.0120115864344326,1,B,False,False,False,False,False,True
19.464518870971975,23,0,24.003610782379678,1051.5890277653477,8,0.659079269246419,0,B,False,False,True,False,False,False
32.229452678486716,5,0,7.520284420664368,5986.222589172839,2,1.6329491384250143,0,B,False,False,False,False,False,True
14.71224821323585,15,0,6.030137723440268,1699.372941580552,3,2.633138393399422,1,B,False,False,True,False,False,False
29.298121192459284,23,1,6.023757823257743,455.00014178251143,0,0.6179003602034984,0,B,False,False,False,True,False,False
1063.4830382504902,23,0,6.640414837289807,3187.6229513832645,6,1.5814164756489941,0,B,True,False,False,False,False,False
81.49094533610241,6,0,22.95773048780416,1271.3387459359838,2,0.5921272063546277,0,B,False,True,False,False,False,False
31.989730061978793,12,0,8.446491862950902,449.48422664533217,4,1.8590259861544447,0,B,False,False,False,False,True,False
48.237069996779525,2,0,18.754541575797933,1301.9481158133315,5,0.9511729891464388,1,B,False,False,False,False,False,True
235.7110761961073,20,0,20.19481427648976,1091.8693361905107,1,2.513242117946009,0,B,False,True,False,False,False,False
25.738826410068416,17,0,11.417367354443078,397.34310442114105,4,1.0066964053759533,1,B,False,False,True,False,False,False
74.76116572364265,16,0,9.113086320631487,1391.435103260945,4,2.1267427563798336,1,B,False,False,True,False,False,False
271.39119980403683,2,0,7.132379016169006,1628.250815102304,1,0.7613917046490403,1,B,False,False,False,False,False,True
51.54539233569828,19,0,15.96665176840966,190.33782802145552,1,0.4858192995811032,0,B,True,False,False,False,False,False
41.64888370994965,3,0,10.83775165537335,1036.5168765053436,4,1.0511556977290561,1,B,False,False,True,False,False,False
331.96988190520534,10,0,5.1736485183715075,2978.1404782639174,3,2.1592434916920533,0,B,False,True,False,False,False,False
186.71881983221692,17,0,11.418051641795376,763.7779235625085,4,0.9364452997319102,0,B,False,True,False,False,False,False
103.29027713532882,18,0,16.095184438908333,1503.699673832303,2,2.7158530013289304,0,B,False,True,False,False,False,False
48.249470022153204,7,0,11.797134981415427,1488.8079977181665,5,1.1446157364128895,0,B,False,False,False,False,False,True
13.549315284630703,12,0,0.22703666028548625,165.76183433481597,0,3.3827003877150763,1,B,False,False,True,False,False,False
626.4669757198975,17,0,74.81328179166456,735.2615605051527,0,0.9567129487105921,1,B,False,False,True,False,False,False
206.0929545418668,21,0,21.219479953435897,2333.7547727097585,0,1.6295934530923577,0,B,False,False,False,True,False,False
49.514262795317244,0,0,4.185571818610102,1608.8823269115899,3,1.6401197548515547,0,B,False,False,False,False,True,False
230.03164266703658,19,0,21.447531421135455,2479.105810362407,3,0.8533823787824928,0,B,False,False,False,False,True,False
183.14268269932194,16,0,21.89799893678204,1020.793891917445,2,1.5009182827484515,1,B,False,False,True,False,False,False
26.27203370348355,2,0,13.775427628338853,2837.9533640857203,5,1.0063830033608183,0,B,True,False,False,False,False,False
39.12570503542132,22,0,14.696809689601432,2611.070031810496,4,1.8745203997232436,1,B,False,False,True,False,False,False
139.1763356928731,23,0,2.6376596980539717,4832.536916830848,1,1.2155666267230787,0,B,False,True,False,False,False,False
19.060238927699,6,0,6.980777245355459,3849.097017579028,1,0.6431904467836624,0,B,False,False,False,False,False,True
124.81452798931099,22,0,13.304257434676156,1140.3998733096716,5,0.9474332124036593,0,B,False,False,True,False,False,False
41.56665767400636,5,0,1.2124206630624719,255.15344784690694,1,0.7827926237764397,0,B,False,False,False,True,False,False
22.078185258032047,14,0,57.30379348906212,685.6460639268251,1,0.8323728767136777,0,B,False,False,False,True,False,False
17.808595344780006,6,0,1.6109440704423947,714.0869351516353,4,0.6943031949991478,0,B,True,False,False,False,False,False
41.67727578870622,6,0,7.751486316427034,776.5880564809413,1,0.5762787882627445,0,B,False,False,True,False,False,False
78.72880335952412,11,0,36.72032835302433,625.6471004689226,5,0.7996350202603293,0,B,False,False,False,False,True,False
26.952301821059905,8,0,0.2303031405593438,2991.4402561116194,2,2.236546203082192,1,B,False,False,False,False,False,True
35.55576189766527,8,0,17.244330291479333,1131.0642837989055,5,0.7481237754428556,0,B,False,False,False,True,False,False
68.00145353556336,10,0,7.3746494875631345,1300.9307337674343,1,1.6418917850276225,1,B,False,False,True,False,False,False
1757.7118989003209,9,0,18.947342643163466,888.3703046857894,3,1.878348956084274,0,B,False,False,True,False,False,False
80.87234698218823,9,0,16.355380680267864,587.9121918154682,6,1.05340668057745,0,B,False,True,False,False,False,False
89.55142971916592,14,0,13.630979852524593,1696.9825376269143,4,1.9063373317156753,0,B,False,False,False,True,False,False
54.51882577444157,15,0,30.072991039869173,1186.8526086861336,2,0.5037748857584036,0,B,False,True,False,False,False,False
688.697316270655,7,0,0.07544691534724493,2842.6815776180706,4,0.5136699617910218,1,B,False,False,False,False,False,True
5.117697459304022,12,0,2.3686102895851637,3106.4589235228805,4,1.9306700858895782,0,B,False,False,False,False,False,True
14.764136030850345,8,0,23.180492501730605,1358.840787408294,3,1.1032160230095707,0,B,True,False,False,False,False,False
20.042866857420137,13,1,15.117964378900341,1306.7656197134552,2,2.312313112173063,0,B,False,False,False,True,False,False
157.66778519339584,21,0,39.000264361275335,804.9761550204945,4,0.4293240938479147,0,B,False,True,False,False,False,False
31.7014321883377,19,0,8.67011782294231,3110.571796842393,2,2.0678203247200426,0,B,True,False,False,False,False,False
143.2447107390806,17,0,11.968183624656909,2322.6329594607646,5,1.1421977782622552,0,B,True,False,False,False,False,False
2.511049231149597,23,0,14.682220333012703,1722.7353203482367,3,0.7596847642108003,0,B,False,False,False,False,True,False
80.52241492799793,1,0,2.9072042672388365,970.4255436459584,2,1.7471413985143374,0,B,False,True,False,False,False,False
12.411570019841001,22,0,2.3234052969777963,1524.0371913887184,5,0.4459854467913975,0,B,False,False,False,True,False,False
156.86555405600896,8,0,4.389800237550686,1858.9830678728067,5,0.526070638546292,0,B,False,False,False,True,False,False
14.938067420337202,9,0,7.3131236804482205,600.6637849110926,7,1.3561198042408227,0,B,False,True,False,False,False,False
21.237377302023695,19,0,10.033027364055355,1225.921206416959,1,0.3124039895569635,1,B,False,False,True,False,False,False
10.441567903925103,10,0,9.366332377517155,536.4851519035773,7,1.1639603467893156,0,B,False,False,True,False,False,False
14.33239863635401,23,0,23.553502425968112,811.8411718815856,1,2.1767034276494384,0,B,False,False,False,False,True,False
52.08939390900027,22,1,2.154627334979017,1621.4746763874712,2,1.3581961578222799,0,B,True,False,False,False,False,False
35.11089160540552,9,1,6.900898974504718,2775.091409007437,5,0.9385472573983804,0,B,True,False,False,False,False,False
22.663046686133455,18,1,43.778212393054346,795.8065767985746,3,1.0329202570149667,0,B,False,False,False,False,True,False
8.185028529307807,0,0,22.172335299208623,379.69213016025543,5,0.5053011287209607,0,B,False,False,False,False,True,False
22.422168759463084,23,0,8.378906855847926,1104.6040172212288,4,0.4539275497755115,0,B,False,False,False,True,False,False
195.24324981967047,13,1,13.056323022347422,1201.174941235259,2,0.9712751376270018,0,B,False,False,False,True,False,False
64.9245146357704,8,0,9.529352976497178,565.7124283744014,2,0.5047274687647942,1,B,False,False,True,False,False,False
86.07470836793468,4,1,7.264560378449926,731.843159835566,3,0.6387948228637919,0,B,False,True,False,False,False,False
287.37095374452116,11,0,2.1370717884758563,1013.7207675898794,3,0.5226876860234276,0,B,False,False,False,False,False,True
161.1401690018042,19,0,2.746116800714719,2296.513860935917,2,1.773539072566338,0,B,False,True,False,False,False,False
243.28449072671768,17,0,5.099368237499376,404.45001156729865,1,1.127174924894299,0,B,True,False,False,False,False,False
68.02219245359208,16,0,6.816695540161047,956.2411420348564,3,1.9277543936749635,1,B,False,False,True,False,False,False
26.886818512904615,19,1,4.348562309410528,3341.865140302414,3,0.30950022054035364,1,B,False,False,True,False,False,False
61.31761308892598,7,0,12.917821430904613,669.8053864556149,2,0.8490536049108022,1,B,False,False,True,False,False,False
62.23078330259687,0,0,13.674233017242805,1642.6999818988286,3,1.9885344146238222,0,B,False,False,True,False,False,False
4.891270944185275,3,0,0.7038077826352964,1094.1136558341743,5,2.196273446022607,0,B,False,False,False,True,False,False
36.05270886160538,11,0,15.732524373443958,1775.6791810567984,2,0.5829315454442635,0,B,False,False,False,False,True,False
198.02922587962044,15,0,9.454506888015889,1112.9356393443106,0,0.8148438630133699,0,B,False,False,False,False,True,False
4.991243504041406,4,0,11.87892443919726,1437.4121369421084,2,0.7164611011076089,0,B,False,True,False,False,False,False
6.661657361752247,17,0,33.56343382745911,2283.2331237494323,3,0.7571763380139329,1,B,False,True,False,False,False,False
15.56678841354588,17,0,3.0379296278374825,1831.287298577669,1,1.3460984718839997,0,B,True,False,False,False,False,False
25.777467563524503,18,0,7.7740319344242295,1883.4756789386045,1,0.47061514671237037,1,B,False,False,True,False,False,False
42.8969775102936,12,0,9.958357841884263,2132.682703645429,3,1.6112497968048534,0,B,False,False,True,False,False,False
500.73907202355286,0,0,13.404463941593901,889.516887801584,7,0.396768827296252,0,B,False,False,False,False,False,True
128.56292398002122,7,0,16.983520654336523,476.25683761923386,6,1.043424321240347,0,B,False,False,False,False,True,False
73.9902804965369,0,0,2.076440742194244,4681.001613288598,5,2.4795755720121013,1,B,False,False,True,False,False,False
43.78091994362321,19,0,20.733329665743835,1467.0700117129302,3,1.2507701515296799,0,B,True,False,False,False,False,False
48.828845182986896,6,0,3.746910921162574,2759.8971498143233,2,1.5025087624715985,0,B,False,True,False,False,False,False
159.81073678765392,18,0,45.296723420858385,204.01002514659407,4,0.5521437732660051,0,B,False,True,False,False,False,False
229.235024086681,2,1,1.6753323209506688,4188.999675532757,4,1.049183262203108,0,B,False,True,False,False,False,False
22.47277840347679,20,0,64.81684863704201,679.8213130034501,2,0.7635534878985323,1,B,False,False,False,False,False,True
89.99494221879594,17,0,39.46308421622192,1304.764514093428,1,1.1772467869213024,1,B,False,False,True,False,False,False
66.33919662740334,20,0,33.0003445310424,779.49135270442,4,0.6268833603452668,1,B,False,False,True,False,False,False
199.46092135150377,17,0,0.46184533010388784,295.11300389701404,3,1.971405739603047,0,B,True,False,False,False,False,False
310.499656890944,23,0,3.374564313163024,1315.3398978460016,5,1.1600883516219995,1,B,False,False,True,False,False,False
83.98746449152705,20,0,12.583141827592716,3893.285747279907,8,1.2867738480585904,0,B,True,False,False,False,False,False
44.75274604981268,5,0,19.16220939651278,774.0204470335609,2,1.252870912358355,1,B,False,False,False,False,False,True
8.209366051560929,19,0,19.90686220541783,739.3490236959133,4,1.0729749066204313,1,B,False,False,True,False,False,False
14.093977132500216,13,0,0.7085551288412866,3306.0314973197083,4,1.4034385867416788,0,B,True,False,False,False,False,False
70.68011354642113,6,1,17.506365345947177,1299.2693960751365,6,0.4383723479395785,0,B,False,False,False,False,True,False
227.8488909517827,10,0,10.288223241252478,582.5679458471747,3,1.9517630186457273,1,B,False,False,True,False,False,False
416.94381344867134,20,0,5.644286236775973,676.3696913960121,5,1.67338679031048,1,B,False,False,True,False,False,False
3.9236803637685016,4,0,17.543748479717866,830.358958913898,6,0.6871333309320004,0,B,False,True,False,False,False,False
32.064933484298955,12,0,4.329518501472925,2011.5366340198982,1,0.6671989232444375,1,B,False,False,True,False,False,False
72.0341564550423,12,0,15.535574012152537,270.98875777931124,1,0.7949902327046703,0,B,False,False,False,True,False,False
155.46126111403186,0,0,14.207380976008661,1031.7491982069253,1,1.123204022433846,1,B,False,False,False,False,False,True
33.6891549372058,1,0,13.415172971822045,1196.9937644904335,2,0.4492818487633292,0,B,False,True,False,False,False,False
38.066441176036065,17,0,11.417372563493497,1681.6749685452182,3,0.6787278123482036,0,B,False,False,False,False,False,True
66.46867171246299,3,0,4.773272504853713,1497.402134022719,3,0.5310056146578073,0,B,False,False,False,True,False,False
5.6197345126767955,13,0,3.366873353070117,854.0342102792931,4,2.4039525814552882,0,B,False,True,False,False,False,False
34.11300083714015,4,0,7.247260135092544,437.7235369476536,2,1.4073031827773577,0,B,True,False,False,False,False,False
32.2298609444455,15,0,53.02382844859254,1610.9125958087816,2,0.9298325823434562,0,B,True,False,False,False,False,False
84.22390620717891,19,0,23.234343291020444,2541.5817749177595,2,0.7023203300452509,0,B,True,False,False,False,False,False
92.41866809138321,2,1,7.276519162272096,669.9222052179448,4,0.6163335850574505,0,B,False,True,False,False,False,False
25.18888347714981,19,0,17.265051211548293,582.7479082915324,9,1.8275315093637186,0,B,False,False,False,True,False,False
53.61506872690964,13,1,4.9438118116973975,996.9671578060111,1,0.6901547485781665,0,B,False,False,False,True,False,False
59.173314245413465,4,0,3.6250844153590305,1734.7434460826653,7,1.8330638721787003,0,B,False,False,False,False,True,False
38.729278541506226,11,0,13.137921019977277,1031.0292126319532,1,0.16921903726438856,0,B,False,True,False,False,False,False
185.8675502567864,12,1,4.438980126433293,2581.5210342792966,4,1.533487874384328,0,B,False,False,False,False,False,True
43.91571483578032,15,0,11.860986392008668,1584.5595230107997,7,1.370673900281547,1,B,False,False,True,False,False,False
714.4043915651197,15,0,1.25477603943165,1256.9567321889385,3,0.9892325566323068,0,B,False,False,False,True,False,False
20.739565039700068,18,0,27.02186314348905,254.67757471224112,8,1.278456593854058,0,B,False,False,False,False,True,False
134.6564682083804,21,1,7.217923180275878,2534.8834523966007,1,0.7058713058437706,0,B,False,False,False,True,False,False
202.2469275553994,3,0,0.23465652856066585,163.31657021538166,4,1.652733029935306,0,B,True,False,False,False,False,False
14.224231431346453,12,0,47.6466544250425,208.97426271279096,4,2.0539780361310958,1,B,False,False,False,False,False,True
100.07770056369105,17,0,11.822631855625206,683.0313029203595,3,0.6500934834626643,1,B,False,False,True,False,False,False
287.7115102698988,12,0,37.1320042881154,2603.7907354087397,2,1.769302709565878,1,B,False,False,True,False,False,False
111.56255839734092,11,0,3.122243232768215,1194.5668363113532,2,1.0426594342726418,0,B,False,False,False,True,False,False
3.559775788382955,18,0,5.355341971957732,874.9564826073453,3,0.4565333412620029,0,B,False,False,True,False,False,False
148.09303688778613,16,0,7.247542137182548,1100.350413109829,3,1.6686478808140093,0,B,True,False,False,False,False,False
96.82285570907082,9,0,3.2607135336800255,2796.198289280193,2,0.7201825178321596,0,B,True,False,False,False,False,False
101.21395295493076,6,0,9.076629654646778,207.56189784560988,3,1.0415142992207824,1,B,False,False,True,False,False,False
39.49852697418822,20,1,4.957530149452951,1128.3295539810915,4,1.5932678680979246,0,B,False,False,False,False,False,True
16.993747405471307,13,0,2.0102444017025047,582.8302623655853,0,1.7394039677551738,0,B,True,False,False,False,False,False
395.4679002219122,6,0,1.274958999738901,710.88859462141,2,0.5052277441542865,0,B,False,False,False,True,False,False
244.4037889709566,20,1,4.476680371852719,2574.7822419247145,8,1.014420764889563,0,B,False,False,False,False,True,False
246.12012590216412,0,0,59.63211715143727,496.56051180830303,1,0.5606860201231773,0,B,True,False,False,False,False,False
41.36109908466361,13,0,4.4411235466948,594.9831963447922,6,0.668884753594181,0,B,False,False,False,False,True,False
73.97126487709323,2,0,29.012445398677084,1265.232407421084,6,1.5503211536607007,0,B,False,True,False,False,False,False
116.74137004945207,8,0,9.217481290558858,612.5219413285255,3,2.2462842893442643,0,B,False,False,False,False,False,True
73.05692908394289,10,1,4.362456282007412,3029.444442770486,2,0.5674244012178533,0,B,False,False,False,True,False,False
63.57810973283575,22,0,25.960513915614012,1774.3524400339923,5,0.5033311003716612,1,B,False,False,True,False,False,False
145.97785037443322,14,0,21.091626048569385,714.3493060297245,2,0.6496018292641054,1,B,False,False,False,False,False,True
23.048139778135283,22,0,14.41272004369438,3300.8281674838786,5,0.7286073317397387,0,B,False,False,False,True,False,False
336.7972124941362,4,0,5.063690353027306,2150.4999557996775,3,0.6743390319093312,0,B,False,False,False,True,False,False
58.15154667475573,18,0,21.54429974189995,2578.7489391575577,2,1.9887901171047515,0,B,False,False,False,False,False,True
21.364663855208224,3,0,0.29393426350852003,562.5638681650229,4,1.6857127195126842,0,B,True,False,False,False,False,False
19.409438956174842,19,0,4.924193658341592,2306.924420930546,2,3.0283576515705515,1,B,False,False,False,False,False,True
7.231032813674456,12,0,29.68393659890161,433.7133721791248,1,0.9489258328033092,0,B,False,False,False,False,False,True
105.14234188736341,5,0,3.9982926080961025,1756.7100150235976,7,1.452108235031164,0,B,False,True,False,False,False,False
21.99734515090688,21,0,14.898773683406986,406.54909505837253,4,0.5565527497836157,1,B,False,False,True,False,False,False
62.24157655717967,6,0,9.787870311517803,419.07735483516484,2,0.7551023885629179,1,B,False,False,False,False,False,True
73.15460316002539,15,0,8.406086623243311,970.8655473977726,4,0.728797450655053,0,B,False,True,False,False,False,False
2.175163458725387,7,0,17.385240340032613,980.2047886213404,4,1.1898300879172021,0,B,False,False,False,False,True,False
40.11307810019927,23,0,0.583386679770454,1120.5281179369656,4,1.064824915529157,0,B,True,False,False,False,False,False
620.2240342468971,8,0,10.333763836709196,1430.309209900462,5,0.3691722024651602,0,B,False,True,False,False,False,False
123.83530231177802,8,0,8.698355124980889,1228.3760818470953,6,1.4185506136252786,0,B,True,False,False,False,False,False
77.23409031638532,18,0,20.84225944394702,2964.0091472772233,4,1.2976193380239636,1,B,False,False,True,False,False,False
34.97296971612377,22,0,8.336878542757542,910.1272876613288,1,1.6327804148557157,0,B,False,False,False,False,True,False
1.7856206804092465,18,0,35.27000409387583,935.7450963423701,1,0.8703965638068482,1,B,False,False,False,False,False,True
61.58067848497898,20,1,73.67728435624203,420.8065815259692,2,1.1994652851293908,1,B,False,False,False,False,False,True
70.92472786322674,10,1,31.287573179649023,959.537693721736,0,1.2780683266772424,1,B,False,False,False,False,False,True
16.813506865444026,15,1,23.85510921033152,410.27485198010174,1,2.970068561149461,0,B,False,False,False,False,False,True
18.854087330969627,8,0,18.934781937891714,607.7102459490842,4,0.41156837562589915,0,B,False,False,False,False,True,False
28.73173842712186,14,0,12.342812986457183,632.9669699079334,6,1.7967322459202535,0,B,False,True,False,False,False,False
71.03526599451624,10,0,23.187065072720266,1132.4076782075056,0,1.40792928731585,0,B,True,False,False,False,False,False
7.577600886167945,7,1,13.852970509152339,2137.557214666854,3,1.219165735717541,0,B,True,False,False,False,False,False
5.353407694222592,2,0,49.014495102566364,510.54383561918286,0,0.9692127199213932,1,B,True,False,False,False,False,False
129.2621206213667,13,0,33.03698949917635,4098.820545037184,4,1.1759620478058896,0,B,False,True,False,False,False,False
28.78741060599939,5,0,12.8855510832364,1657.1636217285286,4,1.0927708826318945,0,B,False,False,False,True,False,False
247.62544738535516,4,0,8.29930962529509,575.1082538745732,1,1.1415309260349231,0,B,False,True,False,False,False,False
15.359185539092405,10,0,3.28996119540734,2857.4456787807985,2,0.6722966549882422,0,B,False,True,False,False,False,False
44.0724242674165,9,0,4.210451597021271,936.0499951494479,3,0.7837521859484574,0,B,True,False,False,False,False,False
210.73307661620723,19,0,3.7037767994103574,933.4119712152307,7,1.061576178228275,0,B,False,True,False,False,False,False
233.3710086644513,10,0,33.330371594393554,614.6408190274011,3,0.4976333808953355,0,B,False,True,False,False,False,False
58.979353032562436,5,0,37.29909371048535,1628.9280672101409,2,1.2749904850691953,0,B,True,False,False,False,False,False
13.402691525525114,7,0,5.787918406769594,549.7746214074891,4,0.9470710629157818,0,B,True,False,False,False,False,False
5.956344471090304,23,1,18.154995688177358,526.1331302675735,1,0.6495176464445487,0,B,False,True,False,False,False,False
48.50485293940938,13,0,1.9972059099415516,263.34122018517013,4,0.9132980851153238,0,B,False,False,False,False,True,False
161.2167389916223,12,0,12.363338843497504,2426.2712748666754,1,1.4027348162054194,1,B,False,False,True,False,False,False
21.145873008586015,2,0,5.337516831591069,772.2117474386835,3,1.0138258690835422,0,B,False,False,True,False,False,False
134.4071983252439,5,1,45.10985697172024,4421.872635526471,1,1.2841728801063006,0,B,False,False,False,True,False,False
7.645586608851621,16,1,2.193780101064634,1677.7775870840462,3,1.0691791907024617,0,B,False,True,False,False,False,False
56.44367584233836,0,0,2.176858373930697,2213.4182683796107,8,1.3721639687099751,1,B,False,False,False,False,False,True
148.96919455528652,10,0,22.128842385026946,2481.169598207582,4,1.67509877106187,0,B,False,False,True,False,False,False
173.58275807137997,0,0,5.6081544839447846,1247.8638530396524,5,0.4806241069470824,0,B,True,False,False,False,False,False
75.22618818800885,13,0,4.420921618564432,1598.83390430199,2,0.673749431098075,1,B,False,False,False,False,False,True
32.05184846615414,8,0,3.5272187184978745,2653.8724865347544,5,1.0580212570417395,0,B,False,False,False,True,False,False
24.06956851266476,9,0,4.374511767766561,1677.8788054631132,4,0.9172402879185134,0,B,False,False,False,False,False,True
7.431587279594886,11,0,67.80414642032252,618.0841257103646,2,0.7113369953177661,0,B,False,True,False,False,False,False
29.375789943860703,20,0,9.069982394980697,697.1012570473692,1,0.3165050931604909,0,B,False,True,False,False,False,False
322.147674683496,22,0,4.320387688184247,1264.9452581774158,4,1.941129525938434,0,B,False,False,False,False,True,False
42.877328559762475,3,0,0.9794633583334688,427.5440064068351,3,0.6294304613622719,0,B,False,True,False,False,False,False
59.65030111537218,17,0,1.9368326739921908,782.553773219882,7,1.5775301612419297,1,B,False,False,True,False,False,False
75.46259848393572,10,0,16.041028066519598,796.4055733183247,1,0.5834997806699552,0,B,False,True,False,False,False,False
35.28423595748379,21,0,4.5253398511004415,397.03303442372635,5,1.5452607212063627,0,B,False,True,False,False,False,False
153.5459047589193,15,0,12.175330543427227,1384.112448476249,7,0.44040827086144224,1,B,False,False,False,False,False,True
66.47298164213868,17,0,12.068080780015993,2222.9443494394854,2,0.7566746233041121,0,B,False,False,False,True,False,False
44.05229969012384,6,0,6.7403944106206275,1518.9606688966064,0,0.5340402744668684,0,B,False,True,False,False,False,False
22.614295178652146,19,0,18.74675077920797,231.32184027959653,6,2.6414738617857476,1,B,False,False,True,False,False,False
135.33074423658317,3,0,0.5077655148672683,563.5787500449912,5,0.7623683512076902,0,B,False,False,False,True,False,False
68.84801688561137,1,0,8.095237441049743,2393.1784447952523,4,0.7326323979165272,0,B,False,True,False,False,False,False
55.59636999548949,8,0,8.541397432966848,1779.3663369707574,6,0.5510561839258031,0,B,False,False,False,True,False,False
51.64523437293116,11,0,1.994871772949567,2313.223427911293,2,1.3550133750800286,0,B,False,False,True,False,False,False
94.51097892957486,18,0,0.2310810322762402,683.7616275200018,3,1.2125021348677827,1,B,False,False,False,False,False,True
16.647439264635253,21,0,11.458676818913652,1011.2312739780766,5,1.7210757028622021,1,B,False,False,False,False,False,True
15.71984586552896,8,1,5.2368317487339855,3880.4414596927445,4,1.3803075865823975,0,B,False,False,False,False,True,False
83.51481531584561,23,0,40.36187784158887,511.9504307916274,1,0.8445245787702333,1,B,False,False,True,False,False,False
141.3125026662528,22,1,18.346768701548964,1011.404342487907,3,0.4391600753449208,0,B,True,False,False,False,False,False
8.811591352747573,9,0,1.383641876433797,1289.274759072813,2,0.6681352550706142,0,B,False,True,False,False,False,False
119.18537693369807,8,1,15.982371582769332,837.8231417369864,6,1.152567813866105,0,B,True,False,False,False,False,False
257.28517636865024,4,0,31.222333254878958,838.0240880816167,1,2.1797422223636844,0,B,True,False,False,False,False,False
4.419673445114563,22,0,47.16075509882912,9023.875303521032,4,2.446269773540868,0,B,False,True,False,False,False,False
24.635427816283173,20,0,5.624566309035709,1318.7443807667842,4,0.5779888779798917,0,B,False,False,False,False,True,False
56.68912213052977,0,0,8.643053380043312,1776.6544097683864,1,0.9698241131543871,1,B,False,False,True,False,False,False
1013.1249940998551,15,1,15.546354841118932,3729.359873996472,2,1.0560091324051222,0,B,False,False,False,True,False,False
38.49289929092484,22,1,36.03334764794108,545.8283257689202,3,1.125773161996404,0,B,False,False,False,True,False,False
33.986082002679765,8,1,16.907395300478775,694.9541369647281,2,1.0900201094264015,0,B,True,False,False,False,False,False
78.81782190048706,4,0,7.273364091258785,324.766095922973,4,0.6385801227419224,0,B,False,False,False,False,False,True
19.394072410042593,3,0,1.4180380413668325,741.4508852526628,5,0.9507614330272345,0,B,False,False,False,True,False,False
54.511027321323056,4,0,2.335941569418736,1062.2135109011624,2,0.7838835467374801,0,B,False,False,False,True,False,False
45.50107100043575,3,0,11.905392653920428,1174.4745756893883,2,1.072406740926217,0,B,True,False,False,False,False,False
269.36573326154024,13,0,4.083937102789697,1361.9524830202706,4,1.990581375533097,0,B,True,False,False,False,False,False
53.17569290112267,7,0,8.956059169586284,1013.7349159292963,3,0.9879909755921429,1,B,False,False,True,False,False,False
955.3416955944815,12,0,7.847430220422439,1619.1873531461215,3,0.6697042038819604,0,B,True,False,False,False,False,False
11.1007984206173,20,0,12.677201164538948,1509.166434879658,3,2.1697234749610224,1,B,False,False,True,False,False,False
44.91775502204667,10,1,6.085041012163407,556.8688570933848,3,1.0399276252229508,0,B,False,False,False,False,True,False
57.423832846808914,20,0,9.259930294776497,1923.6311354390693,2,0.9820394367758308,0,B,True,False,False,False,False,False
60.21159091501919,20,1,13.08320679399894,2940.3340989538146,3,1.0909518972053722,0,B,True,False,False,False,False,False
10.341338338900838,22,0,13.524154802133703,3179.3158444681217,4,1.1735676693196762,1,B,False,False,True,False,False,False
79.6668862020668,13,0,9.46319487055927,1254.8986085871113,3,3.033417334385288,0,B,False,False,False,False,True,False
7.275912484598313,9,0,18.782175909828474,2386.1604630245197,5,3.3432859048675048,0,B,False,False,False,False,True,False
15.296797747611237,6,0,7.4199481739010205,3716.541352265597,4,1.2934346125273943,0,B,False,True,False,False,False,False
22.78236451665016,18,0,23.26672474123739,2004.530575872302,6,1.3739271040587624,0,B,False,False,False,True,False,False
112.976061499196,16,0,62.6094249017634,818.3406972254201,7,0.8836554725090797,1,B,False,False,True,False,False,False
124.07229351137647,23,0,21.36101039018888,1809.915375952607,2,0.5910035181535241,0,B,False,False,False,False,True,False
76.79350740703852,3,0,22.706006649769574,1394.934279087952,5,1.9923997288698838,0,B,False,False,False,True,False,False
31.411014049118613,19,0,30.865968509748363,3024.14452154363,2,0.3783706849587439,1,B,True,False,False,False,False,False
175.0857464132513,13,0,1.6387178812913157,1570.3149271292334,3,0.9841472413907424,0,B,False,False,True,False,False,False
33.99600681787115,22,0,12.353579174805702,1196.717875246801,5,1.7673546207836102,0,B,True,False,False,False,False,False
16.431698934522373,11,0,16.71557916405569,2456.2773702328113,4,1.2918306600799903,0,B,False,False,False,True,False,False
145.27136069918015,10,0,37.02355648035652,1763.0818288656164,3,1.6896500750080152,0,B,False,False,False,False,True,False
3.4285269193869214,22,0,26.88506275276299,4166.785760945731,1,0.7719834208995572,0,B,False,False,False,True,False,False
55.56094557435977,23,0,7.393779845234906,1272.4209283006962,5,0.9178990831101268,0,B,True,False,False,False,False,False
26.108551880204764,0,0,5.60893120669339,4604.788334247913,1,1.4167850590873141,1,B,False,False,False,False,False,True
112.5733095145969,8,0,5.268628121840586,1713.5790694480493,2,0.987384567485171,0,B,False,False,False,True,False,False
64.84337704034954,0,0,4.319310574444837,1695.554058779048,6,0.712272768396818,0,B,True,False,False,False,False,False
48.500023376705016,9,0,5.549127778155608,684.7507765543214,6,1.6717492180168967,1,B,False,False,False,False,False,True
11.398775609919738,10,0,19.87183668769177,486.4850077113844,2,1.2371605527417542,0,B,True,False,False,False,False,False
59.286057556660275,4,0,1.8413300168110975,4352.738837935179,3,0.5909581520315479,0,B,False,False,True,False,False,False
80.43990292162188,8,0,19.90061439139675,954.6687432543544,3,0.5711688023018912,0,B,True,False,False,False,False,False
34.51908458588986,2,0,3.241992079954518,2450.644810906646,2,1.027917998573932,0,B,False,False,False,False,True,False
51.401613696998155,1,0,14.674318071714898,379.7156018668381,3,0.7775313281068962,0,B,False,False,False,True,False,False
131.63096323209464,17,0,13.59513867145807,963.8278884678527,5,0.9131053868176506,0,B,False,False,False,True,False,False
26.80418283931803,13,0,13.470080575896203,2665.7398536709566,1,0.5950766554255442,0,B,True,False,False,False,False,False
9.54826984976116,22,0,5.5806747058317425,2339.6969228722055,3,1.5071985866968602,0,B,True,False,False,False,False,False
145.1337075091381,4,0,2.4367774169038063,1545.1508881284872,0,1.7824444607323873,0,B,False,False,False,True,False,False
98.19480180993132,23,0,23.54987776028157,718.4767924061522,4,0.5716293739557899,0,B,False,False,False,False,True,False
128.19145177604616,13,1,4.15184424134785,1393.8356663252832,4,0.5564127401955423,0,B,True,False,False,False,False,False
26.30100079435788,4,0,1.2429550815275938,843.3162501041635,4,1.9020902301658755,0,B,False,False,False,True,False,False
54.74862539844441,1,0,2.58968971431917,1165.4185623193985,2,1.6302450964562853,1,B,False,False,True,False,False,False
75.89335445441012,6,0,1.8177817797093505,816.0450215245238,2,0.6852747690943175,1,B,False,False,True,False,False,False
120.47531847455853,22,0,18.821028900787773,100.19189883081592,2,1.2796542382240308,0,B,False,False,True,False,False,False
88.77163630344222,17,1,20.50967960236066,402.0207638096938,0,1.0039321189658972,0,B,False,False,True,False,False,False
27.241324782697237,15,0,6.185628690060458,1919.879310591648,3,0.6884006423674107,0,B,False,True,False,False,False,False
58.31717298784091,21,0,21.708358393563113,1107.8678260501615,2,1.4114877716983312,0,B,False,True,False,False,False,False
12.731054342094064,4,0,27.342179516816255,2661.1836397283614,5,0.9218760908394401,1,B,False,False,True,False,False,False
66.03022235516703,19,0,9.726881074634214,468.21369051032605,3,1.1279213969768689,0,B,False,False,False,True,False,False
454.28283942218053,11,0,26.31418592258137,3138.93704664232,2,1.6866650995623502,1,B,False,False,True,False,False,False
6.252329919661775,12,0,10.516755367300295,1728.2793162045707,2,0.5745653406910596,0,B,False,True,False,False,False,False
41.4881148541275,7,0,24.85420788335036,310.617177629765,6,2.2887883392686716,0,B,False,True,False,False,False,False
41.23845430223642,13,0,8.727568946724032,1404.5527211712456,1,1.0179430967912833,0,B,False,False,False,False,True,False
65.57448058816412,23,0,0.9110725206282956,1720.2623120319001,1,1.4080676386203392,0,B,False,False,False,False,True,False
36.00643638881897,4,0,3.7328028434583085,1046.2351457700354,2,0.5312808914399494,0,B,False,False,False,True,False,False
12.735636083687295,3,0,5.4285109039837955,5092.189393077405,1,1.2912463193137358,0,B,False,False,False,False,True,False
81.24545539356296,8,0,8.711327533185354,964.1012531038854,2,0.48035331195513825,0,B,False,False,False,False,False,True
119.20066307102826,14,0,9.651365127847901,302.83443033699643,0,1.1648838340254761,1,B,False,False,False,False,False,True
264.44201995412084,13,0,55.70919720322868,1655.487786545241,1,1.0200607446040681,0,B,True,False,False,False,False,False
90.37581230121347,4,0,9.675016369113171,732.9812677219584,4,0.6011174540062376,0,B,False,False,False,False,True,False
174.95153072949304,14,0,6.967112228366292,1170.5402032987627,1,1.1416941361667954,1,B,False,False,False,False,False,True
19.076359245384012,3,0,6.710925992199059,902.7949403810401,3,0.6460865234659933,0,B,True,False,False,False,False,False
25.16489199306578,17,0,32.55880691642809,2034.32753262004,2,0.6469013271246893,0,B,False,True,False,False,False,False
5.447690572093812,21,0,7.290085576749408,403.38924444691764,2,1.1283576260418744,1,B,False,False,True,False,False,False
152.62595445446772,4,0,23.066405764623727,2418.0207627759414,5,0.7023126415793658,1,B,False,False,True,False,False,False
44.41403723273219,21,0,4.299244068260904,1491.9592455966604,3,2.3013683781653347,1,B,False,False,False,False,False,True
78.49732096765578,16,0,8.403571632253898,1961.516056617418,2,0.8786797286312161,0,B,False,True,False,False,False,False
142.99720065738367,21,0,12.795236992117921,158.34603904397207,5,0.8994220504421435,0,B,False,True,False,False,False,False
176.50907658333654,20,0,12.466926968832766,3849.652301112358,3,1.374030258616907,0,B,False,False,False,False,True,False
28.834071023919602,13,0,12.996509061975537,434.33538380125196,3,0.6994715037935976,0,B,True,False,False,False,False,False
24.02607786594732,22,0,20.282177361048145,2504.604036568848,1,0.920606223344974,0,B,True,False,False,False,False,False
32.37364445151667,16,0,10.703718963591873,359.42839517898886,3,1.0556509489758634,0,B,False,True,False,False,False,False
15.226379582418764,18,0,3.0366384457291917,709.4723365354266,3,2.6643556251509115,0,B,False,True,False,False,False,False
65.1131348365531,12,0,13.051029144556908,1477.4731110838907,3,1.0680709273164701,0,B,False,True,False,False,False,False
188.45715398033997,12,0,5.307317500217099,803.7082202778105,0,1.7642760042631898,0,B,True,False,False,False,False,False
5.9585347103684425,12,0,5.361568620455042,1011.9242578527866,0,1.8361522908813426,0,B,False,False,True,False,False,False
33.87406471688349,1,0,2.0648159014618996,306.9703793923096,5,0.39751360431146565,0,B,False,False,False,False,False,True
10.815367996528103,14,0,36.11576359486679,2655.5531806972863,4,0.4636831467628732,0,B,False,False,False,False,True,False
19.748198142497404,21,0,1.006228052272621,1137.958303775143,5,1.1906529368502026,0,B,False,False,False,False,True,False
31.043654889349675,0,0,0.5769254683742489,3812.575601790598,5,0.8018657511416067,0,B,False,False,False,False,True,False
246.01870865977403,14,0,19.358865992012507,3252.227573639169,2,1.1380953356020058,0,B,False,False,False,True,False,False
407.834742175277,15,1,18.303837601799856,566.1925706607648,2,0.6618668038211154,1,B,False,False,False,False,False,True
132.40658795110255,10,0,6.4739290804164416,1189.1633284663983,6,3.107956443050251,1,B,False,False,True,False,False,False
61.635250948776445,2,0,20.2392710725026,1632.9219078611584,3,1.1670638933044994,0,B,True,False,False,False,False,False
63.60835056095383,19,0,10.03394213440143,1251.1265414074708,1,1.6247966577953723,1,B,False,False,False,False,False,True
134.31832731189115,21,0,19.543469550253544,732.1986921211286,2,1.6072441167180886,0,B,False,False,False,False,True,False
141.91843097578516,20,0,11.836922595633379,1108.4123040760826,8,1.8392846509613445,1,B,False,False,True,False,False,False
115.32767757488756,13,0,19.776787183522018,505.90921410949005,5,1.3428773088756463,0,B,False,False,False,False,False,True
182.70458353885516,20,0,22.22027976431997,1775.1635275866788,2,0.6763330724978852,0,B,True,False,False,False,False,False
24.976484127431732,4,0,5.001984796654003,1652.1712891749655,2,1.991421422108148,0,B,False,True,False,False,False,False
44.20174429167973,16,1,7.297898714850381,374.7354077425329,3,2.0599323668994387,1,B,False,False,False,False,False,True
132.05763503675072,23,0,10.531097013789653,7697.3541563592335,4,1.1339251811958209,0,B,True,False,False,False,False,False
31.039546757385605,1,0,3.1708388393792597,1363.6818100063256,7,1.3336801814924382,0,B,False,True,False,False,False,False
809.7011101046145,21,0,52.76873305508351,668.918275842432,3,0.5423988347878093,1,B,False,False,False,False,True,False
122.42818899325106,6,0,38.68255887025592,655.7372455898992,2,1.5214683541907315,0,B,False,True,False,False,False,False
33.657959905670296,9,0,22.507265292967446,3464.324812672809,3,2.059283592470631,0,B,False,False,False,True,False,False
420.1462494528075,9,0,3.315082566038453,293.21153691774623,2,1.2499498673547615,1,B,False,False,True,False,False,False
139.33225477177268,19,0,9.052012577228911,1344.9489145938655,3,0.785268766968598,0,B,False,True,False,False,False,False
22.598510685183847,7,0,39.317880962696165,3438.1999037115834,2,0.5071049584262523,1,B,False,False,True,False,False,False
69.99916426294243,0,0,14.209452165872507,282.7246837549694,4,0.7902038348002502,0,B,True,False,False,False,False,False
20.79185287876839,15,0,7.302562621830116,585.9076446953667,4,0.5309461107559437,0,B,False,True,False,False,False,False
91.23899819211285,8,0,1.440848375238737,1086.7069627828378,2,3.0237980260285275,0,B,True,False,False,False,False,False
15.281857070138392,15,1,1.5827872817834696,1357.9085721738109,3,1.1456371087726038,0,B,False,False,False,False,True,False
64.19631935534127,19,0,17.01173491821259,2015.0187720428173,4,1.458725340574334,1,B,False,False,False,False,False,True
50.47542014400441,14,0,5.599268099940531,685.267742298025,4,0.363862328112901,0,B,True,False,False,False,False,False
94.24112961446781,8,0,10.299448350774085,1074.3636765255121,2,0.8670122240023608,0,B,False,True,False,False,False,False
112.89837222115565,11,0,20.888577216168397,6655.648267064748,2,0.572493874714972,0,B,False,False,False,False,True,False
111.99565100288851,1,0,3.0284128179468386,1625.3584772854722,2,1.7415377442159379,0,B,False,True,False,False,False,False
67.49931076300253,9,0,1.212259692053836,287.0011112458197,6,1.3749253578581524,0,B,False,False,False,True,False,False
16.243615546567586,23,0,7.089578347273685,662.2363460453392,0,0.25601563675842803,1,B,False,False,True,False,False,False
69.6022933296285,20,0,2.658808707138859,194.5380916639128,6,1.3605345498385153,0,B,False,True,False,False,False,False
37.65914513815719,22,0,10.711159968148971,1374.3998000807208,2,1.5197051439329694,0,B,False,False,False,False,True,False
370.1473162143516,15,0,12.070141546449838,543.4670936364581,5,0.6689199740682604,0,B,False,False,False,False,True,False
126.54549928845523,4,0,1.7576687888670144,380.7411563808184,0,0.8838354080548855,1,B,False,False,False,False,False,True
6.845137173350995,12,0,23.616833706812884,373.05819288568546,2,0.9945884565106694,1,B,False,False,True,False,False,False
72.8352938452557,21,0,0.35420079171547303,4502.938710576966,1,0.9586482268897539,0,B,True,False,False,False,False,False
1024.0239483070138,6,1,6.326986255269593,1566.8495824485958,5,0.9760338349192115,1,B,False,False,False,False,False,True
18.299440010415005,8,0,0.7188776941037409,442.2313302461933,4,1.377574085591607,1,B,False,False,True,False,False,False
108.2872326039587,21,0,18.418390655097873,770.5330070484267,1,1.1093374464522443,1,B,False,False,True,False,False,False
32.864535347183,16,0,31.619495603870945,1563.7908212230122,3,1.5449474213337402,1,B,False,True,False,False,False,False
380.3105866083278,16,0,6.419566395448569,738.2458602723535,4,1.8371699498136667,1,B,False,False,False,False,False,True
24.567498064887243,16,1,5.967158226198698,1573.089141664972,2,1.2772261102505051,1,B,False,False,False,False,False,True
47.34959440884764,4,0,17.777975904946135,1040.3207125449646,6,1.1363180519277505,0,B,False,False,False,False,False,True
115.42361590507565,5,0,30.781486671737998,1793.5780400870112,5,0.4015017996488608,0,B,False,False,False,False,True,False
11.039421406408719,5,0,32.7246870342755,1219.4739965050096,3,1.0046329390585622,0,B,False,False,False,True,False,False
44.91252648840294,8,0,13.165984585987122,783.2039441953385,3,1.033048739094037,0,B,False,True,False,False,False,False
103.7928566195729,9,0,13.521823306673419,1407.588352941429,2,3.1823010612270894,0,B,True,False,False,False,False,False
3.5505915745011705,16,1,14.48873111275388,590.0834593979127,0,1.2798968931437642,0,B,False,False,False,False,False,True
151.61472211116282,2,0,10.642496791123454,850.3189847481669,2,0.6407975280764564,0,B,False,False,True,False,False,False
14.0839646724764,19,0,11.354611770909111,1215.531844320354,2,1.8315206335455099,0,B,True,False,False,False,False,False
13.16302750992534,8,0,1.4920034555706052,876.6297625054809,4,1.573988843777064,0,B,True,False,False,False,False,False
251.41611573555738,0,1,60.80444634493026,2312.3585647772843,1,0.768964483740916,0,B,False,False,True,False,False,False
26.671530633292043,23,0,0.9582353624833364,2732.3389483492842,3,0.7470924738596383,0,B,False,True,False,False,False,False
6.570000035427287,18,1,9.819339880936711,387.5818772862056,1,0.7087614621314131,0,B,False,False,False,False,True,False
71.38004189731734,13,1,23.085077663546155,1636.0941841863057,1,0.43019974076237116,0,B,False,False,False,False,False,True
187.2377712340347,7,0,13.1227706664754,1795.0065863757493,5,2.1355735086235494,0,B,False,False,False,True,False,False
20.04342272857711,17,0,1.515871343928925,5140.998115431398,2,1.0267191636652253,0,B,False,False,False,False,True,False
78.7031573047844,5,0,12.159804268420421,6298.1649300804565,3,0.9985882295722617,0,B,False,True,False,False,False,False
55.0233409571831,1,0,35.36278422044386,1267.1873973460133,3,2.0734585402892334,0,B,False,False,False,False,False,True
15.46799160274705,6,0,14.592197613016932,1133.5386537797222,1,0.8830376656690148,0,B,False,True,False,False,False,False
19.148296233431584,5,0,22.665872409272595,1068.9031530779098,2,0.5990448248466345,0,B,False,True,False,False,False,False
115.74054782637432,10,0,9.312307216476011,723.3143070273554,3,1.8241865168607747,0,B,False,True,False,False,False,False
148.596908396512,22,0,5.611563619929686,1614.5086738262742,5,1.0520734304454462,0,B,False,True,False,False,False,False
61.24803305274998,9,0,3.349101805665952,385.66081025123026,5,0.8614136870486975,0,B,False,False,False,True,False,False
1.6304381132647248,21,0,28.378674911034587,1890.6223936777876,3,0.9175730288561562,0,B,False,True,False,False,False,False
555.1647675652439,10,0,18.388769458452625,1218.1071056525384,3,0.8325409512856158,1,B,False,False,True,False,False,False
420.258979513803,7,0,2.9383212826593454,2829.6759562484262,1,1.1087348441379834,0,B,False,True,False,False,False,False
134.87958390084583,12,0,12.03539100735233,651.5599537560927,2,0.6211647433304135,0,B,False,False,False,True,False,False
15.6087731271122,5,0,18.55241094507848,762.7103014026566,2,0.7836019483965825,0,B,False,True,False,False,False,False
12.203170697132999,9,0,12.591156016876651,4232.995874808674,5,2.4649802893889263,1,B,False,False,False,False,False,True
51.198257149397215,17,0,44.78176767712728,146.50540365158494,1,1.0055990731384339,0,B,False,False,False,False,True,False
26.016739901744373,14,0,3.06478808076712,4512.550581005076,5,1.0328116839503825,0,B,False,False,False,True,False,False
217.06904369874823,4,1,18.794530089060927,274.2224963384631,4,0.44251843667901203,0,B,True,False,False,False,False,False
181.64077683121732,10,0,14.377035845053237,3268.368138911605,2,0.6902686962362846,0,B,True,False,False,False,False,False
9.170000041573482,20,0,37.68567352391371,918.7506899970972,2,1.2528299147354012,1,B,False,False,False,False,False,True
224.39841113177,3,1,29.770382525986204,828.7117702277164,3,1.3682831295912197,0,B,False,False,False,True,False,False
41.40168961723034,12,0,15.681481438597393,3399.0259672323537,2,0.8737440521782511,0,B,False,False,False,False,True,False
24.199455342083727,14,0,8.589393138027866,1839.1698790079718,7,1.521389439978563,1,B,False,False,True,False,False,False
50.77287394969262,1,0,2.688456755018882,6004.890844221375,3,1.2931354634050631,0,B,False,False,False,False,True,False
12.932143406863748,6,0,24.358265829656453,13472.116120816918,3,1.239961573224951,0,B,False,False,True,False,False,False
239.83795795906644,5,0,26.097473274573733,504.7881558691714,4,0.8062677514000733,0,B,False,True,False,False,False,False
44.554471262736726,18,1,6.7436774504915045,1508.6416663550458,3,1.4825956640654223,1,B,False,False,False,False,False,True
201.55892980790975,14,0,3.8475461547965,1079.6687576996133,7,1.8220547078417881,0,B,False,False,False,True,False,False
198.0808904417334,22,0,40.25623901860079,1108.9090916484322,3,1.8785669727286625,0,B,False,False,True,False,False,False
28.070197567383985,23,0,9.491932225990084,598.5295037926247,1,1.2728186504598178,0,B,True,False,False,False,False,False
62.38702870046999,13,0,19.989168374717938,197.15561323751234,3,1.0443785836836632,0,B,False,False,False,True,False,False
22.333133993579544,15,0,14.580335646609052,952.9959432387358,1,1.6789444370546251,0,B,False,False,False,False,True,False
260.4944857098616,19,0,18.041215223793344,1614.8672202276487,1,0.8901483372827937,0,B,False,True,False,False,False,False
29.99008905532916,23,0,0.28081297962822,654.4077149467678,3,0.9393555110150353,0,B,False,False,False,False,True,False
120.89652811468282,21,0,14.762455400459142,3242.4187936959406,6,0.7353721768884839,1,B,False,False,True,False,False,False
181.03059963532036,20,0,11.966261380205049,3041.7375542834916,3,1.0819395277260277,1,B,False,False,False,False,False,True
389.6892836961298,23,0,21.005395432011653,924.4680485675549,1,0.6994534505988357,1,B,False,False,True,False,False,False
198.3023377851143,21,0,41.644146238048315,704.9880872323065,3,0.4197185782224178,1,B,False,False,True,False,False,False
39.029200056230344,9,1,26.572663719500483,4160.736187429244,7,1.6873352223806528,0,B,True,False,False,False,False,False
312.85045675008496,23,0,8.755711460626522,1539.6334057870936,2,3.2895450638725983,0,B,False,False,False,False,True,False
195.75235918987624,5,0,13.579536551957556,527.1826582519504,1,0.6234979999837684,0,B,False,False,True,False,False,False
9.918604002412534,14,0,4.088406099619283,1133.4402640394371,1,1.2987507604125288,1,B,False,False,False,False,False,True
203.97566102947422,3,0,0.0360435970836589,2449.0639268420955,5,0.7811199522772057,0,B,False,True,False,False,False,False
93.50858879559316,1,0,2.354876301353494,2808.334310622616,3,2.016661564563419,0,B,False,False,False,False,True,False
46.66986588004199,18,0,1.12472805477872,1287.6174519505992,4,0.26054947386453786,1,B,False,False,True,False,False,False
47.555876573794926,6,0,20.786465479124153,1153.5296327972371,5,2.3225887558836384,0,B,False,False,False,True,False,False
52.73569428160953,10,0,3.117291773484517,1868.384851352716,1,0.47545551759952204,0,B,False,True,False,False,False,False
35.346105520096984,21,0,1.7710990299298293,729.147757753024,5,0.7615528538641317,0,B,False,False,False,False,True,False
89.88630087680781,14,0,5.032903468685385,6422.734059029474,2,1.6804359153738595,0,B,False,False,False,False,False,True
198.75737567379272,21,1,40.686306618171905,716.2196913431221,1,1.3154493272105034,1,B,False,False,False,False,False,True
15.36400689117456,15,0,4.818752112532431,1008.9819862620402,2,0.8778997798886193,0,B,False,True,False,False,False,False
5.788961099585842,4,0,16.04536608333612,846.9975568094436,3,0.7798776271787475,1,B,False,False,False,False,False,True
57.776512854617714,8,1,26.899706703664478,2332.142201700258,1,0.8188563892543456,0,B,False,False,False,False,True,False
184.24805098217269,0,0,26.48428541074545,10397.46003626237,3,0.983686284925099,0,B,False,False,False,False,True,False
127.72374360680135,12,1,43.15959428580455,3355.810366212294,3,0.39131258494520177,0,B,True,False,False,False,False,False
31.138956592371798,2,0,6.751363791422869,788.422856093209,3,1.1131427933819809,0,B,False,False,False,False,True,False
40.81589400113758,4,0,10.040866972390072,1585.8310401521007,2,1.8292064727639308,0,B,True,False,False,False,False,False
5.591614498314913,22,0,4.068623795643054,1773.615485212749,0,0.8536734855163051,1,B,False,False,True,False,False,False
280.7719092662743,13,0,1.0065731473951933,1068.121405490757,3,0.4296145922668168,0,B,False,False,False,False,False,True
31.80987530518991,4,0,57.37156026551352,597.6994525625342,3,1.1877376169779492,1,B,False,False,True,False,False,False
64.36939761561025,19,0,30.222282690822766,3864.065597777983,7,0.5545015718663895,0,B,False,False,False,False,False,True
38.59101531605877,13,0,5.675705117473264,2834.957967580968,3,1.1024201844358148,0,B,True,False,False,False,False,False
19.643866516459806,20,0,23.402686818644852,4564.861982991919,5,0.6925914116822098,1,B,False,False,False,False,False,True
26.939014531422902,0,0,26.55361461247232,4602.441775855865,3,0.9687167679284913,0,B,False,False,False,False,False,True
30.97482205708567,10,0,4.217663784131898,7135.124343303986,3,0.9984108032147221,0,B,False,False,False,True,False,False
25.093657690858432,4,0,40.72074952174906,1803.3648047219347,2,0.7992321902533093,1,B,False,False,True,False,False,False
127.87582620390542,2,0,5.7954887377094595,1456.9614315969459,4,1.3797409949961568,0,B,False,True,False,False,False,False
132.4691728362268,9,0,12.588943795930389,1463.6129444280568,4,0.6815028838527372,1,B,False,False,True,False,False,False
40.68768369684883,21,0,23.96511697340766,1038.910745795666,4,0.6619715105486371,0,B,True,False,False,False,False,False
63.44776214450743,8,0,13.377308691995955,4173.055195825766,8,0.6706562089670222,0,B,False,False,False,False,False,True
325.2080116211356,14,0,4.506033167403717,526.6451417604511,2,0.4993036317760435,0,B,False,True,False,False,False,False
8.159829911035084,5,0,40.48530281728992,2286.0101192044913,1,0.433421260585936,0,B,False,True,False,False,False,False
345.5155107646508,21,0,0.05181034072216097,554.6102817137555,3,0.8290957638424049,0,B,False,True,False,False,False,False
375.9490733737167,5,0,11.1627699398873,319.99224921749595,1,1.1968412175862093,0,B,False,False,False,True,False,False
140.83498048109422,22,0,0.6867318298495985,341.38875602049853,2,0.7191397052274489,0,B,False,False,False,False,True,False
92.4409381514805,21,0,15.954025712077032,2670.555865627392,1,2.198046633603105,0,B,False,False,False,False,False,True
92.6416852797416,7,1,0.6499860318779195,285.6150454808794,2,0.9795028482956711,0,B,False,False,False,False,False,True
9.361212815760961,1,0,0.8753740022149306,617.2401878038446,4,0.9251021670609354,0,B,False,False,True,False,False,False
110.3791994569814,23,1,10.193331407370255,686.1666816825626,2,1.1226125847190196,0,B,False,True,False,False,False,False
205.12813516420866,3,0,17.46349157757608,286.54437855449623,7,1.479221542945824,0,B,False,False,False,True,False,False
12.2243619312243,1,0,8.196029676558984,394.23165157282483,2,0.7996433966505587,0,B,False,True,False,False,False,False
16.40731793315454,8,0,36.796613969230876,1349.6786517159512,1,1.4581147595099049,1,B,False,False,True,False,False,False
316.4295644615364,4,1,39.26723911375097,1265.9403332325955,6,0.775433279628651,0,B,False,False,False,False,True,False
41.17175984957654,18,0,8.932218153909773,1626.2528233690846,2,2.0364157144650807,1,B,False,False,False,False,False,True
163.23032587864964,18,1,13.82742139718827,3698.981428416304,3,3.0434598124477557,0,B,False,True,False,False,False,False
16.870533404342435,8,0,57.99712811347504,324.98925444502527,2,1.0474795754877255,0,B,False,False,False,False,False,True
121.7789443656355,4,0,25.86817650122938,7389.00926571012,3,0.6258666711355431,0,B,False,False,True,False,False,False
119.03042081275606,15,0,2.163583304607797,639.7198636445887,3,1.0818869921217409,0,B,True,False,False,False,False,False
4.547887981065113,6,0,1.1068924887214693,1037.832462368174,2,1.5253588071235933,0,B,False,False,False,False,True,False
137.70465514341083,1,0,12.636947907624315,750.1833644279955,6,1.9472895825089063,0,B,False,False,False,True,False,False
28.512662936036776,13,0,27.73723516799687,809.7089658874941,2,1.5110932582847643,0,B,False,False,False,False,True,False
81.64049488176445,21,0,21.232011339446224,254.28103878042975,3,1.1072901728955002,0,B,True,False,False,False,False,False
40.626439174099886,0,0,14.774817450353636,886.739594486992,5,1.2519224536460256,0,B,False,False,False,True,False,False
177.15316919350252,7,0,27.018124764883638,1411.0906679556635,4,1.7442385099930071,0,B,False,True,False,False,False,False
209.78919916176824,16,0,2.0919766524755103,1027.5501644992164,4,0.9110261043250154,0,B,True,False,False,False,False,False
301.75018158508345,18,0,9.546725420000946,711.9580234658234,2,1.0703359268377024,0,B,False,False,False,False,True,False
252.39969158881243,5,0,23.362195835798595,1505.5314457363359,2,1.2876787424377452,0,B,False,True,False,False,False,False
195.59420945520796,13,0,2.6136795507626656,897.583677319581,4,1.1645032469612329,0,B,False,False,False,False,True,False
46.53853838436357,7,0,7.012432895323825,3200.991773384586,4,2.1591056058659546,0,B,False,True,False,False,False,False
44.66200536109147,10,0,9.221196796770752,1540.728278210142,1,1.1346106543280625,1,B,False,False,True,False,False,False
30.84477850880061,13,0,1.1694880925077051,1744.0354562576797,3,0.642197870776312,0,B,False,False,True,False,False,False
22.28519464985383,9,0,0.34166963367035214,4641.405548416906,5,1.0063096678071959,0,B,False,False,False,True,False,False
8.386179992932224,16,0,10.627534454628712,1239.3182980221382,2,4.068506334195124,0,B,False,False,False,False,True,False
112.51682318129015,11,0,35.62374782227849,1153.4683328997432,5,0.3846327652289639,0,B,True,False,False,False,False,False
52.88655905850104,3,0,1.6242404342493795,1950.2040289438903,2,1.4661834847581616,0,B,False,False,False,False,True,False
68.02214056458934,18,0,2.0796870115123367,1308.8878861980925,3,0.7311600632326143,0,B,True,False,False,False,False,False
126.30237559875519,16,0,0.8902177609690052,441.6511046386518,2,1.4440227407046329,0,B,False,False,False,True,False,False
57.44640479408179,4,0,6.7449329646233505,1043.544030926187,3,2.34834307852025,0,B,True,False,False,False,False,False
35.20325672395368,23,0,7.512831279414401,674.247912997507,2,0.7621356487425519,0,B,False,True,False,False,False,False
43.328982085784126,13,0,61.40248843341954,1825.4892811168972,6,0.5888369866381107,0,B,False,False,False,False,True,False
26.811218721447077,6,0,25.963657658436517,415.7327139397023,7,1.0933934464404074,0,B,False,False,False,True,False,False
185.47025424804204,2,0,6.8240881230302275,1467.2092549685597,4,2.3157546710275505,0,B,False,False,False,True,False,False
10.862736421831176,4,0,7.188174661769309,148.74713081348605,1,0.9845810316632149,0,B,False,False,False,False,True,False
92.75352239500897,4,0,8.074008399447163,1011.7773328868598,2,4.7358009028743275,0,B,False,False,False,False,False,True
62.397023039266585,7,0,13.38679854494824,2386.286628802518,2,1.8538427207908306,0,B,True,False,False,False,False,False
10.681691847517913,21,0,31.369585309891036,815.9404058521328,2,0.46085223381975854,0,B,False,True,False,False,False,False
43.65813765159432,2,0,3.9112171858106772,2376.372540362815,5,1.2133270977795654,0,B,False,False,False,False,False,True
116.70313615133412,22,0,4.226741120849461,1091.3026450895427,2,2.1548359882843457,1,B,False,False,False,False,False,True
43.385067513765705,0,0,69.75786749733936,3501.6086797276735,1,0.5815890894746832,0,B,True,False,False,False,False,False
21.696731297512276,1,0,10.075567727690444,8770.729311902096,2,1.3698308276636826,0,B,False,True,False,False,False,False
58.197415993842284,6,0,17.302441608707788,4713.968425138698,3,0.9273114792485314,1,B,False,False,True,False,False,False
9.724809556126258,14,0,24.78006325902861,1008.603757159164,2,0.8245578940744688,0,B,False,False,False,False,True,False
27.837970154492965,13,0,10.079610939286173,1126.7000264405801,4,0.5202160583193967,0,B,True,False,False,False,False,False
13.8839477364044,12,0,0.24818358946506522,527.2880595244753,2,1.6220475358839022,0,B,False,False,False,True,False,False
73.4488359274351,11,1,20.77434206807692,2808.925624986482,1,1.110903082805005,0,B,False,False,False,False,True,False
198.9738069668994,17,0,13.12417131854116,3462.480245150672,3,1.1442211695050244,0,B,False,False,False,False,False,True
91.73736996449833,1,0,31.522376686860483,683.6117622489587,4,0.84301207190272,0,B,True,False,False,False,False,False
423.96410106422735,6,0,24.19018391600382,1525.9515064188988,4,1.0777287715692938,1,B,False,False,True,False,False,False
193.15605250295616,9,0,7.5367867271420605,507.0936531266211,3,0.5993560863565175,0,B,False,False,True,False,False,False
19.04942172508087,19,0,0.6530761906107838,249.64152616117485,3,1.273605412516975,0,B,False,False,False,False,True,False
42.95674927355427,22,0,11.969880737231794,4006.684455058673,4,1.0423365286815227,0,B,True,False,False,False,False,False
88.26204570058569,9,0,59.568993905118454,337.85579557312167,1,1.517978440193412,1,B,False,False,False,False,False,True
22.73878995448619,5,0,2.821053795567555,3157.4482291638437,6,1.600958042698862,0,B,False,True,False,False,False,False
96.27126668943906,3,0,10.615627696211344,792.7930770662256,4,1.7967191143354577,0,B,False,False,False,True,False,False
89.34661427288408,7,1,1.9149040422513015,910.4019211068567,5,1.7904464725303553,1,B,False,False,True,False,False,False
77.54180826764707,12,0,42.003805552964835,1631.7497889098952,3,0.9364935184008284,0,B,False,False,False,True,False,False
49.26890875636319,4,1,26.343992311719923,1185.8993203051116,1,0.7612790046152147,1,B,False,False,False,False,False,True
16.51693729194947,7,1,11.556775667374318,1819.1772055096326,3,1.56454968342583,0,B,False,False,False,False,True,False
89.00955127116448,7,0,15.271867587099056,423.8653812525744,6,0.8535116068830935,1,B,False,False,False,False,False,True
59.88705227983626,8,0,15.572310703541183,1053.7942121236656,1,1.768067464161424,0,B,False,False,True,False,False,False
22.399779539074185,13,0,46.134969191340886,1246.0338047808004,4,0.5450748453054387,0,B,False,False,False,False,True,False
58.58404055001518,10,0,53.053273209630895,985.4087835565816,1,0.6801920884152988,0,B,False,False,False,True,False,False
35.52799723147615,22,0,16.41519417795828,798.1510533488606,2,1.2335848556593296,0,B,False,False,True,False,False,False
99.00684070437721,9,0,5.222323501981407,2845.2650324155275,2,2.570229083872558,0,B,False,False,False,False,True,False
99.87748842951726,6,0,15.302719905818819,1372.7121214616516,1,0.7628164775837374,0,B,False,False,False,False,True,False
29.03055342304108,12,0,12.177935173325102,685.5560505451366,4,1.4883973104247794,0,B,False,False,False,True,False,False
51.48416130932498,21,1,23.339851636423106,590.0175822055879,6,1.0292482540698968,0,B,True,False,False,False,False,False
30.783563091607345,8,0,29.83560921604904,197.80841355724175,1,1.0200699040673045,1,B,False,False,False,False,False,True
308.81529721918884,7,1,15.22674920077495,866.7122372153021,7,0.9997209501549035,0,B,True,False,False,False,False,False
36.74067177664306,16,0,10.911693744221973,1129.2160592713221,4,1.6879823687385584,0,B,True,False,False,False,False,False
77.64525179869179,23,0,29.166843646805468,277.764524236908,2,0.9007037397576148,0,B,True,False,False,False,False,False
478.1451903397791,13,0,8.867415645918047,1447.466784400725,8,1.0744933892520627,0,B,True,False,False,False,False,False
2.659976431800954,17,1,9.72710738889934,616.543057244898,4,1.8602030538658505,1,B,False,False,False,False,False,True
118.2777819224454,8,0,0.25937492590074707,497.1209062326429,3,1.4811371188294944,0,B,True,False,False,False,False,False
101.04420601557041,21,0,1.1188414642142654,599.9098399369037,3,1.5295508406547786,0,B,False,False,False,False,False,True
26.16293192050132,20,0,8.420841383896432,802.4677777130424,3,1.2208831687844672,1,B,False,False,True,False,False,False
10.468541755840473,22,0,0.11460925807036963,244.41480738088921,1,0.7315021703538425,0,B,False,False,False,False,True,False
31.998489432420847,14,1,3.4121487583400762,1435.6133601464735,4,0.7763601656004008,0,B,False,True,False,False,False,False
39.477776587958026,15,0,17.07225759316929,1914.324333059475,3,2.2826418518763916,0,B,False,True,False,False,False,False
81.46948876022502,19,0,14.867472747700532,1672.0876619185863,1,0.9199703754886726,0,B,False,False,False,True,False,False
10.498621810916289,8,0,12.549695669373072,498.5856814694585,4,0.5531691386939965,0,B,False,False,False,False,True,False
17.09215838662956,9,0,26.155146485068663,759.8805769586519,3,1.3018811705745077,1,B,False,False,True,False,False,False
30.940229876598742,13,0,6.726350765005791,543.7276118844925,3,1.187180992291965,0,B,False,False,False,False,True,False
619.1270673134298,11,0,16.176769695349893,6231.2551786581525,2,0.4831824994531798,0,B,False,False,False,True,False,False
34.76939458425539,7,0,15.515399620955783,685.1843416293474,4,0.5550291579980692,0,B,False,True,False,False,False,False
20.821108508110118,16,0,16.147158936509964,7947.670555975852,3,0.7724536536296067,1,B,False,False,True,False,False,False
141.35452803753375,16,0,16.8087172755836,539.4658351587827,5,0.5556626050044954,0,B,True,False,False,False,False,False
7.734078597465394,18,0,24.31950862302296,1240.6853406563998,4,0.6913275997231367,0,B,True,False,False,False,False,False
19.173274047219934,23,0,14.058541620907345,1151.5368002036387,3,0.5541353652857018,0,B,False,True,False,False,False,False
5.052869010732883,23,0,31.33201845343923,1109.6390956950897,5,3.208916221798868,1,B,False,False,False,False,False,True
48.89996341436263,17,0,8.37017962091591,2277.1479880609068,6,2.005981456882594,0,B,False,False,False,True,False,False
27.281765901631406,12,0,54.43322114431107,791.9257679988023,4,0.9198253771509078,1,B,False,True,False,False,False,False
268.92023555905666,16,1,0.5129157262196041,3984.2124090875996,0,0.8783305688288333,1,B,False,False,True,False,False,False
69.44980485511863,3,0,2.159473015203681,646.5276634712536,1,1.2420372882695951,0,B,False,False,False,False,True,False
50.57619194625673,17,0,1.3113554683371293,575.2960169281536,3,0.9590795304126173,0,B,False,False,False,True,False,False
16.399558889782814,20,0,8.651175072441546,499.9918390276552,3,1.3771461724169713,0,B,False,True,False,False,False,False
39.89028483658683,22,1,13.29673257145355,512.8556623780086,2,0.8306450859895815,0,B,False,False,False,False,False,True
164.6868559878704,9,1,8.76572827304474,2207.7633917440967,1,1.2852794326406536,0,B,False,True,False,False,False,False
17.34973404227329,9,1,3.538525231781154,1320.6612299047904,3,0.9498565237875817,0,B,True,False,False,False,False,False
154.48710408524374,4,0,3.9603088219807088,1985.1494672658334,1,0.5458407603633232,1,B,False,False,True,False,False,False
13.84126486547914,0,0,24.69023925792084,290.7016103538979,4,1.4095809460671402,1,B,False,False,False,False,False,True
41.95993930867093,13,1,0.8236548651022947,2004.3560581174822,3,1.103064873409192,0,B,True,False,False,False,False,False
129.99775559271123,9,0,71.52896560998255,5149.466518939621,3,1.0626921049731923,1,B,False,False,False,False,False,True
114.22013237893648,4,0,19.132606170132476,1065.3735300343071,2,1.1437092146332977,0,B,False,False,False,True,False,False
19.174323374779817,21,1,38.111486353099195,528.7230959943541,4,0.5465880928607119,1,B,False,False,True,False,False,False
27.018667013442357,8,0,3.0284958626860106,655.9385446820072,2,2.1631470842290814,0,B,False,False,True,False,False,False
49.57911757319025,16,0,12.287726130641186,514.4584389624353,4,2.1667110474060687,1,B,False,False,False,False,False,True
445.64172628272433,18,0,11.29220126943124,510.1859494780879,2,0.7421053006037805,0,B,False,False,False,False,True,False
422.8008167478042,4,1,14.545830960394941,3765.8660384394293,2,1.3232329569637185,0,B,False,False,False,False,True,False
214.79356757304575,0,0,22.554641324480073,8305.012594004134,4,1.2255244273259267,0,B,False,False,False,True,False,False
157.2540015044148,6,1,18.76332827698767,880.9778426847018,3,0.6757002487098831,0,B,False,False,False,True,False,False
10.733559536351942,0,0,7.48759731293797,1022.0599026673502,2,1.9123438108817439,0,B,False,False,False,True,False,False
236.26090892179934,9,0,30.522498591722865,883.8848708846825,2,2.563709995361546,0,B,False,False,False,True,False,False
14.982947875761118,2,0,0.21527909181107002,306.1194633941364,4,0.7498956198452292,1,B,False,False,False,False,False,True
16.89541363525583,16,0,4.380082289719203,741.2596421212318,1,1.02176925088077,0,B,False,False,False,True,False,False
81.87259071913789,22,0,10.99280594010911,988.9763980466896,2,0.9190853608295412,0,B,True,False,False,False,False,False
55.19357674483898,9,0,29.399967001277673,166.5603175647664,2,1.8412796306576613,0,B,False,False,False,False,True,False
53.375817011719995,8,0,7.63515512137538,296.31420569258665,2,2.031724221721156,0,B,False,True,False,False,False,False
12.071677025406961,8,0,22.44392985874132,1905.0879314526605,3,0.4950512655005686,0,B,True,False,False,False,False,False
34.63537517281497,10,0,4.62039305102353,2038.627538913832,6,0.3964872590872754,0,B,True,False,False,False,False,False
11.652704184275128,12,0,52.27337879681811,1541.3636433971224,2,0.998964525583224,0,B,False,False,False,False,True,False
214.06453577600226,8,0,0.23363869933412074,791.3854765670586,5,1.286768021183433,0,B,False,False,False,True,False,False
5.286688038398528,20,0,2.91902423300845,620.0719233055335,3,0.8356838223003676,0,B,False,False,False,False,False,True
110.51179796057606,11,0,0.33231879872969655,597.535082740218,0,1.0924059917016007,1,B,False,False,True,False,False,False
34.182819677353514,6,0,0.2593065951655496,865.6124941865534,3,1.1052932085968459,0,B,False,True,False,False,False,False
10.645769664912104,21,0,35.42258840142608,390.551465329657,2,0.8406855877177842,0,B,False,True,False,False,False,False
106.76481608683233,21,0,4.842370492321965,1631.6126035226976,4,1.2478299062399092,0,B,True,False,False,False,False,False
130.93949041133888,2,0,4.003835104512725,2216.596926574557,3,1.006390934619766,0,B,False,False,False,True,False,False
38.75855094166914,11,0,4.661652100546973,3020.8987826565008,3,1.076489101055512,0,B,False,False,False,True,False,False
295.54071862238675,12,0,24.354490336101183,3654.5996879893783,2,0.9677984778438857,0,B,False,True,False,False,False,False
23.47332649955769,21,0,5.604830948589511,109.12783138395505,0,1.9904002585478295,0,B,True,False,False,False,False,False
254.28274220964633,9,0,13.48792964415912,3070.7532156646002,0,1.2259473667680112,1,B,False,False,False,False,False,True
224.5618093673903,5,0,29.31654177301025,1406.9685472271578,2,0.8337007159858116,0,B,False,True,False,False,False,False
6.8548755306459235,20,0,5.757898409732784,497.20234747430084,1,1.2691981454686827,0,B,True,False,False,False,False,False
907.1738226284516,19,0,2.363978657018567,645.5811971356217,4,0.9952854803112259,0,B,False,False,False,False,False,True
70.25395810167535,4,0,1.047933832764383,795.3878650698382,1,1.3455686719803641,0,B,False,False,False,False,True,False
99.45844129749237,22,1,12.42855099943299,457.97240962844336,2,1.4461200160461514,0,B,False,False,False,True,False,False
11.369533492238645,12,0,13.96450358738908,841.5141649091462,2,1.4575434038089672,0,B,True,False,False,False,False,False
492.55393571818485,19,0,30.724413388602557,804.9320004626163,5,2.130622005918222,0,B,False,False,False,False,False,True
50.05324194819978,19,0,9.623811521450993,312.2810206254909,2,1.1338478018006841,0,B,False,True,False,False,False,False
26.938214913419447,8,0,30.287351588063117,1376.4427365976073,1,1.5100592127026833,1,B,False,False,False,False,True,False
69.1571704872992,8,0,10.838202294956725,2940.135469279579,3,1.0037958499351818,0,B,False,True,False,False,False,False
40.41983741366919,6,0,13.381944109653425,898.6656757837598,2,1.0874732721438507,0,B,True,False,False,False,False,False
103.5020691057388,6,0,11.569576925277069,1235.067925344966,4,1.0727092701434016,0,B,False,False,False,False,True,False
15.273472279815012,0,0,5.359018592227227,743.1715842051036,6,0.8922300100878603,1,B,False,False,True,False,False,False
237.41548332338726,17,0,27.835983171217652,1723.4143310399277,3,0.9414379353287224,0,B,False,False,False,False,True,False
292.3278992778889,11,0,32.352233750863796,2283.112320757695,3,0.7859951788662407,0,B,True,False,False,False,False,False
84.55342232325764,13,0,28.300093258738077,837.8915973416283,3,1.6343601816133577,0,B,False,False,False,False,False,True
113.64170735934529,14,0,1.7029113504222937,845.9297137069756,6,0.937969008082906,1,B,False,False,True,False,False,False
12.81932717932843,2,1,16.47168672908426,2089.376894751962,5,1.3872272131584542,0,B,True,False,False,False,False,False
14.158145072549178,2,0,8.807230570422686,960.7508991025918,4,1.0460526878025105,0,B,False,False,False,False,True,False
51.388488938489175,18,0,1.543051313756959,222.60292166708356,1,0.6699789016141965,0,B,False,False,False,False,True,False
17.27688784086821,8,0,0.9570138806512729,918.5100015732293,3,0.6223486658491978,1,B,False,False,False,False,False,True
1.5668498100675818,17,0,17.95220443242254,1068.533049120995,2,1.982380935089723,0,B,False,False,False,True,False,False
97.38804795264147,0,0,7.603440705892021,633.7952307164223,4,0.6693911348919225,0,B,False,False,False,True,False,False
383.95711802321074,16,1,7.222428159671612,1049.7620984073396,5,0.5948082361300652,0,B,True,False,False,False,False,False
102.72033873969767,21,0,3.594331417569582,2593.185585914964,2,1.3746067809064888,0,B,True,False,False,False,False,False
