amount,hour_of_day,is_international,distance_from_home,avg_monthly_spend,num_txns_last_24h,ratio_to_avg_amount,is_fraud,bank_id,cat_entertainment,cat_food,cat_gas,cat_online,cat_retail,cat_travel
99.09281969984117,17,0,41.40126277450018,781.370694173087,1,1.5996702415066157,0,A,False,False,False,False,True,False
46.25098858748697,22,0,4.063245093421902,1382.226797893282,5,0.37727640091728626,1,A,True,False,False,False,False,False
118.77444159821053,12,1,3.1507531624345404,1679.774161573748,3,0.5651529395955752,0,A,False,False,False,True,False,False
339.5549629431532,16,0,14.113035632693492,398.90611442800383,1,0.8953328283034309,0,A,False,False,True,False,False,False
41.223807868001316,3,0,13.553468663516048,1226.338288958887,1,0.9903168641262374,0,A,True,False,False,False,False,False
41.2246200398026,13,0,10.703258834783682,126.72468232302528,3,2.1406404692617484,0,A,False,False,False,True,False,False
363.2369508989553,19,0,0.06544041330764656,1010.404014605466,4,1.0240329651905609,0,A,False,False,False,False,False,True
137.1289432764146,12,0,12.153247324038357,1743.4126820026722,2,0.9813948605578657,0,A,False,False,True,False,False,False
31.082057917775252,2,0,40.500796744356165,1435.8844756435396,7,1.0995704063991765,1,A,False,False,False,True,False,False
104.69716627282035,17,0,6.110000788831536,2079.750700869493,4,1.7681606977769861,0,A,True,False,False,False,False,False
31.308786237734484,13,1,51.44357938455987,1451.515965633861,1,0.6984553168310164,1,A,False,False,False,False,False,True
31.222041249947203,14,0,6.618483170876844,710.6146348939845,4,0.44013675126174145,0,A,False,False,False,True,False,False
72.99235618557107,2,0,2.2598058138842556,320.0985067178356,4,1.0486284738118783,1,A,False,False,False,True,False,False
5.496237165709297,0,1,7.622522741561404,1200.5348632505654,4,1.0433670384891394,1,A,True,False,False,False,False,False
6.890189587564418,23,0,10.236412025660876,1608.477943334183,4,0.9138905349214215,0,A,False,False,True,False,False,False
27.80608731552285,16,0,14.892086699351527,268.79744108799423,2,2.271509502465809,0,A,False,False,False,False,False,True
16.19338224849221,2,0,10.544271140574768,1514.921375289404,3,1.526716368735964,0,A,False,False,False,False,True,False
79.60658369086617,13,0,11.541310399429953,1176.373249097594,2,0.3862438457032708,0,A,False,True,False,False,False,False
18.36361221127824,2,0,0.3654207265485374,819.1382144763047,3,0.7779971596030307,0,A,False,False,True,False,False,False
10.026539809923282,12,0,4.3878097754669225,1559.015347007707,1,1.2823330830018005,0,A,False,False,False,False,False,True
316.9609317863122,14,0,5.581107609256716,879.8039083729834,3,1.2338069770457296,0,A,False,False,False,True,False,False
41.64029962875137,17,1,65.24459738711175,835.8306659686704,0,1.7374437899513804,1,A,False,False,False,False,False,True
59.206648754477484,13,0,5.2554465512828825,396.6158199884195,1,2.128239895844263,0,A,False,True,False,False,False,False
9.877922106601407,20,0,34.034186715024134,1515.9231113763144,3,1.222799501768475,0,A,True,False,False,False,False,False
28.40998678093474,2,0,5.451959068021464,385.7296076949801,3,1.35702141668078,0,A,False,True,False,False,False,False
62.37141688248189,18,0,1.5157196047746155,634.4258630152589,2,0.502066165832086,0,A,False,False,False,False,True,False
13.7193563384931,7,0,4.267654598570592,1579.135051396003,3,0.7111027529198444,0,A,False,False,False,False,True,False
85.69869706233361,3,0,4.7788915506173595,959.1159631746755,4,0.758653207547503,0,A,False,True,False,False,False,False
26.555412089611103,3,0,57.421153121321275,4303.839495584814,2,0.4917796080751844,1,A,False,False,True,False,False,False
38.47341565224877,18,0,16.826287297459857,1762.1428020917044,2,1.4614902875417144,0,A,False,False,True,False,False,False
26.521402945294867,10,0,40.25350953771628,2000.3337534399589,4,1.063915233601679,0,A,False,False,False,True,False,False
504.079413138774,0,0,27.026694556214846,2171.451329742026,6,2.5015783171413166,1,A,False,False,False,False,True,False
53.720964747848015,7,1,12.962537939007511,904.112178942657,1,1.3871276307227178,1,A,False,False,False,True,False,False
15.344343204802275,14,0,16.876866339586545,716.6096895407788,3,1.176922039872165,0,A,False,False,False,False,True,False
146.50417033812855,0,0,14.705927956255737,415.26822828406955,2,2.1828830424520693,0,A,False,True,False,False,False,False
12.616274658028534,6,0,16.46103149726227,342.79443114274784,2,0.6973069987491594,0,A,False,False,True,False,False,False
70.1500355981342,20,0,4.613653318353788,2746.0106237542905,3,0.40292305746026585,0,A,False,False,True,False,False,False
5.198633753450879,19,0,7.866900626884418,666.6285432673305,2,1.5997110799598453,0,A,False,True,False,False,False,False
11.09147440215336,19,0,13.46997880401917,2242.017228057415,5,1.2308407305029287,1,A,False,False,False,True,False,False
69.14691770275763,23,0,0.5488467112673396,337.81554296918125,2,0.9352380411942831,1,A,False,False,False,True,False,False
132.44399753862692,10,0,9.890896737047981,947.549407401304,0,0.7866689329621464,0,A,False,False,False,False,False,True
67.06363450839322,13,0,29.462464205267654,3023.4760686351865,3,0.6954340626771742,0,A,False,False,False,False,True,False
47.523392387591564,21,0,10.169969500887468,1356.770680638159,2,0.995891786151713,0,A,False,False,False,True,False,False
38.04141996900172,15,0,12.05526168342637,1385.7596738435502,5,1.1106725506680704,1,A,False,True,False,False,False,False
9.260644174868329,13,0,3.38291688003695,686.0577380193351,2,1.4186987850428532,0,A,False,False,False,True,False,False
23.015938401834624,11,0,23.72320828633239,532.6376054131953,3,0.4881144057400802,0,A,False,False,True,False,False,False
31.413366116716254,16,1,6.668039427442144,1057.8877163155873,2,1.7414620925517348,1,A,False,False,False,False,True,False
194.13361739881734,13,0,47.05513639208193,445.6178370239908,6,0.9057123781905564,0,A,True,False,False,False,False,False
82.46236005574482,9,0,76.04338394670978,1006.2981738132661,4,1.0322653728353761,0,A,False,False,False,False,False,True
6.582086639723005,23,1,37.154174094510104,2404.240218229354,7,0.6900588438418266,1,A,False,False,False,False,True,False
80.55182477223838,13,0,1.3304477648935082,397.96299229936346,0,1.261119565450843,0,A,False,False,True,False,False,False
34.3946580645791,17,0,6.078598000814258,1833.0618193519988,3,2.5069241016171793,0,A,False,False,True,False,False,False
24.232473156419946,21,0,43.54391529804957,2432.628902036544,1,1.4838418003563296,0,A,False,False,True,False,False,False
113.75096560259378,8,0,24.48547830255156,890.5265386919666,2,0.8015567442780291,0,A,False,False,True,False,False,False
188.14245720936037,16,0,36.31775761442786,1126.2971528042353,4,0.41614889179352943,0,A,False,True,False,False,False,False
166.92358668464297,5,1,12.748881418757176,747.2597516906433,2,0.7363364210163659,0,A,False,False,False,False,False,True
19.944211924306437,7,0,9.820370287875678,855.7398193597046,9,0.7604346242302839,0,A,True,False,False,False,False,False
37.67305618840236,12,0,1.6890723360594846,2110.111776447583,3,1.2306058408195488,0,A,False,False,True,False,False,False
81.24880534733028,17,0,27.439260685962772,1958.624447912109,2,0.7199586723367832,0,A,False,False,True,False,False,False
176.02995026958692,4,0,20.505704696838592,1502.2928294443564,6,0.6756811335514432,0,A,False,False,False,True,False,False
30.72236572481256,5,0,0.9102152116548874,1783.505246562424,1,0.8366577474011542,1,A,False,False,False,False,False,True
43.69393162329185,20,0,3.5247237317459215,1286.9398796346002,4,0.9760793250354711,0,A,False,False,False,False,True,False
14.474638241466018,18,0,12.22218388593485,410.9632957490862,3,0.8505170276687168,0,A,False,False,False,False,False,True
12.994836043245911,3,0,17.299309517161014,2568.80979867283,4,0.8158575084511461,0,A,False,False,False,False,False,True
144.7533105311418,6,0,2.2217633610444367,536.5749205900225,5,0.5069158628010133,1,A,True,False,False,False,False,False
277.9630063868281,3,0,4.212082921812666,1012.2063695946541,3,1.2496256875445793,0,A,False,False,False,False,False,True
50.07830368450231,10,0,3.2185228453572963,2170.2562945856785,6,0.5961220465601583,1,A,True,False,False,False,False,False
182.0423727834384,11,0,3.7268656332417094,357.45629358916676,3,1.578198198115771,0,A,False,False,True,False,False,False
84.26471645963721,13,1,38.02023985060813,1807.3718846453685,6,1.742335292412353,1,A,False,False,True,False,False,False
25.175122246804545,12,0,18.872189045113707,422.55027904810316,4,0.5396348020264036,0,A,False,True,False,False,False,False
84.24040930499022,9,0,20.040121487278125,1764.8008887844446,3,2.3776279185649996,0,A,True,False,False,False,False,False
345.72507550926656,17,0,23.697845215217264,2870.1924679255512,5,1.7334818566416663,0,A,True,False,False,False,False,False
52.30064758246174,15,0,6.614201501563459,607.8798868283553,2,1.0867594803977152,0,A,False,False,False,False,True,False
356.94167282069765,4,0,21.862642139368326,547.8063633972973,2,0.6102525385031299,0,A,False,False,False,True,False,False
2.3544469875950256,7,0,57.53523396272405,1165.4112273012752,3,0.27802088497216165,0,A,False,False,False,False,False,True
146.3912753650361,13,0,17.979518468777623,534.212934468078,3,1.0020545979581668,0,A,False,False,False,False,True,False
60.60979307312275,4,1,8.087170563236645,192.1382492420957,1,1.0661252098842284,1,A,True,False,False,False,False,False
38.13723797332287,23,1,18.900730425752002,1074.6556760601304,3,1.5587499383760817,1,A,False,False,False,False,True,False
60.95360078339765,7,0,34.6584576202335,1433.8163500634753,4,0.37483137280214623,0,A,False,True,False,False,False,False
5.027472146793341,5,0,2.0675934982730064,843.2183451844404,2,1.6389621853989194,0,A,False,False,False,True,False,False
41.946447056016595,15,1,4.624286689826421,1200.470467511614,2,1.75740026574401,1,A,True,False,False,False,False,False
83.80855460033588,3,0,37.75454710162498,2537.929639988019,3,1.237929665508935,0,A,True,False,False,False,False,False
321.65284849123617,11,0,43.84640296954161,823.6164723654839,4,0.5088508921456785,0,A,False,False,False,False,False,True
29.314308398577648,10,0,9.928772640807308,914.7909958054248,2,0.8911910679375066,0,A,False,False,False,True,False,False
20.693252408514105,2,0,7.039281429882104,1079.4539139922363,3,0.5618781502744705,0,A,False,True,False,False,False,False
29.90098872867448,11,0,4.985627533819166,853.0543691000142,2,0.5188100962605621,0,A,False,False,True,False,False,False
163.7731995698319,4,1,10.35980062292673,853.2306149356243,4,0.5578981667379523,1,A,False,False,False,False,True,False
81.00422644071419,5,1,40.89271269424373,4302.222604963204,3,1.1159203485136073,0,A,False,False,False,False,False,True
28.912896911269087,18,0,2.4344248025830395,1212.6780102711439,6,0.6602690040894579,1,A,True,False,False,False,False,False
101.08087305356703,17,0,8.166528233419701,864.846605542136,3,0.8892128758278978,0,A,False,False,True,False,False,False
61.34373575235836,15,0,36.38958289347253,3319.0729943845135,1,1.395513185153827,0,A,False,True,False,False,False,False
174.57841121265602,22,0,6.441432963386188,2613.1581759436986,2,0.997419010809719,1,A,False,False,False,True,False,False
23.512596230276586,10,0,21.920532919830297,1806.9870827651216,4,0.8198160008015969,0,A,False,False,False,False,True,False
36.84815037715509,4,0,7.396253884350928,673.3323543178194,5,0.9314008850895432,0,A,False,False,False,False,False,True
34.10589407888905,8,0,24.51569673738183,9758.458303862715,4,2.2283971190548857,0,A,True,False,False,False,False,False
9.428924716881944,2,0,59.451599841349314,313.3708520156353,3,1.9094883012259651,1,A,True,False,False,False,False,False
77.89364203037499,7,1,7.360983095400259,263.7606168448788,2,0.2937843319541912,1,A,False,False,True,False,False,False
74.68403342205178,5,1,27.974502687402964,1489.6877709752785,2,0.7845594942889049,1,A,False,False,True,False,False,False
54.934202339598926,3,0,66.8730247651567,824.2464743497785,7,1.007310946819914,0,A,False,False,False,False,True,False
41.20235603144944,11,0,61.86909674498465,151.15946865402714,0,2.8002565920912814,0,A,False,False,False,True,False,False
9.9897054679635,11,0,8.531352494382705,979.8229896253295,4,0.9115141524211701,0,A,False,True,False,False,False,False
32.95772279449388,20,0,9.97601063211938,1168.062373823766,5,0.8176059067320607,0,A,False,False,False,True,False,False
36.18854311373808,15,1,5.42319244290153,958.5274404181506,5,0.8874330355641011,0,A,False,False,False,True,False,False
20.848192981480263,9,0,5.653575059929473,1396.5754228224935,4,0.9435583455806729,0,A,False,False,False,True,False,False
44.99076047904262,21,0,10.17301024953907,753.0835064062211,0,1.113160171146682,0,A,False,False,False,False,True,False
88.6646280717643,13,0,3.356879986371288,981.51125394696,2,1.2005973169106663,0,A,False,False,False,False,True,False
525.0130300637265,12,0,18.62632968294252,3122.8593293132694,3,0.907450860767245,0,A,False,True,False,False,False,False
67.32242397264811,8,0,11.528038402819707,2361.536219617621,3,2.5143465879123275,0,A,False,False,False,True,False,False
74.37058262817449,6,0,34.25171930235724,928.0661467029142,8,1.016550119270793,0,A,False,False,False,False,True,False
49.932140872940636,11,0,24.957020340275935,1700.3384938084403,3,1.7840158974055162,0,A,False,True,False,False,False,False
5.460140607098919,4,0,5.839546339076476,2205.92077537239,1,1.0384383837307967,1,A,True,False,False,False,False,False
52.8883638405275,17,0,10.57236510029211,517.989485999086,1,0.8114454672970395,0,A,False,True,False,False,False,False
58.69040480739509,3,0,20.82534293693985,1428.4364083039097,1,1.263298195842585,0,A,False,False,False,True,False,False
1049.3125715481372,1,1,3.2201944636056052,1242.7173942876964,2,0.3005533960955438,1,A,False,False,False,False,False,True
43.34393745118188,2,0,0.4816156448987259,1855.862983726382,4,0.924311550697388,1,A,False,False,False,True,False,False
78.4025781043957,11,0,28.689041027959135,515.335230795713,1,0.2328060206624515,0,A,False,False,False,False,False,True
52.37062677117387,2,0,2.219676019971004,1067.0447308086939,4,0.5418110694338887,1,A,False,True,False,False,False,False
13.431280535281523,3,0,33.02907823870663,599.7701114412292,4,0.6709900709543514,0,A,True,False,False,False,False,False
215.161170476377,5,0,36.732907147191725,1430.2897342850886,3,0.9880568016211767,1,A,True,False,False,False,False,False
134.60164509307046,11,0,9.262261335862897,566.7009942041652,2,1.1822674544511027,0,A,False,False,False,False,True,False
141.06747703713634,18,0,24.659020576848224,708.9292238779414,2,0.43380414962154434,0,A,True,False,False,False,False,False
18.333592892673163,9,0,6.76928847364903,1209.6794134309666,4,0.7794833252225014,0,A,False,False,True,False,False,False
293.9333888478192,0,0,29.306894649676696,516.8759999502055,5,0.8397315243040782,0,A,False,True,False,False,False,False
10.15309641669809,16,0,26.117297257568197,301.0774540907294,3,2.791726736324927,0,A,False,False,False,False,True,False
110.41306978397004,15,1,1.226586875094734,2518.305918257492,2,0.9649696555921274,0,A,True,False,False,False,False,False
756.3821599019425,8,0,13.10571682220092,655.4201642231271,3,0.5291186952744795,0,A,False,True,False,False,False,False
16.63246336212351,20,0,15.324723029580458,357.87411279003993,3,1.533252736327646,0,A,False,False,False,True,False,False
27.672599183925453,8,1,0.012864875580515947,451.73924160484415,2,0.8732359905602269,0,A,True,False,False,False,False,False
61.533493609694005,22,0,58.61920888564357,1012.5201229909597,2,1.4513825171421884,0,A,False,False,False,False,False,True
29.839386487701038,8,0,7.827478945712867,3872.537566688549,8,1.653206936239567,0,A,False,True,False,False,False,False
8.492673772493651,11,0,10.926741735629664,980.6715994657333,5,0.6526773042638149,1,A,False,False,False,False,True,False
59.280212743224645,22,1,3.2500447805455113,1748.1198369404294,5,0.8149477379782536,1,A,False,False,False,True,False,False
15.260007899682307,8,0,14.159499674572418,806.4491356077439,3,0.8269337141809255,0,A,False,False,True,False,False,False
96.38117637809113,14,1,24.95998491495118,1272.4303057281122,2,1.5537845162217605,1,A,False,False,False,True,False,False
18.114105042787,1,0,13.224439566997821,929.4986150118323,2,2.2506280832041234,0,A,True,False,False,False,False,False
350.6965382135187,10,0,23.270014925439654,1730.3356039084704,7,2.2938751370223196,0,A,False,False,False,False,False,True
21.329605755137237,10,0,19.70167981348296,443.1639064178117,3,0.8996597639471713,0,A,False,False,False,True,False,False
37.096631878763176,7,0,4.070396367873086,1164.6335758146945,2,2.155046706174959,0,A,False,False,True,False,False,False
144.92562225389653,22,0,8.58553860789619,1240.1132811505647,2,1.205077224687582,1,A,False,False,False,False,True,False
12.465474966729873,5,0,2.4135720423991294,1505.2736093403853,3,0.8346284038773804,1,A,False,True,False,False,False,False
71.73307379581941,20,0,0.6426085050618482,373.6646421683493,0,0.6749175419193345,0,A,False,False,False,False,False,True
262.05942869998876,19,0,0.9771838647339052,749.3738101516698,4,1.2682777933142502,0,A,False,False,True,False,False,False
7.93291150158508,6,0,42.83953667366509,1773.6688899814865,1,2.223512828900094,1,A,True,False,False,False,False,False
68.1397422954124,2,0,62.54002347571854,1313.7792147078694,4,1.846431527609936,1,A,True,False,False,False,False,False
74.57902885147458,7,0,1.4969322391115842,4389.906335056284,2,0.6718888543034669,0,A,True,False,False,False,False,False
139.51713791218427,17,0,6.1238874089704725,718.0315396537152,6,1.188829469984827,1,A,False,False,False,False,False,True
12.374762878604711,16,0,1.8226987415508042,223.68331732896684,2,0.6523514547674598,0,A,False,False,False,True,False,False
11.19482999679886,10,1,26.957203433959066,755.1653551734095,2,1.11066459660178,1,A,False,False,False,False,False,True
102.13851464197282,1,0,10.286529783829575,130.37512500633187,5,1.2624001598720296,0,A,True,False,False,False,False,False
77.97448110819649,20,0,14.563649420813926,1923.1501415418031,5,1.1695852750283262,1,A,False,False,True,False,False,False
73.7433941540034,23,0,11.64502557193072,1093.84900936371,1,1.642479895502357,0,A,False,True,False,False,False,False
82.74287033042948,18,0,18.581237483593586,1508.1588168119606,5,0.6982281348442035,0,A,False,True,False,False,False,False
24.142416980045425,6,0,5.765807723742253,1713.1504082129254,5,1.951728124860603,1,A,False,False,False,False,False,True
72.1469085378183,17,0,2.218686378203829,2519.8198804850153,7,0.8308871139133902,0,A,True,False,False,False,False,False
77.60927691816728,7,1,0.26665624322032966,137.9943265580162,1,0.5664599827981258,1,A,False,False,False,False,True,False
23.168145545657115,13,0,8.850545897561492,214.0910423760656,5,1.6520600546801332,0,A,False,False,False,False,False,True
512.3097452828358,6,0,35.76252948569809,599.24706027675,3,1.2573920979604607,0,A,True,False,False,False,False,False
96.40899487486502,20,0,5.463405223599568,859.9564008324494,1,1.6250614436589061,0,A,False,False,False,True,False,False
13.07151981202634,3,0,3.271534592850605,1286.467412803995,2,1.078747348219124,0,A,False,True,False,False,False,False
120.04471883975074,16,0,39.06402007006634,1211.780074268354,3,0.3356711332253306,0,A,False,True,False,False,False,False
16.951935154676168,4,0,1.6714943810112164,1262.061999853276,4,0.6575174854820534,0,A,False,True,False,False,False,False
140.40084702160706,11,0,0.7978637757877185,314.05530744135785,1,1.0603643332865804,0,A,False,False,False,False,True,False
219.2723785767821,8,0,31.73077868590043,580.6535905036515,4,0.9711642191767437,0,A,True,False,False,False,False,False
20.39278614519029,19,0,18.105130216835217,847.3073099201322,2,2.4622998315507654,0,A,True,False,False,False,False,False
173.47809799756882,12,0,8.224502526960304,972.0837312252479,3,0.6708028566481332,0,A,True,False,False,False,False,False
89.59836860877701,17,0,20.935717252711903,734.8356568109959,0,1.5434713822940742,0,A,True,False,False,False,False,False
146.41897327359948,19,0,20.289409772656104,1344.0916376719003,2,1.339776998959577,0,A,False,False,False,False,True,False
531.7383681514829,8,0,0.6132762486012069,440.1069906622818,6,0.30026484054363095,0,A,False,False,True,False,False,False
40.67177084603659,3,0,16.91660728655452,745.4076082482399,5,0.9906776184825782,0,A,False,False,False,False,False,True
22.09865181398942,20,0,15.361161886595836,1639.8840865286377,5,1.0574526401811026,0,A,False,False,False,False,False,True
18.77606056960829,7,0,49.77179976120997,1291.5096851989094,4,1.928736644583936,0,A,True,False,False,False,False,False
20.51236054881226,0,1,50.99814838687982,813.4641757987563,1,0.42313657782507436,1,A,False,False,False,True,False,False
49.7732628207364,16,0,7.117389173864078,828.3696734668966,3,1.471935849125967,0,A,False,True,False,False,False,False
82.21866708567232,8,0,13.368189192607485,749.2971224023415,2,1.2188205697362469,0,A,False,False,False,False,True,False
76.09853085257144,19,0,2.286037192850754,838.796521895089,2,1.9299323136503708,0,A,False,False,False,True,False,False
147.32188677856297,12,0,1.0315161910404966,732.8623427266812,2,0.7293710656685786,0,A,False,False,False,True,False,False
55.45668525851432,1,0,8.505117273741726,819.3205835910272,3,1.4707236503042749,0,A,True,False,False,False,False,False
312.3864029682132,12,0,17.562036655604903,1389.3074443728988,0,0.5737020020611093,0,A,False,False,False,False,True,False
39.7421286502616,8,0,12.581653288779295,1366.3242594924116,4,2.8043100317556586,0,A,False,False,False,False,False,True
1428.246861142667,19,0,8.422758124732034,383.62158247627605,10,0.808891455319841,1,A,False,True,False,False,False,False
115.67688349640696,5,0,25.565507580869706,4598.156218264544,3,0.4754775758731633,0,A,False,False,False,False,False,True
19.51944078568926,0,0,23.729345608496565,710.1480780453644,2,0.6476018688832159,0,A,False,False,False,True,False,False
15.103537717791442,4,0,19.748281641680983,1595.7574019950384,5,1.6230262208882473,1,A,False,True,False,False,False,False
97.41370394042559,2,1,1.2024147525163131,465.2960236752237,4,0.9829741965290038,0,A,False,False,True,False,False,False
41.75606280369881,3,0,23.87910054848859,3533.8407928711563,2,1.6566266817907649,0,A,False,False,False,True,False,False
128.6120608158885,0,0,37.777816963236795,1686.7412247579134,5,2.2044455855517553,1,A,False,False,False,False,False,True
96.340149162006,13,0,0.9192308503273107,1489.1755995120404,9,1.6260492203223946,1,A,False,False,False,False,False,True
50.02912344764023,8,1,7.704227383771834,950.4057952611952,0,1.5944569106710944,1,A,True,False,False,False,False,False
19.763712185572967,23,1,66.79380645506347,251.62820456307858,2,0.6076344418656661,1,A,False,False,False,False,False,True
8.865641768121055,3,0,13.715845292667503,4147.4849242033115,2,0.6820851909051339,0,A,False,False,False,False,True,False
31.950315561996533,17,0,10.810162349512385,2171.0202094363817,2,0.553463964047314,0,A,False,False,False,True,False,False
152.57839860899358,13,0,2.930119864257249,847.9457898965754,9,1.0154578265887966,0,A,False,True,False,False,False,False
70.59169428966699,3,0,12.502916488857204,1608.19845826371,1,2.6194751680261468,0,A,False,False,False,False,False,True
12.244948266716749,9,1,8.67167234353637,384.33257252345663,2,0.8816130088464936,1,A,True,False,False,False,False,False
67.20966832212613,2,0,2.0449104181960105,238.593701192452,2,2.4063045449277674,0,A,True,False,False,False,False,False
86.69366869388347,22,0,9.363628966980375,1111.1575004187425,1,0.44907640110318636,1,A,False,False,False,False,False,True
18.903953433343286,6,0,2.6940662665821087,579.3951860534961,3,0.7975051832453425,0,A,False,False,False,False,True,False
65.65870093376856,9,0,19.676913055807432,745.3950521396928,3,0.6303077387051823,0,A,True,False,False,False,False,False
58.54820676341747,12,0,54.54337499973661,1051.3630753498805,3,1.2461317344559302,0,A,False,True,False,False,False,False
13.852083334756415,3,0,9.511208532716777,424.1885268665895,4,1.1985096495840575,0,A,False,False,False,True,False,False
83.87644577641166,17,0,15.01010615987887,1028.4908202947922,2,0.4362399702527135,0,A,False,False,True,False,False,False
107.01204857656246,10,1,8.457477469670707,453.35743795188955,1,0.6598059208896159,0,A,False,False,False,False,True,False
200.26900580070492,3,0,2.2353998900679763,2465.0758903959945,5,1.7827713373622827,1,A,True,False,False,False,False,False
193.36168727574304,23,0,52.87861337708884,1012.0466210045978,6,1.6194103734478507,1,A,False,False,False,True,False,False
10.452035649670536,13,0,2.0816683561476568,1672.453224901799,4,0.6576324412517754,0,A,False,False,True,False,False,False
17.71851170521365,17,0,1.7754504538770584,265.58673252026847,2,0.689594768596672,0,A,False,False,False,False,False,True
101.29553372025107,7,0,9.219835824198151,1757.7785547893188,3,0.941826225957814,0,A,False,False,False,False,False,True
101.14378730299435,9,0,16.133133861156757,3632.872559196141,2,0.6448034452962529,0,A,False,True,False,False,False,False
101.29704333041776,4,0,6.575790142943412,1204.82382320977,3,1.2249091655839899,0,A,False,False,True,False,False,False
5559.579688455814,22,0,3.207499563412771,1665.2206014821115,2,0.9038365661737032,0,A,False,False,False,False,False,True
108.31770403763305,6,0,25.635838224077776,906.4468068199177,2,1.626233241328955,1,A,False,False,False,False,False,True
213.29555119271205,11,0,6.767217529870831,1480.6405809755286,3,0.883321191449984,0,A,True,False,False,False,False,False
171.537536811281,2,0,3.2410476869247367,3947.9273951536497,3,1.5596600761992974,1,A,False,True,False,False,False,False
119.30336102219023,3,1,6.813959315829094,6614.412620528555,2,0.7717174831851286,1,A,False,False,False,True,False,False
37.4002319559344,9,0,3.6225575105124816,1413.3873096798827,1,0.780186177840527,0,A,False,False,False,False,False,True
135.74295554213154,3,0,10.992289353404605,485.0514935022039,2,0.9761456010645839,0,A,False,False,False,False,True,False
21.59819491730792,14,0,16.552385027431622,1805.59519414385,7,0.46036172157107136,0,A,False,False,False,False,True,False
41.09217326716549,9,0,24.108408656394452,407.4367788112904,3,0.9636366169440872,0,A,False,False,False,True,False,False
30.495030704109194,20,0,3.8730535737449876,665.4511416835418,1,1.7305498133385115,0,A,False,False,True,False,False,False
60.23472222963476,21,0,2.73999634648257,729.1290952101583,4,0.5639247956609079,0,A,False,True,False,False,False,False
877.9505580277178,15,0,0.29697174929216086,5613.55727444826,2,1.6449637585778079,0,A,True,False,False,False,False,False
5.808264219871717,14,0,3.883266374842154,3439.107695600882,1,1.038511365654706,0,A,False,False,False,False,True,False
124.40124999543555,18,1,0.3629358355651089,2914.056096450064,5,1.0931848626128344,1,A,False,False,False,False,True,False
7.8832555118361665,19,0,6.357664209618204,2114.592948238885,2,1.225567678944208,0,A,False,False,False,True,False,False
30.990532699529528,18,0,2.361971534914259,530.2095942493859,0,0.8632318523035799,0,A,False,False,True,False,False,False
201.69178520880544,17,0,13.00878034419597,1324.7429027929184,1,1.1916521363449648,0,A,False,False,True,False,False,False
58.976320914480254,11,0,7.260972623149211,4771.1091912826505,3,0.8901528908322935,0,A,False,False,False,True,False,False
14.979854520874897,15,1,1.4738759505867047,1568.742177767218,1,0.7459487605644052,1,A,False,False,False,False,True,False
23.14168528098116,0,0,7.659046303852113,2500.1799029280564,2,1.8023013090124627,0,A,False,True,False,False,False,False
123.4106359650256,15,0,3.5234625618815354,302.517075131148,2,0.5369451677911568,0,A,False,False,False,False,True,False
22.727145383892214,1,0,17.09982989646744,1953.7397979130635,4,0.7811538531450662,0,A,False,False,True,False,False,False
70.79230493955563,23,0,6.798643056648562,471.7897930958579,3,1.5126516980331517,0,A,True,False,False,False,False,False
57.66706468653989,14,0,2.3854636935121873,918.9928966714261,2,0.6322620219655716,0,A,False,False,False,False,True,False
24.980101873033924,6,0,6.452555765254654,3420.7848691236413,1,0.9164009168881047,1,A,False,True,False,False,False,False
715.3220831368748,0,1,3.8113563211720414,1447.6986327720717,1,0.503286599801106,1,A,False,False,False,False,False,True
116.82800690334125,4,0,23.828288193139443,2104.8778863315733,2,0.810761642289955,1,A,False,False,False,False,True,False
4.805825827451971,9,0,61.446004435375066,945.7851306619874,4,0.4871924259040219,0,A,False,False,False,True,False,False
68.28875950636602,21,0,0.38732885666679845,234.9069660305228,1,0.6964505022485583,0,A,False,False,False,False,False,True
24.67662013863436,20,0,17.568719140416484,518.9323926603807,4,1.0863148153749018,0,A,False,False,False,True,False,False
151.85407119311915,3,0,4.597018059328595,1889.7396471414784,5,0.9719431006329128,1,A,False,False,False,True,False,False
21.093714685041128,13,0,1.030746850437832,1433.3519027457905,6,1.7279018565270257,1,A,False,False,False,True,False,False
47.575421376377015,12,0,0.21682928433712273,4146.201739612796,3,1.432867691858529,0,A,False,False,False,False,True,False
100.08148806234138,0,0,31.93069564586739,1213.5224751859034,5,0.8329447108529108,0,A,False,False,True,False,False,False
154.30115318619445,15,0,6.545202460999942,536.8703218624995,1,1.6098373672876127,0,A,False,False,False,False,False,True
12.93121701269944,22,1,78.1652937078222,1074.2094909475916,3,0.9323767363884015,1,A,False,True,False,False,False,False
36.54697856545149,8,0,8.761087091934348,2436.364105054855,3,0.7115598381896256,0,A,False,False,True,False,False,False
30.878669145463714,21,0,3.116395228327778,268.8957212836644,4,0.5388902927755149,0,A,False,False,False,False,True,False
24.928330328680747,15,0,22.518412798309637,1445.9449764918456,1,2.076487664433524,0,A,False,False,False,True,False,False
454.2033877386668,18,0,39.15545967908529,400.0561765510268,1,1.8919315310161242,0,A,False,True,False,False,False,False
88.76372401179786,14,0,25.361430361836597,1249.090048287036,0,0.9037110324021485,0,A,False,False,False,False,False,True
12.02441606582199,13,0,20.509100236758737,1960.892776131998,1,0.9591312040206197,0,A,False,False,True,False,False,False
164.25733870628326,19,0,6.112751296078053,1705.3044965923484,5,0.8895099563928585,1,A,True,False,False,False,False,False
696.8620255394336,9,0,0.9999574925207566,3204.498295292321,5,0.38571575695944105,1,A,False,False,True,False,False,False
188.47366947742287,20,0,3.371535861507714,1340.2139314221536,2,0.9465149892323383,0,A,False,True,False,False,False,False
8.817655698383462,11,0,8.88081323403461,1653.8574082694122,3,0.3428307963850599,0,A,False,False,False,False,True,False
30.53639077528251,0,0,46.921777408447035,1700.781567656829,1,0.5541488245078917,0,A,False,False,False,False,False,True
249.70828561749823,20,1,19.248172262162736,504.82928286680243,4,0.9934331888599278,1,A,False,True,False,False,False,False
23.354662459709907,16,0,26.428616536766828,990.3089946483907,6,1.500947493920383,1,A,False,False,False,True,False,False
92.99849533003861,8,1,4.871289538173984,153.36325403544174,6,0.4331234134631061,1,A,False,False,False,False,False,True
138.3187582709938,22,1,17.271797736822446,1482.5289443529384,2,0.9224727269819578,1,A,False,False,True,False,False,False
17.95167515729856,18,0,29.755223950397877,121.3569521752304,1,0.9644881592937684,0,A,False,True,False,False,False,False
50.8342109960228,17,0,9.791931077652373,2163.054644413957,0,0.9214505210706895,0,A,False,False,True,False,False,False
1.1168131100705763,6,1,8.42893825881733,4116.050044102502,2,1.1787644525203622,1,A,False,False,True,False,False,False
15.970365208881557,8,0,19.062617945619593,1634.3188990342173,2,1.4700544223064154,0,A,False,False,True,False,False,False
40.3228464733362,21,0,12.311697886948252,1849.1123798708982,6,1.0223197417794148,1,A,False,False,False,False,True,False
12.214944750855151,20,0,74.79883817311483,2875.25772806713,6,2.158580234911662,1,A,False,False,True,False,False,False
387.1814958891427,11,0,8.303460570664324,774.43531011801,7,0.8965740381089108,0,A,False,False,False,True,False,False
9.814200293806167,6,0,2.9027386986611035,396.23387195697103,2,0.6014191097740129,1,A,False,False,False,True,False,False
32.19936126824203,13,0,9.578039951309629,1023.7320606886661,3,2.474010051828459,0,A,False,False,False,False,False,True
63.8724861989834,14,0,4.022211688473421,595.6540933098271,6,3.395048027949683,1,A,True,False,False,False,False,False
307.82392483084186,14,0,12.35751318905272,1166.0877487288658,2,1.349171168788463,0,A,False,False,True,False,False,False
9.747057246537022,5,0,2.016639842993902,1344.5174446041513,6,0.31973520901295543,1,A,False,False,True,False,False,False
220.47768822654956,20,0,44.928867856364995,748.0169201378264,1,1.1414728087213977,0,A,False,True,False,False,False,False
55.272730813261084,13,1,29.472727861827202,619.5694663426958,3,0.7068536878009261,0,A,False,False,False,False,True,False
16.813625825901,1,0,2.536319768743179,195.7218903596127,4,2.103278735251042,0,A,True,False,False,False,False,False
95.06151126924462,7,0,2.8382517241371343,958.0953755282346,3,0.9941812387996511,0,A,False,False,False,False,False,True
69.32957859508262,12,1,10.775088008007918,773.1881064045563,1,0.7119214928272822,0,A,True,False,False,False,False,False
26.568857186112076,22,0,22.234243108854347,818.3166264112613,6,1.184942524864242,1,A,False,False,True,False,False,False
59.368423967410905,5,0,3.70922574694496,1969.0538147010334,3,1.905541431341752,0,A,False,True,False,False,False,False
34.385112129464574,4,1,0.9436452391862752,5282.846355518058,4,0.665348331273494,0,A,False,False,False,False,True,False
62.565925842749266,4,1,11.829491763478357,824.2686338450726,6,1.4731991068971255,0,A,False,False,False,False,False,True
120.85080997274038,0,0,17.645224195362946,1493.447718981049,2,0.38882639046820594,1,A,True,False,False,False,False,False
366.2148486615084,8,0,4.202962106926617,1343.765804331711,2,0.9577610824399322,0,A,False,False,False,False,False,True
12.361927684621707,5,1,20.192713837928398,2718.185637132309,2,0.5019214506934617,1,A,False,False,True,False,False,False
706.0175175558828,19,0,45.130373740896104,528.7827255087145,1,0.6540747086142029,0,A,False,False,False,False,False,True
5.246150872556616,6,0,2.211402779599705,516.4438982399947,4,1.8145179479674582,1,A,False,True,False,False,False,False
45.50662346206186,8,0,10.731783442993184,566.8967750140845,2,0.8390885026051151,0,A,False,False,False,False,False,True
110.60669799428311,4,0,0.8778211158269082,178.75083318219356,4,0.694685227162092,1,A,False,False,False,True,False,False
76.49231217070867,13,0,3.472570009010638,1057.0064207198777,0,1.796563954979914,0,A,False,True,False,False,False,False
25.861634477910258,4,0,1.411682797382054,472.4259655584954,5,1.3354260434846017,1,A,True,False,False,False,False,False
42.53185393610911,7,0,7.762885867938113,1340.6933088997982,0,0.39176965818055837,0,A,False,False,False,False,True,False
30.216824696519346,6,0,25.79145293735539,161.75297478078085,0,0.9656247113370064,1,A,False,False,False,False,True,False
26.917113977802547,12,0,12.91037311751219,1047.7420438506626,2,1.0317370993608124,0,A,False,False,True,False,False,False
151.33902464088405,12,0,3.7767113431135635,893.4260449362177,8,1.4776391967213665,1,A,False,False,True,False,False,False
83.79879124986535,7,0,0.6140588783141535,709.1236415250584,3,0.8678126007513565,0,A,False,False,False,True,False,False
23.772001620841596,10,1,12.091318478674758,2437.099752067475,4,2.6412207283380567,0,A,True,False,False,False,False,False
160.69687887898263,17,0,2.137227903593273,576.1182556703432,1,1.1547648579760121,0,A,False,False,False,False,True,False
78.94563295023883,18,0,6.294997701662593,1398.2619741499445,1,0.4535685516258804,0,A,False,False,False,False,True,False
144.81173834822815,5,0,10.706134950039168,661.5168449999002,2,0.8297913212614766,0,A,False,False,False,False,True,False
116.22809659274088,21,0,35.109373122864795,4134.95952278239,3,1.7220912899861385,0,A,False,False,False,False,True,False
20.190374620218847,1,1,1.2804817909027004,982.8262092548453,4,0.8626617937396225,0,A,False,False,False,False,False,True
27.87646408873406,12,0,16.566781258930817,1883.046796678664,4,1.055977423167526,0,A,True,False,False,False,False,False
133.85435771583573,22,0,0.21272051156936098,1786.0347378207746,2,0.9828544272280686,1,A,False,True,False,False,False,False
113.57283151899462,10,0,14.910077221482625,2742.1649659168097,6,0.2961770357117462,0,A,False,True,False,False,False,False
53.24575522049175,0,0,12.02878560129323,1232.5822121876165,4,0.8158161703599036,1,A,False,False,False,True,False,False
62.85263503735613,23,0,25.05906150149002,382.2333494919601,4,0.796578391683097,0,A,False,False,False,False,False,True
252.95152635756043,1,0,11.378490467770911,1563.0360325419288,4,2.2827453055260665,1,A,False,False,False,False,True,False
26.845932867138995,16,1,6.522248676320114,1368.8290096068101,0,1.941236866430825,1,A,False,False,False,False,True,False
105.26877667926131,7,0,4.170944695852352,96.64626056574912,8,0.5532330753891469,1,A,False,False,True,False,False,False
42.83556935218213,1,0,1.3365628920052446,287.85618025239165,3,0.4750514271257742,0,A,False,False,True,False,False,False
42.04676941034247,5,0,11.473278924148422,1928.992413056919,4,1.4304961723138885,1,A,False,False,False,True,False,False
204.0841119577277,21,0,32.88202337439407,3416.3075936553987,5,1.0050833291780314,0,A,False,False,False,False,True,False
147.00985403527844,4,0,10.846195652663802,1026.4281075252288,6,1.089227268311152,1,A,False,False,False,True,False,False
144.9243037783448,15,0,20.154435588613687,2095.1607565938307,5,0.5592772088694081,1,A,False,False,False,False,False,True
261.5366871217446,7,0,5.316624556195618,1196.7058693679776,0,0.9681025959431201,0,A,False,True,False,False,False,False
55.99176408224049,18,0,8.916664886998646,1129.04331058324,4,0.7090231920477847,0,A,False,False,False,False,True,False
123.75992070565016,15,0,5.886823711155822,977.9484744965457,1,0.5664498715013931,0,A,True,False,False,False,False,False
37.625420236679645,12,0,1.7356434309529294,1169.7882028069996,1,0.8403174557515737,0,A,False,False,False,False,False,True
80.55978849610598,19,0,8.09322816635882,1496.2608883186053,2,0.9127064707480962,0,A,False,False,False,False,True,False
46.70393090834952,6,0,21.677119488912457,795.2270675242937,2,0.5406381742482073,0,A,True,False,False,False,False,False
61.33773041936657,15,0,7.537282481072344,2973.0982206673975,3,0.8247772638596389,0,A,False,False,True,False,False,False
111.51826961469223,22,0,15.75501478693078,492.6681481628808,1,0.7043245330952214,0,A,False,False,False,True,False,False
20.453114723730906,15,0,21.320461726330464,4276.609544520535,4,0.9064553844176099,0,A,False,False,True,False,False,False
672.4076178564653,11,0,5.845416928313008,922.9792734357081,1,0.8124105005153022,0,A,False,True,False,False,False,False
16.326330003568103,13,0,23.95630941460089,1051.9201164699566,4,2.3020805135906435,0,A,False,False,True,False,False,False
12.717432176989519,23,0,6.208335985066111,663.723924682316,2,1.1220945320844475,1,A,False,False,False,False,True,False
219.1448766255119,17,0,4.43787229457667,1521.6305501461725,4,0.7835911632486693,0,A,True,False,False,False,False,False
141.17429090751398,17,1,3.774035995765046,811.3279442101682,3,1.6436136293277515,0,A,False,False,True,False,False,False
115.46226659785603,15,0,3.3453561097176507,749.6900213481371,10,0.3504117020006953,1,A,False,False,False,False,True,False
116.04924317040377,19,0,20.041096767971517,1790.7268852933619,2,1.3243180876584222,0,A,False,True,False,False,False,False
53.801635836247875,15,0,32.77326571848173,2776.4881725962327,2,1.1071235227244076,0,A,True,False,False,False,False,False
18.602477192004446,12,0,3.933109398434948,476.42748998539406,4,1.158266655824559,0,A,False,False,True,False,False,False
59.797596619075556,8,0,1.3364080310951083,2122.739174841904,4,0.7699869445783963,0,A,False,False,False,True,False,False
24.225503604433758,8,0,5.648070363379656,2975.9343513071417,6,1.5196103913605004,0,A,False,False,False,True,False,False
175.9401147616128,12,0,16.087469577393176,267.202187153239,1,1.1894027897108503,0,A,True,False,False,False,False,False
45.76552791882689,3,0,6.895337315490959,557.3206926932157,3,1.5411559826252161,1,A,False,False,False,True,False,False
20.275299339217952,8,0,11.950191834069303,2919.201046860581,2,0.6453275469635156,0,A,False,False,True,False,False,False
37.12672237612552,14,0,20.45654725200035,1478.117326735666,4,1.7432843549851884,0,A,False,False,True,False,False,False
89.6145544754023,13,0,7.875859509397563,4304.570036719843,4,0.7670991492102437,0,A,True,False,False,False,False,False
27.75817903139386,18,1,121.4196907921665,951.6072109417948,3,0.4788802217749806,1,A,False,False,True,False,False,False
20.35518204301554,11,1,5.306243980522677,719.9450080385354,4,2.4970020488880778,1,A,False,False,False,False,True,False
73.1436015804631,20,0,57.42098622520002,3258.7216154855746,1,1.5138408492918098,0,A,False,True,False,False,False,False
73.25598018608876,5,1,3.4040673300785964,562.0040180461897,2,2.612018602647508,0,A,False,False,False,True,False,False
29.71548200308005,2,0,1.7637190077800475,902.1213802354898,3,0.9902209153524292,0,A,False,False,False,False,True,False
31.023780808697722,21,0,20.84433589886987,1715.7177470404079,4,1.6397941240495275,0,A,True,False,False,False,False,False
72.12926992645346,19,0,18.175521735172993,1857.0991906910845,2,1.8596948327860658,0,A,False,False,False,True,False,False
9.60514401828345,15,0,25.00357024112568,579.333286294343,4,0.8410142974050944,0,A,False,False,False,False,True,False
10.084942509027524,19,0,6.314554916309924,1350.928468105292,4,0.4479832744557732,0,A,False,False,True,False,False,False
23.054637320922186,23,1,40.062975409313694,868.9427414010462,4,1.2300597457204607,1,A,True,False,False,False,False,False
42.260946877935424,22,0,1.9086638869646975,285.3791149174108,2,1.1528090813322935,0,A,True,False,False,False,False,False
79.28818122190633,16,0,0.46117379657947455,758.3431748939706,2,1.1777638244268414,0,A,False,False,False,True,False,False
320.67477910424003,15,0,5.362212280928559,296.6548364131763,9,1.0003937110457697,0,A,False,False,True,False,False,False
152.80942363618848,5,0,23.942233807869044,647.0560008732891,3,0.7725598992737325,0,A,False,False,False,True,False,False
45.063552176538394,7,0,16.766115050276646,419.35654908381633,2,0.7374587173144791,0,A,False,False,False,False,False,True
53.366358164582515,18,0,8.596068680057149,2036.646624307824,2,1.412132992148251,0,A,False,False,False,False,True,False
16.39480903441498,1,0,4.440827723325897,1394.4999263493835,3,0.21232377076748474,1,A,False,False,False,False,False,True
53.398584429778154,13,1,0.9165310757771622,3755.2025314720604,1,0.42630698109833537,1,A,False,False,False,False,True,False
38.61379643842581,21,1,6.176147121829237,524.5747450663146,5,0.3964875787812982,0,A,False,True,False,False,False,False
80.41994941073564,11,0,9.243341205706619,1210.2964073852118,2,0.36514668623081115,0,A,True,False,False,False,False,False
20.233160507814805,16,0,17.42442376971305,453.78398275533834,2,0.9310670313235127,0,A,False,False,False,True,False,False
101.82094373477494,14,0,15.575687185067956,661.6484565674385,3,1.3233479431389492,0,A,False,True,False,False,False,False
343.5342087869212,17,0,44.159883520159525,796.6589328196306,3,1.3001058509500962,0,A,False,True,False,False,False,False
47.91783732549936,15,0,1.5870078375806598,5318.347758641558,3,0.5437277690105342,0,A,True,False,False,False,False,False
88.41609882949047,12,0,6.149782409905265,1467.2014972875277,2,0.42482983361752513,0,A,True,False,False,False,False,False
124.98238283545385,20,0,9.85448781935308,990.0839818456335,2,1.0860835460525846,0,A,False,False,False,False,True,False
33.73498514505267,16,0,16.661599750352494,2599.84664685186,2,1.2921619221595952,0,A,False,False,False,False,False,True
71.44378939270494,7,0,10.261375326801117,1878.814316072328,2,1.3358143638848805,0,A,False,False,True,False,False,False
55.429441130199386,0,1,36.58608106965749,1048.5186220680755,3,0.4918164107468857,1,A,False,False,False,False,True,False
61.387812272452734,2,0,14.073151186825648,1882.1220766894035,2,1.5127617888978835,1,A,False,False,True,False,False,False
21.593411810092,15,1,0.6071028550743556,858.6772567757419,3,1.094536379897306,1,A,False,True,False,False,False,False
56.22785131319064,1,0,1.8097516046947522,11950.3022368717,2,0.60768259382471,0,A,False,False,True,False,False,False
99.24563606622047,14,0,21.005629192461576,2910.296540517297,1,0.7309539399699778,0,A,False,False,False,False,False,True
311.49158684953323,0,0,18.8705065802909,792.1302667467719,1,0.6404599104958423,0,A,False,False,False,False,True,False
172.6255833997391,8,0,2.4996230335089487,2013.0252869678206,2,0.6661390642886328,0,A,True,False,False,False,False,False
723.2962932117372,15,0,0.9107261743465269,1701.2395062576854,2,1.7304058516155416,0,A,False,False,False,False,False,True
21.740631400538152,3,0,12.966787389985447,1375.3832649337155,3,1.2974902152368053,1,A,False,False,False,False,False,True
155.5216210482579,11,0,15.1482626128413,1655.450235069955,2,0.5744694590036566,0,A,False,False,False,False,True,False
68.03419230982048,0,0,2.18058350715217,572.5221698483558,2,0.797779112302003,0,A,True,False,False,False,False,False
755.7899698038049,0,1,9.625959056243008,774.295655313449,3,1.3506860016653366,1,A,False,False,False,False,False,True
20.69810308308226,6,0,5.4756089175524645,4133.803354344337,2,0.3630889011951043,1,A,True,False,False,False,False,False
19.932145682801057,17,0,40.17132391876914,1291.0551632698048,4,1.3491098508407824,0,A,False,False,False,True,False,False
26.595148859889186,22,0,3.7115398811502494,626.2812781991666,1,2.6887411282245446,0,A,False,False,False,True,False,False
4.2687674442452455,22,0,19.82225398770875,980.2961588952347,5,1.1706741609839006,1,A,False,False,False,True,False,False
29.05219308718188,14,1,10.951335480723776,715.2679189838435,2,0.9123743105346681,0,A,False,False,True,False,False,False
21.956007804215915,12,0,0.17381839609348948,2248.865283285442,2,0.4677321859057,0,A,False,False,False,False,False,True
65.39674873998094,15,0,10.916035380399851,700.1740942549319,6,0.31610360081930716,1,A,False,False,False,False,True,False
82.27828087180355,6,0,1.5716128123851296,1136.0442592072316,3,0.7749582893346305,0,A,False,False,False,False,True,False
518.741147873497,15,0,16.140828161756104,645.4740798287672,2,1.278996759329973,0,A,False,False,True,False,False,False
170.8026174393249,12,0,12.504202362323198,6414.564419219468,1,0.9221343982240009,0,A,False,False,False,False,True,False
27.322638652105525,13,0,0.15722957633942206,1814.155179408443,6,1.8464156955411937,1,A,False,False,False,True,False,False
18.5765938735583,16,1,3.435402916042131,1757.5489289647494,4,1.2026264631814279,1,A,False,False,False,False,False,True
98.52427906828966,11,1,22.456716487474587,1916.511551741014,0,0.6711452614060902,0,A,False,False,False,False,True,False
11.197831590608605,23,0,4.839748008930539,799.7537318314157,1,1.8759304631224505,0,A,False,False,False,False,True,False
491.6418572613386,23,0,10.375725134004032,3703.429210665248,1,1.3442154051206443,0,A,False,True,False,False,False,False
224.82630917439246,19,0,5.609466406660221,1038.8348624107496,4,0.45419400289957484,0,A,False,True,False,False,False,False
31.093202229822218,12,0,38.174982486659395,4528.945331586163,2,0.6087931599810851,0,A,False,True,False,False,False,False
6.988308686477851,23,0,11.536726101649831,845.6930405726487,6,0.782243887979571,1,A,False,False,False,False,False,True
277.1743828262239,19,0,17.869477696219167,1943.769304147915,5,2.418151297142017,0,A,False,False,False,True,False,False
47.58664647769491,14,1,1.3075070954801093,1253.2028513037442,1,1.447811564821562,0,A,True,False,False,False,False,False
241.1404573656052,23,0,0.6175806418993076,1358.4724413904282,2,0.597315181272093,1,A,False,False,False,True,False,False
8.058172625785181,20,0,4.500939850054229,288.2954749498466,4,4.875220729434785,0,A,False,False,False,True,False,False
26.595711273137592,3,0,5.547147283459671,499.41630099840296,3,1.4814834407657695,0,A,False,False,False,False,False,True
54.94278876994537,21,0,17.455930627990114,3670.0631813625023,3,0.5524179576952225,0,A,False,False,False,False,False,True
57.76463357366235,1,0,12.629250378671973,391.0927587774244,2,0.8617049736422076,0,A,False,True,False,False,False,False
31.81447688744058,17,0,7.039968396827179,2238.641247040174,6,0.7720735698208399,0,A,False,False,False,False,True,False
115.28645207080459,1,0,15.924841668478159,8777.820027802594,3,0.6569751589209126,0,A,False,False,True,False,False,False
15.162958073181537,14,0,2.6791103966235217,1706.856358112427,3,1.9187219534778017,0,A,False,False,True,False,False,False
46.023154013636194,18,0,0.9839212983503819,6011.311898743835,2,0.938273412359308,0,A,True,False,False,False,False,False
63.07690890086034,14,0,28.91421287600369,1907.769763341074,2,1.591559403944948,0,A,False,False,False,False,True,False
101.22306044152594,19,0,12.449842263743301,1353.2790355384734,2,0.9397774923627736,0,A,True,False,False,False,False,False
128.2444045304219,9,0,15.708607908387444,1479.8797797071586,3,0.8356074470731667,0,A,False,True,False,False,False,False
14.160118966150156,23,0,5.5061236362995505,951.5552888946333,1,0.7418391215749369,1,A,True,False,False,False,False,False
8.663016565484574,19,1,6.977150876074841,928.4467353104404,3,1.0091331197610685,0,A,False,False,False,False,True,False
252.95514645676366,10,0,1.28937356580868,720.4466343879105,1,0.6774160200433731,0,A,False,False,False,False,True,False
81.35130004118393,9,1,29.172420740232763,1538.4920175514762,5,0.9848794592238208,1,A,False,False,True,False,False,False
22.238302858072558,22,0,13.463486528641296,6376.0759325885965,2,0.7520357541061025,0,A,False,True,False,False,False,False
351.2093100371611,4,0,1.309987734817818,3427.4715229947974,3,0.5105858838987667,0,A,False,False,False,False,False,True
62.728103013436986,8,0,24.48519474393926,1291.9398469454966,2,0.835930917039456,0,A,True,False,False,False,False,False
224.7877493760811,19,0,8.807917580905904,1792.502120263281,3,0.4110313724079009,0,A,False,False,True,False,False,False
59.205957939274505,18,0,21.729017027759912,1024.2184075806183,3,1.9698497283249088,0,A,True,False,False,False,False,False
647.3567346460674,12,0,0.19050253357065036,3419.221956861776,5,1.2853642493965147,0,A,True,False,False,False,False,False
448.72445389646094,17,0,0.43741154022650763,297.1275960651749,2,0.7927992589735275,0,A,False,False,False,False,False,True
40.49761250273595,16,0,2.8091002085300594,5138.284059537244,1,0.4129670796712293,0,A,False,True,False,False,False,False
175.1924600172939,5,0,3.5532480707671126,708.9616598193757,4,1.0072370375367756,0,A,False,False,False,False,True,False
118.44528683766654,9,0,21.656025912272256,806.5457371477331,3,1.1203940335234703,0,A,False,False,False,True,False,False
282.1271537225737,1,0,18.398091083064433,412.32932810438905,4,1.2326840287089602,0,A,True,False,False,False,False,False
17.151606579062445,23,0,14.360133444432858,1241.159180135916,2,0.6793022109250758,0,A,False,False,False,True,False,False
124.37009431384601,5,0,32.423953734764744,636.0708313817704,3,1.110739998000044,0,A,False,True,False,False,False,False
194.43722964683127,20,0,4.258314878435339,2781.6202582196415,5,2.599496527285481,1,A,False,False,False,True,False,False
6.616143294656666,12,0,35.21450634468157,1882.0280617870008,6,0.7711290956042242,0,A,True,False,False,False,False,False
13.198323115277422,17,0,36.031287041011865,629.5958625322609,3,1.677840671286598,0,A,False,False,False,False,False,True
4.725254333476552,6,0,8.54430369575617,543.722052376261,3,0.9929471113451305,0,A,False,False,False,True,False,False
39.51624284570393,1,0,1.4871350039607425,656.1711376848242,2,0.931604464304567,0,A,False,True,False,False,False,False
129.15983997926486,13,0,19.450090857809393,514.6460994869401,2,1.0673253177118764,0,A,False,True,False,False,False,False
331.2351223115198,4,0,6.163090677726919,876.8718217054321,4,0.7647468030442054,0,A,False,False,False,False,False,True
59.67503367334904,17,0,23.76602312330369,559.7133284756244,3,1.0730004776123132,0,A,False,False,False,True,False,False
385.4219293848874,10,1,2.681343910599454,2792.288349414614,4,1.6207133604948363,0,A,False,False,False,True,False,False
10.421575767108072,9,0,11.632128656219676,736.0671664923914,3,1.570307238035569,0,A,False,False,False,False,True,False
7.0705698145190885,10,0,10.641396481350958,1738.1235312287474,4,1.7765797173175992,0,A,False,False,True,False,False,False
51.07743228109838,1,0,1.585650160355071,1749.5863940384681,4,0.732103849047262,1,A,False,True,False,False,False,False
86.56352510910314,14,0,6.772623738556519,249.01417978482192,1,1.029296724325572,0,A,False,False,False,False,True,False
52.49753952385768,6,0,1.328457486870848,1940.6117176509947,5,2.969951141338456,1,A,False,True,False,False,False,False
4.567972626791685,8,0,9.375048706126583,279.9178234906357,3,0.6147909861049542,0,A,False,False,False,False,True,False
49.06058449226821,4,0,27.763526271238096,562.8017663241351,4,0.9458523200121177,1,A,False,False,True,False,False,False
11.41167095162574,6,0,4.724869227951364,1870.3726481707567,5,0.5455538700007317,1,A,False,False,False,False,True,False
121.94950414427359,19,0,21.71373972990481,1211.8088578722777,2,1.0563350086436092,0,A,False,True,False,False,False,False
84.76798153978294,1,0,3.0395921030788218,835.1794212465028,6,1.6835401700685861,1,A,False,False,False,True,False,False
17.67487706416623,2,0,16.800676832250236,263.38523012140706,2,2.35872549282391,0,A,False,True,False,False,False,False
29.469614017622078,1,0,37.07169667985582,2372.526965855094,0,0.6069561270594862,1,A,True,False,False,False,False,False
15.316700571672497,20,0,5.871837305725215,1551.9684172840807,6,0.6614052788208538,0,A,False,False,False,False,False,True
50.64219303477768,21,0,34.60064954247264,552.7083986875374,4,2.2038603262637193,0,A,False,False,False,False,False,True
171.7724755589286,22,0,10.560723521860682,508.14544979857976,5,0.2198701313777068,1,A,True,False,False,False,False,False
16.72874913460339,18,0,5.714627249276668,2493.6588009290763,5,0.7264957438817563,1,A,False,False,False,False,False,True
99.96856820415647,3,0,34.02394853605903,1394.5449031190103,1,1.6251157576035347,0,A,False,False,False,False,False,True
28.895644024234347,23,0,0.48842536763569744,369.35587227187165,4,0.42698899243885696,0,A,False,False,True,False,False,False
21.084804207426362,19,0,0.4262830353504166,611.3574048878587,2,0.5918683717459507,0,A,False,False,False,True,False,False
48.01740589816443,6,0,13.737972496466224,5249.210723446084,2,1.8768345479539448,1,A,False,False,False,True,False,False
15.763690299777831,21,0,23.89983089790736,2444.975083712133,3,0.37026779364868856,0,A,False,True,False,False,False,False
28.095820639379962,6,0,20.88748197974747,1097.134456454969,1,0.3629947326580511,0,A,True,False,False,False,False,False
12.968800726877337,16,0,1.2420772249899728,1116.4359856010979,0,1.521995785023558,0,A,False,False,False,False,True,False
576.9007028012517,18,0,45.011532094343885,192.42284579857255,5,2.251976819886925,0,A,False,True,False,False,False,False
56.95812008116696,21,0,18.21355641758218,3119.099313685076,4,2.047463643521798,0,A,False,True,False,False,False,False
23.578361136121313,15,0,44.671937931148456,764.227106623159,2,0.27382221056491257,0,A,False,True,False,False,False,False
70.58205211749578,2,0,5.986977661366621,574.2503680038533,4,2.0778776322005763,0,A,False,True,False,False,False,False
47.71311655920602,14,0,17.759569029789176,1998.1524894382721,2,1.0402823063207418,0,A,False,False,False,True,False,False
41.88117661660872,13,0,29.485131430890135,662.5109504101978,4,0.6677106394948015,0,A,False,False,False,False,True,False
114.0914180840598,14,0,7.181772426256587,255.09276381474186,3,0.6261754683191723,0,A,False,True,False,False,False,False
135.50509648620815,13,0,50.22619326861701,1522.1020046647316,2,1.4187416153963286,0,A,False,False,False,True,False,False
28.887200936969712,6,0,4.6181245793128145,326.23898236816234,0,1.2442874955444982,0,A,False,True,False,False,False,False
27.358249521394605,2,0,5.688489699045036,1046.2463449865265,3,2.018962322761494,0,A,False,False,False,False,False,True
39.24947088175866,16,0,37.94766464836158,1413.8716866519894,5,0.7312645834052638,0,A,False,True,False,False,False,False
3.4476560774841603,9,0,52.429199248188425,878.0713620573246,1,0.7836950479024304,0,A,True,False,False,False,False,False
8.861984514416836,14,0,5.036198214365825,881.2190599021646,3,1.4965838876143926,0,A,True,False,False,False,False,False
281.53284546512015,5,0,2.199510703158927,3792.3415277179033,3,0.6728709914061554,1,A,False,True,False,False,False,False
393.0596007415287,16,0,21.347824316066735,3836.2051196739703,2,1.506652292062265,0,A,False,False,True,False,False,False
40.49411895304183,16,0,39.817342859283336,526.350657681835,2,0.5722779906434479,0,A,False,False,False,False,False,True
109.05674637092592,13,1,13.771146518208926,681.4308189134916,3,2.770809286533,0,A,False,False,False,False,True,False
79.32078382830025,23,0,15.098112899664606,712.0200390622368,4,2.709468426268897,0,A,False,True,False,False,False,False
2196.5801884971365,17,0,21.591841051598507,1069.3954623818436,3,0.6921745794850475,0,A,False,False,False,False,True,False
209.241668741495,4,0,2.4923209447962975,1027.0171303962597,4,1.0317309790563718,0,A,False,False,False,False,False,True
46.82882303769424,7,0,54.4415627561673,4331.486761155796,1,1.063308699710441,0,A,False,True,False,False,False,False
17.34581854474189,6,1,6.796121254732018,945.368077229562,0,0.9353170866713229,1,A,False,False,True,False,False,False
7.942788544585759,22,0,14.842619099270149,480.96169366736194,1,0.6061630133731102,0,A,False,False,False,True,False,False
69.69693642294087,3,0,9.484055907507871,685.1155090143502,0,1.05380304068351,0,A,False,False,True,False,False,False
22.029426012403896,17,0,9.471780525679504,1478.3829793533314,3,0.47701053577010366,0,A,False,False,True,False,False,False
9.907534700092118,4,0,18.197442156534414,892.7443986280797,2,2.1561692913607957,0,A,False,False,False,True,False,False
25.13126123984151,15,1,78.49440328686184,1409.3498601522379,2,2.228551839831477,0,A,False,False,False,True,False,False
14.91164416991852,13,1,16.14072497631005,902.0410474728479,3,1.962592548751795,0,A,True,False,False,False,False,False
413.4637986770269,18,0,23.702492968018017,1958.3122343288655,3,2.0324986191515038,0,A,False,False,False,True,False,False
157.27057165180776,13,0,0.42006824547267546,1021.8680661454018,1,1.4493943106512497,0,A,False,True,False,False,False,False
54.07829102790678,8,0,24.944745767829044,414.4189404065039,2,0.6347485711499185,0,A,False,False,False,False,True,False
322.4451249835474,5,0,5.34960734873341,830.9059809074865,0,0.5184709846303444,1,A,True,False,False,False,False,False
59.90991211696565,16,0,2.032173784206481,6432.5395427892245,2,0.584338041824878,0,A,True,False,False,False,False,False
19.42301995823215,18,0,1.8043052118623109,2948.287576459599,3,1.2535916055138636,0,A,False,False,False,False,True,False
339.5933569070357,11,1,17.085647309541823,432.96878994948327,6,0.5124036337426036,1,A,True,False,False,False,False,False
104.23959550841008,3,0,90.5898941915198,4549.233661559096,0,1.0910993342440942,1,A,False,False,False,True,False,False
15.725830494116918,15,0,16.457978753084515,1223.75844372134,3,1.3206785888720114,0,A,False,False,True,False,False,False
43.44924982433636,10,0,4.564249706216234,741.9583325809803,7,0.9118330246929741,0,A,False,False,False,False,False,True
19.0917842004229,21,1,3.409268659396303,875.4469482445108,3,1.0187096773257627,1,A,False,False,False,True,False,False
10.387886034316514,3,0,11.196861802639788,1147.6342116867102,0,3.681586485130058,1,A,False,False,True,False,False,False
165.90462201210056,16,0,1.0087617295188036,2610.380819703759,4,0.9842548246282659,0,A,False,False,True,False,False,False
539.854667223713,7,0,7.6456645015844,1276.686125455601,1,1.2236015661670194,0,A,True,False,False,False,False,False
10.193180430241997,13,0,16.459767582708828,1431.8491314233183,4,1.8006648988264273,0,A,False,True,False,False,False,False
107.29296504089324,1,1,51.47281197943817,2890.150986456349,2,1.5722871189338685,0,A,False,True,False,False,False,False
25.008828863249747,10,0,8.317834730936697,796.8989805761479,4,1.5181096322485057,0,A,True,False,False,False,False,False
30.430626121142527,10,0,3.351352740147021,1396.808454401144,1,1.147259677946912,0,A,True,False,False,False,False,False
26.81944786394791,23,0,25.503771538777347,1557.9105303996148,2,1.1488721148000116,1,A,False,False,False,False,True,False
19.360038614251405,21,0,20.450362985621382,1221.4363335591781,6,0.4025406116999694,0,A,False,False,False,False,True,False
57.87155313289473,23,0,29.460000086440406,1634.6796061867078,2,2.3814956720943554,0,A,False,False,False,False,False,True
20.143060969135522,5,0,3.6256997477169235,630.8285491729958,5,0.7435909290883128,1,A,False,False,False,False,False,True
75.53137938756288,20,0,7.78367834123923,2401.8601307371773,0,1.551602011624896,0,A,False,False,False,False,False,True
51.4039114934987,20,1,59.89397196631141,704.0968199571707,7,0.8893361612195748,1,A,False,False,False,False,False,True
40.98730332562321,13,0,2.5803829053001235,1577.7011949850917,7,4.746354310331345,1,A,False,False,True,False,False,False
18.373760840075132,9,0,16.69603108328608,1297.6527208604937,4,0.6610646811891205,0,A,False,False,True,False,False,False
27.326977561460225,7,0,4.061085527688186,633.1515096819221,2,3.2646832118371876,0,A,False,False,False,False,True,False
135.16137987505726,6,1,10.40197865552629,4015.707902487798,2,0.9382488507085058,0,A,False,True,False,False,False,False
99.59387086024077,7,0,24.179840905112748,4329.687561474984,3,1.4407814562743078,0,A,True,False,False,False,False,False
16.89358064436898,7,0,10.058639151516267,524.9656202143233,1,1.008721689324562,0,A,False,True,False,False,False,False
61.50993869269333,22,0,24.558434978447227,2078.570542132967,0,2.209717220421766,0,A,False,False,False,True,False,False
134.51349761829692,1,0,8.335642678444353,994.2306642649703,4,1.0674518602691807,0,A,False,False,True,False,False,False
7.364813025201735,15,0,110.14583815210642,639.6588166310042,4,1.1748672231538992,0,A,False,False,False,False,False,True
104.7977425242634,8,1,8.585947868922636,1472.6337892641836,4,1.0529668308760094,0,A,False,False,False,False,False,True
24.65183868190709,12,1,2.4268375605680683,2136.7321147312064,4,1.327151806697651,1,A,False,False,False,True,False,False
108.27977667984328,22,1,7.7091952136775035,1247.4619493362097,5,0.629026605552094,1,A,False,True,False,False,False,False
21.847554916587715,11,0,20.356462597188376,819.9156123312493,2,0.3312146285006599,0,A,False,False,False,False,False,True
6.259757705696109,21,1,28.25198030284938,3176.5110350825526,5,1.2591840198035542,1,A,False,True,False,False,False,False
7.744237934693754,16,1,9.245661787407773,3269.257711751631,2,2.9028712455206263,0,A,True,False,False,False,False,False
57.84123536819229,1,1,13.538659424917007,635.0392844866394,1,0.814202373327049,1,A,False,False,False,True,False,False
74.56468487786815,12,0,27.95431760436324,1179.3401397940465,4,1.4680647451111795,0,A,False,True,False,False,False,False
18.44549283533084,0,0,25.193575267375017,310.0791738653041,3,0.47698381221499564,0,A,True,False,False,False,False,False
117.48503344472759,18,0,16.082063600108736,2139.3848851397524,2,0.7571992187856968,0,A,False,True,False,False,False,False
7.434831564697669,10,1,25.31318961152179,3171.627377624207,1,1.024456665690963,0,A,False,True,False,False,False,False
50.4359513702496,4,0,12.86717055527073,1497.6246209566084,2,0.9851313382460094,0,A,False,False,False,False,False,True
12.765938384426544,0,0,0.0698850788233883,478.99474476304147,3,1.7482955770807893,0,A,False,False,False,False,True,False
24.973035696168314,19,1,0.6321364950181769,3992.757353751623,1,0.40318619662869615,0,A,False,False,True,False,False,False
57.79362096033301,12,0,58.53732847373741,5565.44950295184,6,0.9185209416659721,0,A,False,True,False,False,False,False
19.443327686247823,7,0,2.3496675373427562,776.2690412619789,6,0.7312376703094683,0,A,False,True,False,False,False,False
34.41640523009598,5,1,7.775721678986545,1566.1391651999554,2,0.6341137130886498,1,A,False,True,False,False,False,False
182.64627723203836,16,1,40.728677218739136,2107.6711411330284,5,0.6937850051289557,1,A,False,False,False,False,True,False
27.323025088947013,11,0,3.254430781865372,2058.8484235242568,3,1.1460012549778633,0,A,True,False,False,False,False,False
148.8338427653628,0,1,27.848439449478015,1139.7401349339866,2,1.0758910899276861,1,A,False,False,False,True,False,False
14.074318791905581,2,0,25.578297425492487,4620.689353303879,5,0.9063490443377139,0,A,False,False,False,False,False,True
103.10676589921144,13,0,64.38789536996829,313.4887810396166,5,0.5087281465486767,1,A,False,False,False,False,True,False
307.93303631979336,7,0,4.962640191940281,316.71661785510884,6,0.8750690290117001,0,A,True,False,False,False,False,False
2.8123673440193215,10,0,5.68217287368622,1082.9587961668308,0,1.7567766251443122,0,A,False,True,False,False,False,False
20.983275033597582,13,0,34.97681054540364,4424.224313957877,0,0.4397998554831772,0,A,True,False,False,False,False,False
109.12418576214498,7,0,4.000144875224259,2773.1927797205717,2,0.6998607199162172,0,A,False,False,False,False,True,False
42.79175897557151,2,1,11.907810021654385,332.0674514402392,3,0.563658569047088,1,A,False,False,False,False,True,False
85.23183787788905,6,0,18.431410480373707,10665.396965439924,5,0.5755818149807654,1,A,False,False,False,False,True,False
26.4489848059738,18,1,4.75942859498155,1708.6769513327579,2,0.8858491532894793,0,A,False,False,False,True,False,False
60.57654336555681,3,0,41.80955375777961,436.2538928266354,0,0.7260683866655706,0,A,False,False,True,False,False,False
45.29457723693479,15,0,16.435637266122242,1018.7207852945099,5,0.6515367213690721,1,A,False,False,False,False,False,True
221.70296134859663,12,1,0.7242984702039036,2377.2892653062563,4,1.009624099047252,1,A,False,False,False,True,False,False
74.09181089530226,19,1,2.1881815957206454,2986.867017447212,2,0.4567538560731833,1,A,False,False,False,True,False,False
81.86922805975064,18,0,3.1752959772035454,1040.2528238863367,1,2.712928930552005,0,A,False,False,True,False,False,False
33.306335716745025,4,0,4.214715896935719,1665.2517475150714,5,0.7531993476168689,1,A,False,False,False,True,False,False
30.41307245997758,22,0,19.67767875190677,992.447907313862,3,0.828951451421354,0,A,False,False,False,False,True,False
32.489929332229494,4,0,1.397119541257636,1040.3569748402722,4,0.8424541596324154,1,A,False,False,False,False,True,False
87.64920760259218,19,1,6.475473229137018,1958.296776128657,4,0.6158904111781537,0,A,True,False,False,False,False,False
32.94431207110346,23,0,36.351528221912254,3472.2972243860895,3,1.8697072190615571,1,A,False,True,False,False,False,False
77.30277300808058,3,0,12.201534696680582,441.4344527672587,1,1.1373570245591909,0,A,False,False,False,True,False,False
658.84016171892,1,0,4.628409077205988,910.2962025961485,1,0.28558932856635694,1,A,False,True,False,False,False,False
155.29858894492483,12,0,47.21797862308173,677.5278034732912,4,0.5384773066186616,0,A,False,False,False,False,False,True
36.920677553341775,15,0,4.201977549663117,489.6037413778618,2,0.7243790909307072,0,A,False,False,False,False,True,False
230.77811472669688,21,0,35.32391373775386,470.0158104771379,3,1.3729782880900647,0,A,True,False,False,False,False,False
33.458623377364816,1,0,19.406803776904773,1118.7427457923789,2,1.8138325578213186,0,A,False,False,False,False,False,True
4.7315391808640666,18,0,20.236194704113235,464.9602988869215,4,0.9340708090589257,0,A,True,False,False,False,False,False
16.28584664937109,16,0,21.718673679049825,452.5180324653211,2,2.213815870170541,0,A,False,False,True,False,False,False
5.783735156197613,4,0,10.595593199048556,950.0532969926969,5,1.4722956475809945,0,A,False,False,False,False,True,False
35.808447138036634,17,0,25.276873289303758,500.9177452060596,2,2.9206619645781005,0,A,False,False,False,False,False,True
55.81831576404396,22,1,27.13600455281662,1647.2713166391864,3,0.7558594516823721,1,A,False,False,True,False,False,False
408.186743656801,20,0,6.70571841864253,747.4619110086439,2,0.817331603429581,0,A,False,False,False,False,False,True
80.82714390392019,17,0,7.670999785612916,421.7395607423417,3,1.1127957607274832,0,A,True,False,False,False,False,False
41.975216695059544,7,1,32.94053626682174,7048.543783607834,4,0.6912955335199483,0,A,False,False,True,False,False,False
147.71528890554478,14,0,11.158059889202645,199.09727587320728,3,1.4786723244218576,0,A,False,False,True,False,False,False
3.844477216408851,12,0,30.25472097657129,2175.565086461373,4,0.5389902692175974,0,A,False,False,False,False,True,False
72.43846694786166,12,0,14.783384779040261,1446.4693222911833,1,0.4771304715554281,0,A,False,True,False,False,False,False
137.6946059738777,15,0,13.505070707354232,744.121178170686,3,0.9724488807996561,0,A,True,False,False,False,False,False
9.25993014658398,21,0,0.47206516836825857,530.5045738824806,2,2.096118542651893,0,A,True,False,False,False,False,False
215.40174197398989,19,0,4.883758311094394,4370.950337524041,1,1.2789775851314926,0,A,False,False,True,False,False,False
81.95707945846424,12,0,10.459064482346811,5997.606617367092,2,1.504153864327482,0,A,False,False,True,False,False,False
33.1702869336848,19,0,13.276139284988517,867.618252363466,4,2.302150412257293,0,A,False,False,False,False,True,False
116.66869359402975,1,1,14.931410492997102,772.3297233066113,4,1.2415266946804924,0,A,False,True,False,False,False,False
832.8315737658382,2,0,18.893489158321408,2705.3780054596946,1,0.841256417462776,1,A,True,False,False,False,False,False
67.91381712087394,14,0,16.016886512982186,900.7232020464108,0,2.0709885469782012,0,A,False,False,False,True,False,False
73.54259068975412,22,1,28.315141525498692,1748.937431386017,3,1.6209729926007899,1,A,False,False,False,True,False,False
31.461573760474472,18,0,5.253372777711264,1713.7035059594418,5,0.6929304960793498,0,A,False,True,False,False,False,False
19.691493818649846,12,0,15.390327840539177,1129.8722058124647,4,0.6539356363871307,0,A,False,False,False,False,False,True
147.88027295488791,4,1,0.7877187167086532,1251.4762687620246,1,0.9739572561264457,1,A,False,False,False,False,True,False
19.54460733833587,21,0,9.814381013127626,1473.911532665745,3,1.5674909648343973,0,A,False,True,False,False,False,False
59.49423901956164,5,0,4.680297022325356,459.037984905437,6,0.6149369361963556,0,A,False,False,False,True,False,False
30.778335938785034,13,1,7.1920156497282655,636.646308264562,5,1.069574102192745,1,A,False,False,True,False,False,False
97.00628700578766,3,0,6.5697335002831,1313.7080746030515,4,1.5728107607463686,1,A,False,False,False,True,False,False
81.48300951821545,21,0,0.9350051383859818,762.480247653645,6,0.8839478602054248,0,A,False,False,True,False,False,False
189.62490432298256,18,1,9.428543048947663,10116.085793589256,2,1.1513154578993492,1,A,False,False,False,False,True,False
29.60609704516324,22,0,78.40192183835009,1219.337307541916,4,1.2775987417349257,0,A,False,False,True,False,False,False
39.494051974645174,6,1,5.327342685618201,272.992403273603,5,1.4571566021464684,1,A,False,True,False,False,False,False
16.86909991678399,3,0,19.985388776098556,115.45080927790902,0,1.0406878175623444,0,A,False,False,True,False,False,False
32.03560972211677,1,0,11.904073847806796,2115.0804075490873,2,0.939644048029747,0,A,False,False,False,False,False,True
85.8636516053458,6,0,5.900646335868256,1227.8383522027405,5,1.6624682015728942,1,A,False,True,False,False,False,False
135.42071500823727,2,0,1.408184563563387,3472.2025884792383,1,0.2772621119360443,0,A,False,False,False,False,True,False
18.05462005922557,14,0,3.647475390470779,655.1082215491167,3,1.5377374928853547,0,A,False,True,False,False,False,False
155.0158088233048,0,0,22.838829068608707,995.7825834525635,2,1.338669176322372,0,A,False,False,False,False,False,True
277.7622218372234,1,0,4.9071619111926275,1371.1028480207865,4,2.1419349993620513,0,A,False,False,False,False,True,False
89.66871045643771,9,0,2.3375749888934907,968.6967571539536,10,1.3330575504820321,0,A,False,False,False,True,False,False
519.1303330601706,15,0,6.03625902278399,906.6953934314793,0,0.5953538903445815,0,A,False,False,False,False,False,True
21.573224970613776,14,0,13.157599118983661,1959.5673755663427,2,1.0525741540742486,0,A,False,False,False,False,True,False
12.26088796900897,23,1,18.233757497269256,562.8292928351312,6,0.6127551712304478,1,A,False,False,True,False,False,False
6.459395265848477,14,0,7.349785298593127,1683.3559326195536,4,1.7739721004688775,0,A,False,True,False,False,False,False
328.73540063367517,13,0,10.341725157827087,4735.329514391027,2,0.29211367019098633,0,A,False,False,False,False,True,False
119.72994970097263,21,1,9.102249560195814,4122.069025897418,2,0.4489533853707345,1,A,False,True,False,False,False,False
51.0751662087279,13,0,0.13566187506612365,258.6041213576257,3,0.5486649788545476,0,A,False,False,True,False,False,False
76.39844568923503,5,0,7.552797513730988,741.1291774952317,5,0.4431009773636679,1,A,False,False,False,False,True,False
14.14573468899782,13,0,13.276235171428466,1383.6184736886175,1,0.850003509579971,0,A,False,False,False,True,False,False
1027.518936146459,16,1,12.657622681252732,3048.228616278548,3,0.8109896061213883,1,A,False,False,False,False,False,True
63.7561352338536,17,0,20.780475396332566,1297.1416437862117,3,1.5135525120264965,0,A,False,False,False,False,True,False
62.25717274497801,19,0,16.64703594519212,3052.8050119790087,1,0.3848844393770315,0,A,False,False,True,False,False,False
130.44086061430286,18,1,4.861183029233791,641.9406247223216,2,0.76486986373921,1,A,False,False,False,False,True,False
97.2428130612664,16,1,4.428531340884878,1427.7249306073581,4,1.1392151443802698,0,A,False,True,False,False,False,False
71.42592003264475,15,0,9.358285523044582,1456.763109118984,1,0.6276721913503799,0,A,True,False,False,False,False,False
21.145574782645117,7,0,19.805895344933877,3135.9107093504285,2,0.437675563866108,0,A,False,False,False,False,True,False
96.13582435528505,6,1,1.4778807038968496,2268.4331796463957,1,1.4232642087846297,1,A,False,False,False,True,False,False
522.3978152273733,19,0,44.44217712528151,1904.550213980495,2,1.329323822049689,0,A,False,False,False,False,True,False
274.37726951771117,11,0,11.751105105734524,2163.459557295628,2,0.34608593118112424,0,A,False,False,False,False,False,True
369.37927140587567,8,0,5.488079355165812,416.68032768198356,3,0.8069564636355664,0,A,False,False,False,False,True,False
29.563520575140533,13,0,17.73274067675867,956.0694987833575,1,0.7355933921255237,0,A,True,False,False,False,False,False
16.651065621832256,19,1,0.6863531444600928,490.8183455335514,3,2.479556986305549,1,A,False,True,False,False,False,False
46.948708433883176,0,0,9.936270391999999,650.3456554805724,0,0.38883750126026195,0,A,False,False,False,False,True,False
58.37395969423142,9,1,9.982094454654298,954.3250871542451,2,0.7985290496057378,1,A,False,False,False,True,False,False
202.96424330352664,16,0,2.650615289800397,180.34691000371177,3,1.4623162535696157,0,A,False,False,True,False,False,False
7.163813452898675,16,0,27.245807279534944,982.2598123919885,2,0.9419241992160824,0,A,False,False,False,False,True,False
342.22225121574724,16,0,23.904363063461634,586.249454425592,2,1.7079122889926408,0,A,False,False,False,False,True,False
45.16807453602767,3,0,2.486080336128538,471.1216215814506,3,0.3710583245527882,0,A,False,False,False,False,False,True
32.712023977929476,16,1,6.784278022565038,1184.0375201284814,3,0.5250097304021992,1,A,False,False,False,True,False,False
16.207510561147316,17,0,1.5875687211010103,803.5286030206543,3,0.8542601593101323,0,A,True,False,False,False,False,False
7.49451930265343,19,0,28.318316681219187,1441.156783190909,1,1.276748197696583,0,A,False,False,True,False,False,False
146.61420788527727,22,0,5.858354170427267,652.5854047459137,2,1.0020279910823808,1,A,False,True,False,False,False,False
59.619431965772606,1,1,8.67897541640758,952.9097527435697,1,1.3578223926024366,1,A,False,False,False,False,True,False
11.612091434970647,7,1,5.870591967464305,7839.634555736172,0,0.8450104550696789,1,A,True,False,False,False,False,False
11.540994934487635,12,0,5.566520806850284,1805.2979973913134,2,0.5195557811135956,0,A,False,False,True,False,False,False
36.49073383600219,22,0,20.63341774950677,557.3214758518309,5,1.3180367336638612,1,A,False,True,False,False,False,False
404.57042709209315,21,0,20.649095673906096,2955.8624525110713,5,0.46524865176880953,0,A,True,False,False,False,False,False
39.9844399971957,19,0,10.940576717159455,3784.717969480079,2,0.6161336168530599,0,A,False,False,False,True,False,False
8.991039373973644,21,0,16.077377062153868,1770.3726804356274,5,0.5044788675352618,0,A,False,False,False,True,False,False
40.6544508943922,14,0,10.75124912756817,586.6537864434284,1,1.0956573079022969,0,A,False,False,True,False,False,False
39.35927751914464,19,0,0.4350876208572839,2505.8524980423517,5,0.9606329460639346,0,A,False,True,False,False,False,False
2.146279822867262,22,0,1.0242859274464302,691.0071703602634,4,0.5660830738796128,1,A,False,False,False,True,False,False
51.15427978603523,8,0,7.261308760808287,3231.421900816067,2,0.6724441792119202,0,A,False,False,True,False,False,False
41.38334742285108,2,0,20.77920464935775,904.3938814348026,8,0.838595012349775,1,A,False,False,False,True,False,False
125.89492592003005,2,0,36.66676305635976,876.8956224736233,1,1.3728189519583964,0,A,False,False,False,True,False,False
502.07389694829703,1,0,0.4523780483006278,1667.7753339274439,2,1.0141582021774818,1,A,True,False,False,False,False,False
211.00419935982987,0,0,6.883701565282948,3388.7373666338676,3,1.1531767604651504,0,A,True,False,False,False,False,False
39.54082060553233,13,0,3.7998364839705827,7292.303094742107,3,1.2415857236533911,0,A,False,False,False,True,False,False
14.471322167901322,16,0,25.327645468771316,1120.5912206750622,3,0.9893270547821322,0,A,False,False,False,False,False,True
1197.5484214301218,12,1,28.058937676015148,790.1804840765939,3,1.1125148502981532,0,A,True,False,False,False,False,False
58.61919020163404,18,0,3.4678034562124225,568.7627406946827,3,0.9312429585701324,0,A,False,True,False,False,False,False
55.518436251086996,22,1,18.61096545697216,335.12392156497987,3,2.0892917013463066,0,A,False,False,True,False,False,False
53.040188270608375,14,0,19.73787605961149,490.3750866043103,2,1.3027726130386637,0,A,False,False,True,False,False,False
69.24851583979243,13,0,2.9230377931378717,1324.131059145037,3,2.501971174250124,0,A,False,True,False,False,False,False
45.91388173661075,1,0,8.529361439152902,2549.6750381449624,7,1.8852758278952335,1,A,False,True,False,False,False,False
27.429130120558437,6,0,14.527100749750295,532.1938129654317,4,0.9054635998408649,0,A,False,True,False,False,False,False
28.32569293987391,16,0,0.3961854392853788,2058.44356978117,2,0.9063052102920144,0,A,False,True,False,False,False,False
52.49385293241821,17,0,7.777621706138617,550.3081569122357,4,0.43653526858709935,0,A,False,False,False,False,True,False
28.44266409116469,5,0,2.525538365732329,606.5135864331395,3,0.5741053017292784,1,A,False,False,True,False,False,False
23.21004271806885,20,1,11.709902104683097,466.081842331007,3,1.656818532871933,1,A,False,False,False,False,True,False
62.03608756592731,7,0,27.76476997891902,3182.658485278051,1,1.6171206792661974,0,A,False,False,False,True,False,False
40.20644632429312,1,0,11.15883877695594,3964.454212148258,2,0.36413674159442133,1,A,False,False,False,True,False,False
331.88601654215785,0,0,0.5497045220300276,611.986167800577,0,1.9302650350308852,0,A,False,False,True,False,False,False
2.267859034715572,15,0,0.4515887226757314,574.0332439619463,1,1.8080568259614846,0,A,False,False,False,True,False,False
202.3114258490097,6,0,13.952161697047408,1804.5329021649416,3,1.7488274143063116,1,A,False,True,False,False,False,False
243.5451219237003,21,0,5.962042442479667,4369.592164923027,6,1.2919313197450168,1,A,False,False,False,False,True,False
4.535483627043995,23,0,12.752858224179862,3988.359529360444,2,1.2891443408759318,0,A,False,True,False,False,False,False
36.189712273559586,10,0,2.6803901975846323,805.8939063583745,4,0.9115512537945198,0,A,False,False,False,True,False,False
34.96232177131293,14,0,22.499496691313844,946.8698283896783,2,0.7287034171818029,0,A,True,False,False,False,False,False
10.084362597037412,12,0,29.569003061335206,409.4303331064811,5,1.764350402326039,1,A,False,False,False,False,True,False
21.46921341802467,23,1,33.00389395675341,798.655609789137,2,0.8771782646443959,1,A,False,True,False,False,False,False
14.401163262553206,1,1,5.437691883776099,1184.7717760042626,6,0.14646586464077688,1,A,False,False,True,False,False,False
447.0741802146351,13,1,16.21462274484516,372.47837654517355,1,1.3637266816162315,0,A,False,True,False,False,False,False
167.80692654837276,23,0,4.907623991815625,709.1093816494453,3,0.5904832810688415,1,A,True,False,False,False,False,False
251.1037283176539,5,0,21.580043870619285,1309.9857560695766,4,1.0789517029187536,1,A,False,False,False,True,False,False
129.80151510997223,8,0,1.9264521447235041,325.06343496173736,2,2.2928678687678796,0,A,False,False,False,False,True,False
14.085386965492356,6,0,21.580549076554135,1595.9869662029998,4,2.8609085819459854,1,A,False,False,True,False,False,False
29.095271817107005,17,0,8.6900105553143,2480.748180564733,0,1.4145701515291367,0,A,False,False,False,False,True,False
98.22389085240867,23,1,29.022274866866344,1730.25499918663,1,1.9304730842593378,0,A,False,False,True,False,False,False
12.59684806798905,8,0,20.14455003709119,736.983883566285,5,1.4512943067967936,0,A,False,False,False,False,True,False
128.45750075500987,22,0,7.086570226114476,2800.6235896879325,3,1.4952526602390834,1,A,False,False,False,True,False,False
40.91961458152428,3,0,35.07927628523564,3327.4362072095187,5,1.5835567200194687,1,A,False,False,True,False,False,False
34.82080423291482,8,0,4.997246357390276,1414.0754047395783,5,0.5862547919818429,1,A,False,False,False,False,False,True
128.143657889661,3,0,51.1635491235166,1235.4996447840063,2,0.5271788795071539,1,A,False,False,False,False,True,False
93.04804510470424,11,0,21.863851486839245,667.9640535953587,2,1.6598391871143914,0,A,False,False,False,False,True,False
35.40455913661759,3,0,70.12560546163694,792.076987575532,3,1.165504942451632,1,A,False,True,False,False,False,False
219.46565785585233,23,0,0.8311783002251136,2585.6706969862894,3,1.0828371264603596,1,A,False,False,True,False,False,False
14.920319472019541,19,0,4.803823730376618,4815.086782409045,2,0.7887772744723073,0,A,True,False,False,False,False,False
114.33385581902824,13,0,20.27922050341448,786.8346685823416,2,0.8360608331696905,0,A,False,False,False,False,False,True
111.2435019121562,23,1,38.31379328236909,956.1942309824154,1,1.8745153587446273,0,A,False,False,False,True,False,False
37.65795698513547,23,0,0.43789216286398486,653.4130312216741,0,0.6541482972035861,0,A,False,True,False,False,False,False
80.75013441557476,6,0,0.00013944028188889778,776.92965142398,2,1.0067124692736165,0,A,False,False,False,False,False,True
12.166225467743592,12,1,4.440606178915547,400.8539341180103,0,0.6742806951556984,1,A,False,False,True,False,False,False
165.4770348657506,21,0,28.737273350078976,1545.853083816818,6,0.45989087892907726,0,A,False,False,False,False,False,True
43.73363283887934,7,0,21.86061198207946,397.6248964464506,2,1.0549710683311906,0,A,False,False,False,False,True,False
29.15808915639319,22,0,6.239038943683415,707.2648104372272,3,1.4484285039240115,0,A,False,False,False,False,True,False
192.25278045851556,4,0,0.030199344804676904,1044.2947917903284,3,0.5878776380948646,0,A,False,True,False,False,False,False
23.44805552352515,11,0,12.135299385986123,383.28059097594786,6,0.7010543435587298,0,A,False,False,True,False,False,False
10.072877789093644,12,0,4.076254328801349,590.4639188038914,0,0.5532546576336297,0,A,False,False,True,False,False,False
8.432092752276647,19,0,20.533238166547147,445.7302619446573,2,1.0688290178745068,0,A,False,False,False,False,False,True
112.98012763557232,13,0,8.868329319715453,2643.0493591235804,2,0.7842345150588355,0,A,False,True,False,False,False,False
11.74567135039179,17,1,17.026122135651637,3428.0275316837915,0,0.346072442506244,0,A,False,False,True,False,False,False
448.43019052527177,23,0,28.68947810730213,583.2126168218701,3,0.8378022562664249,0,A,True,False,False,False,False,False
4.489245782799021,19,0,11.510297808765845,10003.114144116968,3,1.6824080777122927,0,A,True,False,False,False,False,False
418.11129035154784,3,0,6.141092625190588,519.4500075003083,3,1.7851850370330102,1,A,False,False,False,False,True,False
70.33158316885046,20,0,22.01540031298321,781.6375884562021,2,1.8304230114773539,0,A,False,False,False,False,False,True
48.61559021369411,17,1,4.622093403166169,1626.7360485008492,4,0.6084615693202037,1,A,False,False,False,True,False,False
28.391707009843728,6,1,33.317678120646995,1754.3124924639585,3,0.5526519745276146,0,A,False,False,False,False,True,False
88.14325046998862,14,0,1.1116046449222283,849.6151403735757,1,0.723397615607786,0,A,False,True,False,False,False,False
52.18725756244156,20,1,27.069811430783975,2631.724556213614,2,1.626515375112847,0,A,False,False,True,False,False,False
205.19531023287522,5,0,1.440325993443583,2861.1268095454748,3,1.5983245209988175,1,A,False,False,False,False,True,False
62.619277525679074,15,1,0.8666134459787089,1089.9205126421416,4,1.001444426764382,1,A,False,False,False,True,False,False
65.38952737462807,19,0,6.770835901713758,972.5463743811193,1,1.7491187557810954,0,A,False,False,False,True,False,False
35.292318899370976,23,0,47.04194355967894,672.879224334001,3,1.3545769022667917,0,A,True,False,False,False,False,False
50.99182121520921,7,0,61.5532508182119,477.13623642205016,4,0.7857765827124277,0,A,False,True,False,False,False,False
78.99322763637332,20,0,3.3860254876582294,578.0329050160572,1,0.8415430620570149,0,A,False,False,False,False,True,False
7.01322693914305,15,0,2.413760055604039,1695.3173793243354,5,0.5303629623669329,1,A,False,False,False,False,False,True
10.828456103601827,21,1,6.530052848465987,1097.2503624367382,3,0.9399011933528781,0,A,False,False,False,False,True,False
133.20867889156546,15,1,6.166669186443088,902.0191358964881,3,0.7373393182714109,0,A,True,False,False,False,False,False
67.02317973506962,2,0,21.381322062661255,694.4919870741865,2,0.6057032094826215,1,A,False,False,False,True,False,False
43.78187838976413,16,0,8.804778352293155,706.6098337860294,2,0.6919876521874673,0,A,False,True,False,False,False,False
55.819357603150394,8,1,22.70398075246649,1057.7311407726638,3,2.1110970597337366,1,A,False,True,False,False,False,False
82.8554933493243,2,0,20.717399293230628,992.9780826103624,1,0.7933607475110297,1,A,False,False,False,False,False,True
28.568033519900194,19,0,12.952287780851707,1095.7209529076654,4,2.200308480804777,0,A,False,True,False,False,False,False
21.45664375355108,6,0,26.892489649850457,768.3946726141384,4,1.0291753275128133,0,A,True,False,False,False,False,False
69.06266674505672,17,0,3.2657696936129326,641.2055472942646,0,0.891847622263037,0,A,True,False,False,False,False,False
16.877015503347828,11,0,2.64766597853473,1104.048963175298,3,1.2979643737133233,0,A,True,False,False,False,False,False
89.11282886259048,18,0,20.833481755449775,1844.2677501251053,5,0.30358714490381133,0,A,False,True,False,False,False,False
7.077350927555265,15,0,4.211531610058173,730.0596779033805,6,2.831401048286171,0,A,False,True,False,False,False,False
187.7266217266406,21,0,0.04197443099281285,162.40829392351262,4,1.6121471701945815,0,A,True,False,False,False,False,False
96.26617190974535,23,1,36.44948906805322,367.2420372217333,1,1.1085702675291256,0,A,False,True,False,False,False,False
74.2349958506119,16,0,14.63014725975104,2589.9682285400436,1,1.5020428296743782,0,A,False,True,False,False,False,False
177.54590243218044,19,0,8.830123735415546,2428.4061432983426,1,1.027695725620788,0,A,False,False,False,True,False,False
402.8520340479157,14,0,19.404989885595448,1839.7891012491789,4,0.7382165276644743,0,A,False,False,False,False,True,False
184.4252215409207,0,0,6.081940616759609,1652.6429986068542,1,0.9883764311215233,0,A,False,False,True,False,False,False
5.995150679759255,1,0,46.078207175881374,2475.423105096552,3,0.8099006893473821,1,A,False,True,False,False,False,False
11.75769170854209,7,0,1.066323479273536,833.3651877580479,1,0.6380457980406308,0,A,False,False,True,False,False,False
25.795955259896342,21,0,15.364328778039567,1225.5341115979393,5,0.820838391214807,1,A,False,False,True,False,False,False
56.33461966324205,1,0,22.52823720366984,591.4583845257616,4,1.112186498057843,0,A,False,False,False,True,False,False
101.61496570704445,18,0,9.49845600800055,953.1122061597514,7,1.1945028953707946,0,A,False,True,False,False,False,False
22.8535718912564,8,0,21.095518706736893,4999.065765569901,2,2.024325188075964,0,A,True,False,False,False,False,False
68.31436847050632,8,0,39.24103746276942,566.0601616217291,4,0.8567147733024206,0,A,False,False,True,False,False,False
22.055025310753987,12,0,20.438310139722773,431.7594384693028,4,0.7024741299476169,0,A,False,True,False,False,False,False
26.210986014485005,5,1,5.552197773797067,939.2608626258343,1,0.5332840014444206,1,A,False,False,False,False,False,True
10.094661136902479,14,0,12.37778531176939,796.3931484845698,2,1.2474584150616488,0,A,True,False,False,False,False,False
18.031497768360992,18,0,36.38884657383737,1356.6632271391854,4,2.073491092284713,0,A,False,False,False,False,False,True
10.783082526501692,20,0,8.94296768672575,2067.914213898043,2,0.822461714922554,0,A,False,False,False,False,False,True
16.927712916272572,14,1,17.171343242950147,812.7118652753704,2,0.7546598127090807,1,A,False,False,True,False,False,False
193.32450613921847,17,0,9.396766473734324,5916.04263784781,2,1.541197893495835,0,A,False,False,False,False,False,True
17.474127063103197,6,0,1.940429854816896,2935.2785480259386,3,0.5875587376232171,1,A,False,False,False,True,False,False
1285.4427336632534,10,0,0.9057695809983152,595.3672733905796,1,2.2480743738728375,0,A,False,False,False,True,False,False
98.6897884950379,7,0,45.63417165470682,1029.3976004557671,1,0.9629220889055414,0,A,False,False,True,False,False,False
68.15628305796658,5,0,14.222208575652754,1673.583353516471,1,1.2066493260614772,0,A,False,True,False,False,False,False
19.491347785226637,7,0,1.6441247574614544,565.024497272486,3,1.0190411193252473,0,A,False,False,False,False,True,False
126.5163887726229,1,0,29.21973305350802,210.23871909202504,2,0.2857819464516174,0,A,False,True,False,False,False,False
27.364173149429835,18,1,11.09393512877053,5133.294892219178,5,0.9674862018079852,1,A,False,True,False,False,False,False
63.20679287487692,15,0,22.171679115203002,452.32282591049193,4,0.8260480804646616,0,A,False,True,False,False,False,False
1178.622244539103,6,0,2.033107353374008,2168.8221705570218,6,1.2151051243834354,1,A,False,True,False,False,False,False
48.6537127057871,9,0,35.61289726056271,1920.50501021956,2,1.7707240558918158,0,A,True,False,False,False,False,False
216.8331126531335,11,0,13.393573848362896,570.9605190162814,4,1.279561971334263,0,A,False,False,False,False,True,False
23.480922662122484,16,0,20.1060935282696,5260.1947155063,5,0.7167748913033115,0,A,True,False,False,False,False,False
52.35323920867019,6,1,0.478238681661557,1154.7871591389132,4,2.2785357848382026,1,A,False,False,False,False,False,True
457.12677652517016,21,0,5.681724743853624,1224.4103194986321,6,1.0228305245001708,1,A,False,True,False,False,False,False
25.72953440342186,7,0,4.668261319059815,320.3439148923779,5,1.897141486888845,0,A,False,False,False,True,False,False
480.5533582522841,6,0,44.81497213486327,202.43292398978895,3,1.5542967854851724,0,A,False,False,True,False,False,False
127.65129933797415,3,1,3.0747401098790306,903.1966721643064,4,0.6076178772098556,0,A,False,False,True,False,False,False
27.800106981007833,2,0,18.416388408550656,3095.825799171958,3,1.699256169341908,0,A,True,False,False,False,False,False
116.61632665294186,18,0,0.6554157656075659,247.2842802632266,3,1.5432075819724203,0,A,True,False,False,False,False,False
175.39934393752128,14,0,3.3037926084770026,1231.8631254471074,2,1.0394694603545216,0,A,False,False,False,True,False,False
115.14266844797065,3,0,6.200887173333525,1170.613674625124,3,0.7998447010270789,0,A,False,True,False,False,False,False
8.295642161451964,8,0,23.735065533932183,2959.636888591012,3,1.502841584695078,0,A,False,False,False,False,True,False
22.81539184256638,12,1,23.408043464515757,2472.991858866867,3,1.6432708771692601,1,A,False,False,False,False,False,True
40.567921251319724,17,0,45.737584925015625,1226.874584485106,4,0.8148550900087954,0,A,False,False,True,False,False,False
49.932889061712174,20,0,37.29176121705668,1017.5460449874995,4,1.3538652604372945,0,A,False,False,False,False,False,True
114.98555560742825,15,0,1.275438968104827,616.5335817372429,2,0.845100538635253,0,A,False,False,False,False,True,False
67.57521008812243,0,0,26.567685592011777,438.6280203395627,2,0.7598753474852933,1,A,True,False,False,False,False,False
10.996606987649171,3,0,8.999595922375248,664.3972034809873,3,1.2414106150578865,1,A,False,False,True,False,False,False
86.16270446345753,17,0,30.135986564314653,452.39262855666533,2,1.4837010170971612,0,A,False,False,False,False,False,True
113.60220250423288,7,0,1.4028997189129948,1008.1957983424571,2,1.296080838395718,0,A,True,False,False,False,False,False
106.88447064116384,19,1,25.954528279288013,1066.581752789192,0,0.9335489718195179,1,A,False,False,False,False,True,False
199.7240913127235,15,0,2.60891857585492,880.2934715507939,4,0.5636130852595105,0,A,False,False,False,False,False,True
148.51806274000387,20,0,6.093417660319091,1196.8899865466701,1,0.856553356339845,0,A,False,True,False,False,False,False
94.72861270699266,10,0,0.4390904320906785,759.4909575682195,3,1.204813058901688,0,A,True,False,False,False,False,False
50.189264349621176,19,0,1.9811825189625607,2150.227516870778,2,2.9360525576079186,0,A,False,False,False,False,True,False
7.439821672299611,20,0,8.851438843942367,1316.8162935532216,3,0.6149289429234384,0,A,False,False,False,False,False,True
91.42709355806547,20,0,25.58413963453055,744.5518680232764,3,0.9438806419665996,0,A,False,True,False,False,False,False
70.05111743339336,20,0,22.286402363354828,431.2865682911236,1,0.9223940917836374,0,A,False,True,False,False,False,False
75.63314436495382,18,1,4.024031280087422,1027.3484576174883,5,0.326163934841239,1,A,False,False,False,False,True,False
11.797665925893057,22,0,2.4676450998740105,2732.3543226451575,3,0.7444738628744887,1,A,False,False,False,True,False,False
14.92044099299542,18,0,7.39634418670009,1757.3380167660946,4,0.5504955859498192,0,A,False,False,True,False,False,False
193.21110974852468,17,0,32.21816316536172,2011.2984477703253,4,0.8177694631399681,0,A,False,False,False,False,True,False
52.06712832481828,18,1,1.438168837785412,1957.1392113361599,2,2.1206370635878713,1,A,False,True,False,False,False,False
123.69277086765156,10,1,11.74325616923888,2900.1839185136987,3,1.387994145373654,0,A,False,True,False,False,False,False
56.485391734868436,2,0,1.3950161277441424,2185.6940191860367,1,1.0907321839480897,1,A,False,False,False,False,True,False
56.58293100599944,7,0,9.529178717408826,1235.5317156514557,1,2.650897445308033,0,A,False,False,False,True,False,False
168.33239514087887,19,0,2.033714009548863,791.8243772258479,1,2.02358126933841,0,A,False,False,True,False,False,False
29.392699469333124,18,0,1.2562186457092634,2210.072053347662,4,0.6692879024174456,0,A,False,False,False,False,False,True
61.273345775946595,9,0,3.1765521116451794,158.3359372763985,3,0.4011141625837802,0,A,False,False,False,False,True,False
31.351736414078335,15,1,4.420721547348639,3022.7245451165168,5,0.3132121144517727,1,A,False,False,True,False,False,False
32.414457003192936,4,0,4.849957493285628,1904.563504043781,2,0.6441126903951138,1,A,False,False,True,False,False,False
37.67487594867637,19,1,15.545888332135485,4067.8918730853547,7,0.7529784880930878,1,A,True,False,False,False,False,False
71.27606137545408,8,0,0.8482675865590079,447.7912654168875,6,2.1676121832259603,1,A,False,True,False,False,False,False
30.73806085572767,7,0,1.2639211318511543,2778.381052353766,6,1.8240296005976013,1,A,False,False,False,False,False,True
246.38795602307425,10,0,3.1368746127848812,1864.686976206124,3,1.5835485406996095,0,A,False,False,False,False,True,False
18.661661596153397,15,0,30.843267967090497,674.5348845519466,3,0.7774990283725522,0,A,False,True,False,False,False,False
43.630394411347936,6,1,14.857333404745443,983.3034902534257,3,0.9099752381620125,0,A,True,False,False,False,False,False
32.21147418003904,14,0,19.66055049258188,929.812747132171,2,0.8155035767050584,0,A,True,False,False,False,False,False
309.9383668886907,23,0,6.939157124666139,818.9525314988165,5,3.0111171243242665,0,A,False,True,False,False,False,False
69.12149351396172,20,0,3.597105838199717,372.8145905109849,2,0.7311192491601539,0,A,False,False,False,True,False,False
188.33333425315902,19,0,0.580509957057269,2805.8700062533667,4,0.6724503430203865,0,A,False,False,True,False,False,False
9.182757606198935,22,1,10.057160014185468,514.3654371438868,0,1.3263915110474997,1,A,False,False,False,False,True,False
75.22324701666909,16,0,12.80963536117415,473.52174576766504,2,0.6179117898557331,0,A,False,False,False,False,True,False
158.78593188567712,5,0,34.0958013150183,2862.158715288537,8,1.3216865278884422,1,A,False,False,False,False,True,False
60.264354148891776,14,0,32.067883809247895,357.03631834756766,3,1.1556103009479,0,A,False,True,False,False,False,False
196.09053190798375,7,0,8.292567563292291,860.8255319706911,2,0.69024995648636,0,A,False,False,False,True,False,False
29.34886457628277,6,0,8.263726867178741,495.0145292058927,2,0.8419443754697861,0,A,False,False,False,False,False,True
296.25392112380587,1,0,2.6353659485881096,4061.8100434278863,1,0.6552040736284838,0,A,True,False,False,False,False,False
861.5023194842846,12,0,4.464955611344102,2738.057301586594,3,1.6603278084156787,0,A,False,True,False,False,False,False
35.32509887134509,22,1,38.98731334343848,568.3045170203343,2,0.9288827895640197,1,A,False,False,False,False,False,True
31.989156126371732,5,0,2.2804241970528665,493.91642401348406,2,0.8985301279839225,0,A,True,False,False,False,False,False
312.3303283797087,4,0,51.96184050761073,2025.9450010232954,3,1.4988886465319464,0,A,True,False,False,False,False,False
363.39361108979455,19,0,10.540042117030424,1551.038288773524,5,1.4015834027162168,1,A,False,False,False,True,False,False
29.153295728455813,0,1,9.148830741508167,826.115840409043,1,1.1242269268306389,0,A,False,False,True,False,False,False
32.97586134732005,17,0,2.87900493365468,767.2051476813319,3,1.6854882340305006,0,A,False,False,False,False,True,False
38.933632639987984,14,0,16.25029584949719,909.5046811693138,4,0.9251617941872743,0,A,False,False,False,False,False,True
10.877097008557689,22,0,9.238501548436824,2256.445871731503,4,0.6400377307946585,1,A,False,True,False,False,False,False
18.130899985605637,9,0,6.946327539043822,3852.84065721971,5,1.0769008693119397,0,A,False,False,False,False,False,True
16.363137309884902,2,0,4.608401854281937,4713.457937845919,5,0.9823276735027489,1,A,False,False,True,False,False,False
21.728894571011907,4,1,1.03200268496771,609.3818085885541,0,2.0507666333095402,1,A,False,False,False,False,True,False
52.372316211063676,23,0,10.9885559496276,1148.7347107865537,4,0.8765202099198325,1,A,False,False,False,False,False,True
72.31688762823433,12,0,5.629313473311407,3212.51907870716,3,2.214495380933966,0,A,False,False,True,False,False,False
350.9348491839984,7,0,18.458099245225387,546.5065526552272,2,0.5447625255759853,0,A,False,True,False,False,False,False
16.477159531714996,21,0,19.28437976286633,635.4525138183213,3,0.8886472448365217,0,A,False,False,False,True,False,False
177.89382404187427,20,0,6.054409727868843,2074.5427836722765,4,0.8540289060738288,0,A,True,False,False,False,False,False
42.233484878225354,1,0,16.590023595144114,753.7443055984106,5,0.8515737760121006,0,A,False,True,False,False,False,False
51.45170230991104,8,0,4.489747162078012,336.8619131589296,5,1.7659785453402683,1,A,False,False,False,False,True,False
122.70503557427776,16,0,19.483800693321296,565.9275776007748,2,0.7931128518789,0,A,True,False,False,False,False,False
14.192782689917301,17,0,0.24311677421476796,2421.7345004018384,4,1.6418439219080887,0,A,False,True,False,False,False,False
86.39170769233334,12,0,2.4662008484514106,1338.395395327055,1,0.9582871517997409,0,A,False,True,False,False,False,False
66.66917151210508,0,0,4.215735037860084,314.2563687581283,6,0.9522792998763686,1,A,False,True,False,False,False,False
98.5872079927034,11,1,22.237816553701382,673.7442825144934,5,0.511932011826589,0,A,False,True,False,False,False,False
77.24655912304964,19,1,1.0302264371522443,4713.468816527947,4,1.8724339995302002,1,A,True,False,False,False,False,False
1039.3597399520247,19,0,3.124879729960991,1037.3342722248858,1,2.152834275246744,0,A,False,False,False,False,True,False
25.399056277330004,20,0,6.662093626037531,902.6019350899178,2,0.5353039616192293,0,A,False,False,True,False,False,False
28.87001906353059,4,0,0.13826015472565023,1103.8586112604312,3,2.243414096740968,0,A,False,False,False,False,False,True
25.847951916770203,7,0,21.53989551646978,1292.2043335087112,5,0.48591715598239,1,A,False,False,False,True,False,False
28.034263458233223,14,0,12.318293357352736,802.191288165129,1,0.9192383360725322,0,A,False,False,False,False,False,True
25.409813234648073,2,0,34.64103219890051,3204.8845370887125,0,0.9506764410027463,0,A,False,False,False,False,False,True
227.42484617454352,5,0,0.4728403940156055,752.3704527217412,2,0.8598113063548594,0,A,False,False,False,True,False,False
300.24688841360006,12,1,4.749264120051709,2428.461998271672,2,1.7235443741005774,0,A,True,False,False,False,False,False
27.52526877996143,11,0,19.709698001484234,4712.415225308121,4,1.4531625594613922,0,A,False,False,False,False,True,False
20.109117361111558,18,0,16.865849317822715,1483.5284007190157,1,0.42758236563966673,0,A,False,False,False,True,False,False
96.12973329594828,17,0,4.1770186153518365,474.32180795740805,1,2.087765678827121,0,A,False,False,False,False,True,False
28.143948183218324,23,0,13.583516494990265,1274.8625055898026,3,2.3090919036062183,1,A,True,False,False,False,False,False
116.68968907857864,0,0,23.68055040649167,698.5364401729989,5,1.4041007541795592,1,A,False,False,False,False,False,True
69.65173603365871,6,0,0.5092583448898659,2249.500180716006,2,0.839820866826461,0,A,False,False,False,False,True,False
8.856105091206446,11,0,18.967970008585326,1294.393889291444,1,1.116155248287052,0,A,True,False,False,False,False,False
349.6757307972834,9,0,4.357231134347632,997.0061934051546,3,0.8674348476318295,0,A,True,False,False,False,False,False
471.0919075177722,11,0,44.30483709104126,489.46338707805495,3,1.6305384459073817,0,A,False,False,True,False,False,False
26.171043022907412,10,0,11.590007567343925,247.4597896655657,1,0.4081619610704366,0,A,False,False,False,True,False,False
34.286720716147464,3,0,0.5093433728664709,572.9321750200785,3,1.221653769118675,0,A,False,False,True,False,False,False
76.94096726080896,18,1,7.748395955222619,1846.11202824536,1,1.7813878030980486,0,A,False,False,False,False,False,True
81.56075054126138,5,0,50.859140692437315,2824.9333922921132,4,0.8845586910042146,0,A,False,False,False,True,False,False
120.33182406709422,8,0,19.660735973017502,855.6987928899051,2,1.317816905848059,0,A,False,False,False,False,False,True
609.2602074687221,19,0,5.360392037299919,515.0427337393693,1,0.41540120456305085,0,A,False,False,True,False,False,False
44.153108267518796,9,0,12.844428535696544,1276.378183270072,3,0.6207658360338169,0,A,True,False,False,False,False,False
20.948002726101976,4,0,13.710699611702125,1902.2686480130399,3,1.2193635341933051,0,A,False,False,False,False,False,True
10.431362845398873,12,1,0.35437571165505766,2042.139945130651,5,1.2530555872880225,1,A,False,False,False,True,False,False
22.711784984220493,8,0,2.9554382949244316,1281.3024332241905,3,0.7479103965794418,0,A,False,False,False,True,False,False
52.47031769908944,1,0,12.036963973918937,5745.788459923338,2,1.1648412537045723,1,A,False,False,False,False,False,True
470.3463960996291,17,0,7.731356648558359,3026.330528863975,2,0.9720954834848935,0,A,False,False,False,True,False,False
29.337496478897396,20,0,3.161515754973048,412.30819188482735,2,0.39911185858054227,0,A,True,False,False,False,False,False
71.41768601522983,0,0,22.220205112367164,339.00783193203597,1,0.8903318980550844,0,A,True,False,False,False,False,False
53.532691572521514,23,0,10.070635058811687,443.96149724617993,1,1.436412428066677,1,A,False,False,False,True,False,False
227.25481663299976,20,0,5.565371370635094,2792.4906744334257,4,1.941313531116584,0,A,False,False,False,False,False,True
1132.654091287342,11,0,2.645283366913013,279.38575108889347,6,0.8865903736069553,0,A,False,False,True,False,False,False
28.874460148046012,9,1,14.168939689985327,1581.371466067328,2,1.21296207750849,0,A,False,False,False,True,False,False
30.346241429945692,1,0,16.46095403239769,957.1864181202877,2,1.0900743526442442,0,A,False,False,False,True,False,False
191.13749773475624,8,0,16.611642194510015,405.1130012898596,3,1.3064771159084374,0,A,False,False,False,True,False,False
123.75079028274175,1,0,3.732447567073632,1338.1928633980322,2,0.7232922582814548,0,A,False,False,False,True,False,False
500.72086537849714,22,0,13.570562018252227,952.2663803403293,4,0.964706758130897,0,A,False,False,False,False,False,True
110.0256832237038,23,0,35.37249216215285,2091.3162697321422,2,1.3128534146470978,0,A,False,False,True,False,False,False
35.47575449065748,21,0,6.535484720065178,298.3930438900816,1,1.2231126751163048,0,A,False,False,True,False,False,False
110.91740184957739,13,0,3.5504040879876024,536.5452019283672,1,1.3543950650534782,0,A,False,False,False,False,True,False
206.5297142452753,10,0,22.185984557416532,545.209410511577,3,1.4895954193574032,0,A,False,False,False,True,False,False
146.14198036733802,22,0,2.9198527933554055,1861.832770443507,2,1.0831824399171512,0,A,False,False,False,True,False,False
100.3564990858162,10,0,4.390393493446241,906.773468610253,4,1.1599060213897667,0,A,False,False,False,False,True,False
196.37176591324558,16,0,1.5911514867551382,2820.4120818257397,3,0.75321948108989,0,A,False,False,True,False,False,False
222.10599181342806,3,0,4.67704620611891,797.0875785926445,4,1.5378722741292175,1,A,False,True,False,False,False,False
286.74427458745373,12,0,7.923012183639347,1308.3479164342857,3,0.5828662186813908,0,A,True,False,False,False,False,False
118.92010310102968,6,0,0.9946270897583009,3595.3338798736986,2,1.3629084256781103,0,A,False,True,False,False,False,False
44.676976580730276,15,0,30.801801950637554,265.51055352788535,3,1.0680854784912617,0,A,False,False,True,False,False,False
65.10858559640387,0,0,10.813165905695662,1122.370821147682,2,0.6990959712244041,1,A,False,False,False,True,False,False
232.24915974797952,12,1,13.304752424738181,1069.2801134632025,2,0.7143380315182148,0,A,False,True,False,False,False,False
20.484678056510514,0,0,6.961176423965223,583.8974917111074,4,1.1133155917725683,1,A,False,False,False,False,False,True
84.97932321864512,10,0,16.62245167125722,961.8994633686343,1,0.8829450531755131,0,A,False,False,False,False,False,True
34.0555639729702,5,0,8.478744993076061,1407.7442752126765,2,0.8067892695468663,1,A,False,False,False,False,True,False
56.51430474991309,19,0,21.489081806891697,603.6571431493697,4,1.233505460380574,0,A,False,False,True,False,False,False
253.19051653583563,2,0,25.839279185666367,1146.3361094110655,2,0.43234548512446386,0,A,False,False,True,False,False,False
68.67044354036493,11,0,16.714226274610827,485.03055405011054,0,1.0471441652358777,0,A,False,True,False,False,False,False
57.726933966911375,4,0,10.139502744080783,931.272924351864,3,0.8295794199323867,1,A,False,False,False,True,False,False
10.677862049097994,8,0,22.867448000092033,2305.288655049119,3,0.5409947405772638,0,A,False,False,True,False,False,False
133.68740540142696,11,0,10.226739378793042,2393.217299041636,1,0.844647192964146,0,A,False,True,False,False,False,False
118.46067125791687,9,0,1.7734766811340195,2802.3512870285567,7,0.5187204110917644,0,A,False,True,False,False,False,False
732.0916184649257,18,0,1.8552473752253693,1010.992279049083,6,1.8057119220320839,0,A,True,False,False,False,False,False
37.73794617398471,4,0,44.5168370640667,844.3957599835188,6,1.4338500712372193,0,A,True,False,False,False,False,False
71.02133985335892,4,0,3.6036400824489156,1979.0378375247099,4,1.512569977656567,0,A,False,False,True,False,False,False
73.64530699066191,8,0,25.386179204304476,2789.1816400111256,6,1.2914100561139081,0,A,False,True,False,False,False,False
362.4708059409117,19,0,4.249483534388656,1172.3341120766136,5,0.34286782466340826,0,A,False,False,False,False,True,False
48.69836034959724,16,0,8.45232661854039,3676.556091197446,3,0.5550124870907136,0,A,False,False,False,False,True,False
76.31166659981973,9,0,15.960907103162342,1936.1705090248388,1,1.5633288596842605,0,A,True,False,False,False,False,False
113.23618969847057,20,0,2.595085379979484,694.4994568235267,5,2.680806105115172,1,A,False,False,True,False,False,False
68.30144669202477,0,0,20.048083565722127,765.113031203838,4,1.2065073284955667,0,A,False,False,False,True,False,False
31.953434225375428,21,0,17.56353430819031,1061.6900071926639,1,2.0034520089520886,0,A,False,False,False,False,True,False
68.91735213193923,15,0,11.748799217066164,312.1981862956563,4,0.6657203857570265,0,A,False,False,False,False,True,False
198.018032510254,14,0,12.516851382052769,704.3306974493944,1,0.732038525132579,0,A,True,False,False,False,False,False
15.929641846407636,22,0,1.676914077987447,2731.6242258034717,3,1.3976169439689876,0,A,True,False,False,False,False,False
64.04356846250704,16,0,8.589163091177461,3216.685322786811,5,0.6702110656022763,0,A,False,False,True,False,False,False
23.567178960630475,19,1,1.358250930839656,1378.601632818596,2,0.4457780807682699,1,A,True,False,False,False,False,False
229.07648758547367,12,0,5.519576798492847,1577.3388684383176,7,1.4545424540624121,1,A,False,False,False,False,False,True
8.77736030894598,0,0,34.58567078497068,855.8237360848709,5,0.6981311050618085,1,A,False,True,False,False,False,False
27.918618144404917,7,0,12.81853246861237,657.129015510439,2,0.37967949024665004,0,A,False,False,False,False,True,False
85.85452121475754,4,0,20.36288883317325,1730.6376854835066,2,1.7865471411653366,0,A,False,False,False,False,False,True
357.31896243268824,5,0,12.795720774571597,771.3581590838401,6,1.2871845287121255,1,A,False,False,False,True,False,False
50.45589996356449,22,0,3.239479860779638,4239.786289161839,1,1.4174562084751507,0,A,False,False,False,False,False,True
28.043603534214277,19,1,13.550925442101184,1520.619834463806,1,1.4616500133049577,1,A,False,False,True,False,False,False
521.8543277526874,13,0,21.121234699146928,1565.9020795929107,2,1.6245406279552734,0,A,False,False,False,True,False,False
9.605955968674058,21,0,2.234549394619431,469.83684286473164,2,1.286045392378897,0,A,False,False,False,True,False,False
3.9017799718579087,22,0,25.466392126964248,171.5932997148094,2,0.4751434156181857,0,A,True,False,False,False,False,False
92.57483459309239,10,0,12.158440296972428,1565.7215421215196,1,0.5809467278054241,0,A,False,False,False,False,False,True
29.890327431231103,5,0,0.06426550463753862,736.9188594942899,2,1.6543383806438494,0,A,False,False,True,False,False,False
16.030940232304943,10,0,11.002616921049013,2409.5055469637086,2,1.3326028746029004,0,A,False,False,False,False,True,False
127.74393299960279,12,0,7.554560125645093,528.3742975761893,2,0.9367720219340224,0,A,True,False,False,False,False,False
73.15356461753773,11,0,5.2741705955479965,716.9678220885279,8,0.43081976471512295,1,A,False,False,False,False,False,True
27.74638726631542,21,1,22.1273570671069,2685.3496012445,2,0.6571692379960739,0,A,False,False,False,False,True,False
11.747432682319973,1,0,34.46394590790454,1555.316985231023,4,0.8585683125637465,0,A,False,False,False,False,False,True
155.54713333208318,20,0,21.573486750885433,492.2282440936077,3,0.6855639178718076,0,A,True,False,False,False,False,False
119.13310691983543,2,0,28.13748099525237,1126.8774133333802,6,0.5923793365314686,0,A,False,False,False,False,True,False
48.47212853928895,22,1,35.91737171568422,5029.038954509835,2,1.1813861547055595,1,A,True,False,False,False,False,False
500.678608510764,3,0,36.56393134515208,1230.166883730852,1,2.083847330233638,0,A,False,False,False,False,False,True
15.118184343040932,16,0,1.8263825935839066,974.1531034658749,2,1.3778155037230293,0,A,False,False,False,True,False,False
8.752766264234369,21,1,9.14272353890066,2244.3840012693454,3,0.7888338995052592,1,A,False,True,False,False,False,False
23.800588711349842,5,0,0.004297731518064457,1453.6297792961047,5,0.9673477378315535,1,A,False,False,False,True,False,False
51.691676911042684,6,0,10.592349101688091,3480.506194942531,3,1.360178598896572,0,A,True,False,False,False,False,False
73.11308405555015,14,0,38.703551446935535,2006.361287444516,5,0.7420509475100852,0,A,True,False,False,False,False,False
40.87492239295875,10,0,3.3303306515558004,2264.7848881342043,1,1.112787748839326,0,A,True,False,False,False,False,False
83.30149330286005,23,1,15.3158808785607,3618.6156729706668,4,0.8369480766693013,0,A,False,False,False,False,True,False
12.160009903514736,2,0,15.508347787414076,863.296388697292,2,0.8276566364407247,0,A,False,False,True,False,False,False
308.74556543883944,5,0,2.6216232945848477,679.2499951060539,3,0.45215009104809145,0,A,True,False,False,False,False,False
49.472580456598294,1,1,4.08751710814444,373.6859152016997,3,1.0224395682028151,0,A,False,False,False,True,False,False
208.67019639204557,13,0,9.299058154088081,926.4145218532963,2,1.2267819267215052,0,A,False,True,False,False,False,False
82.3740463361889,8,0,3.1276923726973425,384.9499468836447,3,1.524609326290312,0,A,True,False,False,False,False,False
94.45314231281733,17,0,13.191933739158083,1469.0753562986315,3,0.41841779434687454,0,A,True,False,False,False,False,False
108.17180349411885,18,0,9.9404839697772,671.2952525031558,3,1.6104476172707562,0,A,True,False,False,False,False,False
93.43352977881851,11,0,10.984501609747689,2368.157270493195,8,1.4385408482628192,0,A,False,False,False,False,True,False
118.06877714613717,12,1,2.1661562332308106,2044.5694674914268,6,2.0880572484800277,1,A,True,False,False,False,False,False
269.07308554048785,11,0,10.923902085209216,802.9722218741239,1,0.8336096857127587,0,A,False,False,False,True,False,False
69.11870602668118,11,0,0.7611625891188765,2394.7491118001126,3,1.0349498487615365,0,A,False,False,False,False,False,True
127.8431995029989,17,0,31.99710354444569,1235.694682095165,3,0.5988670028863944,0,A,False,False,True,False,False,False
49.02435261801673,8,0,6.306770694328746,265.8655244062228,2,0.9695129326560696,0,A,True,False,False,False,False,False
307.39718036641136,16,0,29.104308915174393,497.25067714692193,2,0.853904838680525,0,A,False,False,False,False,True,False
24.247881131100147,20,0,18.14263997696133,614.4143794784072,2,1.0789811857951,0,A,False,False,False,True,False,False
473.9626492278867,15,1,21.79757995283257,1105.6570150692385,8,0.9787289842744197,1,A,True,False,False,False,False,False
52.02947886620553,16,0,5.665075353591802,778.0210874483068,3,1.5004932259811825,0,A,False,False,False,False,True,False
9.806739735952878,20,0,3.8765864969941632,718.247821640906,2,0.9031870489474958,0,A,False,False,False,False,False,True
63.670751556457354,23,0,7.831851915962821,1745.4648570141585,5,1.889949046936145,0,A,False,True,False,False,False,False
24.112684046551298,7,0,0.36786203634764475,2058.088923071352,3,0.2912621677090284,0,A,True,False,False,False,False,False
149.72080485948942,10,0,37.654414940432545,668.5816074579334,3,1.9089287205851047,0,A,False,False,False,True,False,False
24.949436202228295,23,0,7.3412042353820794,555.690860182845,3,0.5019071812425683,0,A,False,False,False,False,True,False
31.963028648938305,1,0,67.05513836478193,3015.01817963645,1,1.5086051615285176,0,A,False,False,False,False,True,False
5.65506228053907,7,1,21.497608785772922,9709.531782727967,2,1.4018732125347868,0,A,True,False,False,False,False,False
31.729042127198042,11,0,1.259123384128749,516.1922218225513,2,0.5848638997788614,0,A,False,False,False,False,True,False
2.9782765909708955,20,0,16.190453596698525,2237.046573068432,6,1.8436003030241686,0,A,False,True,False,False,False,False
8.160591154995725,0,0,4.737914204137652,981.2029348200606,3,0.5529080247767391,0,A,False,False,False,False,True,False
135.97860910506668,22,0,4.190127151624294,1883.3137540825485,1,0.5168449462086655,0,A,False,False,True,False,False,False
140.18460909728188,12,0,4.447062105333075,511.64983979911017,2,0.799261438388603,0,A,False,False,True,False,False,False
90.9717550381869,21,0,37.16748474465945,402.8650540209273,2,0.818683343113374,0,A,False,False,False,False,True,False
17.109410405390484,20,0,10.39661300232976,446.6633867676895,2,0.7386596237058604,0,A,True,False,False,False,False,False
51.56001003144433,16,0,16.605908573392536,698.3283629181284,2,1.0356624021861736,0,A,False,False,True,False,False,False
54.362629120199884,13,0,4.947320384130923,908.8984269865527,6,1.2034315032087644,0,A,False,False,False,True,False,False
13.598539169548868,13,0,11.102149662895306,2335.781852501266,3,0.9606538646634547,0,A,False,False,True,False,False,False
331.64925914414863,15,0,6.464054801207609,562.971435491651,3,0.559016028588199,0,A,False,False,False,False,True,False
156.46537643877676,16,0,5.810084170486131,658.3500876596393,5,0.652929659924099,0,A,True,False,False,False,False,False
41.88144929931523,5,0,4.254730222207415,5793.054271436874,2,2.868653350651077,1,A,False,False,False,False,False,True
56.38837424189965,6,0,7.889264013327447,1144.4741865837093,2,0.5914577731424733,1,A,True,False,False,False,False,False
70.10957459611865,0,0,16.183473389552944,1377.814779264381,1,0.6027374622130403,1,A,True,False,False,False,False,False
4.711084601712399,14,0,3.766275357378909,1990.7072831556907,4,0.46024082575153896,0,A,True,False,False,False,False,False
40.58453736456849,19,0,50.47760554102972,721.2088722846308,2,1.6242903068465417,0,A,False,False,False,True,False,False
24.08571442758396,20,0,1.996315391199532,1080.6567841085987,2,1.6163043620104,0,A,False,True,False,False,False,False
16.412709236043803,17,0,9.814875348102811,847.2828540415851,2,1.219638385425842,0,A,False,False,False,False,True,False
38.965617258857485,12,0,1.332930775933989,1026.1494988308857,1,1.9028807855175225,0,A,False,True,False,False,False,False
472.1155817605124,23,0,0.3438919175911538,2152.949717697766,5,0.6966270708092801,0,A,False,False,False,False,False,True
117.80272855088423,1,0,38.39651940289809,1881.3272423694812,5,0.5614575034305779,1,A,False,True,False,False,False,False
27.510980400256976,18,0,24.94137737542213,176.6508883382321,1,1.1479124362377295,0,A,False,False,False,False,True,False
108.53789097889619,14,0,17.77017091940129,2436.4629231434615,0,1.2668006946328516,0,A,False,False,False,False,True,False
292.72292814908116,11,0,30.058423966792667,831.6564320166517,1,1.0998838882869368,0,A,False,False,False,False,False,True
165.59754541950485,14,0,24.356736293271073,1503.9390281720878,0,0.8567156015836139,0,A,False,False,False,False,True,False
58.64817418381714,17,0,15.629413191921042,791.5141809316314,1,1.6719138865711285,0,A,False,False,False,False,False,True
25.120289513519577,13,0,28.193359315256636,1052.1132348674937,2,0.9784274776773247,0,A,False,False,False,False,False,True
126.20000331012447,5,1,7.434143496970056,3140.7977018020765,3,1.1348724264965941,0,A,False,False,False,False,True,False
87.54758398377119,11,0,12.069624832596103,1434.9144142715456,2,0.9856987369304883,0,A,False,False,True,False,False,False
159.8493587673956,19,0,22.462455500092112,3014.9454594834892,3,0.7817811207675729,0,A,False,False,False,False,False,True
117.0037706455694,22,0,1.329157361939361,1052.8171313583655,3,0.5877099213808353,0,A,False,False,False,False,True,False
192.37820619159004,5,0,29.347261907621682,968.8144043042341,2,1.2346477343725792,0,A,False,False,True,False,False,False
28.723561556741743,8,0,2.558808315481963,1107.369267570995,3,0.33901323064994116,0,A,False,False,False,False,False,True
265.30308217182574,3,0,29.986322016672755,397.1915217231106,4,0.7281134500263499,0,A,False,False,True,False,False,False
69.20821196732086,16,1,5.5949587131653065,127.38234036187261,4,0.778719725479175,0,A,False,False,False,True,False,False
658.7295443480177,1,0,5.935310034914745,587.2268993141579,1,0.5451796773616057,0,A,True,False,False,False,False,False
23.8784079679338,15,0,1.1523845304477174,2494.3582282106486,3,0.864049463150916,0,A,False,False,False,True,False,False
438.41088480243826,23,1,32.56015088776367,3416.698608953973,5,1.2501485506774745,1,A,False,False,True,False,False,False
69.23406014461216,13,1,2.8766792553422538,220.98811305287512,9,1.0662933222392776,1,A,False,False,False,False,False,True
24.985568436865538,7,0,14.91580729215007,3069.720709158849,3,0.7503136691304806,0,A,False,False,False,False,True,False
30.549154189659564,13,0,15.491003084081493,682.7582995123989,4,1.3623490081404916,0,A,False,True,False,False,False,False
37.17302003120989,1,0,4.951569862981145,350.331545705283,4,1.1408855746385098,1,A,False,False,False,False,True,False
90.8308636310213,15,0,63.67153821445038,2559.024390531809,4,0.5640972683411827,0,A,False,True,False,False,False,False
102.24813811803993,3,0,0.9947610258955053,731.9007663282875,1,0.6783477237475916,0,A,False,True,False,False,False,False
27.42787947756213,0,0,14.042504848640743,8887.740464162354,2,0.4936905628536712,0,A,False,False,False,False,False,True
53.02558268623435,22,1,9.795746838284696,639.9601450957585,1,0.8397595675260032,0,A,False,False,True,False,False,False
713.8868171199728,19,0,4.225184053654386,879.1152693747233,5,0.7157661975061708,0,A,False,False,False,False,True,False
434.00315520034405,13,0,2.6788586871401447,502.10357055621137,3,0.8918485583134113,0,A,False,False,True,False,False,False
92.16573314421947,7,0,20.038830775694805,1236.3520391920829,1,2.6304178115124657,0,A,False,False,False,True,False,False
57.14570154217171,2,0,37.210410436821896,2074.8662591718085,3,0.44140791514983935,1,A,False,False,False,False,False,True
63.05690622270576,4,0,1.706709011920736,274.72746803350765,3,0.3873849708195776,0,A,False,False,False,False,False,True
114.00263558301427,5,0,3.234704790598609,1853.1440019379716,4,2.1120801262223123,1,A,False,False,False,True,False,False
16.000963221346552,21,0,64.32230481143979,790.8197178232626,4,1.3014499112537918,0,A,False,False,False,False,True,False
40.09085105709547,7,0,0.22704986408758224,550.7456762219978,2,1.6290721591749178,0,A,True,False,False,False,False,False
7.372074247761727,5,0,10.64683240673778,357.45782482729663,0,0.841600943310579,0,A,False,False,False,True,False,False
88.15245397875557,5,0,10.888553411668438,2399.219608384048,5,1.4109484671845276,1,A,False,False,False,False,True,False
118.70425262566097,3,0,4.580798648203046,1379.3258494307554,2,0.9389088382766096,0,A,False,True,False,False,False,False
30.574803209767584,6,0,16.316370764219876,688.3772426675123,0,1.5424853038951605,0,A,False,False,False,False,False,True
360.9661244885763,23,0,43.49022362902825,2045.8470755099358,3,1.6631864047679568,0,A,False,False,False,False,True,False
12.541977327550622,18,0,8.973390626968031,1675.4899599587973,0,1.5868716528498752,0,A,False,False,True,False,False,False
9.41919985359131,6,0,20.759626115260403,2195.7477399681097,2,0.720909904513204,1,A,False,False,True,False,False,False
71.47460289054831,2,0,15.579852870973244,4074.401391305683,4,1.04725005580726,1,A,False,False,False,False,False,True
191.81242917413556,7,0,9.606666309974973,1305.073588743935,2,0.6192451271389431,0,A,False,False,False,True,False,False
411.87225053459576,0,0,0.766436021238295,5145.617278486955,7,1.3185251889128164,0,A,True,False,False,False,False,False
31.47957379541922,0,1,20.307396236024253,3436.0013792779077,0,1.1849169342736936,1,A,False,False,False,True,False,False
199.22144602380257,13,0,6.770706566899982,2052.3754071310777,1,0.4509046714225723,0,A,False,False,False,False,True,False
52.13256683070365,5,0,3.813606707003677,283.444273585979,2,1.258044874320579,1,A,False,False,False,True,False,False
44.38258843098555,9,0,44.425369412551504,1197.3112114416917,1,1.2435673823636963,0,A,False,False,False,False,False,True
157.6522920888988,13,0,22.275338425726428,1335.4992597294588,1,1.3281345818976065,0,A,False,False,False,False,True,False
119.43681109790641,3,0,49.15897206958957,1303.042149209135,3,1.0234432890484206,0,A,False,True,False,False,False,False
8.234473372031498,5,0,4.440087932352419,1004.4084359696415,2,1.326324943672225,0,A,False,False,False,True,False,False
321.13076881871604,15,0,27.09944170267154,1838.747533144874,3,1.1701914845391104,0,A,False,False,False,True,False,False
286.03369683387064,20,0,14.0367448231261,2045.350970348605,1,0.6405849486989558,0,A,True,False,False,False,False,False
25.77293107959883,0,1,59.85275982871026,287.79918706639853,3,1.3710231480366541,0,A,False,False,False,False,True,False
87.79146094194269,5,0,43.86986832064257,3241.7616782243203,2,0.621015765463109,0,A,False,False,True,False,False,False
98.77417891072476,8,0,54.16103388218408,336.58087265787833,3,0.5861788537138333,0,A,False,False,False,True,False,False
74.64985032716054,14,0,45.47586997231983,792.569920724598,2,1.1114622189644068,0,A,False,False,False,False,False,True
28.208795187111324,11,0,0.1153554310025913,539.1198335359095,7,0.2637360559033023,1,A,False,False,False,True,False,False
24.38704280024177,2,0,20.268855608848614,615.5948243852381,4,0.7162202037239996,1,A,True,False,False,False,False,False
52.94931391873779,10,0,4.760465195653219,2615.541491861665,7,0.8549905403516441,1,A,False,True,False,False,False,False
223.02298170233044,14,0,18.313076642869934,1208.694153054648,2,1.9392014093645182,0,A,True,False,False,False,False,False
104.82792386752857,2,0,59.14589645828114,1893.3050887263707,1,0.8978640868360653,0,A,False,False,False,True,False,False
34.99701602746262,13,0,0.6023237356702025,1818.2188931417568,4,2.6194793855317346,0,A,False,False,True,False,False,False
137.8323997888991,1,0,12.554841761587497,236.9770994118044,2,0.4748985180927151,1,A,False,False,False,True,False,False
1.7891646863129294,3,0,19.917730601893997,701.9110939501282,5,1.265992399450588,0,A,False,False,False,False,True,False
216.70106874627803,18,0,4.382557600581194,1995.9152287211086,2,1.3834788226868013,0,A,False,False,False,True,False,False
6.768932986824291,11,0,3.825744002383305,1854.6854399265349,2,0.6312117326933445,0,A,False,False,True,False,False,False
35.34195801126834,1,0,0.9336454533390326,268.9859504090724,1,0.9559740637032356,0,A,False,False,False,False,True,False
14.244859808504627,16,0,1.4794127846916498,2499.939223955875,1,0.9488732257190698,0,A,False,False,False,False,False,True
11.546498480401043,2,1,16.039439619091247,1795.1516045853184,5,1.7219555643929785,1,A,False,False,False,False,True,False
219.86025607186187,9,0,10.55434649932675,507.6367624289536,2,0.4862704903000208,0,A,True,False,False,False,False,False
31.148265404236657,15,0,0.45800507368026183,1520.6643984834216,3,2.5588957630714133,0,A,False,True,False,False,False,False
82.74839829158063,21,1,52.430194122931994,912.9769080777028,2,0.3867983454245858,0,A,True,False,False,False,False,False
51.60896023331799,8,0,16.00870458055104,1625.5025578203367,4,1.2360054872111421,0,A,False,False,False,False,True,False
96.78083534106808,10,0,10.868594650852586,259.77376541022903,3,0.6461090601260752,0,A,False,False,False,False,False,True
59.87064206938207,20,0,4.776743347328706,827.092145158635,5,1.2693394286485236,0,A,False,False,False,True,False,False
11.709603662600884,14,0,16.09850580887548,2820.2294388635974,2,0.7184761129478908,0,A,False,False,False,False,True,False
180.46199170654373,2,0,6.79231028743885,1687.587608819283,2,1.9601343889144713,0,A,True,False,False,False,False,False
30.189437157609678,15,0,18.184821493295875,2065.8823283125553,4,1.0515540455268122,0,A,False,False,False,False,True,False
8.43257111709256,20,1,17.212560104404414,909.7474222641517,3,0.8108164717042415,0,A,False,False,False,False,True,False
32.66361629248481,20,0,1.4599559054922129,1722.4048462586795,2,0.5709053395828808,0,A,False,False,False,False,True,False
330.60084745261304,20,0,35.99647216075114,962.494926388499,3,1.2140204333863673,0,A,False,False,False,False,False,True
151.45159826981632,11,0,10.011438648920192,523.285855442541,2,1.252546898255265,0,A,False,False,True,False,False,False
35.93161105055167,22,0,7.487036728980413,896.3006495581897,7,0.8340162690052195,0,A,False,False,True,False,False,False
35.905509612459014,4,0,46.67123619724592,3509.5111593564766,2,1.0148013903886197,1,A,False,False,False,False,True,False
37.115621234941926,6,0,8.649388271404966,2713.126903992095,5,1.1517210890852487,0,A,False,False,False,False,False,True
659.9061185443743,8,0,19.160034415052724,495.8326588186719,2,1.3779106129948502,0,A,False,False,False,False,False,True
86.34255160491604,20,0,15.969097896705911,785.3479779690559,2,0.6070389306013158,0,A,False,False,False,False,True,False
91.47356071842718,17,0,2.707370255155137,523.5379004884752,5,0.7942955479468699,1,A,True,False,False,False,False,False
187.98085919200906,20,0,70.89782440408878,1266.0011854697686,3,1.3572981299322833,0,A,True,False,False,False,False,False
72.71494911421661,7,1,9.343247783538141,2435.2830193903965,5,0.9484250302629751,1,A,False,True,False,False,False,False
40.01080029386574,11,0,7.532512516203186,5571.584338366118,2,0.3912952639246285,0,A,False,False,False,False,True,False
43.136960468594594,19,0,37.813634057916424,350.0367821866397,3,2.2168789698336733,0,A,False,True,False,False,False,False
50.102879861443746,1,0,11.301050032424982,2179.123207052291,0,1.5268874869660805,1,A,True,False,False,False,False,False
52.213094513961835,9,0,18.31561266863188,1089.9111933757583,3,0.4170810249206695,0,A,True,False,False,False,False,False
130.73278781960082,18,0,28.08602495641511,817.5323066062541,3,0.720112165263943,0,A,False,False,False,False,True,False
58.1098429220105,8,0,4.027888844974759,518.9287279765133,4,2.1952782055283304,0,A,False,True,False,False,False,False
131.5212049063798,23,0,2.785306742611401,4554.580685934673,2,1.2558361010915535,0,A,False,True,False,False,False,False
49.557821742580835,7,0,1.064495925345204,297.9449141217137,2,0.48618804413364225,0,A,False,False,False,False,True,False
60.001059978795325,23,0,34.11481944521894,741.1446961134416,3,0.3755695236938834,0,A,False,True,False,False,False,False
4.96373845978184,23,0,3.3540378758322116,1471.2056670765821,7,0.41423971948864974,0,A,False,False,False,True,False,False
163.95519833887275,23,0,5.517209382919541,1575.9770589674413,3,0.7824807242411386,1,A,True,False,False,False,False,False
82.7468685361423,0,0,5.049029123145963,2973.331306481199,0,1.397142524349978,0,A,False,False,True,False,False,False
180.83990404725785,5,0,5.448761780386786,542.102742368189,4,0.46421899025454405,0,A,False,False,False,False,False,True
1.6896029257777057,11,0,16.542066659568402,1807.1558148701347,3,1.329618701945457,0,A,False,True,False,False,False,False
669.1777003684688,23,1,46.22378404427086,1042.7871764419504,5,0.6445172484295243,1,A,False,True,False,False,False,False
46.177489829058274,18,0,5.9949319789021684,1132.489614550657,6,0.3949585961462664,0,A,False,False,False,False,False,True
206.40069071413492,16,0,7.85479198669548,759.2553987482871,3,0.8402440240214311,0,A,False,True,False,False,False,False
15.67571794602486,1,0,22.12013000258621,1248.2441218509546,3,2.682759543477892,1,A,False,False,False,False,False,True
113.90089020281854,10,0,8.493435142328662,978.5686446566625,3,1.9576817123091552,0,A,False,False,False,False,True,False
15.423638871680163,17,0,39.06402446698667,824.6804838664956,4,0.7791681585588752,0,A,False,False,False,True,False,False
25.82846677818609,22,0,10.494061245767677,720.4223608208249,1,1.1092114575828949,1,A,False,False,False,True,False,False
542.8524894953332,21,0,6.4095620517180985,1477.3370256459255,4,0.7475676632446875,0,A,True,False,False,False,False,False
43.431332128722694,10,0,53.405965804239386,378.1486760444283,4,0.373600626970848,0,A,False,False,True,False,False,False
70.87511947889008,17,0,8.321189219850906,940.227108460268,5,0.7374860398705876,0,A,False,True,False,False,False,False
155.10173816022558,7,0,3.943376041509782,593.374679836573,2,1.37612647651351,0,A,False,False,True,False,False,False
98.97014762955442,14,0,2.9347646680843544,993.9353985888638,2,0.5552213171201521,0,A,False,False,False,False,True,False
65.39871998470409,8,0,80.02884685312729,1004.0900622547694,2,1.7081902044957555,0,A,False,False,False,True,False,False
84.60160203014918,14,0,20.97475677309193,2194.0011901803764,4,1.7456912464062113,0,A,False,False,False,False,True,False
976.6210465997472,6,0,7.880456825531873,1857.9185770555528,1,0.7981039579331909,0,A,False,False,False,False,True,False
50.95064624834306,19,0,26.26185510541805,1384.9740309545882,4,1.0571134832215714,0,A,False,True,False,False,False,False
69.49945119452825,12,1,11.87152912328272,1259.1408666767368,0,1.9173946692602108,0,A,False,False,False,False,True,False
192.6327016036606,12,0,5.727464522045982,941.345340044374,7,1.199025661083428,1,A,False,False,False,True,False,False
205.74367945552072,0,0,20.402722849887166,927.5276519728276,2,2.0741841710680173,1,A,False,False,True,False,False,False
226.8834312067595,19,0,20.550100259451646,270.8888741308051,6,0.4159404349662665,1,A,False,False,False,True,False,False
117.50445719450644,3,0,10.40228544327264,1972.386360881584,0,0.7476047394489934,0,A,False,True,False,False,False,False
13.85150796053342,23,0,0.6931463050102433,1357.2568395019196,2,0.8488564365498753,0,A,False,False,False,True,False,False
387.6558024259744,3,0,1.2022561089160306,2864.9304520135356,5,1.8623647468214426,1,A,False,False,False,False,False,True
13.796094272570006,3,0,23.320658197225853,703.6982711360768,3,1.0004479338333119,0,A,False,False,True,False,False,False
78.50501894006794,12,0,26.01450846709848,3005.7901599495026,2,0.691436880482253,0,A,False,False,False,False,False,True
22.084344856608563,1,0,17.011559682582842,940.623234764859,3,0.9459461353721699,1,A,False,False,False,False,False,True
50.55359112989142,22,0,27.401654085071467,693.3062522270752,2,1.2969097298137053,0,A,True,False,False,False,False,False
81.00532492805314,14,1,19.067053290902916,3775.755212200295,4,0.8540626561954533,1,A,False,True,False,False,False,False
80.28868151604436,3,0,34.08587609672907,1467.2046991980285,2,1.5205523560332008,0,A,False,False,False,False,True,False
90.58647370804346,5,0,2.4448139298010565,4174.732961361686,3,1.0599471667206166,0,A,False,False,False,False,False,True
378.589885493535,2,0,7.359011194421863,1256.8837497926088,2,0.8597805222230283,1,A,False,False,False,True,False,False
94.08900178548848,6,0,9.357417664469208,2092.1304148923673,2,1.8031115297261135,1,A,False,False,False,False,True,False
40.731919079518676,5,0,5.300145971375649,2497.295747988036,6,2.053133567176967,1,A,False,False,False,True,False,False
173.6261808053331,2,0,19.38476412990067,875.5948457753128,4,1.7936647543672881,0,A,False,False,False,True,False,False
227.54876946911335,3,0,36.53126169676058,1446.429923525002,1,0.6681764243680572,0,A,False,False,False,False,True,False
12.514282872899651,9,0,7.977731014600598,1240.6293481949306,5,1.8143833073611135,1,A,False,False,False,False,True,False
111.81884247010045,20,0,42.591691885699625,2134.224153014915,2,1.6500521893993796,0,A,False,False,False,True,False,False
126.6474561748584,8,0,10.908904299507999,467.6478549669539,1,0.564118054814278,0,A,False,True,False,False,False,False
38.20337245843806,5,0,11.088357688698107,1773.8476173826077,1,0.845854563045639,0,A,False,False,True,False,False,False
284.53269730374075,19,0,13.752596013641579,2290.1502411640804,1,1.8631592713293685,0,A,True,False,False,False,False,False
45.601166419170475,10,0,4.686407131216153,635.0476075152409,0,1.612359695086796,0,A,False,False,True,False,False,False
63.4778955781477,6,0,7.2520610345024386,541.7704905420856,3,0.7690744710974237,0,A,False,True,False,False,False,False
44.35891977516483,17,1,12.085920600328793,291.01654332955854,4,0.5804553680384018,1,A,True,False,False,False,False,False
55.628455343822715,3,0,42.7052585345865,5783.557452493766,4,1.9155142771921638,1,A,False,False,False,False,True,False
14.650433064249002,4,0,15.437381144736367,610.7302205116339,8,1.3248118309321584,1,A,True,False,False,False,False,False
9.698186806650495,3,0,6.077099966929711,3409.6412483070712,2,1.0182704649507666,1,A,False,False,False,True,False,False
369.9641377238168,3,0,0.15785631417941554,928.5407501912108,1,0.66971973219521,0,A,False,False,True,False,False,False
19.759736990188486,12,0,59.984683883801296,2640.0844417199296,4,1.433183903888841,0,A,True,False,False,False,False,False
16.6153867825261,15,0,10.188207268543577,1745.4229845044908,3,0.5957589194279557,0,A,False,False,False,True,False,False
4.12032425805356,13,0,41.8295907140924,5894.168610060505,5,0.6362537841487835,0,A,False,True,False,False,False,False
25.361845595596726,10,1,11.955805767520804,3486.502734954453,2,1.222447540754055,0,A,True,False,False,False,False,False
11.159512217749786,1,0,13.950706026725246,1300.46887569565,4,1.6400937109017422,0,A,False,False,False,True,False,False
391.6694295923633,21,1,18.667352673714905,1405.1056717318684,1,1.0738621639157484,1,A,False,True,False,False,False,False
183.42034887991198,13,0,5.806476205770197,1888.0425876202157,6,0.8342818528014634,0,A,False,False,False,False,True,False
23.908154322447558,23,0,18.008875932885704,9367.895219365315,4,1.5580701644367672,0,A,False,True,False,False,False,False
814.783933981306,23,0,11.223300755172179,1157.6962523216878,5,0.561241797745069,1,A,False,True,False,False,False,False
177.34883005610848,6,0,16.743090046980388,389.88678395659855,3,0.6216737372057421,0,A,False,False,True,False,False,False
36.973533274945204,10,0,27.103089988197983,1333.7771835043707,2,1.7216692339304205,0,A,False,False,False,True,False,False
2.7202210411961407,3,0,3.054326405262042,656.8576654216907,2,0.553777357579051,0,A,True,False,False,False,False,False
853.3169821755519,6,0,14.261327116029303,1298.574472314455,1,0.40982597192009784,0,A,False,False,True,False,False,False
10.303802891740759,15,0,0.8027732829842532,2754.310149053956,4,0.610399091705126,0,A,False,False,False,False,False,True
7.580062944562014,5,0,1.6157007045974174,1641.3343110810135,3,1.7225265589574643,0,A,False,True,False,False,False,False
186.24900564219564,5,0,16.840235549373556,682.2777629989594,2,1.5631587800809812,0,A,False,False,False,False,False,True
1020.1478916758937,1,0,1.1036914378380434,932.3276530696515,2,0.48104667229109854,1,A,False,False,True,False,False,False
287.4725513782658,23,0,13.571280138863365,467.32016823004614,1,0.6635605834698469,1,A,False,False,False,True,False,False
107.41404475575847,7,0,3.72716267319161,3042.7185474082694,1,0.4752051804020576,0,A,False,False,True,False,False,False
111.46439471557251,6,1,5.4379125918196305,2114.324461222998,1,1.3747551140441852,1,A,False,False,False,True,False,False
152.03316236994294,23,0,2.0826651145450072,459.1264594450925,5,0.5424914908849582,0,A,False,False,False,True,False,False
135.7363373048514,13,1,4.288604456803964,8240.502123533675,1,1.2528129555937857,1,A,False,False,False,False,True,False
76.5106317854247,8,0,25.83001328942166,921.8961975097183,3,0.9017885488394813,0,A,False,True,False,False,False,False
61.870365974466424,14,0,15.278108261818144,1389.1163015038476,1,1.0480467753413054,0,A,False,False,True,False,False,False
50.64741771740918,21,0,44.86409506051588,837.1314129748458,2,0.43221472287947604,0,A,False,False,False,True,False,False
22.092595195682225,17,0,0.7495944227992796,1534.6748301533614,1,1.5623830045302458,0,A,False,False,True,False,False,False
38.9855048979385,11,0,23.582998788964435,1182.3316452816373,2,2.1667825887353023,0,A,False,False,True,False,False,False
7.159583600778351,22,1,18.013522049556812,358.49300591147386,4,2.0962700234461713,1,A,False,False,False,True,False,False
48.520793976638465,18,0,4.534674573025533,2804.0146523590784,2,1.032565617643129,0,A,True,False,False,False,False,False
16.67133323083042,12,1,19.593776803512434,565.3750917837797,2,0.3590057729069577,0,A,False,False,False,False,False,True
14.522407760002807,6,0,18.910716335745512,2284.010974501648,2,0.8342804315870432,1,A,False,True,False,False,False,False
67.75328741980547,9,0,9.224614306279772,910.9708597988672,0,1.1436584667212268,0,A,False,True,False,False,False,False
290.1513674734706,9,0,17.50206383777212,1153.6197128586778,3,1.0694056213620073,0,A,True,False,False,False,False,False
164.3469804403993,1,0,8.820484807501533,1612.740733095082,1,0.4617480850746265,1,A,False,False,False,False,True,False
8.292896256737526,13,0,6.131835304131838,1223.920496363695,5,1.4270932804341832,0,A,True,False,False,False,False,False
16.650599738625353,12,1,9.424188964659283,1988.344729526288,2,1.4704103601457945,1,A,False,False,False,False,True,False
168.83559412223298,21,0,33.82543270293986,622.3114174984754,3,1.4723249637000326,0,A,False,False,False,False,True,False
16.793889965949152,5,1,7.281847207458504,2513.6920857284513,2,0.6987007855728098,0,A,True,False,False,False,False,False
41.69746018034005,8,0,7.754873348209422,480.858817260953,0,0.4845606426397856,0,A,False,True,False,False,False,False
105.64268660731399,12,0,14.06283915749723,528.3361186490856,3,0.7831722601021615,0,A,False,False,False,False,False,True
17.081340248500045,8,0,20.97547227908841,1742.7368996747018,3,1.8031425716119744,0,A,False,True,False,False,False,False
61.9576202752697,12,0,19.89893639531497,2539.2834587280518,3,0.6162177714537403,0,A,False,True,False,False,False,False
11.014024398877151,4,0,0.29996026461187464,1376.1679498091353,3,0.6478524656442256,1,A,False,True,False,False,False,False
26.532193036794972,13,1,17.44319868243137,3618.2975398219824,4,0.5883848055340648,0,A,True,False,False,False,False,False
80.13705216546776,4,1,8.982673029956382,562.9162919018381,0,0.8105650143493535,1,A,True,False,False,False,False,False
8.072050342885671,8,0,11.137896751233406,431.7116411735213,4,1.230552079938827,0,A,True,False,False,False,False,False
92.62598200954871,7,0,12.371520401091447,2144.366950594506,6,1.4029646808388352,1,A,False,True,False,False,False,False
53.32656654783262,6,0,19.735839608133467,1209.353138724143,3,0.5320726177071551,0,A,False,False,False,False,False,True
105.95218901172831,7,0,26.69743237344646,2090.0095692160817,2,1.6586462958888741,0,A,False,False,False,False,True,False
71.42850082222886,21,0,15.587936540895305,481.8229616412032,1,1.7796377070657998,0,A,False,False,True,False,False,False
280.6107607393776,2,0,12.448503929317745,769.2556404075942,3,0.8668688705941832,0,A,False,False,False,False,True,False
63.451091921529894,22,0,7.02054559895466,4421.476287946262,7,0.49991875767705474,1,A,False,False,False,False,True,False
32.61307725245236,23,0,2.2253811195599735,933.7301080373786,4,1.8746075161601068,0,A,False,False,True,False,False,False
63.228617274177566,14,0,47.75903179056438,3433.046415901757,2,1.2062889321617671,0,A,False,True,False,False,False,False
104.78992532214733,7,0,9.29405437252176,2041.492068188641,3,2.5905646776415265,0,A,False,False,False,False,False,True
57.895061329746476,0,0,12.527998606841965,872.7326992134524,1,0.48693785117026117,0,A,False,False,False,False,False,True
57.323463750752396,6,0,20.858942375125437,3392.7853769071526,3,1.1567278968595154,0,A,False,False,False,False,True,False
23.51432887348553,18,0,1.0629449376605167,1423.7990534327425,4,2.0830181893472006,0,A,False,False,True,False,False,False
24.643641082137115,1,1,28.9664619541142,1108.5676667629739,3,1.2617699474547581,1,A,False,False,False,True,False,False
10.143911505605933,13,0,23.920141837149078,1028.7588516201108,2,0.33536881087144094,0,A,False,True,False,False,False,False
445.63137277529347,17,0,22.33677690370834,1557.8519612222753,3,0.3520143206848909,0,A,False,False,False,False,True,False
12.272538420107946,14,0,0.33341890241989897,444.67876772134775,2,2.4565444841113555,0,A,False,False,False,False,False,True
23.772127065019482,13,0,11.21464770080011,2251.1846232429243,5,0.7350931903854302,1,A,True,False,False,False,False,False
23.05565974344142,23,0,0.8369466025482264,1561.07631230396,5,1.269568274812647,0,A,True,False,False,False,False,False
159.79779781155887,18,0,12.006729641122185,694.4083720306753,3,0.5219696919484779,0,A,False,False,True,False,False,False
38.32338890036849,18,0,19.01158923823156,397.51087031961305,2,0.7524026376686436,0,A,False,False,True,False,False,False
244.0298337310553,21,1,1.9490721314717694,897.3644902168745,5,1.6112785784440147,1,A,False,False,False,False,True,False
24.332459744073905,16,0,17.80590472605236,1339.6112285566828,3,1.1517731030426528,0,A,False,False,False,True,False,False
76.30916085155121,21,1,8.954819854967766,1242.373318167618,3,0.7984783817277058,0,A,False,False,False,False,False,True
20.037059543574163,18,1,25.034071663161324,1236.2650202279583,2,1.490637118157521,1,A,False,False,False,False,True,False
716.35722011993,15,0,11.440318940216429,1880.0266963313002,2,0.9724079546729258,0,A,False,False,False,True,False,False
13.129766404276898,19,0,6.1448427323155865,436.78940000661413,1,1.649756436619094,0,A,False,False,True,False,False,False
79.18483888472048,18,0,6.051817138800263,1040.7213979051073,3,0.8067181152184458,0,A,True,False,False,False,False,False
116.80808128896464,0,0,34.16641465394255,1391.6873078610786,3,1.1586895057956725,1,A,False,True,False,False,False,False
89.70790721306801,18,1,9.046076115213323,1585.3509483379667,2,2.7169030945646386,0,A,True,False,False,False,False,False
43.71340516224059,6,0,7.806925963593644,2250.8619769644447,3,1.0820680515973522,0,A,False,False,False,False,False,True
46.72200067732812,22,0,0.6103553961723162,931.8774528994059,3,1.4141428020100835,0,A,False,False,False,False,False,True
57.545374961821985,10,0,6.796008470018298,1144.409263774176,4,0.41744582476163433,0,A,True,False,False,False,False,False
45.7685694068725,4,1,28.419551553697524,605.9303469040929,2,1.0761017469555256,0,A,True,False,False,False,False,False
173.58283839256856,16,0,21.468601231157642,1496.068078252403,6,1.107807832617578,0,A,False,False,False,True,False,False
774.8175652070339,10,1,3.744492270068197,546.5574729405338,3,0.5455379530516392,1,A,False,False,False,False,True,False
27.966569711590584,23,0,7.992403887600405,1735.3755400210273,2,0.8733916459987935,0,A,False,False,True,False,False,False
10.551166520837734,7,0,3.283158899894947,2821.1882294751977,2,0.8649162638131548,0,A,False,False,False,True,False,False
49.109944109283525,9,0,46.25757652629146,1594.998264814849,2,0.5739886353018245,0,A,False,True,False,False,False,False
1206.7079221389647,11,0,13.673946953270901,3061.4328632911493,3,0.7757852730673926,0,A,True,False,False,False,False,False
20.81326488790843,9,0,21.058005453301718,762.9668047415402,1,2.8761476689714436,0,A,False,True,False,False,False,False
390.309559479832,12,0,18.76641952210482,420.32682129596384,2,1.0112117215406597,0,A,False,True,False,False,False,False
408.8061067009242,17,0,31.035165542241685,963.504929922899,3,1.1690126018610776,0,A,False,False,False,True,False,False
28.097879474476066,9,0,44.735661282632066,670.9980974402583,5,2.5672330046847143,1,A,False,False,True,False,False,False
108.07005724547832,18,0,0.4947633192809432,738.9672097156005,1,0.2880885984461409,0,A,False,False,False,False,False,True
385.32068967133057,19,0,55.514997085770474,185.40515091152375,4,2.9358837454568363,0,A,False,False,False,False,True,False
34.641303427985825,16,0,30.666035280677228,1262.0582035429873,6,1.4518778579016354,0,A,False,False,False,False,False,True
42.764296814232964,19,0,7.242015323866014,1115.6649673791724,0,0.5402186622245959,0,A,False,False,True,False,False,False
27.166453998218415,15,0,27.21644954088731,2152.655689875879,3,0.537868050107803,0,A,False,False,False,False,False,True
16.156006873852668,4,1,20.008829730170113,1706.974989620717,3,1.4900077235124003,1,A,True,False,False,False,False,False
25.049827616260576,2,0,23.633837742304845,953.105289800671,0,1.4737071806536417,0,A,True,False,False,False,False,False
12.569480332791324,14,0,3.7402153726818606,2276.243303783283,4,1.242655496199503,0,A,False,False,False,True,False,False
56.87751874466796,1,1,15.685902194862159,2229.0141638253285,4,0.6226483051712229,0,A,False,True,False,False,False,False
21.672238782259274,12,1,0.39401841528303105,742.7862383872753,2,1.1244808114577869,1,A,False,False,True,False,False,False
72.27968402324024,21,0,28.280750197332793,1282.9079143161434,2,0.7245090562661576,0,A,False,False,True,False,False,False
8.439518224350259,7,0,45.25218532430141,3671.651150565505,5,0.872229175977589,1,A,False,False,False,False,False,True
81.21145256453212,22,0,16.276119887764516,1424.0020921542132,1,0.6107132016439866,1,A,False,False,False,True,False,False
148.44800376484568,16,0,10.782195834411466,568.079980957116,5,0.7125490521417622,1,A,False,False,False,False,False,True
4.990405799062017,3,0,19.404693422927394,446.7571626129788,1,0.34924408264194867,0,A,False,False,False,False,False,True
85.53005920597313,18,0,5.925920215950371,337.9659633164402,4,2.1205214992181305,0,A,False,False,True,False,False,False
238.22194734096914,21,0,14.768053600594856,213.1081972331876,3,0.65582696522717,0,A,False,False,False,False,False,True
12.787022348390375,8,1,19.03956469326779,744.5172881313903,4,1.9855849310536193,0,A,False,True,False,False,False,False
406.2979933752133,22,0,2.309174190799321,953.7001892093645,4,0.796641509437601,0,A,False,False,False,False,False,True
90.27159164827995,14,0,2.2635295353014437,502.16974603956623,0,0.7427658660850696,0,A,False,True,False,False,False,False
23.429262448568817,8,1,18.889015507021334,634.3574262541797,0,0.3522232193714666,1,A,False,False,True,False,False,False
51.06386513285177,23,0,8.478765011307235,511.19330082339707,2,2.5927526825934706,1,A,False,False,False,True,False,False
106.69692033229384,20,0,33.0006304316362,309.8416969356124,5,1.689949229024954,0,A,True,False,False,False,False,False
59.8120095683236,8,0,5.608164163799133,957.2844970030795,2,0.6229725002987753,0,A,False,True,False,False,False,False
104.22032740291002,13,0,0.6503583519960384,1872.3560735121891,2,1.584082777903515,0,A,False,False,False,True,False,False
18.086968169248145,22,0,15.742019775267128,729.252937127626,2,1.7080891627412242,0,A,False,False,False,True,False,False
66.90227609105753,20,0,17.291555974651704,2721.3438254419525,2,1.1072485401239955,0,A,False,True,False,False,False,False
10.009579692797146,15,0,12.097816065014943,1239.5531131591194,4,1.0906537370090195,0,A,False,False,True,False,False,False
47.776253453536164,23,1,17.24855117350912,2240.3952689231483,5,0.9936834424979882,1,A,False,False,False,False,True,False
18.45454774288774,22,0,11.127322122581727,1124.7952450412665,4,0.6760765065792953,0,A,False,False,False,True,False,False
22.58676395254158,16,0,17.69568310971265,1876.0914056383886,2,0.8179608172609631,0,A,False,False,False,True,False,False
240.64235094181004,12,0,0.6739784063915258,354.69532999955135,4,0.6167207736907484,0,A,False,False,True,False,False,False
202.26367029162088,8,0,6.89242249397087,2151.602179340261,3,1.6767992703943917,0,A,False,False,True,False,False,False
113.40502983189378,14,0,3.5513541285433092,1102.3529239260733,1,2.2928148061952953,0,A,False,False,False,False,False,True
14.720258619308662,6,0,1.5691809141596678,2639.4888822502335,5,1.198816945115722,1,A,False,False,True,False,False,False
37.34913904713285,0,0,4.000410772461272,896.2345178088623,2,0.7695115101257005,0,A,False,False,False,True,False,False
234.09271152189834,0,0,3.1851058308033102,4417.6242104546545,4,0.8002178214898742,0,A,False,True,False,False,False,False
64.71935433175503,4,0,54.25194790903511,1680.704024170222,2,1.1939730289124326,0,A,False,False,False,False,True,False
882.8854358639655,23,0,5.064557995997411,531.5452701249538,1,1.3224131546531923,0,A,False,False,False,False,False,True
87.52998385324611,8,0,3.939164341270101,2704.034252922055,3,1.0752960452966023,0,A,False,True,False,False,False,False
68.74877648373067,11,0,27.015742891502526,470.4645380091679,1,0.6977598258875782,0,A,False,False,False,False,True,False
37.67739237984965,5,0,8.148068577921801,449.880304434888,0,1.7967375754448225,0,A,False,False,False,False,True,False
64.08748389025789,12,0,8.208855120431345,3074.856441827959,0,1.0649612403122546,0,A,False,False,False,False,True,False
45.46924650043063,7,0,8.793760269124682,1434.1990232390158,3,1.2593030690796594,0,A,True,False,False,False,False,False
127.70595721469188,14,0,8.081549481864764,1162.0182591047883,5,0.34906551208195624,1,A,False,True,False,False,False,False
172.09433403395786,5,0,5.930467112002868,732.7775016493714,2,0.8968027164298156,0,A,False,False,False,False,False,True
21.259686937678776,5,0,5.06021759139292,2133.1602180439604,4,1.4264822844380187,0,A,False,False,False,False,False,True
11.05099485160576,3,1,32.05093482287112,882.3627677492136,2,0.5391901896039012,1,A,False,False,False,False,True,False
6.028833558300457,10,0,2.6458201576630467,1288.5976786159508,4,0.41750034370096784,0,A,False,True,False,False,False,False
100.4429186284939,20,0,2.9962099653355954,445.0587968939722,2,1.760751852183545,0,A,True,False,False,False,False,False
14.526289439351125,17,0,12.719639868866135,1047.1876636971244,3,1.0649361271147166,0,A,False,False,False,False,True,False
4.122794822906488,2,0,6.316112513970803,1261.6830289851978,7,1.1056098606546416,0,A,False,False,True,False,False,False
87.03360647919123,2,0,8.21051240940077,1681.5157513371425,5,1.222682559414023,1,A,False,False,False,False,False,True
1087.4593912859145,11,0,24.640779947665212,1436.873317320653,3,1.1381160540871653,0,A,False,False,False,True,False,False
54.20184270701751,20,1,35.09356998549313,839.8009601946766,0,0.22570367075252917,0,A,False,False,False,False,True,False
149.33452585362897,20,0,23.449316991778733,1377.1603071954305,1,0.8160197217977143,0,A,False,False,True,False,False,False
60.23148548294153,5,0,4.016785141138755,2403.232251465382,3,0.9309074597284697,1,A,False,False,False,False,False,True
48.488779282203616,20,0,58.65882772880756,334.52849823990135,3,1.0841064770916058,0,A,True,False,False,False,False,False
164.49690897203408,5,0,6.768941147220768,960.6587403181384,1,1.0132913030972333,1,A,False,True,False,False,False,False
38.53899350201724,7,0,2.7780928010818307,1295.9222022837675,3,0.8064801061518511,0,A,False,False,False,False,False,True
75.25412932590545,14,0,10.382116466506316,524.3657371467156,1,1.5535035071121825,0,A,False,True,False,False,False,False
80.32150292108207,17,0,19.38035825891937,2307.162020880814,2,0.8672524535571449,0,A,False,True,False,False,False,False
24.490651067082016,19,0,1.304148747423547,1771.5331352979651,2,1.0967696414930075,0,A,True,False,False,False,False,False
179.5494790852208,15,0,15.08859259104234,2436.9366849558155,3,2.2207119987489934,0,A,True,False,False,False,False,False
44.25853755614539,5,0,29.28715692792255,6171.8588627906565,4,0.4871339322694506,0,A,False,False,False,False,True,False
22.045440679516553,20,0,4.5527310644348375,1428.1150676146012,6,0.32193793843996144,1,A,False,False,False,False,True,False
103.93979240128068,16,0,17.719634318243596,874.3355563288962,2,1.1870044994141418,0,A,False,False,False,False,False,True
18.575405519838256,8,0,7.660100279409973,2323.5705067532717,3,1.3411816778569803,0,A,True,False,False,False,False,False
56.476091474007056,18,0,8.019992035410807,685.1442244504168,1,2.9703580621531676,0,A,False,False,True,False,False,False
54.0039506474927,17,0,4.944529582235719,1589.6942337456983,4,1.016213009883334,0,A,False,False,False,False,False,True
200.95372928533845,22,0,14.688210230755784,2513.578228834289,6,0.9156972454650331,0,A,False,False,False,True,False,False
96.50915549650095,4,0,6.717744834575869,2133.9991838619444,2,0.768646165984126,1,A,False,True,False,False,False,False
52.98281679164529,5,1,26.659241770314082,3380.828932932201,2,1.7203243880234524,0,A,False,True,False,False,False,False
145.66647039740613,11,0,49.414267408424806,881.3264619004752,2,1.2898642178368862,0,A,False,False,False,False,True,False
289.5271453159138,10,0,41.020767651144105,1933.8045888782149,2,1.5073515835261946,0,A,False,False,True,False,False,False
106.63079648558532,15,1,2.6712688951041703,1181.1524372512647,5,1.1483464887188422,0,A,True,False,False,False,False,False
55.28066139337062,19,0,0.21437917544793625,1342.9066043130465,3,1.53509333809593,0,A,True,False,False,False,False,False
11.31123547067028,16,0,8.656306855615508,1342.9591861561846,4,2.0181583129545166,0,A,False,False,False,False,True,False
15.208638736082131,19,0,19.578111407527643,1687.7108396598649,5,1.3470581217699558,0,A,False,False,False,True,False,False
37.85376152651966,8,0,56.88380804060699,1067.6989832287882,6,0.7635005675457291,0,A,False,False,False,False,False,True
26.27414451689665,0,0,22.947088675944197,352.00559553519014,5,0.616923591616706,1,A,False,False,False,False,False,True
43.62517693877269,2,0,13.032139994575827,1240.6269633934119,1,1.0807733672253763,1,A,False,False,True,False,False,False
58.438791648263724,20,0,0.40059560823851625,1464.7044829937936,5,2.1312994130172322,0,A,False,False,False,False,True,False
103.09298059351589,22,1,26.190956305295515,1060.5115264061546,2,1.108614126288139,1,A,False,False,False,False,True,False
50.16920871661819,8,0,2.924629796266432,1553.688244331198,2,0.4361075245098312,0,A,False,False,False,True,False,False
97.88584694021003,21,0,0.8581855724012204,993.4816875068894,2,2.432049321497093,0,A,False,False,False,False,False,True
58.9900802121294,18,0,28.492727501103808,882.7887666887274,3,1.2594349477107623,0,A,False,False,False,False,True,False
5.101017962869344,12,0,12.529334228710841,3337.1403153842703,4,0.9558507206629552,0,A,True,False,False,False,False,False
17.686427321276536,22,1,2.063979323720872,6671.712818183106,2,0.9195782417352232,0,A,False,False,True,False,False,False
45.92891766294958,13,0,7.329668368129222,2216.509099147926,3,0.3158656848180167,0,A,False,False,False,False,False,True
12.786198008676294,19,0,1.341350625576029,692.5265228578461,2,0.6607796319438671,0,A,False,False,False,True,False,False
112.15865999986465,18,1,15.242113814905583,1312.9107823421443,5,0.6554840726000315,1,A,False,False,True,False,False,False
342.7156171714872,22,0,4.97821448302609,1236.4995026108013,2,1.3667770878580898,1,A,False,True,False,False,False,False
235.68925517563832,6,0,30.159272981352558,1875.3987219453325,7,0.8996444566164856,0,A,True,False,False,False,False,False
42.26116397035556,3,0,6.642739704496856,1274.775795847901,2,1.7251836087371943,1,A,False,False,False,True,False,False
326.6441539754378,11,0,10.23708133029858,1793.7030284125785,5,0.33992954333264,0,A,False,False,True,False,False,False
65.26141338227758,22,0,0.9844611209909145,4585.7514710898995,4,3.09376005130005,0,A,False,False,False,False,True,False
36.4337970649965,13,0,4.836020409756003,250.96896223925427,5,1.861603732256942,1,A,False,True,False,False,False,False
26.1517681459988,1,0,16.940740411926512,731.417309967175,2,1.2391383059209338,0,A,False,False,False,True,False,False
37.97911396846267,0,0,19.992030059987986,2362.633827593289,7,0.8409229119526944,1,A,False,False,False,False,True,False
34.26717222015273,17,1,4.172350844915307,1058.5240265842324,6,1.4834476253284603,0,A,True,False,False,False,False,False
66.98706002952879,19,0,10.512250707395296,1762.021904168352,3,1.045321027787575,0,A,False,True,False,False,False,False
66.20055041006525,7,0,25.51763339944184,942.144964557004,4,0.9055033920673201,0,A,False,False,False,False,False,True
54.798083690117636,2,0,7.168363644738157,3820.4934816398118,6,1.452978850992687,1,A,False,False,False,False,True,False
92.23372122796697,5,0,2.1540941976095227,2776.704649553758,3,1.5436271368787067,1,A,False,False,True,False,False,False
227.87005442438507,21,0,8.481085484846364,1392.6377827596543,3,1.194258644716814,0,A,False,False,False,True,False,False
170.6244534191064,12,1,13.767954477195511,4185.460350388221,4,0.7874087504575613,0,A,False,True,False,False,False,False
9.190059748910489,8,0,0.11139049574553032,1404.914450284964,3,0.9413826827385082,0,A,False,False,False,False,True,False
2.547964074492183,8,1,6.428722576513378,1156.3098230645917,7,0.5100541474683262,1,A,False,False,False,False,False,True
167.53359419060038,19,0,14.0258286222552,3555.0777096034403,4,0.49597450895361245,0,A,False,False,False,True,False,False
10.588257053678246,8,0,45.52082361621458,358.0355709299808,6,0.7401265233817214,0,A,False,False,False,True,False,False
41.69084322363335,14,0,7.877639803698701,1254.2317291297984,4,1.6239839874885642,0,A,False,False,False,False,True,False
13.408171958555748,12,0,2.6684711012038425,1454.6607874887964,5,1.0606239277109455,0,A,False,False,False,False,False,True
6.281592146773536,21,0,11.460598840959632,917.7316753061219,7,1.610796959001498,0,A,True,False,False,False,False,False
104.55939402738969,15,0,5.047883153723343,604.0081651412769,3,1.907420296801508,0,A,True,False,False,False,False,False
135.7732469445662,1,0,3.6268587104592087,1035.3327236442124,2,1.1986722312930282,1,A,False,True,False,False,False,False
27.335535409901393,13,0,13.388732428499587,327.5846187618271,3,0.5955010721650442,0,A,False,False,False,False,True,False
2.436954854464433,5,0,37.13329416662546,3799.900720891927,3,1.5012392121765055,0,A,False,True,False,False,False,False
28.34658777039029,1,0,27.047543149262676,3954.9812210628506,3,0.567085715571238,0,A,True,False,False,False,False,False
87.37112115415302,7,0,3.0187594998374907,1162.872535802815,4,0.7652910809156139,0,A,False,False,False,True,False,False
9.256315890267684,3,0,21.778787415060446,855.1031382405372,2,1.9696069156362928,1,A,False,True,False,False,False,False
68.03565484629694,20,0,3.9179126096373893,336.4173257575872,2,0.9974533352227166,0,A,False,False,False,False,False,True
53.60424062002048,23,0,5.152177322284066,650.0012726436086,0,1.2593400526719951,0,A,False,False,True,False,False,False
109.41519775848903,13,0,37.89559031554944,3591.46827534007,2,0.36041785283733,0,A,True,False,False,False,False,False
63.02279221134531,10,0,36.29523838855167,1103.7779560791284,5,0.8533092780095751,1,A,True,False,False,False,False,False
16.98477358007219,23,0,2.7702188422514125,727.0391238388938,3,1.1514675257999403,1,A,False,False,False,False,False,True
229.49604632206928,13,0,0.9951719668780046,1138.206976881656,3,1.0488188359481143,0,A,False,True,False,False,False,False
45.139807748167435,11,0,5.203375131980651,712.2911306505224,2,1.4829861145590184,0,A,False,False,False,False,True,False
52.83820732424059,15,0,13.07603785045322,310.68106163627044,3,0.7284889539447725,0,A,False,False,False,True,False,False
17.815670748345298,5,0,31.420359645156733,858.2098789563956,2,1.7747033287250327,0,A,False,False,True,False,False,False
32.07449925120558,19,1,1.8976964172387103,475.29695467565324,5,0.7935719340603234,1,A,False,False,False,False,True,False
18.882522205120296,0,0,8.041087467902987,1544.4246953842633,2,1.0114453976070312,1,A,False,False,False,False,True,False
44.365614805760615,11,0,4.756658854153455,2304.500352611392,4,0.610288575129068,0,A,False,False,False,False,False,True
425.8342457933967,6,0,0.22562288893458038,620.3842899616026,2,1.3189190483317683,1,A,False,True,False,False,False,False
10.524634251174207,7,0,23.299143400276392,1281.4292360010309,1,0.6843052560898815,0,A,True,False,False,False,False,False
7.875260964784064,8,0,25.17251512189062,1083.0231789465902,2,1.140661156180894,0,A,True,False,False,False,False,False
319.06804683279154,1,1,3.750574834140545,608.1423434742431,1,1.5028786562056278,1,A,False,False,False,False,False,True
42.470579426094474,16,1,2.4596866911177355,177.3114435863452,3,1.5866981434526841,0,A,False,True,False,False,False,False
24.461799914939423,19,0,2.3421048061386323,483.13362695390003,2,3.7028763178393693,0,A,False,False,False,False,False,True
190.1637655520112,12,0,9.352838943083885,589.4087331462384,0,1.0035985964102758,0,A,True,False,False,False,False,False
26.397289972221376,4,0,4.245306072632741,1229.8391224101624,1,0.8568060522223272,0,A,False,False,False,False,True,False
488.4375662519246,9,0,10.741805090400652,1332.1536457923053,5,0.7304122284426869,0,A,False,False,False,True,False,False
123.1632911933337,11,0,7.288379436424745,2960.847547233909,2,1.3597250851236127,0,A,False,True,False,False,False,False
30.40193659679633,16,0,3.552749058845637,479.7648422926998,1,0.9381285105036385,0,A,False,False,True,False,False,False
726.8861450022658,20,0,20.8660937773506,569.1397812690092,0,0.6556433697680851,0,A,False,False,True,False,False,False
26.394142021253092,5,0,2.4442069115830196,654.6847239046232,1,0.6451367793991782,0,A,False,False,False,False,True,False
133.02198913674417,2,0,24.059467395939084,941.6298855826192,4,1.8740761159116999,0,A,False,False,False,False,False,True
78.19072985633977,14,0,12.364098038377932,1307.2102819892634,2,1.5538803904494882,0,A,False,False,False,False,False,True
260.36631603903203,6,0,26.760186170731163,1547.1010864635634,5,1.9377542328342088,0,A,True,False,False,False,False,False
355.6024651815324,5,0,0.07155600537210342,243.26114572087658,3,0.49010554820386043,1,A,False,False,False,False,True,False
56.73577583577623,3,0,20.745805408509604,2852.635638612151,5,0.8362519997280629,1,A,True,False,False,False,False,False
22.10709406839459,18,0,0.7933489447274117,1596.6127644378028,3,0.6329390924044552,0,A,True,False,False,False,False,False
94.81869282551271,4,1,44.96562908954089,2222.0166177981914,4,1.0692443483358096,1,A,False,False,True,False,False,False
24.209413770360808,2,1,18.197195717681264,162.20898612269136,3,0.6735248185761119,1,A,True,False,False,False,False,False
611.5915740308002,8,0,5.788738222140626,2133.4980718602787,2,2.0106576325920025,0,A,True,False,False,False,False,False
64.31818442823058,5,0,5.781639622744209,494.6983079049412,2,0.8364993505580282,0,A,False,False,True,False,False,False
35.220001245287975,12,0,29.65244902179246,764.6521476791751,2,2.52997884402235,0,A,False,False,False,False,False,True
68.14354029238423,21,0,34.97096245383769,3453.711274382886,4,1.538879667919689,0,A,False,True,False,False,False,False
10.842227377839897,19,0,33.32521103199842,1855.809379204202,4,1.5719095114030657,0,A,False,False,False,True,False,False
17.014452905667177,3,0,24.811845746107537,638.1984917825114,2,2.3724088714168685,0,A,True,False,False,False,False,False
230.5566701110069,1,0,25.641527610975714,2073.416169103544,1,1.035243096505081,1,A,False,True,False,False,False,False
24.821913334808382,3,0,12.756417906674553,1463.584877742302,4,1.5242751796312022,1,A,False,False,True,False,False,False
15.544499105747132,7,0,0.42955817361374005,791.6445442908894,2,1.1703095224308089,0,A,False,True,False,False,False,False
103.95761864252749,12,0,1.3615666089486522,1604.6011067124857,1,0.6741675909356041,0,A,False,False,False,True,False,False
226.52266034578227,9,1,15.728197622628555,810.3460384104275,4,0.7291778887458011,1,A,False,True,False,False,False,False
129.3787271893992,17,0,7.691541684639061,1494.4836856581385,3,0.9040593324519627,0,A,False,True,False,False,False,False
180.41454359326804,8,0,12.565993343224653,1479.3224053037075,2,1.2520763697558266,0,A,False,True,False,False,False,False
22.01768279046583,0,0,3.9414788139288155,1640.4844946831959,4,1.4566032280138619,1,A,False,True,False,False,False,False
9.9128034555,12,1,15.722374369122946,5112.628578049364,3,1.3243773304781328,1,A,False,False,False,False,True,False
330.8285887056722,17,0,4.17250317144243,2336.0260437146444,4,1.3353517794275724,0,A,True,False,False,False,False,False
37.069116863247196,14,0,9.265386821748276,2440.562927311229,5,0.8705918087869887,0,A,False,False,True,False,False,False
40.40689263749731,1,0,9.77201641423103,719.4428837092823,4,0.32993583252665,0,A,False,False,False,True,False,False
268.76381162621004,10,0,2.9341702803232903,325.7373250147579,2,1.4647304499892124,0,A,False,False,True,False,False,False
106.42877810843306,13,0,31.337254963779856,943.7365926379815,3,0.6711151838167716,0,A,False,False,False,False,True,False
94.35510019721947,21,0,11.192557651771008,743.1482992768157,1,2.938265911603042,0,A,False,False,False,False,True,False
733.6285324149347,14,0,30.236726115624876,1771.6891942332163,1,1.1878795145529701,0,A,False,False,False,False,True,False
25.223551049613533,13,0,4.568063889179278,936.2420546602533,1,1.9918038806338185,0,A,True,False,False,False,False,False
166.2359481732325,15,0,2.8372190725467537,3168.3914767396705,7,0.5761689355800852,0,A,False,False,False,False,True,False
58.46426716243485,22,0,0.2727138531204071,272.7789596733472,1,1.7587432193101111,1,A,False,True,False,False,False,False
75.36257014898388,14,0,1.478499028428667,877.0178271211811,2,1.4301760144400673,0,A,False,False,True,False,False,False
341.77824205098244,18,0,2.3932138402125105,1477.6877610197355,2,1.207577476942369,0,A,False,False,False,False,False,True
100.4241692177601,8,0,1.232076421075767,502.4815029022285,4,0.5912483654064153,0,A,False,False,False,True,False,False
104.16282448244587,4,0,34.077826275874614,2262.097889926009,0,0.7031723377895921,1,A,False,False,False,False,True,False
197.75102793169245,4,0,36.360838266234495,2203.706546408228,1,1.387434567291148,0,A,False,False,True,False,False,False
35.23559257909308,10,0,41.55590833575013,776.6635378597182,3,0.7032818064973291,0,A,False,False,False,False,True,False
19.94439994048227,19,0,48.231041659166806,9128.092381398308,2,0.6605470057704177,0,A,True,False,False,False,False,False
15.583754090699257,23,0,10.154236363045987,448.43051393146675,3,0.776665291361173,0,A,False,False,False,False,True,False
5.157088070347653,3,0,11.326125066426522,373.4905124439672,2,1.285625235120142,1,A,False,False,False,False,True,False
643.8389105574041,19,0,2.103255581631047,750.4047846918822,3,2.0354305372966923,0,A,False,False,False,False,True,False
14.529048077191135,17,0,2.2110133257985645,1276.9548337919305,4,1.2300074931738427,0,A,False,False,False,False,True,False
41.86690473507162,2,0,22.225993188688847,301.6911690410231,5,1.84009279812263,1,A,False,False,False,True,False,False
39.16658814608537,3,0,29.04093580231088,1799.7501634822622,0,0.9319665417214388,0,A,False,False,True,False,False,False
78.95578698411957,13,0,23.03684853822457,7849.733132044619,4,2.7713468626903355,0,A,True,False,False,False,False,False
145.3122179872888,6,0,26.98863882034344,359.8154226311375,4,1.9454162874948213,1,A,False,False,False,False,True,False
153.3262778955502,7,0,4.856278882644978,1283.2272537736112,3,1.5639847923312389,0,A,False,False,False,False,True,False
27.120965777890426,23,0,9.41223958828156,2359.8705507075447,1,1.2567419009907141,1,A,False,False,False,False,True,False
44.67678178223378,15,0,9.220569211241713,2023.4222323887407,1,1.2193688213102627,0,A,False,False,False,False,True,False
76.63822250321878,19,0,80.3500161605601,6165.500868791866,7,0.4745844059904208,0,A,False,True,False,False,False,False
40.51088277782043,14,0,44.69139514631983,753.3269800454862,1,0.4634910231778202,0,A,False,True,False,False,False,False
375.7089187144349,6,0,13.687697130370221,5371.098708639301,4,1.3865529698774197,1,A,False,False,False,False,False,True
98.4127079906411,16,0,2.2270326113087675,1045.0179857898072,1,1.0369924298659525,0,A,False,False,False,False,True,False
131.8748468970976,21,0,4.488144677798199,729.1097438232728,1,1.3244887633019151,0,A,False,False,False,False,False,True
120.959710902277,21,0,6.782728085307139,4931.054729083151,3,0.5684056937475225,0,A,False,False,False,True,False,False
223.2224100646215,21,0,30.978542919378015,817.153350285884,2,2.141628691743459,0,A,False,False,False,False,False,True
67.84501213384404,11,0,2.80637797680396,2583.5614620981614,4,0.9039682305855766,0,A,False,False,True,False,False,False
11.516740384019657,17,0,3.7220541909713982,739.4175141106607,4,1.2093497964062745,0,A,False,True,False,False,False,False
88.20163869099807,23,0,6.447551034931561,395.74050156308107,3,0.7775780546324282,0,A,False,True,False,False,False,False
24.987400740434026,13,1,39.240994524058515,396.6281312401361,4,1.1773571648081878,0,A,False,False,False,False,True,False
28.952599186336247,14,0,10.512008621419627,1928.4824600040363,2,3.292044125803963,0,A,False,False,False,False,True,False
110.34775879256122,14,0,15.612342664942101,468.18282730769977,6,1.783859409911737,1,A,False,False,False,True,False,False
241.27556070617769,4,0,7.346320376189002,926.9783718355185,1,0.7524099779983456,0,A,True,False,False,False,False,False
56.0097561252354,15,0,3.133472094085291,652.2017429590423,1,0.604662375430419,0,A,False,False,False,True,False,False
79.09104166861955,4,1,3.7808737941976918,542.9188370770205,3,1.1941128855242154,1,A,False,False,True,False,False,False
421.01056718205655,1,0,24.34326013436337,598.5486318962854,1,0.8477193513870129,0,A,False,False,False,False,True,False
72.88652760254172,19,1,33.591624806690575,1294.4143178658946,3,0.7127353345693487,1,A,False,False,False,False,True,False
1238.9502618232698,8,0,10.190902637920335,101.2570915856618,1,2.7013550755466356,0,A,False,False,False,True,False,False
107.62054570974944,21,0,6.6240306574635195,2154.3893583401896,3,0.37190171578930237,0,A,False,False,False,True,False,False
6.6000992646186845,8,0,24.741024172122223,389.1828405690937,3,1.4262378354297733,0,A,False,False,False,True,False,False
134.8293554709215,3,0,16.77127473219116,430.9818816725495,1,2.6417094831938006,0,A,False,True,False,False,False,False
86.26207635836452,14,0,0.6259920359106977,345.4319678649832,1,0.5599506946594236,0,A,False,False,False,False,False,True
256.64743759172563,10,1,6.478851159664259,1360.1310969679612,3,0.811824423719574,0,A,False,False,False,False,False,True
122.46406273595467,0,0,17.193720013758,3537.3056414574435,3,0.8484169004281366,1,A,False,False,False,False,True,False
46.24035118744497,17,0,12.788469291872689,983.8632703960541,2,2.2362519848786624,0,A,False,True,False,False,False,False
12.56408210319846,0,0,57.29665512676145,1555.4314714226186,2,0.985411323096072,0,A,False,False,False,True,False,False
42.48589299315654,7,0,30.16165322195721,1687.6218883206227,2,2.785051579409864,0,A,False,False,False,False,True,False
19.675524555190183,15,0,0.9239572598820985,1984.1732495967312,3,1.5309815694530953,0,A,False,True,False,False,False,False
27.204213250841097,21,1,19.406767788466826,491.342493670198,3,0.8385116448098606,1,A,False,False,True,False,False,False
110.6413717174953,17,0,6.149477048418048,3923.60194986409,4,0.5688305665940773,0,A,True,False,False,False,False,False
404.99932693719444,21,0,17.18946003936028,839.5199998812088,3,0.6032314795474141,0,A,False,True,False,False,False,False
87.67228560309447,8,1,14.404602726824967,1373.1297092089676,3,1.3928167306557515,0,A,False,False,False,False,True,False
12.999882585781387,11,1,10.488995745644043,972.6458932446437,2,3.613583981036542,0,A,False,False,False,False,False,True
93.08594459789082,18,0,28.754693749707883,767.8680558423799,1,0.7892320580192336,0,A,False,False,False,True,False,False
229.5125664958574,17,1,18.50050209958916,2325.416938092097,1,0.725413823193279,0,A,True,False,False,False,False,False
26.265610941795448,4,0,33.048579843407396,1822.7262860936125,2,1.3874051744610432,0,A,False,False,True,False,False,False
46.487311295594665,1,1,4.961009710386151,190.76877807005147,3,0.9064798084802059,1,A,True,False,False,False,False,False
55.569018997173934,6,0,6.418594890820478,1533.5275755873156,5,0.7928005854497365,1,A,True,False,False,False,False,False
21.287542113369117,9,0,14.590985811586743,5872.875714414619,6,2.173364207024253,0,A,False,True,False,False,False,False
118.85883406924395,14,0,50.927232478919926,1272.308776059862,3,2.1475508822377236,0,A,False,False,False,False,True,False
47.22211030958233,6,0,6.968248303653676,728.7565278177242,2,1.1538461718112754,0,A,False,False,False,False,True,False
90.327227049468,4,0,0.49239892853242956,806.9285951776551,4,0.7218981722887258,0,A,True,False,False,False,False,False
18.821679806640574,14,0,8.855825492297424,699.5658490574236,1,1.2141489200366489,0,A,False,False,False,True,False,False
32.29944474785306,19,0,11.776620198879273,437.3706152735271,4,1.6692423289959293,0,A,False,False,False,False,True,False
129.9120430308289,19,0,24.215807750890065,946.0137294041227,3,1.9610531201167989,0,A,True,False,False,False,False,False
34.9039574753857,14,0,19.562449502666546,942.5830249555293,2,1.7546973422777001,0,A,False,False,False,False,True,False
433.7015485887974,9,0,50.142235050634845,1772.4718693965394,3,0.2740638376268032,0,A,False,False,False,True,False,False
33.799181197262314,23,0,22.89595590158601,721.9881727036195,6,1.2788106005938158,0,A,False,False,True,False,False,False
71.4945820212511,13,1,5.320762280910874,5479.343248273585,3,1.4701626449291256,0,A,True,False,False,False,False,False
167.18633991627473,9,0,15.382392211143078,518.342150369206,0,1.588289068785636,0,A,False,False,False,False,False,True
9.953867015886305,16,0,16.73215930227704,1233.7440377974724,2,1.196323763016315,0,A,False,False,False,False,False,True
6.599734530837622,20,0,93.37377717674022,603.014823189591,3,1.0218768109643137,0,A,True,False,False,False,False,False
8.751388929004658,13,0,2.240346306620144,712.7041091073299,5,0.8636385484409728,1,A,False,True,False,False,False,False
248.4150470505643,1,1,3.185381921895607,876.934346104268,3,0.6724664203319589,0,A,False,False,True,False,False,False
28.156274499339645,15,1,2.5354004877088805,1290.8427562385766,2,0.7287831784385616,0,A,False,True,False,False,False,False
1175.958857587458,12,0,13.339625075413975,2084.5780952241607,5,1.9949917233798495,0,A,False,False,False,False,False,True
27.740761937400112,8,0,2.180608395352251,755.5779303999207,4,1.4295185116048588,0,A,False,False,False,True,False,False
68.132992270644,6,0,16.007040471990685,331.13948185101367,6,1.5113438305313933,1,A,True,False,False,False,False,False
347.4191385411018,15,0,24.427327230061707,3280.3636949450815,2,0.7527972708415168,0,A,False,False,False,False,True,False
606.261533130373,9,0,8.505462433340806,501.84243485658527,7,1.3063957943409317,1,A,False,False,False,False,False,True
647.9440123750121,23,0,12.3380815463238,900.3716230972516,3,2.5102678206637057,1,A,False,False,True,False,False,False
232.7673546160587,21,0,36.57986710198717,1146.0945644813119,2,1.0718460850766434,0,A,False,False,False,False,False,True
186.58278555588387,8,0,12.644416282277,1010.5408834918962,4,1.4855674100620087,0,A,False,False,True,False,False,False
111.16686258184235,21,0,3.509381482727977,354.4114128765663,1,0.776692391609155,0,A,False,False,True,False,False,False
138.93876429192397,22,0,6.305494182161811,2185.591516880806,0,0.8232584821035128,1,A,True,False,False,False,False,False
28.17900340191764,6,1,11.32041840124082,115.05321842938578,0,1.153621592883271,1,A,False,False,True,False,False,False
20.453649779575812,15,0,2.5244636504097335,2401.4599718595605,4,0.7063858811169081,0,A,False,True,False,False,False,False
54.377510100264054,8,0,14.221359292749206,2765.8274535577507,2,0.688401455594893,0,A,False,False,False,True,False,False
44.512874100922055,23,0,107.85360089227714,2258.735305672208,3,0.9190320622227012,0,A,False,False,False,False,False,True
31.693966793790583,16,0,15.856368563622361,859.7219154722926,3,1.1073924231611834,0,A,False,False,False,True,False,False
125.92228575571306,19,0,6.9880502225511405,1216.2488585649512,5,0.7362209466736706,1,A,False,False,False,False,True,False
171.80605446486115,6,0,6.046315109508849,641.9957444524078,5,1.089734633198297,1,A,False,False,False,False,False,True
60.70877575924586,10,0,40.23646547494867,1158.563344883051,2,0.5706736944313241,0,A,False,False,False,True,False,False
321.5123952176861,7,0,30.779063873401096,1814.0647839796864,2,1.0855614298197636,0,A,False,False,False,True,False,False
13.873396189975502,6,1,9.590076464429146,456.6733455823804,2,0.3879219132991009,0,A,True,False,False,False,False,False
43.27645180548669,18,1,6.540749080346232,984.9292538714029,4,1.7173113132644664,0,A,True,False,False,False,False,False
23.099551812347208,19,0,18.592149252825752,748.6271020390919,5,0.4598883351360453,0,A,False,False,False,False,True,False
5.81334455133119,11,1,5.664155869472292,2802.574831435482,3,2.1764572221050145,0,A,False,False,True,False,False,False
49.44115512171025,6,0,1.9073318426827337,516.5423247407845,2,1.2388992202195277,0,A,False,False,False,False,False,True
47.176835081176804,7,0,5.569264548967378,1809.7168176432513,4,1.343596025366564,0,A,True,False,False,False,False,False
335.6737452262972,6,0,8.545264112412243,1051.3067698547197,8,0.8034974458189058,0,A,False,False,False,False,False,True
116.39318918926648,5,0,4.423850934579279,992.8611743945636,3,1.3117022761960195,0,A,False,False,False,False,True,False
15.97421421772442,8,0,3.6657706987270626,1853.5602294498888,2,1.0985299807831608,0,A,True,False,False,False,False,False
505.1781198196216,12,1,0.09238636477839862,806.5855193063934,2,0.5623678706465703,0,A,True,False,False,False,False,False
236.3326708367225,6,0,14.947989885398005,1191.0806830722333,3,1.4697830286268507,1,A,False,False,True,False,False,False
109.78426844361685,7,0,14.296224740926307,2667.4630187905955,4,0.6592825995297559,0,A,False,False,False,False,False,True
41.60494712123558,21,1,3.1242903045287562,588.9983689303684,5,3.221911459498636,0,A,False,False,False,False,False,True
17.26485471718786,16,1,43.14261469312317,1362.0970229875877,1,0.6759055020710596,1,A,False,False,False,False,False,True
34.93020294025668,16,0,7.903585820239815,2219.5919866872587,1,0.4453647692082132,0,A,False,False,True,False,False,False
201.64290654673283,15,0,0.38714483499693786,1593.2806032106346,2,2.332140384930761,0,A,True,False,False,False,False,False
524.0062266244506,21,0,3.7225348242007565,3056.2588386051348,3,1.4763438927956973,0,A,False,False,False,False,True,False
347.8920511911498,1,0,17.668119371881904,996.3776310634984,5,1.2554358708114683,1,A,False,False,False,False,False,True
30.3677349319113,7,0,3.3775571648315843,1876.4643318379676,3,0.7585119699898241,0,A,False,False,False,True,False,False
14.245756602003906,16,0,0.8313026403849808,2649.6202113120007,4,1.0327611494843372,0,A,False,False,True,False,False,False
64.65487421677007,12,0,14.423488680080501,283.3636329843616,4,0.9242616935494593,0,A,False,True,False,False,False,False
6.5395788104581,17,0,10.95821274063606,792.0119894640115,0,1.5627100738366841,0,A,False,False,False,False,True,False
80.46330620956412,23,0,21.48606946544038,1485.1251402330909,0,0.7435076182180055,0,A,False,False,False,True,False,False
45.73559580896799,21,0,22.217741092337597,2290.3915382632904,5,0.7778956841284739,0,A,False,False,False,False,False,True
31.210550595304543,9,0,48.258877172579794,1332.5273220339677,4,1.4348179978827094,0,A,False,True,False,False,False,False
8.055509918992504,1,0,0.8806140149291233,3352.007536797259,4,1.943292811453221,1,A,False,False,False,False,True,False
101.12123341721689,1,0,0.5965479077708441,715.2720264568676,5,0.8238829589447442,0,A,False,False,True,False,False,False
28.81104995087177,13,0,65.37119267710378,408.3391249942181,1,1.3812115603813404,0,A,False,True,False,False,False,False
13.411328994893552,15,0,15.528136016440746,2070.9229112978046,4,1.6816056025550086,0,A,True,False,False,False,False,False
1.7389567145504106,6,0,18.84850625718271,1001.8475196697867,3,0.6318070656317497,1,A,False,True,False,False,False,False
52.824870601999145,20,0,1.52188902701055,561.027995638966,4,0.8702683741267206,0,A,False,False,False,True,False,False
457.9233976121417,20,0,1.0855395813702151,4301.565154469345,3,0.4242892183297193,0,A,False,False,False,False,True,False
400.819442352413,23,0,2.6198299540139893,1993.2195105849976,4,2.801929012956707,0,A,False,False,False,True,False,False
31.547189118319164,11,0,8.358164800271574,1846.262582603412,6,1.1305029245734504,0,A,False,False,False,True,False,False
26.505321590458067,22,1,1.750976909687801,3923.036320596454,2,1.5771639564508921,1,A,False,False,False,False,False,True
95.82552665789053,13,0,8.867897899960656,804.5880226597166,3,0.8204784888239669,0,A,False,False,True,False,False,False
16.476538714696925,3,0,12.367160214090255,3397.3771570054864,6,0.7805098570020892,1,A,False,True,False,False,False,False
78.42559020576229,3,0,0.004995349968335958,1532.7345051840714,6,0.9485942172969595,1,A,False,False,False,False,True,False
136.9062430242785,17,0,1.8197340370623674,684.2220685007724,3,0.9158107543295408,0,A,True,False,False,False,False,False
238.01170869554954,2,0,7.054739772784128,1090.5159366346218,6,3.2645075750863235,1,A,False,False,True,False,False,False
48.415262659861106,0,0,0.8220674458946294,1273.1731156161181,7,1.2197231757443232,1,A,False,False,True,False,False,False
42.759504569722985,16,0,2.1498991134077112,2670.9058897971577,1,1.4029190485843275,0,A,False,False,False,False,True,False
19.03769375839475,6,0,3.9555069656677433,372.4083476689041,1,1.010762804709076,0,A,False,False,True,False,False,False
20.24167453930094,15,0,8.42129833711751,270.7579006401501,3,1.0407520304477267,0,A,False,False,False,False,False,True
41.60520708381843,4,0,18.820425397447156,584.0290489433811,6,1.4050962705868293,0,A,False,False,True,False,False,False
84.84606445122826,18,1,2.135358161586421,1038.789625806505,5,0.9826175322067405,1,A,False,False,False,False,False,True
163.4164011264921,6,1,20.088789978564265,1942.140937434596,3,2.015750152706311,0,A,False,True,False,False,False,False
20.8256470663489,13,0,28.97160674894283,760.3151967553229,1,0.6623462003763269,0,A,False,True,False,False,False,False
327.41428078387776,1,1,15.810841852184371,1531.0602185069044,2,1.836930779413261,0,A,False,False,False,True,False,False
39.434918444519944,2,0,0.6706571642743889,3954.1081106817846,2,1.793858567052045,0,A,False,False,False,False,False,True
53.21600765093721,16,0,8.714797127410703,281.627347772963,4,2.834362341254293,0,A,True,False,False,False,False,False
22.272349692535297,15,0,16.18505704001403,983.5500733033922,3,0.41792824587239924,0,A,False,True,False,False,False,False
2.9769869180155433,7,0,57.604701637489335,7597.4883362311075,1,1.715633434967035,0,A,False,False,True,False,False,False
157.72523112665993,17,0,45.48855449104128,621.0580672556154,4,0.7175591808360179,0,A,False,False,False,False,True,False
132.18635093479006,14,0,7.555346034272778,570.4872870843315,1,1.5646679620486545,0,A,False,False,False,False,True,False
38.95499211844298,6,0,14.353998646330215,1663.7833341387745,1,1.5590986345782292,0,A,False,False,False,False,False,True
59.16847366925692,8,0,33.2206940609276,717.7996344143965,3,0.6520388759476554,0,A,True,False,False,False,False,False
101.40547271458672,5,0,26.671953819337467,2593.1480861644745,7,1.4289606366564989,0,A,False,False,False,True,False,False
8.372436754791885,17,0,9.792228413803768,7943.171633162442,5,0.8446577760750399,0,A,False,False,True,False,False,False
28.937455301377707,17,0,4.5417596324551175,1164.1966349946194,3,0.7077506063049886,0,A,False,False,False,False,False,True
141.6157799741775,23,0,2.211846117209366,9800.22255987807,2,0.3905583340921233,1,A,False,False,False,False,True,False
12.119948024166927,13,0,10.040878426361308,763.2998426341994,3,2.0245294926576562,0,A,False,False,False,False,False,True
77.6545014237286,13,0,19.247722812430286,959.0041363632387,4,0.955375509892919,0,A,False,False,True,False,False,False
10.719900077300947,13,0,52.483664752643016,508.8328728708937,1,0.5914242326761695,0,A,True,False,False,False,False,False
95.5563359618148,3,0,29.68741834687975,765.0195854013132,4,1.171709170694028,1,A,True,False,False,False,False,False
52.312231794150904,3,0,3.426882698417101,905.9986525575658,3,1.0545340155307252,1,A,False,True,False,False,False,False
7.860433997733437,14,1,19.082603780908233,1527.1972344811923,4,0.6311620380020108,1,A,False,False,True,False,False,False
220.89494474423304,14,0,5.118379047154346,404.69898699140384,4,0.6372441593365558,0,A,False,True,False,False,False,False
22.61221185348289,17,0,17.255181775188717,724.8513909896841,4,1.739877939787573,0,A,False,True,False,False,False,False
20.649623268464754,13,0,16.4404800278325,739.7018410494873,4,1.1115732011578499,0,A,False,True,False,False,False,False
69.45527614166731,0,0,4.770688399774454,2241.355089876408,3,0.7235859277503989,0,A,False,False,False,False,False,True
216.66769477256437,9,0,4.006208626182617,1203.8929161571023,2,0.8265011708463263,0,A,False,False,False,False,True,False
16.135370975699114,19,0,1.646181105348743,1204.0658433165033,3,0.8330672710855695,0,A,True,False,False,False,False,False
58.79258960387828,9,0,0.7779224178658636,1172.1619987598945,3,0.4322982289763063,0,A,False,False,False,False,False,True
91.33917727142784,9,0,29.326646218403134,271.59387210256756,2,1.6014938673469712,0,A,False,False,False,False,True,False
125.42735278754597,23,0,0.7670216248395036,3967.236157135544,1,0.8331113432113313,0,A,True,False,False,False,False,False
67.47315845887525,1,0,1.3939245285997992,523.2447196939286,3,0.9258074857705848,1,A,False,False,True,False,False,False
35.147960474915834,7,0,4.09391258325318,2235.1434660548734,6,1.3243514094346849,0,A,True,False,False,False,False,False
20.22443921457663,0,1,32.79315619070714,915.8588963388424,2,1.8632387485189708,0,A,True,False,False,False,False,False
60.544138417439484,0,1,6.073137336065736,672.3903072027477,3,1.1060044393781145,1,A,True,False,False,False,False,False
15.080962482118865,3,0,3.1941776815681884,2527.441517754753,4,0.5797381271893998,0,A,False,False,False,True,False,False
1.6394804941711885,6,0,18.858256631241026,422.0212799627745,2,0.8830066252446183,0,A,False,False,True,False,False,False
92.19185305409752,8,1,5.7644311220362265,451.57503159329934,0,0.9662742028288602,0,A,False,False,False,False,False,True
161.53499545351352,15,0,6.082725997055355,1243.867734944687,3,0.40037597649080886,0,A,False,False,False,False,False,True
3.204259688775859,4,0,20.147178074190677,1273.8484911232695,1,1.2687490102771453,0,A,False,False,False,False,True,False
16.253741921314212,1,0,4.348323876536918,2112.443585844839,3,1.3894361428871251,1,A,False,False,False,False,False,True
114.77631109045679,22,1,34.060490493248125,1945.4470019561727,2,1.0474120356665682,1,A,False,True,False,False,False,False
644.8350603164017,10,1,12.363253044909754,1037.4445871646162,4,0.6584191703972391,1,A,True,False,False,False,False,False
55.97764693705141,17,0,11.577392890439281,1192.2209698837144,5,1.111939379323729,0,A,False,False,False,False,False,True
22.791700818888042,18,0,4.6132161213763565,976.3156265710725,4,1.6692330974022396,0,A,False,False,False,False,True,False
43.83901922400047,12,0,27.03572590441329,3409.3391549890553,5,0.8971322060014035,0,A,False,False,False,False,True,False
284.24930937202384,23,0,12.755773586689031,499.8750422697965,4,1.4895547317087072,0,A,False,True,False,False,False,False
25.14962497869203,10,0,2.535452067610246,1124.7506453385142,3,1.2412861047177366,0,A,False,False,False,False,True,False
20.925522621880358,19,0,3.4657125293080835,2029.652137103176,0,0.3880328551159486,0,A,False,False,False,True,False,False
30.591058897868418,18,0,9.47389405486602,2665.044477162529,2,0.7727061994089657,0,A,True,False,False,False,False,False
17.391918948437212,16,0,22.687514648844875,642.7872587454449,5,1.2987277441107687,1,A,True,False,False,False,False,False
63.2569105403093,4,1,42.02600578976996,504.50571070885724,6,1.0688126598600178,0,A,True,False,False,False,False,False
383.6052964609114,12,0,16.33729589555099,406.19981155705693,2,1.6000833272832606,0,A,False,False,True,False,False,False
80.45476714973847,19,0,10.582646740637497,833.5018846033536,4,1.1255596904302576,0,A,False,False,False,False,False,True
40.33323413442154,0,0,4.3298777855497965,1343.9178817696115,3,1.384054505971996,1,A,False,False,False,True,False,False
38.46799040035456,9,0,16.76087098396787,751.6386088749634,3,0.8459375674778301,0,A,False,False,False,False,False,True
8.365959479745275,7,0,60.46189191788101,1918.6200196502452,3,1.1819387149853795,0,A,False,False,False,True,False,False
157.54824559178277,23,1,9.700323846853717,1040.6016343375038,3,0.5998279938011352,0,A,False,False,False,False,False,True
49.72935305957595,7,0,2.6535974907782083,1785.7651356455833,5,1.5447107179694048,0,A,False,True,False,False,False,False
43.96632955952578,18,0,1.6361876773976995,1233.662416780176,1,1.145458106285635,0,A,False,False,False,False,True,False
2519.2816526940255,5,0,4.7053850347174055,284.802107048404,4,0.5445610889052875,0,A,False,False,False,False,True,False
78.1401094282624,11,0,12.640099219586892,437.08270531897983,1,0.8920378397051014,0,A,False,True,False,False,False,False
22.15029334313357,6,0,44.0069479825986,2767.474688985969,3,3.4941005740472875,0,A,False,False,False,True,False,False
32.73257909600762,15,0,5.332243743095722,518.2425768651215,1,0.9086249597016968,0,A,False,False,True,False,False,False
216.61787380466356,8,0,5.466096425627619,2167.985376196838,2,0.8570348288215295,0,A,False,False,False,True,False,False
62.54738895056001,20,0,9.84296429606246,1213.1739457464607,1,0.683971173657079,0,A,False,False,False,False,True,False
9.718841518397518,21,1,37.61507764148293,498.87786735307753,3,0.5831070982427794,1,A,False,False,True,False,False,False
164.52700510275295,9,0,8.146489170954645,1997.6285253322933,2,0.6135000989410618,0,A,False,False,False,False,False,True
24.489074941741325,9,1,3.789152997344869,748.3423224675284,1,2.7427988741535794,1,A,False,False,True,False,False,False
516.9557761360563,9,0,2.67131445751592,1237.996688065979,2,1.2003814003069702,0,A,False,False,False,True,False,False
199.54857269635832,19,0,9.160113957269834,927.1509966664385,2,0.493200717114599,0,A,False,True,False,False,False,False
31.919392013672564,15,0,24.192462608416918,126.04546592000648,6,1.0098028065080817,0,A,False,False,False,False,False,True
253.97088490296056,0,0,5.165953811444352,1879.9544724651812,4,1.6727917552960516,1,A,False,False,False,True,False,False
59.22990774010755,16,0,10.777671436050785,2025.8509660951047,1,1.2366538180817204,0,A,False,False,False,False,False,True
151.91610233618897,20,0,13.857597537726638,738.5908591317354,1,0.5027591538368904,0,A,False,False,True,False,False,False
97.6782955917561,13,0,8.980389909774132,1833.3279250177923,2,1.3830700607454354,0,A,False,False,False,False,True,False
19.774080490942897,18,0,3.1921489389709143,545.9883352220155,5,1.0152406401149872,0,A,False,False,False,True,False,False
25.222594532055258,20,0,38.21686825541794,554.9682924129653,1,1.113028927241636,0,A,False,True,False,False,False,False
187.90809390631128,20,0,12.501637592969729,1328.3453908833353,3,2.523497977642439,0,A,False,False,True,False,False,False
36.534959673747665,16,0,19.591986940401473,628.3423993541101,6,0.9899980287573134,0,A,False,False,False,True,False,False
33.636838291511765,13,0,15.160793476991824,988.9633689110555,3,0.70462369772482,0,A,False,True,False,False,False,False
17.354518500309773,7,0,93.58367882973484,517.3862427176695,7,0.4210970461305299,1,A,False,False,False,True,False,False
90.7690963141377,20,0,9.14064442149133,392.4212716220845,1,0.7069129879143096,0,A,False,False,True,False,False,False
648.7386266115204,20,0,8.300057893539305,1294.8735054693382,7,0.6863935447487544,0,A,False,False,False,True,False,False
15.164550542664982,8,0,6.697585009163507,1304.5792847695102,6,0.38550749754549135,0,A,False,False,False,False,False,True
56.20823902411983,7,0,6.732522195109452,1113.6123006068228,2,1.3989964469092702,0,A,False,False,True,False,False,False
297.2770899025815,12,1,4.839698226620934,869.1411635189921,2,1.2870386505593405,0,A,False,False,False,True,False,False
49.62180383100902,16,0,59.16054393642058,624.6093851591987,1,0.9883065598373808,0,A,False,False,False,False,True,False
93.9578385416762,18,0,30.693819658648312,461.76365184423366,2,0.6075973302554503,0,A,False,False,False,True,False,False
15.258363305784215,6,0,5.711726566619349,447.5021412410638,2,1.1328977986293498,0,A,False,False,False,False,False,True
91.28336017862979,16,0,5.462595725724519,676.4775946912011,2,1.3692285292503557,0,A,False,True,False,False,False,False
43.61612327994419,0,0,1.6394234643913532,2482.511217771629,0,2.419325924869508,1,A,False,True,False,False,False,False
178.19456137963465,4,0,31.437327803117444,1319.2270642617575,3,1.1901678177118735,1,A,False,True,False,False,False,False
226.98030733219673,5,1,6.972639770329893,1462.9355769105218,3,1.2591913644107713,1,A,False,False,False,False,True,False
1221.0621459779884,1,1,12.751064252814437,401.59014637730115,3,1.0877671248269327,1,A,False,False,False,False,False,True
109.46006809952233,15,0,34.595543006616786,1272.2878857887724,4,0.9076803441914051,0,A,False,False,True,False,False,False
80.71751417331114,21,0,7.866280093001097,1436.053309608733,4,1.478452132003451,0,A,False,True,False,False,False,False
68.94169600029493,4,0,24.665724163010594,3899.841745152358,5,0.9741952726888501,0,A,False,False,False,False,False,True
35.737496103853076,4,0,8.439302136412103,1080.2785518677636,2,0.9294894310931441,1,A,False,False,False,True,False,False
81.95584381406529,11,0,18.10671295093335,800.28586240039,2,0.8333495266994964,0,A,False,False,False,False,True,False
38.3026202556904,2,1,8.462984810294902,594.0028854642376,2,0.8632893213674379,1,A,False,False,False,False,False,True
66.83007284477699,15,0,7.482446305610133,1150.3200704876772,3,1.1835126870603343,0,A,False,False,False,False,False,True
265.3678675339907,5,0,70.18102310929318,938.3097436833385,3,1.3652754028077059,0,A,False,False,True,False,False,False
16.316044056671462,14,1,14.214780011134701,2691.7931761928135,1,0.6983071231731601,0,A,False,False,False,False,False,True
214.40232500012604,14,0,6.8685454247044095,2256.5622049233207,1,1.1115621732532401,0,A,False,False,True,False,False,False
265.2142741101046,15,0,4.472441596045688,494.6934714313917,8,0.6392699466438792,1,A,False,False,False,False,True,False
47.38557074100401,19,0,0.6086798967660583,1077.3357544691892,4,1.3704286007300632,0,A,False,False,False,False,True,False
4.279234426108987,12,0,18.39155545162207,7769.677971302783,0,2.0866712325347465,0,A,False,False,False,True,False,False
26.32748934300048,11,0,6.981987386692079,339.46182995520974,5,1.3170570140546307,0,A,False,False,True,False,False,False
258.88746154771735,9,0,25.82685587319813,944.4367110815234,2,0.8532950014374451,0,A,False,False,True,False,False,False
53.120256042903506,13,0,6.785248711590662,2002.1947896848094,0,1.669587076080919,0,A,False,True,False,False,False,False
16.458421989559934,1,1,7.010008560235274,906.7998230693336,2,0.538948115205441,0,A,False,True,False,False,False,False
29.7928995362907,2,0,22.6561791985548,847.5795236486166,6,1.1631054833592638,0,A,False,False,False,True,False,False
149.71657875281986,8,0,10.084489929422608,753.1901257644664,3,4.111454186509018,0,A,False,False,False,False,True,False
105.22282893444148,10,0,32.428627961436256,468.20161198310046,0,0.6443724021320296,0,A,True,False,False,False,False,False
40.98808771682785,10,0,13.37893932041461,957.9152752459705,0,0.850521358790843,0,A,False,True,False,False,False,False
35.15654158656946,21,0,4.129284669966096,2491.946778555143,1,0.8960675859004146,0,A,False,False,False,False,False,True
34.12022173035713,9,1,12.599387717801415,396.44414362554517,1,0.5717351146895746,1,A,False,False,False,False,True,False
18.049315806471135,13,1,0.06014556096476963,1357.4431112165007,3,0.6870239840932223,0,A,True,False,False,False,False,False
379.34680041598045,8,0,5.618162811676925,2599.819361791293,7,1.0148594526206924,1,A,False,False,False,False,False,True
37.0851061284425,19,1,3.497005692586417,1078.6626713281664,6,2.235615683763842,1,A,False,False,True,False,False,False
235.23622569830192,20,0,15.927893799536001,782.9087092706018,3,1.2711125119641682,0,A,False,False,False,False,True,False
338.8573635361124,9,0,2.1934075200555796,1880.8293400235375,2,1.7513660662621298,0,A,False,False,False,True,False,False
180.9051892590008,21,0,5.1394135098914635,533.669458117128,3,1.5189003913046601,0,A,False,False,True,False,False,False
32.52651571136717,8,1,6.036488137081409,1536.8953147951809,3,1.1895304040267645,1,A,False,False,True,False,False,False
88.6305058707844,4,0,0.04947995215434664,959.8435168457235,4,0.40856788016594414,0,A,False,False,False,False,False,True
53.03570003339181,7,0,0.718431918015033,1152.990086889367,3,2.2410076685367453,0,A,False,False,True,False,False,False
18.459105414063995,10,0,5.590456262997258,4193.228233897293,2,1.6729783703199428,0,A,False,True,False,False,False,False
80.57844146110583,0,0,3.77230538775488,2765.425072418278,3,1.1518749780204338,0,A,False,False,False,False,True,False
13.26530858753018,20,0,1.8648669775959694,3587.561481791806,4,0.5270418025819898,0,A,False,True,False,False,False,False
227.06021943486104,9,0,2.5114053119300057,569.9989997258367,4,0.48250974707669547,0,A,False,False,False,False,False,True
31.26374886922559,0,0,27.076041348956483,484.251624378901,2,0.5494239388978629,1,A,True,False,False,False,False,False
69.50450614220303,21,0,17.24793207375059,1593.0318774699685,4,0.7088320255963864,0,A,False,False,False,False,False,True
76.70335473824504,6,0,9.92814469055781,1421.145618229012,5,1.2016463148964194,0,A,False,False,False,False,True,False
40.0173868753451,13,1,35.93280949641821,225.6154825245915,3,0.8828856910290904,1,A,False,False,True,False,False,False
110.3914363753311,4,0,0.44997410197117305,1436.702466494112,6,1.0476631559885454,0,A,False,False,False,True,False,False
30.880212668092998,16,0,6.3453107076496025,5641.188055187987,3,1.3189320765771329,0,A,False,False,False,False,False,True
155.3307566063317,21,0,26.006636927979855,5002.24792116156,6,1.9250212625488343,0,A,False,False,False,False,True,False
10.857155803999035,20,0,14.844578906872584,626.5582550616633,1,0.7299904647197959,0,A,False,False,False,True,False,False
63.53910197102026,5,1,60.002517224727995,1936.8607604776191,4,0.43439418568593996,0,A,False,False,True,False,False,False
559.3161064177215,15,0,43.374617736937076,538.4939336515554,5,0.6695482275756557,0,A,True,False,False,False,False,False
16.438109851362277,10,0,2.7939043909548156,1015.6466053717776,4,1.3516067616372807,0,A,False,False,False,False,False,True
24.208553844807206,9,0,53.62629736097714,568.9622120747815,4,1.5196286627941082,0,A,True,False,False,False,False,False
101.15858354624531,14,0,43.65289583775916,430.4311587763612,2,1.537042106178438,0,A,False,False,False,False,True,False
67.72789532977215,6,0,7.016754111549273,2223.045044257067,2,0.7065311021132906,0,A,True,False,False,False,False,False
83.15913980892307,22,0,61.01287419479709,1379.1120892001616,4,1.1773314733436973,0,A,True,False,False,False,False,False
98.20180108472404,1,0,0.547534945879449,1564.4492318455325,1,2.1391903575333444,1,A,False,False,False,False,True,False
116.9405589191762,11,0,16.21529423961911,1819.7009115339442,1,1.4554460869726804,0,A,False,False,False,False,True,False
206.77677098779682,18,1,4.641714582788438,1284.0841702612151,3,0.4154380472894753,1,A,False,False,False,False,False,True
89.28043655180612,11,0,2.079676909948897,478.13814249992265,4,0.9755604721333153,0,A,True,False,False,False,False,False
40.873863087510095,15,0,12.924727472859521,1297.6535890930545,4,0.8454924790471571,0,A,False,False,False,True,False,False
122.37479693018821,5,0,5.486823191256818,921.2256479702123,1,0.47354266958375096,1,A,False,False,False,False,True,False
533.7130430051626,2,0,16.486326501607433,940.9382680404124,2,2.083475166767133,1,A,False,False,True,False,False,False
46.56454917695523,1,0,11.647313989375748,515.4726509794223,5,0.5004571800215148,0,A,True,False,False,False,False,False
16.95503490728882,19,0,7.4782541487957666,328.66396697617677,1,0.949843550685693,0,A,False,False,False,False,True,False
206.12789035955623,4,0,3.0101333895494897,696.6002394366484,5,1.9233281621765514,1,A,False,False,False,True,False,False
47.25425029633047,10,0,13.79131680166852,1696.440672615683,2,0.6449504458701741,0,A,False,False,False,False,False,True
4.02609347500406,2,0,26.511620147869117,1037.4046710583298,3,0.983851699423183,1,A,True,False,False,False,False,False
150.9435630900024,2,0,13.744528548146361,4566.6588312788845,1,1.2776094196997565,0,A,False,False,False,False,True,False
28.72035706865339,21,1,14.144239873624892,1040.6292485949407,6,0.6701820321679681,1,A,False,False,False,False,True,False
48.97745358183914,4,0,10.756599876932464,1281.6837191787902,2,0.7500234998383152,0,A,False,False,True,False,False,False
81.31873206215661,21,0,7.371231330514375,1111.311956911361,3,1.1625763586402045,0,A,False,False,True,False,False,False
68.62106899158654,22,0,9.172347809209999,468.66224617695,3,1.3753590736571981,0,A,True,False,False,False,False,False
127.91195562525355,10,0,68.40547228751777,1077.9660532423873,1,1.4818811648273638,0,A,False,False,False,False,True,False
32.3759659321331,2,1,20.774538718372703,466.5315282864521,1,0.6165266101233484,1,A,True,False,False,False,False,False
101.06126911414677,12,0,8.446513738648896,1038.1643983583726,2,0.44390404985606374,0,A,False,False,False,False,True,False
39.986583561927894,20,0,9.167879465277101,268.28549639990445,4,1.532107392367737,0,A,False,False,True,False,False,False
132.4986659488472,7,1,10.38617200144812,1037.3551622986683,3,1.8648187114811006,0,A,False,False,False,True,False,False
114.25593556065218,19,0,16.151919263708592,1234.5209701146384,3,3.6600323486021686,0,A,False,True,False,False,False,False
17.769323249188258,9,0,9.409218450012979,1307.7918148616163,2,4.779668047714907,0,A,False,True,False,False,False,False
200.97460150636394,1,1,17.383993450897485,348.05747522007727,1,2.412015902930295,0,A,False,False,False,False,True,False
28.698471567600325,3,0,5.9889910780424875,1610.9427144459332,4,0.5961309822678205,1,A,False,False,True,False,False,False
143.97927389574832,17,0,7.930761783562208,1857.9230345869612,1,0.9085165495379111,0,A,False,False,False,False,False,True
84.83810354051059,18,0,29.93236638572189,509.51862487689414,2,1.3804696554310705,0,A,False,False,False,False,False,True
495.6254062962115,3,0,5.982683218090924,2412.1924427285503,5,1.2606063374247551,1,A,False,True,False,False,False,False
41.75590260874176,19,0,50.04663006879682,1275.3234485647458,4,0.919355170807853,0,A,False,False,False,True,False,False
35.902963637306286,8,0,2.8402822496739994,1045.056522330796,5,1.9386026279567248,0,A,False,True,False,False,False,False
53.340530958649296,15,0,4.149743637143982,1727.2568286105686,4,0.7797055516228936,0,A,False,False,False,False,True,False
37.94676515681314,5,0,9.345357245948,4012.485181242722,2,1.1186854912115007,0,A,False,False,False,True,False,False
142.58385493638266,3,0,23.948471376858734,979.8200074382698,3,1.0390521218840298,0,A,False,False,False,False,False,True
7.849322873147504,8,0,19.72778269555542,738.6333942320374,4,1.271171871963612,0,A,False,False,True,False,False,False
15.418700594223287,12,1,2.8758727597168434,5793.619414163928,1,1.3161815184126198,0,A,False,False,True,False,False,False
15.15963789090837,8,0,4.051267843161784,954.9610642221563,3,0.6505770875029109,0,A,False,False,False,False,True,False
170.77879291224048,5,0,12.844276490381294,1470.448245474556,2,0.24644432752864748,1,A,False,True,False,False,False,False
425.2750121639981,20,0,5.246867771285216,954.6329679001796,0,0.7932575492533048,0,A,False,False,False,False,True,False
48.166364126553454,18,0,8.231166208304343,303.1882837653198,1,1.1329812215953818,0,A,False,False,True,False,False,False
44.585733544543004,13,0,10.000329984434776,857.4655221806298,3,1.2813707935842242,0,A,False,False,False,False,False,True
59.38624273377641,20,0,13.530123413028491,2667.617529232959,3,0.7357173860221634,0,A,False,False,True,False,False,False
220.13785486383463,14,0,4.3362723264561875,573.7234519059052,3,1.1563975348385696,0,A,False,False,False,True,False,False
17.942572463609977,2,0,2.6714798709163756,3148.359782877741,2,1.1431887277530097,1,A,True,False,False,False,False,False
72.67829463859174,4,0,7.6265119798016965,2020.1251512273852,9,0.7174721554939844,1,A,False,False,True,False,False,False
175.95656164470154,20,0,1.2837968422579493,491.06724436927556,4,0.9216394871551323,0,A,False,False,True,False,False,False
99.61502473112299,17,1,11.222453199764239,418.41352843725326,2,0.5490130593872226,1,A,True,False,False,False,False,False
68.54551244643496,13,0,27.451751233103913,409.2164261866114,2,0.3755148482558601,0,A,False,False,False,True,False,False
181.4999378136936,15,1,1.9000503763185992,790.8160375607802,6,1.8421815806412054,0,A,False,True,False,False,False,False
2.1299984422880787,13,1,1.7940981883013707,458.6653777677719,5,1.1048545639771665,0,A,False,False,True,False,False,False
123.15582006743105,8,1,1.2542756229778016,2909.8345511594803,4,0.8436782261809753,1,A,False,False,False,False,True,False
24.906011007162675,14,1,28.244439103745897,425.45295946550624,3,1.208979565048846,0,A,False,False,True,False,False,False
6.069283288830054,6,0,1.2622213912805946,537.3409380927159,3,1.2620948499792186,0,A,False,False,False,False,True,False
100.8307248719815,13,0,61.53144982899275,3696.268378143789,1,2.741628211284061,0,A,False,False,False,True,False,False
283.83419697162054,5,0,6.655247142351994,888.2504342065293,3,1.9546273935459841,0,A,False,False,True,False,False,False
46.296287877535576,20,0,5.979476212527942,1536.365340159651,3,1.1914508873088037,0,A,False,False,False,True,False,False
171.30566178355846,14,1,1.4415813484999662,1590.1950895342209,4,2.9219438996300724,1,A,False,False,False,True,False,False
377.9394167349008,19,0,13.215345664950119,342.5620861645303,3,0.9553909500496784,0,A,False,True,False,False,False,False
264.51483701528434,7,0,13.22407251595988,2084.3717249092365,6,1.8343410624886438,0,A,False,False,True,False,False,False
390.7068112046118,1,0,10.212524141563868,1791.1708976365362,4,0.7667870900651428,0,A,False,False,False,False,True,False
133.0271162854642,7,0,5.588148744573353,1848.274512172874,4,1.0273396856969264,0,A,False,False,False,False,True,False
59.77098644300041,0,0,6.896781560167141,637.1843713447033,5,1.3985285205807128,0,A,False,False,True,False,False,False
7.985608832000147,16,0,5.7960455965862145,1379.6164792063555,1,1.1146271795712495,0,A,True,False,False,False,False,False
40.638870669668236,18,0,8.33071472832572,954.9401747099719,5,1.1567171125956877,1,A,False,True,False,False,False,False
19.84801665706528,4,0,6.273425570290802,1181.46459519185,1,1.1334527373071317,1,A,False,True,False,False,False,False
738.8768485588319,21,0,16.882846774040534,588.8813606648652,5,1.9187489342327437,1,A,False,True,False,False,False,False
44.20938182663688,19,0,5.260104937308875,941.8108001269136,3,1.050059172444177,0,A,False,False,False,False,True,False
63.29749583768019,15,0,6.481100028596582,2395.9171638152643,0,0.7431821366450914,0,A,False,False,False,True,False,False
105.82454123285392,6,1,8.576157519843951,234.9147244744691,2,0.9746249480519285,0,A,True,False,False,False,False,False
57.530942623640634,6,0,0.05954554689859356,818.3051997330306,2,1.908736204431458,0,A,False,True,False,False,False,False
417.4067844220618,17,0,10.16154588442323,1828.0537817031122,1,1.5346312280142904,0,A,False,False,False,False,True,False
25.863191128864866,17,0,4.4320811019785396,459.3044421150658,1,0.9480417761908854,0,A,False,False,False,False,True,False
68.9601599825069,1,0,0.8668275720318195,1510.630728208808,3,0.6782542533756318,1,A,False,False,False,True,False,False
22.39942518532559,14,0,36.290373747804935,1595.9562614657439,4,0.7591034587533037,0,A,False,False,True,False,False,False
11.2006631518538,13,0,5.838386751589752,970.1754577100922,1,0.9928406879880353,0,A,False,False,True,False,False,False
26.203083401265086,17,1,8.329116550199664,1395.4862912582764,2,0.9593959230126173,1,A,False,True,False,False,False,False
52.22471464856426,8,0,26.346738428738227,4035.6195291400763,1,0.6944337401944329,0,A,False,True,False,False,False,False
32.617120870132425,13,0,2.737024987041613,640.4114594634768,2,1.6084769735258189,0,A,True,False,False,False,False,False
23.785944146882123,4,1,28.487712562903965,361.3079916356126,4,0.7527926148371624,0,A,False,False,False,True,False,False
10.098824627836898,10,0,4.14891549472616,780.875755934232,0,0.6365447833813085,0,A,False,True,False,False,False,False
49.41595327482055,7,0,13.338813936708567,494.92214589541,3,0.9060664986111555,0,A,False,False,False,True,False,False
8.974036287420583,4,0,17.36007825436052,1492.218919782261,4,1.2621546520490365,0,A,False,False,False,False,True,False
135.92009229838933,10,1,35.31037795148593,761.7307623555861,2,0.6318107109329038,1,A,False,True,False,False,False,False
60.27561959728458,4,1,14.033555735866043,1790.928647556986,4,1.0254364406921341,1,A,False,False,False,False,True,False
9.496641413167817,16,1,9.055955019852675,1384.2967926963765,3,0.8050333579213047,1,A,False,False,False,False,False,True
37.67320531981191,21,0,12.738924141174223,633.8637022495383,1,0.8492075258201015,0,A,False,False,False,True,False,False
22.140584193986562,3,0,3.3862503545866907,524.2265347395411,1,0.9952741762124978,0,A,False,False,False,False,False,True
80.07866087308057,14,0,17.523021178963774,359.8025865135312,2,1.3445167963723306,0,A,False,True,False,False,False,False
272.7458843739068,18,0,3.103161818286114,2543.050733309948,2,1.004820402048856,0,A,False,False,False,False,True,False
5.75341180610141,21,1,12.221169134212973,1668.3025991124528,3,3.7051301940572574,1,A,False,True,False,False,False,False
62.679302844892625,1,1,15.644981621397156,789.4659820386688,2,1.4119357242872623,0,A,False,False,False,False,False,True
45.05304824314193,23,0,34.327744918346866,1781.1332044832461,3,1.2259242719313226,0,A,False,True,False,False,False,False
122.19377345801244,16,0,8.972732977059207,453.27915709560705,7,0.8593460436129716,0,A,True,False,False,False,False,False
70.51574046364098,11,0,22.397054724237798,544.6339733194056,5,0.7766820651228721,0,A,False,False,True,False,False,False
22.145555061155815,23,0,2.7503802057882156,502.8008545994106,2,1.657339072096092,1,A,False,False,False,False,False,True
37.230759101952316,16,0,2.547534092930964,1368.2435234268146,3,0.4524309338950527,0,A,False,True,False,False,False,False
21.00517785459286,9,0,11.160229965902037,676.0634602508347,6,1.754353355879865,1,A,False,False,False,False,True,False
198.58328150459454,17,0,13.60776352416022,342.6616096866561,5,1.7883525258094195,0,A,False,True,False,False,False,False
56.01244949321933,18,0,15.008992674379316,1179.7535662194828,5,0.9424787399698256,0,A,False,False,False,False,True,False
534.551898427815,17,0,20.53707803353709,1734.4067596247828,2,1.7815799402445998,0,A,False,False,True,False,False,False
50.7649940437058,12,1,5.241904506165482,983.6248617421248,1,0.8663903525603981,1,A,False,True,False,False,False,False
23.334008290706528,13,0,14.61705160373016,2729.2965453860847,4,0.9548037808184071,0,A,False,False,True,False,False,False
8.87770190354034,23,1,3.126394268123521,2084.395365520223,1,1.2896638124937156,0,A,False,False,False,False,False,True
6.272859984302448,15,0,3.7076579369688214,2683.6760941991292,6,0.8309004784658752,0,A,False,False,False,False,True,False
8.15830860256585,17,0,1.045218045285839,2052.927390235057,1,1.4287301207231902,0,A,True,False,False,False,False,False
75.23014245879624,17,0,20.61552160516763,1324.3699671017232,1,0.792727677188136,0,A,False,False,False,False,False,True
100.53139108933678,15,0,10.608477692824989,405.41702857657083,3,1.1476824941678705,0,A,False,False,False,False,True,False
8.18719343790247,16,0,4.080786916995787,831.3868718022125,2,3.7397325030586006,0,A,False,False,True,False,False,False
159.8196475885019,6,0,12.18699417272012,727.8301933031585,4,1.2716594039945035,0,A,False,False,False,True,False,False
30.57940484189814,11,0,6.559915032808735,538.7228394327848,4,1.7217652333835767,0,A,False,True,False,False,False,False
65.1147836208048,1,0,27.229405519189502,692.3917701163605,3,1.5779703962402503,0,A,False,False,True,False,False,False
377.9132809813169,9,0,11.26634473885861,339.82860243707995,2,0.3711547471706082,0,A,False,False,False,False,True,False
160.1654236654635,4,0,0.4539614316265716,2224.2042645922866,2,0.9543677529523232,1,A,False,False,False,False,True,False
39.55781301585929,20,0,63.09116644533213,470.0644183310242,6,1.9844709020710194,0,A,False,False,False,False,True,False
18.73829572493723,2,0,1.158052377295937,2101.95165497904,3,0.5530152375486518,1,A,False,False,False,False,True,False
4.128117609326513,18,0,17.85885075780399,3169.7037348482145,8,0.9170244276062666,1,A,False,True,False,False,False,False
23.035028068653304,12,0,8.623952631631916,594.1177131748943,0,2.902158391349383,0,A,False,False,False,False,False,True
42.37860828766473,11,1,4.30159341859101,703.7313986330446,1,0.5688323770008111,1,A,True,False,False,False,False,False
16.699596666401707,2,0,16.92640602239108,1634.0799861075652,5,1.7781303895913882,0,A,False,False,False,True,False,False
46.641543690473924,5,1,2.0183619892375515,773.4099000282085,4,0.6496730685817985,1,A,False,True,False,False,False,False
59.872796869222775,13,0,29.305005679999294,578.3385327692764,5,1.3287106609612305,0,A,False,False,False,False,True,False
41.686311846246554,3,0,4.327475801447631,1560.507274923681,3,1.4416601637078525,1,A,False,True,False,False,False,False
25.02804266966618,12,0,6.72841540892186,606.3762795517864,2,1.4978206295032093,0,A,False,False,True,False,False,False
66.84560828725344,18,0,15.021343257241869,6064.442366259299,9,0.6254923236993796,0,A,True,False,False,False,False,False
92.78906320785696,17,0,0.015447685116461794,1718.7793771835804,3,1.799202107518043,0,A,False,False,False,False,True,False
14.754101428292563,2,0,9.60116747445371,1873.2799990663593,4,0.7025976258603561,0,A,False,False,False,True,False,False
296.8179107590039,19,0,33.70000893812999,1020.6232770140646,4,0.4572764848928165,0,A,False,False,False,False,True,False
48.50632691344205,5,0,17.111010096644,4867.739166605707,6,0.6134413765997072,0,A,True,False,False,False,False,False
55.84720879948909,15,0,7.362903109992443,605.4021202640631,5,0.65911940130221,1,A,False,False,False,True,False,False
127.72216360295342,19,0,16.200881388623742,2015.3162225935077,5,1.4598872667584948,1,A,True,False,False,False,False,False
72.2302806468477,23,0,41.367139151135945,375.9442763296662,6,1.6636162830540535,0,A,False,False,False,True,False,False
171.3595465814325,2,1,3.120228149498454,6869.834867662383,2,1.0766190686301644,1,A,False,False,False,False,False,True
77.05727667406707,11,0,11.383152444970225,2113.1202572869165,2,0.6192743038688817,0,A,False,False,False,False,False,True
26.182078511389047,18,1,4.0130470932498365,517.0299385266927,3,0.7680547288645619,1,A,False,True,False,False,False,False
84.25131945083312,18,0,28.885326999432824,1669.9871286442906,5,0.9578583190598542,0,A,False,True,False,False,False,False
13.83952392638371,23,0,19.150854399755485,2566.2425298337494,4,0.540047823692343,1,A,False,False,False,True,False,False
62.19481567107957,3,0,24.222480537630968,536.3430671784527,3,0.5748940434317805,1,A,False,False,False,False,True,False
52.46383164981825,0,0,42.973679568695815,758.8053211080584,5,0.9974088165309453,1,A,False,False,True,False,False,False
42.532129190470485,1,0,3.9655151889035913,495.31649609611037,1,0.900339677995372,0,A,False,False,True,False,False,False
46.79399984543319,12,0,0.7491894290692528,1608.522563757896,3,0.5765696126647285,0,A,False,False,False,False,True,False
5.7075002624366755,12,1,5.156459475161448,1268.660722770906,1,1.915279800892835,1,A,False,False,False,False,True,False
28.262338144143218,1,0,7.640882490570863,1124.5392986348218,3,0.7053174192628858,1,A,False,False,False,False,False,True
61.032949944925285,18,0,14.718832424513506,575.6943616794822,2,0.5518070328390173,0,A,False,False,True,False,False,False
66.14356919875266,21,1,23.97039132122394,929.3375210938398,1,1.9036946856103014,1,A,False,False,False,True,False,False
15.907486236264923,23,0,6.457204921541872,618.5772414020137,2,1.1651129404796805,0,A,True,False,False,False,False,False
249.347974549524,15,0,9.622473363416525,1616.077744036973,9,0.8658056065869411,0,A,False,True,False,False,False,False
19.309364435368657,11,0,23.089394191983246,472.34270276779705,1,0.7045118816633362,0,A,True,False,False,False,False,False
174.74864735603435,0,0,3.8297475392435185,578.7351840397021,4,0.8313969457888746,0,A,False,False,False,False,False,True
91.16155245603497,8,0,3.6718663129537683,2105.373779220573,1,0.6924291950657777,0,A,False,False,True,False,False,False
25.14168506560708,16,1,13.345936656859665,771.3075112512645,1,0.7720092549544386,1,A,False,False,False,False,True,False
459.6075950248258,9,0,8.592026938358925,4486.056857189382,4,1.0903976484444566,0,A,False,False,True,False,False,False
13.034970730028464,17,0,44.60862331233179,1282.8688526278459,3,0.6349884696481093,0,A,False,False,False,True,False,False
164.51224552758308,18,0,6.6248708493950215,257.08427438087705,4,0.27647010798427046,0,A,False,False,False,False,False,True
181.39895585926055,6,0,21.378996236695244,380.14376864099387,3,2.3311448945667883,0,A,False,False,False,False,True,False
24.41641737081726,18,0,13.123372324618185,683.8693381619826,1,0.5451224875118003,0,A,True,False,False,False,False,False
290.31262514475674,23,0,0.8418280818430226,1986.5504974417454,3,0.4485112717215878,1,A,False,False,False,True,False,False
40.445046754905704,14,0,1.3223986028006978,1831.5509993838843,3,1.834755719402278,0,A,True,False,False,False,False,False
77.20253977549022,8,1,3.4064544901114258,744.7780579864718,2,0.7906986522354829,0,A,False,True,False,False,False,False
74.61833142087151,9,0,2.3174319887452235,2939.209275339362,3,1.1870576199761123,0,A,False,False,False,False,False,True
46.47104870675714,22,0,5.993098967356605,1426.508266564942,1,1.5222466376204005,0,A,False,False,False,True,False,False
144.45527264827052,19,0,12.976441767783612,849.5391124213987,7,1.5910446598072194,0,A,False,False,False,True,False,False
141.48397568989293,19,0,13.833219013636283,2803.0998235369766,2,1.2906257073434755,0,A,True,False,False,False,False,False
6.697682909063017,3,1,13.29252690248362,574.830175833734,4,0.7147397138494949,0,A,False,False,False,False,True,False
261.1795995229633,5,0,1.876793947296127,1709.7374118517293,2,0.5234472282312952,0,A,False,True,False,False,False,False
7.4261652942203,3,0,13.75281626799746,1855.1837386897269,2,2.4599209435502623,0,A,True,False,False,False,False,False
188.4919772944136,4,0,7.908057431285709,1798.5721965201722,5,1.0677854025820372,0,A,False,False,False,True,False,False
211.0396782115384,8,0,35.00381083011327,968.292073115474,4,1.2622210470990434,0,A,False,False,False,False,False,True
14.744059910511515,11,0,36.45358336414406,2201.1997755364064,1,0.7845187383495413,0,A,False,False,False,True,False,False
33.348835508128,22,0,21.926511616405264,4785.1178424972495,1,1.1778576959497553,0,A,False,False,True,False,False,False
14.48559051617332,7,1,18.215759750810754,968.5160072744827,3,0.809584115457922,0,A,False,False,False,False,False,True
42.18626793293002,20,0,1.8317131296217284,1157.4857685403229,5,0.8660646462111307,1,A,False,False,False,False,False,True
37.726352628591286,4,0,1.3274561182515865,2298.693820097591,2,0.5095080473652241,1,A,False,False,False,True,False,False
139.15558708920662,10,0,27.567084814689448,886.6456229743212,5,1.2517317081623551,0,A,False,False,False,False,True,False
263.0569359746449,22,0,8.353457483114342,867.4850000835926,2,0.31454270247309707,0,A,False,False,False,False,False,True
291.43604234384395,10,0,9.00475405889216,433.509825161189,3,1.757790142825407,0,A,False,False,True,False,False,False
27.810075083212517,12,0,28.237716508234644,276.0775399249786,2,2.606262456065957,0,A,True,False,False,False,False,False
42.47576812266088,13,0,14.570352240451454,442.36952039444384,6,0.7996010241493585,1,A,False,False,False,False,True,False
7.241831683329812,7,1,2.9659248438732444,2186.778903294508,3,1.5585437783190574,1,A,False,False,False,False,True,False
20.75850246720218,17,0,3.555085875813248,481.945364117017,3,0.823944445565512,0,A,False,False,False,False,True,False
173.78553121102144,18,0,0.09596385063586972,1618.380451182254,5,0.9961341044757853,0,A,False,False,False,False,False,True
379.441102915507,11,0,18.602815477203134,3598.4827848941472,0,0.75814081905352,0,A,False,False,False,False,True,False
12.413459825885903,11,0,9.971651558608437,1245.0387647411085,1,0.8090740848949017,0,A,False,False,False,True,False,False
26.817184347200154,17,0,44.92516185939057,541.3630342910575,2,0.8090380599456627,0,A,False,False,False,False,True,False
52.89522613774541,9,0,18.777123431600312,986.5030452319448,2,0.38429616131056865,0,A,False,False,True,False,False,False
76.41609874890311,6,0,1.6330443267386991,1486.0265062467809,1,1.1784241985633637,1,A,False,True,False,False,False,False
20.66570940298942,17,0,2.6428521646078647,1492.1590743853144,2,0.39056569025582083,0,A,False,False,True,False,False,False
90.81943035032914,11,0,10.449036549819096,1204.2914474045429,0,0.82010615575364,0,A,False,False,False,False,False,True
30.919677190567512,13,1,38.828862302017754,1817.7171793253494,4,0.41071896963635723,0,A,False,False,False,False,True,False
53.65943281403878,14,0,4.260353392362937,2439.8146159618304,3,0.8296421669058098,0,A,False,False,False,False,True,False
105.16610973610777,15,0,26.19435379209037,747.0566936857464,1,1.1386240204640374,0,A,False,False,False,True,False,False
55.02054845731746,1,1,5.61543718441475,3373.7840179525315,0,1.9767498132521406,0,A,True,False,False,False,False,False
32.3410373939058,17,0,4.718548777968433,1427.514774737129,1,0.9761958428719291,0,A,False,False,False,False,True,False
47.86900584063854,11,0,34.74915725812999,184.88290138590637,1,0.8620492016244232,0,A,False,False,True,False,False,False
49.105176107731026,15,0,0.7259087154456364,943.6129062389685,1,0.5713844858284575,0,A,False,False,False,False,False,True
35.02236173331014,12,0,16.214873485239394,954.478088130876,1,0.6457567694440174,0,A,False,True,False,False,False,False
40.022617219244914,19,0,0.6619041584529725,2602.2027479683247,6,1.7965750184346763,0,A,False,False,False,False,True,False
371.8076328788987,16,0,24.198962340521057,688.8261566300973,5,1.258537065583312,1,A,False,True,False,False,False,False
107.02937585992845,17,1,26.526887573091056,1235.6221426967827,3,0.6346643479456323,0,A,False,False,False,False,True,False
38.29899357265642,2,0,33.573967245474265,352.3759698613564,3,0.3606438383346225,0,A,False,False,False,False,False,True
126.00798593920254,22,0,3.088583398195248,564.4322010215758,4,2.270896266656082,0,A,True,False,False,False,False,False
36.57688971033079,9,0,1.9943703142405313,2074.7252080505996,2,0.5380418475806209,0,A,False,False,True,False,False,False
223.1288852135217,0,0,10.503635778227409,412.78198751796344,6,0.994425755319432,1,A,False,False,False,False,False,True
85.07818273661512,5,1,4.75424576039319,2375.0220605907293,6,0.6455283501083697,1,A,False,True,False,False,False,False
48.00174801360555,2,0,13.982394908216419,2729.7598485873164,1,0.5772298331055657,0,A,False,False,False,False,True,False
93.43446775820577,18,0,10.815402179610267,2960.449040190682,2,1.096100124805961,0,A,False,True,False,False,False,False
8.289159837568887,3,0,2.3472128175970726,3775.3801987861157,4,1.5346040347616379,0,A,False,False,True,False,False,False
14.124050270824798,19,0,20.164076759673875,2038.8602505757888,2,1.389236495451217,0,A,False,False,False,False,False,True
13.030463891689966,22,0,24.428116723006962,1541.2752994604396,2,1.3487905413007812,0,A,False,True,False,False,False,False
64.81465360781645,2,0,49.47001215431444,1800.2945517407873,2,0.5993305456594665,0,A,False,True,False,False,False,False
436.60024242931917,7,0,7.551268838904219,1160.9901012671673,3,1.0880862608769708,0,A,False,False,True,False,False,False
794.3786012972481,7,0,6.181341054134345,813.3188003078888,3,1.1806620395817153,0,A,False,False,False,False,True,False
117.4087365679777,6,0,3.2027751395870494,2030.5992453699719,4,0.49289404116042057,1,A,False,True,False,False,False,False
99.58518115465228,1,0,2.992596614211704,1570.6651248482206,0,0.3521857208348773,0,A,False,False,True,False,False,False
6.288551254701324,20,0,5.808189461430701,2217.7455059082317,2,1.0259953698958995,0,A,False,False,False,False,True,False
28.468307196490482,5,1,60.10877727041426,928.0833158248718,2,0.6615457831020116,1,A,True,False,False,False,False,False
21.21396089471771,15,0,1.4519373753818443,995.7966495337738,2,0.5241695710213039,0,A,False,False,False,False,True,False
25.919170848392188,9,1,4.50373463516546,1298.7968666187044,1,0.365546347742035,1,A,True,False,False,False,False,False
44.62201814995911,3,0,1.3485160800479434,990.967746898318,6,0.7026610833890123,1,A,False,False,False,False,False,True
30.984630981672872,12,0,4.795465042512223,10651.530276329786,5,2.1980818976047733,1,A,False,False,True,False,False,False
5.077607710539133,9,0,1.4542965667500314,5154.1736983173,3,1.5384518208983808,0,A,False,False,False,False,True,False
133.95344407966488,20,0,10.64856806376492,1100.4062387059546,0,2.080866684528503,0,A,True,False,False,False,False,False
15.070035512102436,13,0,8.653296972880781,987.6186773096842,4,0.6903974653448063,0,A,True,False,False,False,False,False
72.75489848655718,8,0,2.8683215998352036,1566.8505864251938,3,1.709516181958115,0,A,False,False,False,False,False,True
657.7988619708129,10,0,2.8820859558620415,777.7850436607097,2,1.8568258064255803,0,A,False,False,False,True,False,False
18.114966772578164,22,0,14.756867475960657,767.3744730026236,3,2.102237830448965,1,A,False,False,True,False,False,False
2.6212596186169645,17,0,7.343824582912947,1134.9264673971686,2,0.8797112543852817,0,A,False,False,False,True,False,False
38.73698908014901,10,0,0.8675345240641902,814.7604257575153,3,0.7869437241282137,0,A,False,False,False,False,True,False
204.61937827279232,16,0,37.92208566116181,1270.3073314717717,5,0.9570755822796925,0,A,False,False,True,False,False,False
572.5024100218648,1,0,7.786710312644437,1474.4980832797403,6,1.0470291401247627,0,A,False,False,False,False,False,True
12.485156849108401,2,0,13.412346011138764,85.98518389938536,0,0.5196513784750425,1,A,False,False,False,False,True,False
99.0910443955758,10,0,32.496176327519315,234.83565853372588,2,0.7505668320846793,0,A,False,False,True,False,False,False
31.237754764807146,17,0,7.716456631692401,556.5935807194977,2,1.7444380459587325,0,A,False,False,True,False,False,False
48.07979251640441,2,0,25.777080798231307,1371.6024973671376,3,0.7567056472992091,0,A,False,False,False,True,False,False
1304.0264374777264,14,0,36.932898873123875,591.9588194482141,1,1.0373541974946452,0,A,False,False,False,False,True,False
8.992902057711333,10,0,2.8686313061070003,6961.015885321697,3,1.2687854401299994,0,A,False,False,False,False,False,True
74.03127164928951,10,1,33.45291441554965,2243.296149868556,7,1.8635065780850104,0,A,False,False,False,False,False,True
95.70129269175538,19,0,1.9146448224587918,5253.368046502432,2,1.352517873535991,0,A,False,False,False,False,True,False
200.92738817427085,10,1,4.8263906496896025,2253.2745601944484,4,1.5932942575859503,0,A,False,False,False,False,True,False
61.41043575608352,18,0,24.770427054968945,308.8743434150273,3,1.241566021662408,0,A,True,False,False,False,False,False
79.01681258884761,0,1,34.64181170501945,431.61556230225705,1,1.1561290159637925,1,A,False,True,False,False,False,False
34.124708764458084,4,0,17.28678548378447,728.4209103981372,6,1.5469504873392956,0,A,False,False,False,True,False,False
75.41093790108506,9,0,1.6610549714504959,421.2409478278629,0,0.31223378508977506,0,A,False,False,False,False,True,False
36.16780177859313,9,0,11.103338958742603,2604.4720752449653,2,1.4236735402041147,0,A,False,False,False,False,True,False
115.10977840198575,13,0,12.75172117801095,966.0289642467072,4,0.3541422040210704,0,A,False,True,False,False,False,False
35.039205676011306,1,0,4.966355503477953,1292.1602959605377,5,0.772547223839711,0,A,False,True,False,False,False,False
85.84303658878628,3,1,71.15925605937196,3298.5885075648584,1,1.5652538959304472,0,A,False,False,True,False,False,False
52.71418706448484,1,1,6.133694707257311,5122.391573679447,1,0.9213955413852188,0,A,False,False,False,False,False,True
210.87389503064648,17,0,3.5406731746588744,882.6158312206189,3,0.9654487871421367,0,A,False,False,False,True,False,False
51.33267719220601,12,1,1.7503000367914898,368.0937906527651,5,1.1274456180587331,1,A,False,False,True,False,False,False
6.503633613374265,18,1,7.134320951872426,423.8546314156659,2,2.5304457118754513,1,A,False,False,False,False,True,False
248.21760497535172,4,0,17.694993830120787,2750.464923849848,0,0.3382354233507907,0,A,False,True,False,False,False,False
18.414184032262348,19,0,3.948102609229907,1356.2564467786028,2,0.6971076391972938,0,A,True,False,False,False,False,False
24.915258167778276,1,0,22.015444016423398,538.0609173484338,3,2.0077285471011894,1,A,False,False,False,False,False,True
26.714498877732776,10,0,2.18234659502951,1932.09603074764,3,0.8814412997055883,0,A,False,False,True,False,False,False
284.0998360586758,17,0,8.709816533803302,463.5985363447058,3,0.9068608299188283,0,A,True,False,False,False,False,False
4.208856279570679,5,0,18.17875111537546,265.6263369261976,1,1.4072678136738754,0,A,False,False,False,False,False,True
2357.3614440942174,22,0,2.1807529050794727,220.04277249600963,1,0.5366587122317822,0,A,True,False,False,False,False,False
193.8855760499996,9,0,13.663661323885066,344.8907123132155,3,1.5547106853980759,0,A,False,True,False,False,False,False
71.37064832602742,21,1,24.063212132924306,2767.9240207208145,4,0.8329373917611951,1,A,False,False,True,False,False,False
51.11751507585054,22,0,13.578366459061884,932.5766739727217,5,0.9208168006670516,0,A,False,False,True,False,False,False
76.91222909639148,16,0,10.745129405003647,1067.3775169955188,3,0.6657418437405355,0,A,False,False,False,False,False,True
102.03816541704624,21,0,27.330146239182607,1273.564930898367,1,1.286971609527144,0,A,True,False,False,False,False,False
118.42249585053627,10,0,63.42192837390266,488.63268071920413,3,0.8537169887201556,0,A,False,True,False,False,False,False
106.34891710279507,18,0,3.0008007504220555,747.1499800724978,3,1.1477402938884433,0,A,False,False,False,False,True,False
60.79434759763811,16,0,17.6330321463286,806.9532239748546,4,0.8303765479292066,0,A,False,False,True,False,False,False
43.08581806005363,23,0,1.261448961902908,520.7241566021464,3,0.9788050307396464,0,A,False,False,False,False,True,False
45.534581015996665,3,1,0.6567867326394053,743.4707407716431,3,0.7559974648584443,1,A,False,True,False,False,False,False
43.21164692146426,23,0,4.9446325953492485,994.9335010260331,2,0.8404897656699418,0,A,False,False,True,False,False,False
212.83646827138176,13,0,53.065460313415635,899.3814212164735,1,0.6513615168444624,0,A,False,False,True,False,False,False
111.30431946491642,19,0,12.05098295645337,1550.8359022226034,4,0.6094141614116989,0,A,True,False,False,False,False,False
1.6024498883492917,3,1,4.68518283309681,743.5947967721905,7,2.399676285436215,1,A,False,False,False,False,True,False
119.95071281099159,13,0,2.1335852799406725,3773.9451207589996,4,1.096364363142292,0,A,True,False,False,False,False,False
68.97081427975397,3,0,37.92035720794006,480.01012787138467,5,0.35172139664921814,1,A,False,False,False,True,False,False
53.386050874564205,5,0,6.749876107610133,717.4987071636161,6,0.9429698143132836,0,A,False,False,False,False,True,False
34.253126879516486,8,1,5.494328038654922,1502.978967610807,4,1.6363791390877456,1,A,False,False,False,False,True,False
210.38417496353907,20,0,29.27506100099978,1797.3831392866196,2,0.4340271807397277,0,A,False,False,False,True,False,False
170.20979331881136,11,0,13.91038255911816,417.83176294025134,3,1.3231605245093485,0,A,False,True,False,False,False,False
21.596835484537337,7,0,2.7703153176819235,1010.1082489205571,1,0.9696307762061952,0,A,False,True,False,False,False,False
88.98454870014608,23,1,8.21002406081041,2078.967938213088,1,0.41123275216538807,1,A,False,False,True,False,False,False
17.0135811884757,3,0,39.514553999898204,304.2734980351568,3,0.726751055862233,0,A,False,False,False,False,False,True
10.427621534934206,4,1,34.72040782025968,1022.2373178728476,3,0.8967493852864243,1,A,True,False,False,False,False,False
25.737249270051514,5,0,1.09033134745324,333.77249898263597,3,0.5258952382624451,0,A,False,False,False,False,False,True
153.67994596596924,4,0,4.6921921665091375,572.2926377629135,4,0.6815810859269255,0,A,False,False,True,False,False,False
171.35716363023383,18,0,2.5181056356507407,1174.3283512783214,0,1.1211308525117745,0,A,False,False,False,False,False,True
101.05879782295749,7,0,11.447485197081722,921.6214241224196,4,1.1253461153234108,0,A,False,False,False,False,True,False
130.33589739323222,8,0,20.793414472014554,440.32526021710447,6,1.2412996359170756,0,A,False,False,False,False,True,False
101.4345684238673,14,0,5.254924281674875,2913.537393633264,2,0.7140201821568928,0,A,False,False,False,True,False,False
25.285271845566253,3,0,21.282020157078815,839.7244896979846,8,1.715288327522785,1,A,False,False,False,True,False,False
91.68025676324558,8,0,16.57166965087293,1702.5997084189767,1,0.9305461058710215,0,A,False,False,True,False,False,False
142.6638880263526,6,0,19.541557393797447,3646.090450981112,4,0.8035178310227814,1,A,False,False,True,False,False,False
134.98310139833913,7,0,44.418140582110084,638.3365857000506,3,0.8868876235598704,0,A,False,False,True,False,False,False
227.39669464066583,14,1,8.29065661789079,1794.511476220849,3,1.1901973103927945,1,A,False,False,False,False,True,False
127.73587004195487,18,0,6.291209696514878,1528.636059415214,5,1.1526247801873832,0,A,False,False,False,False,False,True
83.24081971197256,14,0,17.2729449552308,360.8138740997443,3,0.7915570314541801,0,A,True,False,False,False,False,False
197.19247574311368,4,0,24.719340122479984,2880.701244357658,2,1.5940667565645728,0,A,False,False,True,False,False,False
52.88789522209246,18,0,3.1876040376962465,1188.8614503658105,3,0.8963637529717364,0,A,False,False,True,False,False,False
18.948985955750363,6,0,28.140126240469034,716.0367708160838,3,1.4015022324050508,0,A,False,False,False,False,True,False
44.89469531189998,5,0,0.8939013805324487,300.1557244218001,2,1.971161155070065,1,A,True,False,False,False,False,False
22.334148414583346,18,1,0.09621419481653833,395.66837673961874,2,0.7741396035063298,0,A,False,False,False,False,True,False
24.283231976311175,16,0,2.587240451916548,1005.4453965470684,2,0.8208650727172262,0,A,True,False,False,False,False,False
45.90516303399558,9,0,57.71263310937412,376.0465363875114,3,0.5701537370453031,0,A,False,False,False,False,True,False
21.09626677640898,18,0,11.121371536740535,1819.2820338725971,6,0.6224064080836514,0,A,False,False,False,False,False,True
37.729646488796185,10,0,0.7152983318913726,809.7952803392214,5,1.3939926539089074,0,A,False,False,True,False,False,False
5.627483713232187,14,0,88.04233627794018,314.4639562211887,2,1.3873118632917638,0,A,False,True,False,False,False,False
70.5239556706736,9,1,20.492156611238062,645.2523808756359,0,0.39682526871290136,1,A,False,True,False,False,False,False
54.67718725544176,10,0,27.302854159092632,468.5710922097395,5,0.5974647234463142,0,A,False,False,True,False,False,False
20.480918395951235,22,1,3.5917719526357064,411.86355132698804,1,1.9899843527693393,0,A,False,False,True,False,False,False
120.43314697896014,2,0,1.67150771985544,186.39859847648341,2,0.652403389710492,1,A,False,False,True,False,False,False
168.18829664968862,2,0,10.856723145110658,1187.502788817307,4,0.8738318314163369,0,A,False,False,True,False,False,False
7.932182058143975,17,0,22.187707382215713,511.28753028724526,7,1.017962255169927,0,A,True,False,False,False,False,False
21.861569232092606,10,0,15.232579767565573,4921.141110715414,1,1.0798063161526823,0,A,False,False,False,False,False,True
21.693858027058337,19,0,14.956791568377826,2426.148673360875,2,0.4802403058662737,0,A,False,True,False,False,False,False
17.674382568007353,21,1,21.226339799399643,4044.777687275683,2,1.0801113808222653,1,A,False,False,False,True,False,False
147.72756646147613,17,0,3.8625475794792608,1943.8869781779194,2,0.23349496179018364,0,A,False,True,False,False,False,False
43.267796714631864,14,0,16.249322261493514,686.9721821827262,2,0.7185999493542818,0,A,False,True,False,False,False,False
39.74890090094081,6,1,7.466436527821783,1421.213264159572,4,0.8334146004730737,1,A,False,False,False,False,True,False
4.930129042749292,9,0,1.0845848761730827,860.7412744189587,3,0.44091207565486396,0,A,False,False,True,False,False,False
117.0383473529364,20,0,3.3873810310130628,1440.1502634061887,7,1.3863779139767873,0,A,False,False,True,False,False,False
12.340541832895845,22,0,23.698458927560356,2237.287502620668,2,0.6308289160787943,1,A,False,False,True,False,False,False
58.669450463085354,19,0,33.940473557281344,1768.654723427582,4,2.30467808132131,0,A,False,False,False,False,True,False
76.16121362435102,9,0,4.9864642465821625,1103.976591527994,4,1.2240708247839942,0,A,False,False,False,False,False,True
279.4407585430904,12,0,3.1675009965313463,1155.9331867421158,6,0.8812191103296491,1,A,False,False,False,False,False,True
11.352244992418333,14,1,0.40632144484779786,1307.2495060150036,2,1.4386130434963016,0,A,False,False,False,True,False,False
1.4573000064959087,22,0,44.2606346660892,2656.2585122519754,3,0.43100845332418297,1,A,False,False,False,False,False,True
68.07564093898665,17,0,17.27331109137922,741.198226513799,3,1.091235028035217,0,A,False,False,False,False,False,True
473.71857313843236,22,0,47.20883288651893,891.607749773493,1,0.53053387392528,1,A,False,False,True,False,False,False
241.46767749320432,3,1,29.909880883944307,730.7147476943006,1,1.4986273283219709,1,A,True,False,False,False,False,False
70.21705978087562,19,0,6.243339788948726,1223.9512752622416,1,0.7936716367957978,0,A,False,True,False,False,False,False
30.266351298795826,16,0,1.7932954146504219,1825.0263479664814,0,0.3471081275135979,0,A,False,False,False,False,False,True
143.81778494318667,2,0,10.368938209764437,1393.7077568959999,0,0.5018864017478492,0,A,False,False,False,False,False,True
16.975049005365918,20,0,0.4076976893326518,1047.1837899454547,5,0.9955207242313974,0,A,False,False,False,False,True,False
96.70153955054172,20,0,2.436312746559458,2586.9058923549132,4,1.182335725895882,0,A,False,False,False,True,False,False
100.13949770884884,1,0,3.987490353413574,580.9274864167612,0,0.45540233418505566,0,A,True,False,False,False,False,False
194.85425892467967,3,1,16.43335125026955,330.3513114722904,4,0.39135480230092945,1,A,False,False,False,False,True,False
1497.5594769448799,0,0,10.696497989709576,1418.3386548417623,1,0.8017070532455366,0,A,False,False,True,False,False,False
87.43530606228501,14,0,5.402061602983285,1061.8756876816344,3,2.216311832001355,0,A,False,True,False,False,False,False
29.64352288549421,0,0,12.478154608864303,959.3914997577547,2,0.7600821999730379,0,A,False,False,False,True,False,False
52.94802782513873,5,0,2.0064452726581883,381.6218841717749,3,1.1107825269821368,0,A,False,False,False,False,True,False
6.534585478863951,6,1,21.140873505073884,1285.4726206405937,4,0.2658934234419877,1,A,False,False,False,False,False,True
23.720608866143046,18,0,18.673752237749667,4610.349401965646,2,3.8484552839909685,0,A,False,False,False,False,False,True
33.41019437645776,11,0,3.6598144834150106,377.95158392196083,3,0.5738531683036165,0,A,False,False,False,True,False,False
29.110354117180922,0,0,13.985979903207147,967.1164202449761,1,1.0442969914521996,0,A,False,False,False,False,False,True
65.5508283101595,6,1,10.496614501232566,1164.9043374138612,0,0.39342519075324506,1,A,False,False,False,False,True,False
20.350308696634915,18,1,0.9411629680791961,768.8168069108606,2,1.2227625706300014,1,A,False,False,False,False,True,False
209.60751394726393,12,0,4.889150160437074,1250.7802496589327,1,0.737685863304117,0,A,False,False,False,False,False,True
54.61171815252778,11,0,113.50343039327248,766.9150640459678,4,1.1188279948835487,0,A,False,False,False,False,False,True
53.99220123895481,11,0,1.5726707490890728,1240.0095899614548,2,0.8578668534103288,0,A,False,False,True,False,False,False
36.83786808658473,21,0,10.59079070865822,894.3399792676815,3,1.260849454911464,0,A,False,True,False,False,False,False
65.77427606489205,12,0,28.390322759045624,713.184054723472,5,1.6778988556933683,1,A,False,False,False,True,False,False
146.95375090786007,13,0,5.364099374534719,1031.055918008726,1,0.4914082087220931,0,A,False,False,False,False,True,False
19.2872400729407,21,0,4.530947577854463,1611.6422519346327,4,2.287508509282638,0,A,False,False,False,True,False,False
24.78553490664894,11,0,33.21765882729143,315.4590259834785,6,0.6956493005226098,1,A,False,False,True,False,False,False
37.92189938760635,19,0,5.453981741170624,1910.5022018412644,6,1.2478111588149197,0,A,False,False,False,False,True,False
10.858572843546606,11,0,15.811467840058224,613.6359356017263,2,0.6384940092084238,0,A,False,False,True,False,False,False
20.42767437105834,5,0,20.224172384808462,1798.554274940701,2,1.0600259450313647,1,A,False,False,True,False,False,False
30.83144009825776,9,0,23.311307547636744,641.7333650007283,2,0.8246030440901612,0,A,True,False,False,False,False,False
155.90814455213837,19,0,78.77046850233702,1940.4286215494617,2,2.678064681211187,0,A,False,False,False,False,False,True
74.81912954037799,23,0,24.38290498479484,1054.5180126516186,2,0.6738075974951618,1,A,True,False,False,False,False,False
68.87600738468632,8,0,16.050904128976626,521.3737428180151,1,2.2195332198917574,0,A,False,False,False,True,False,False
151.57454567641062,1,0,33.873293081851465,771.993469324041,2,0.6006203132166101,0,A,False,False,False,True,False,False
46.30055064123553,6,0,35.426213069640724,2849.599558934675,3,2.218222441005752,0,A,False,False,False,False,False,True
87.23082968943378,8,1,54.27153891260094,1143.0583264025613,3,1.625758947762309,1,A,True,False,False,False,False,False
48.237363469606144,11,0,22.472826911876577,760.1928018242181,4,0.8274661080223544,0,A,False,False,False,True,False,False
75.07103655079304,4,0,3.2523409963348406,2731.017392931986,2,0.9147958120643966,0,A,True,False,False,False,False,False
27.1313425394344,0,0,18.558088807539786,2173.585221554618,3,1.0802703581558368,0,A,False,False,False,False,False,True
2.925365441276263,21,0,1.1715061041334562,559.934415505482,4,1.0004821269415032,0,A,False,False,False,False,True,False
46.472698232462605,14,0,5.740068970810415,931.1390420020091,3,1.2225890626508162,0,A,False,False,True,False,False,False
301.05644236115234,7,0,1.846207373047147,267.7333638277979,4,1.0594698455413158,0,A,False,False,True,False,False,False
165.9121585088894,0,0,44.91877604392442,2202.9714377375713,4,0.6053887441208822,0,A,True,False,False,False,False,False
173.89940181096904,17,0,6.204442720406773,1100.2070845557216,4,0.7657758329860179,0,A,False,False,False,True,False,False
240.65319354736397,12,0,18.735370904794795,1874.558096832439,4,1.1484303250067436,0,A,True,False,False,False,False,False
60.72704247512021,0,0,12.705613653540276,233.76502207944276,1,0.5825501913891089,0,A,True,False,False,False,False,False
69.18463835471714,4,0,1.7061232972379348,875.954513114148,2,0.7665489633097192,1,A,False,True,False,False,False,False
26.018757636962988,17,0,12.36061189800655,1253.9724246150645,8,1.3016403496634033,0,A,False,False,True,False,False,False
37.36418303760256,15,0,16.227369354664766,201.42289433377564,5,1.127523525172739,0,A,False,False,False,False,False,True
114.31129441806775,9,0,31.994819405263062,1853.9665279038093,4,0.8624601738647741,0,A,True,False,False,False,False,False
231.5188566920998,3,0,1.0899417854698135,846.6009087374844,4,1.6600592004817214,0,A,False,True,False,False,False,False
46.1854341012391,0,0,5.256857255944396,269.407896766805,2,1.622325640034121,1,A,False,True,False,False,False,False
31.809751132806344,22,0,17.681446048460597,726.6128251918849,7,0.7438961027616479,1,A,False,False,True,False,False,False
54.63275168517265,7,0,0.5240221810400486,1580.2609785271802,2,1.3923502701305888,0,A,False,False,True,False,False,False
112.33080103498993,4,0,3.413928985937682,528.2203509135101,5,0.6382265941632126,1,A,False,False,True,False,False,False
9.654018182374708,1,1,3.7013728578029936,1057.2875859544665,3,1.1383664217993041,1,A,False,False,False,False,False,True
3.4714863883589295,23,0,16.599352972083132,775.4887785117464,2,1.1324953493455017,1,A,False,True,False,False,False,False
28.20095325129323,16,1,5.0522587109431925,222.45354344809945,3,0.999964687238445,1,A,False,False,False,True,False,False
12.61826148494788,6,0,13.729205971254947,1806.3586639585958,1,0.8744603150066647,0,A,False,False,False,False,False,True
29.672828532020873,16,1,50.436190880766176,2092.6544649870066,6,1.0279361228049408,1,A,False,False,False,False,True,False
45.725842405932596,5,0,23.643165019247014,2748.979777940279,3,0.9918394271335329,0,A,True,False,False,False,False,False
31.693192467824858,21,1,6.072292852642682,1104.5683340056787,6,0.32043338174085845,1,A,False,False,True,False,False,False
311.98685058639114,14,0,9.591251986168208,1615.9567949222273,2,1.996408529113721,0,A,False,True,False,False,False,False
80.80943411197035,4,0,3.359794259098085,301.49971052633686,7,1.3668199222461106,0,A,True,False,False,False,False,False
78.30169353270155,14,0,0.23767320044766901,1328.8921431172785,2,0.7936420021004547,0,A,False,False,False,False,False,True
115.19756061862915,17,0,5.131343123299347,850.3435458036834,6,1.6047720360116724,0,A,False,False,False,False,True,False
13.921024602001522,17,0,6.916457813075598,1031.1564151317775,2,0.7699239494429709,0,A,False,False,False,False,False,True
189.9829145895625,20,0,12.464332952298586,448.59837501219096,2,0.26130624027641997,0,A,False,False,False,False,False,True
49.85320843676359,20,0,43.25391693720086,2692.2462528388073,2,1.1833141501412032,0,A,False,False,False,True,False,False
122.06781374682355,22,0,44.305062756330194,292.7210257282398,3,0.4471907304283829,1,A,True,False,False,False,False,False
15.086062741603236,5,0,1.0901459417908608,1363.2261245869647,4,0.512079513258485,1,A,False,False,False,True,False,False
8.461187081871618,1,0,14.303880825248637,526.3642393780177,2,0.58054253904192,1,A,False,False,False,False,False,True
145.6880350869945,16,0,0.6491352053240431,5972.253608772175,2,1.0481596560520756,0,A,False,False,False,False,True,False
85.77189865272544,20,1,15.665316841412466,1912.7411659519173,2,1.0859509546169617,0,A,False,True,False,False,False,False
18.495697450104277,3,1,1.8783992332027184,1071.9143962019734,3,1.6955367657728275,0,A,False,True,False,False,False,False
19.228706688876596,11,1,43.89388376895859,481.8652153200916,2,0.539990910778938,1,A,True,False,False,False,False,False
210.7182095835623,18,0,29.963907180287535,2235.0601557363525,1,0.6930733113298285,0,A,False,False,True,False,False,False
13.101224885674025,1,0,0.3387283956626333,80.50274934360367,4,1.8993996329745744,1,A,False,False,True,False,False,False
391.9787165915499,1,1,22.85796959178537,1491.1994671169589,5,1.2979697579497214,1,A,False,True,False,False,False,False
18.52748153882247,13,0,15.154782092194857,1649.6256089902345,3,1.166404686304037,0,A,False,False,False,False,False,True
117.45676527080909,14,0,10.258922814484551,1574.022217064176,1,0.9813873690040326,0,A,False,False,False,False,False,True
36.80588787945955,19,0,13.843481003813253,2143.6760279650475,4,1.2217711779192426,0,A,False,False,False,True,False,False
112.59810851528376,1,0,17.00970930638307,697.8624557208092,3,1.0149873434610046,0,A,True,False,False,False,False,False
28.419149538371073,3,0,32.37174959723313,1701.8157912089034,3,1.0506835903189458,0,A,False,False,False,True,False,False
44.9094622335265,18,0,21.87379546065493,641.6262440472823,1,1.2577192760734628,0,A,False,False,True,False,False,False
57.34599521152051,8,0,12.84833238149258,564.3607608254983,2,0.6339390245059872,0,A,False,True,False,False,False,False
16.401537051029845,6,0,26.11163233379581,480.16173204148686,3,1.098577976516295,0,A,False,False,False,False,False,True
132.81925440262285,12,0,65.05345486331383,896.4264655086289,3,0.3775366353835762,0,A,False,True,False,False,False,False
29.49272787468859,11,0,5.354025113998783,2667.7193531286266,5,1.0023353021718315,0,A,False,False,False,False,True,False
41.49944698943061,2,0,1.8906047116529954,4324.539336766704,6,0.7779987902560692,0,A,False,True,False,False,False,False
16.556532724083677,12,0,19.720675290753945,883.2992974260842,5,1.5032628007690836,1,A,False,False,False,False,True,False
2.5223716993274587,14,0,57.66289588723824,654.6008565584035,1,0.49732043533515397,0,A,False,False,False,True,False,False
43.4133364284296,13,1,1.8614563313183685,3176.53215704414,2,1.1019503965494715,0,A,False,False,False,True,False,False
987.4624847583416,23,0,8.476779032979957,1551.1346434093855,1,1.361829213988775,0,A,False,False,True,False,False,False
139.98358216430256,8,1,0.9643605526749918,1122.4264486804573,3,1.4506199728729678,1,A,False,True,False,False,False,False
53.35072378147055,12,0,22.477301937259814,452.7655659071341,5,0.7217491690424095,1,A,False,True,False,False,False,False
39.82643966607792,22,0,44.55351657388915,3447.3508054470785,1,0.8374083134265687,1,A,False,False,False,False,True,False
56.0900856974081,21,0,10.367062653072912,1181.9818741368053,2,1.231084926415229,0,A,False,False,False,True,False,False
105.27152220962812,3,0,7.902321846755035,1096.7733583767376,3,0.5615843829554742,0,A,False,False,False,False,True,False
13.237114936016537,20,0,35.74375891656785,1691.4479281425818,3,0.7995126787066911,0,A,False,False,False,True,False,False
207.92678729935537,7,0,2.147465576905174,1116.0139052694153,1,0.6470517981457466,0,A,False,False,False,False,True,False
128.82534580737044,2,0,33.3267370853778,3567.817402963821,2,0.40476456528763705,0,A,False,False,False,True,False,False
129.2596110591546,1,0,7.466814899145962,2463.7522850162954,6,2.081251109251476,0,A,False,False,False,False,True,False
92.4040571812513,18,0,12.294485976217931,699.8986643578671,2,1.0131113081770386,0,A,False,False,False,True,False,False
55.898636563737746,22,1,11.270930276564213,1175.5844954043316,2,0.5920265257113966,1,A,True,False,False,False,False,False
122.41702862565647,7,0,14.35587741838275,686.539849819454,2,0.3093748641675917,0,A,False,False,False,False,True,False
111.07181348919579,16,0,42.7416094659109,4971.571635525614,4,1.1737231835413995,0,A,False,True,False,False,False,False
35.70001635364461,12,0,45.277962636889974,615.045972472575,1,0.45722833577331656,0,A,False,False,True,False,False,False
27.43111279113197,6,0,26.681014044376596,997.0265330892505,4,0.7155504375209201,1,A,True,False,False,False,False,False
61.69652166201705,8,1,3.18943677756959,1467.2443303105413,6,0.976430260369038,1,A,True,False,False,False,False,False
350.3119985377347,11,1,6.086094485537856,1643.4871238536016,5,0.5372869329169241,0,A,False,False,False,False,True,False
12.342782869451723,13,0,10.036329346428849,1881.196536739195,2,2.284938747640155,0,A,False,False,True,False,False,False
9.38365814472248,13,0,35.381132848023036,2081.352586784184,1,0.5986879383665675,0,A,False,True,False,False,False,False
66.53399429701757,14,0,11.03658774704364,1908.9107012401057,3,0.5375221808668377,0,A,True,False,False,False,False,False
58.03610066781137,2,0,56.87077052817153,775.5876842587589,5,1.1202970797939804,0,A,False,True,False,False,False,False
67.22263339155415,14,0,61.8793309920136,708.3318547828312,5,0.836899735590794,1,A,False,False,False,True,False,False
73.16695155210695,18,1,13.69136443943302,1130.69062580037,2,2.6252092913440737,1,A,False,False,True,False,False,False
41.769119327644695,23,0,31.49409307820049,705.3125670276675,3,2.022362110600656,1,A,False,False,False,False,False,True
326.3061745430073,19,0,107.3954947597288,647.9577466668582,5,2.117912525928648,1,A,False,False,False,True,False,False
7.9957905810259,13,0,28.428478329052147,782.4648649570241,6,1.316367359292104,0,A,False,False,True,False,False,False
20.202443658098844,7,1,16.046481430339945,5894.103688831748,2,1.3988695311738721,1,A,False,False,False,False,True,False
48.23545289012187,4,0,27.9778798244909,3770.859491572469,6,0.8303135432996482,1,A,False,False,False,False,True,False
7.600191365261841,18,0,1.294075770177982,905.6528004979199,1,1.4023766254107746,0,A,False,True,False,False,False,False
44.211048091968486,3,0,15.110527562574255,209.93317469968542,3,0.7191614833731758,0,A,True,False,False,False,False,False
400.9209191971356,13,0,3.660185067837901,683.8693764407643,0,0.9367482567241997,0,A,False,False,False,False,False,True
55.983879652994126,15,0,1.8505533290300098,2217.2363196179826,2,0.4990981866918011,0,A,False,False,False,False,True,False
72.01259878709747,19,0,33.50585877861584,313.42845561743474,2,0.802640670126265,0,A,False,False,True,False,False,False
12.034797940760185,23,0,15.309981993529824,1777.6976907184735,2,1.3227567474139446,1,A,True,False,False,False,False,False
26.059081105574304,5,0,4.186714134499965,1688.7955530212598,0,1.7272299270321785,0,A,True,False,False,False,False,False
34.80511447350768,22,0,7.335528956177735,1111.9380551765978,2,1.2529534413450791,0,A,False,False,True,False,False,False
37.29062236417326,5,0,54.33320472006804,1064.1344175117572,3,1.987445797087112,1,A,True,False,False,False,False,False
254.16217664655576,2,0,29.727325327981372,531.8378733415386,6,0.49208879481064016,1,A,False,False,False,False,True,False
106.6155392698373,14,0,0.23556701469149147,1914.9736437723982,6,1.2998983645910418,0,A,False,False,True,False,False,False
14.385927210338643,2,0,58.531829096488934,1405.1940231427513,2,0.6443648327606102,0,A,False,False,True,False,False,False
73.39132452248583,10,0,6.895560153699718,746.5760786256947,5,1.2332229842717968,1,A,False,True,False,False,False,False
99.27225222305587,2,0,17.832232186859734,585.2210605485311,3,0.6658349121391978,0,A,False,False,False,False,False,True
214.47192547283012,9,1,18.707201177635305,422.1076167359017,6,0.7521244767222757,0,A,False,True,False,False,False,False
363.81621048807096,17,0,36.40258381270019,1476.1856439419662,4,1.532990296324024,0,A,False,False,False,False,False,True
16.149465769063152,0,0,32.450289736061315,932.8132558699988,4,1.1296092067700692,1,A,False,False,True,False,False,False
20.634635245407647,15,0,4.9636375088272,942.3746750197672,3,0.6587314154743554,0,A,True,False,False,False,False,False
12.072215461009963,15,0,15.472808436196654,314.52232432974665,2,0.47050526935493336,0,A,False,False,False,False,False,True
41.230413223677246,9,0,7.505839653664672,456.62389514061283,1,0.6448221821241575,0,A,False,False,True,False,False,False
95.54812519833554,0,0,11.183787584441362,418.5714994151828,5,0.9653141890857443,1,A,False,False,True,False,False,False
178.53799217824957,3,0,12.13438264318327,2028.3955299800807,3,0.5452683347756334,1,A,False,True,False,False,False,False
49.84203835562597,2,0,7.571247925468957,1258.1025404038528,2,1.1310325727819965,0,A,False,True,False,False,False,False
37.19532093661516,4,1,9.35135121595586,874.4654117154821,4,0.5777623911570685,1,A,True,False,False,False,False,False
65.50389396349514,11,0,3.504392055602276,2655.6606215236548,4,0.9083319904796171,0,A,False,False,False,True,False,False
20.04196886293002,11,0,14.033876434617456,2371.554269266871,1,1.17717385072428,0,A,False,False,False,False,True,False
670.1130744852375,12,1,21.3418742773469,2655.394585252623,3,0.784534498954646,0,A,False,False,False,True,False,False
7.931219186977283,23,0,8.424974900086434,903.5801132578722,4,1.6999052657829203,0,A,False,False,False,True,False,False
68.14846913187249,11,0,57.034141399080426,353.71975649306256,4,1.2024275372456292,0,A,True,False,False,False,False,False
619.1375511327149,15,0,0.8839367680595018,4294.967482303546,5,0.6287311707995459,1,A,False,False,False,False,False,True
55.04548334949456,12,1,13.343296411263772,1667.977396561574,4,0.5679942071910655,1,A,True,False,False,False,False,False
43.46487575404853,4,0,13.141661995452715,1695.8622261352627,5,2.1737065380895753,1,A,True,False,False,False,False,False
35.55445598748917,23,0,0.5545706154119074,1883.1388529798317,3,1.7322952882123932,0,A,False,False,True,False,False,False
43.97098488153446,3,0,3.8150668066584372,10004.585698871162,2,0.8369128588103137,0,A,False,False,True,False,False,False
283.55842018531126,20,0,35.39409250009124,1011.9632933350365,4,1.155668320969522,0,A,False,False,True,False,False,False
3.841126590079811,14,0,11.795855942214507,3460.5619198165155,5,0.8659756827527694,1,A,False,False,False,False,True,False
343.82074847709686,11,0,8.60078155670838,554.4121713053623,1,1.3852592527741356,0,A,False,False,False,False,False,True
9.887303082175276,18,0,8.054886253282369,2105.2421900403447,6,1.0857052747501688,0,A,False,False,False,False,False,True
39.64707619142734,20,0,32.86040159854453,4567.647230049588,8,0.3649525180023241,0,A,False,False,True,False,False,False
32.61938343722485,18,0,6.860011629567514,1056.1972982887426,3,1.770580318060573,0,A,False,False,False,True,False,False
110.63803464925138,20,0,29.40269265229282,236.2425389534453,1,1.9646769833828868,0,A,False,False,False,False,True,False
8.022505485286999,10,0,5.548413293244649,1726.0832490728553,2,0.7886964279376268,0,A,False,False,False,True,False,False
95.0694045715518,20,0,11.373415232226852,921.9338746513722,6,1.168068974475077,0,A,False,True,False,False,False,False
619.6603763946471,5,0,2.329115630929044,2154.7004559697452,3,1.720412361335916,1,A,False,False,False,False,False,True
10.635433340798755,8,0,26.14713799322069,755.1158474223199,3,5.466236312505472,0,A,False,False,False,False,False,True
68.55575810758369,0,0,19.975664921668624,7406.144727099448,1,1.301198507689911,1,A,False,False,False,True,False,False
24.67082537586302,11,0,11.328309169158075,1194.0969224482897,4,1.191076164362188,0,A,False,False,False,False,True,False
91.01866973814424,13,0,0.39363980173794233,2064.952579395757,6,1.5380169082859032,0,A,False,False,False,False,False,True
55.8671936884156,5,0,9.845210118576295,492.8710719815866,0,1.6153939179630195,0,A,False,False,False,True,False,False
25.285110612379242,0,0,3.8271879989043587,428.3519449702446,4,1.30450502797352,1,A,True,False,False,False,False,False
98.04697904788681,21,0,8.000524568549881,388.5800796847357,3,0.5249163411505893,0,A,True,False,False,False,False,False
475.9047512270601,1,1,29.113621532809493,390.67668834396767,2,1.092522849762375,1,A,False,False,False,False,True,False
43.41979529589805,23,0,22.019290446054626,1887.0518825781082,3,1.1585670005233943,1,A,False,False,False,True,False,False
129.5037101553969,10,0,4.155146559138902,676.9450762879499,3,0.4798022352606756,0,A,True,False,False,False,False,False
11.566031122049536,2,0,62.949081227577096,397.01611448766295,0,1.3744118693686074,1,A,False,False,False,False,True,False
17.327179669613802,9,0,35.02825239972933,628.0671588351082,3,0.5684533276084958,0,A,False,False,True,False,False,False
96.24408660943418,5,0,11.283061477885855,1925.4427755179415,6,1.9343144013361222,0,A,False,False,False,False,True,False
324.06341898399876,5,0,11.330136987517479,1887.3888990439332,6,0.6702994671478201,1,A,False,True,False,False,False,False
83.65791292058816,19,0,34.72988338785863,2434.5603900286983,5,1.603268588722917,0,A,False,False,True,False,False,False
37.49960364193903,20,0,15.164989738221191,875.4847191998102,2,0.710005657927352,0,A,False,False,False,True,False,False
54.55174422207387,1,0,11.540332120571714,5419.164569073241,1,1.8799575130198762,0,A,False,False,True,False,False,False
12.176534758735418,23,0,20.743413642042242,2606.101474051104,0,1.9986128348415229,1,A,False,False,True,False,False,False
112.77767373883391,9,1,4.020096019207978,428.66435703609426,1,1.3262037528880606,1,A,False,False,False,True,False,False
157.40146993473732,22,0,31.602489500942525,2100.039241114952,3,0.7297939746922215,0,A,False,False,False,True,False,False
31.73726684351865,5,0,11.370574150729498,1113.5259351084517,2,1.2345978902243078,0,A,True,False,False,False,False,False
31.06088848301531,22,0,13.87616189669153,960.967441038526,2,0.6945437035539762,1,A,False,True,False,False,False,False
75.11752413686732,16,1,1.4137350215044242,1105.3025505630164,1,0.5657395756388769,1,A,False,False,False,True,False,False
32.328083696495796,13,0,5.555284207929921,643.7007131726112,5,0.773512763851029,1,A,False,False,False,False,False,True
50.43275488259785,4,1,8.346116674221292,2458.2311921978703,1,0.9746704463732542,1,A,False,False,False,False,False,True
678.3518777218665,22,0,8.014216566843494,690.4983516816949,2,0.7273847006216926,0,A,False,True,False,False,False,False
40.59192515848285,16,0,22.595394703981576,700.55208161404,4,0.8765901343323169,0,A,False,False,False,False,True,False
35.51630254094113,1,0,4.9760224852217165,2014.557493861461,2,0.7566680799095152,1,A,False,False,False,False,True,False
25.10205796057373,8,0,3.015397857712988,6225.325829685913,4,1.007106687110256,0,A,False,False,False,False,False,True
133.35708309628126,11,0,13.106274239406504,736.9059026586116,4,0.8925412758990536,0,A,False,False,False,True,False,False
43.92708025226817,18,0,14.318258079005119,404.5518599523816,2,0.46837706637548643,0,A,False,True,False,False,False,False
25.046957273218645,21,0,1.9445130695241872,2729.5051672257896,2,0.9818254575456684,0,A,False,False,False,False,True,False
266.5507984407508,6,0,0.037073321441096055,1281.816982261737,7,0.6710120174870834,1,A,False,False,False,False,True,False
299.9223492791743,8,0,37.451484762881435,1639.063267251458,5,0.6360086774609439,1,A,False,False,True,False,False,False
26.562268228029314,20,1,1.2448067760840424,1127.1667771676382,3,0.633790424851607,0,A,False,False,False,False,False,True
5.813321291342845,15,0,34.22218090695791,1763.1826825820635,3,1.0912218548104737,0,A,False,False,False,True,False,False
182.9140605037548,19,1,7.642769047087911,1467.1979509192593,4,1.222086209188228,1,A,False,True,False,False,False,False
24.00937091874591,10,0,15.878874452364055,721.4269790804406,4,1.066284323837955,0,A,False,False,False,False,True,False
140.99870684094876,11,1,3.079825080528205,1925.8103468104225,4,1.439319993682946,0,A,False,False,True,False,False,False
5.133950386787744,14,0,26.051999433527353,1636.1160741640056,1,1.0004090328781712,0,A,False,False,False,False,False,True
159.3521934831166,17,0,2.980302063310369,814.8795396364485,5,1.0678004696234713,1,A,False,False,False,False,False,True
12.76355296719873,18,0,7.32884889931636,954.8794502440275,5,0.6523024987707267,0,A,False,True,False,False,False,False
131.22546397849416,15,0,4.0776383281117585,584.8129498948314,2,1.2801019726055016,0,A,False,False,False,False,True,False
55.541344057884984,14,0,27.256709108599196,1586.8570078158623,3,0.9304406426549006,0,A,False,True,False,False,False,False
17.379175805835324,4,0,29.31443860483254,1600.8047074378555,4,1.3674410103764005,1,A,False,True,False,False,False,False
33.500368021525695,10,1,6.978916736309522,1063.1637266456985,2,0.9528283092755683,1,A,True,False,False,False,False,False
124.40994842231704,14,1,5.50907344774709,440.9882539237466,3,1.0014794445832913,0,A,False,False,True,False,False,False
61.99621555448265,17,1,22.27948511894364,217.45186344179794,4,0.6739200869402372,0,A,False,False,False,False,False,True
110.08970974640984,12,1,31.619093317233094,911.3126257211701,2,0.9235648197451117,1,A,True,False,False,False,False,False
585.068363693449,3,0,14.673289692621053,1325.164944312936,4,2.76377033007107,0,A,False,False,False,True,False,False
8.355416957483147,16,1,39.342614824658675,1836.7293489033793,3,0.39615098034638563,1,A,False,False,False,False,False,True
380.18390263781333,3,1,7.244359006193081,2714.1807217088717,3,0.796666331887976,1,A,False,False,False,False,False,True
61.88186257413759,15,0,2.471110384153082,824.1168431897737,1,1.4791252829555768,0,A,False,False,True,False,False,False
18.568361578929274,22,0,2.9702346908879393,309.30677088524106,2,0.6993834794758998,0,A,False,False,False,True,False,False
11.063192963197462,14,1,16.622302780125274,727.0961324668241,3,1.056645192348444,1,A,False,False,False,False,True,False
43.512816682081635,13,0,7.851735043208325,6289.350209880339,1,0.9515884684492836,0,A,False,False,False,True,False,False
165.00571906655912,11,0,2.549634010860752,4086.264904835971,2,1.5297416087894091,0,A,False,False,False,False,True,False
46.849533697830005,2,0,5.184474797449221,1544.5251061125211,1,0.8848456681500304,1,A,False,False,False,True,False,False
334.75064664574757,9,0,11.344662014650492,776.4353910822128,1,0.43902124238852375,0,A,False,True,False,False,False,False
9.569578608426905,7,1,1.942156056956717,1019.4073506843675,4,2.3270138211764464,0,A,False,False,False,True,False,False
53.81182629306926,5,0,0.05172656966843786,4323.236112501818,2,0.9378168473168,0,A,True,False,False,False,False,False
12.147554413710338,21,0,37.38768101619687,1297.2381353509484,5,1.0825309649064287,0,A,True,False,False,False,False,False
84.46677477824372,13,0,5.454655917910048,808.8356521189484,2,0.7970030862076761,0,A,False,False,True,False,False,False
158.26405434643772,16,0,3.7557585804612508,3168.4562434518716,3,1.0866550717316281,0,A,False,False,False,False,True,False
32.95311677699794,20,0,17.98382423271534,230.8711805727504,3,1.6345685537899577,0,A,False,False,False,False,False,True
2.3987394544169454,18,0,28.80099087699758,490.9542457405812,7,0.930037960467965,0,A,False,False,True,False,False,False
69.3202988605417,15,1,15.00645221747484,575.9602826354475,5,0.6773669080938312,0,A,True,False,False,False,False,False
92.21163005937164,14,0,4.405155175644186,2443.778796752065,3,0.5206789414130719,0,A,True,False,False,False,False,False
88.69058203585962,14,0,29.66807835642858,700.2065370233714,2,1.7990651589859645,0,A,False,False,False,False,True,False
240.55256476766468,0,1,10.71333145458469,265.4900965055533,4,0.8021677245763459,1,A,True,False,False,False,False,False
15.100616705657195,23,0,7.199374465381049,630.3364229906131,4,1.318067500103669,0,A,True,False,False,False,False,False
123.50224407374252,22,0,13.922645794976628,752.3755085796914,7,1.4137167073339663,1,A,False,False,False,False,True,False
228.37956760857074,22,0,18.090234524180154,1038.9901517863225,3,0.8934551203730103,0,A,True,False,False,False,False,False
6.4604236697212185,11,0,13.51474766813406,1215.1056095018043,4,0.9614993906749486,0,A,False,False,False,False,False,True
80.12454135475048,9,0,37.932021480354855,2378.2945271521266,3,1.0058653903862187,0,A,False,True,False,False,False,False
29.814182490339867,13,1,14.833639371651575,854.3779923032225,2,1.4962067184698615,0,A,False,False,True,False,False,False
49.509907065098574,9,0,31.627583075888694,688.0041854849323,3,0.6655323257467382,0,A,False,False,False,False,False,True
82.8649173563319,9,0,13.263105747167753,1138.3752492034153,2,0.903337274584488,0,A,False,False,False,False,False,True
30.426858543248425,19,0,5.999991491360055,1331.576873777171,2,1.15773916057253,0,A,False,True,False,False,False,False
24.267798453301452,10,0,11.398821144929022,677.8568283837529,2,1.169675908792702,0,A,False,False,True,False,False,False
56.88222493262223,21,0,1.3543971722183081,280.7845561278075,3,1.364446479944059,0,A,False,False,False,False,False,True
14.810033249745134,15,0,3.923873806860934,741.0594098279744,2,0.5143614211696628,0,A,True,False,False,False,False,False
14.835305479456856,8,0,21.801369951375516,2092.1523174511885,4,0.8493225333291979,0,A,False,True,False,False,False,False
123.37739865467132,14,1,16.247387071072946,1029.623073905658,1,1.2263888868592532,1,A,False,False,True,False,False,False
13.755615734803044,13,1,2.7321603779138295,2966.330089648467,2,0.5218754198085572,1,A,False,False,False,True,False,False
121.45878669616266,18,0,8.644206502064987,1639.3314649184945,3,2.40678475416818,0,A,False,False,False,False,True,False
95.11717488684997,8,0,2.2971314330708417,718.8575733213181,4,0.46100320107679427,0,A,True,False,False,False,False,False
6.882843909337212,3,0,29.05016838613522,3551.875214720028,0,0.566786084798071,1,A,False,True,False,False,False,False
24.213792702694406,20,0,1.7340199766635127,547.1682678670544,3,0.6997388781576597,0,A,False,False,False,False,True,False
228.8189967143777,6,0,15.929938740912418,287.11233624895794,1,0.6614299293013794,1,A,False,False,False,True,False,False
16.820550159030372,21,0,14.00918504402784,1444.1300803098175,2,1.284938413308612,0,A,False,False,False,False,False,True
31.271742217775756,7,0,9.601964968891282,585.7541386905701,2,1.04354822025893,0,A,False,False,False,False,False,True
95.05665401499066,23,0,4.89082732559473,1048.0206584978043,7,0.6410506186555475,1,A,False,False,True,False,False,False
139.77983968503054,7,0,7.761624419869529,465.17759608490275,3,2.821893437387534,0,A,False,True,False,False,False,False
40.372680732968355,18,0,24.62874254271222,1100.623992574827,3,1.4552021434806037,0,A,False,True,False,False,False,False
26.65529363563773,14,0,21.50398581661933,1616.205481961178,3,1.138906004858458,0,A,False,False,True,False,False,False
300.91981503843186,15,0,20.1375566915494,1819.0377524945286,3,1.433180066726219,0,A,False,False,False,False,True,False
439.95814463459607,21,0,20.783834211403118,441.14702021903383,3,1.2208924068487208,0,A,False,False,False,False,False,True
176.73115170658525,22,0,2.330282571157667,371.1858596538801,3,1.1026346318576408,1,A,False,False,False,False,False,True
60.48417563536396,8,0,1.5653561284629596,1507.1654100068315,4,1.2868615978598736,0,A,False,True,False,False,False,False
20.69891190742171,11,1,29.653125151678786,809.439022241115,3,0.9801353295249497,0,A,False,True,False,False,False,False
20.15528853223736,15,0,27.226149536947126,702.4609824976964,2,1.3985918222528244,0,A,False,False,True,False,False,False
102.20871277310931,3,0,17.15343739014843,998.167514972546,8,1.0405698236020293,1,A,False,False,False,True,False,False
90.20436921322248,4,0,13.96747759809743,956.8769085658015,2,0.8705186124847362,1,A,False,False,False,False,True,False
293.51193755329206,7,1,6.856233029858536,1479.0602736613603,4,2.261115257016436,0,A,True,False,False,False,False,False
119.16869699527106,0,0,3.8056379536370017,1619.7211466787141,2,1.0425923086518032,0,A,False,False,False,True,False,False
8.991715360379246,5,0,16.52379028521213,2409.3539454994943,4,0.8838950600244782,0,A,False,False,False,True,False,False
192.93187383258385,14,0,36.633680677273865,891.9566256856729,1,0.6509306338461084,0,A,False,True,False,False,False,False
16.482962096948043,3,0,8.617043530360414,2432.3607842691304,2,0.6070226543692588,1,A,False,True,False,False,False,False
34.440543953018604,20,1,5.419121250304855,1754.6311183952012,0,1.0219623536156888,1,A,False,True,False,False,False,False
73.71750201803698,10,0,4.73591166548802,2204.860065129622,1,0.8344724990819828,0,A,False,False,False,True,False,False
598.7241579182984,4,0,0.359860994066636,452.4080613229249,1,0.690594313568002,1,A,False,False,False,False,True,False
2279.9351241111353,17,0,11.019438461600133,1009.845542336282,3,1.9095025412439843,0,A,False,True,False,False,False,False
113.07684942453905,23,0,66.64070694159832,4994.9898264985,4,1.6835566220770097,1,A,False,False,False,False,False,True
43.82323067708188,14,1,25.330278484006364,366.151669803414,6,0.6076974330544819,1,A,False,False,False,False,True,False
103.69011401825789,17,1,34.16468788156542,4597.324143766546,4,0.8422390291420805,1,A,False,False,False,False,False,True
158.4099845309227,19,0,14.559782090433078,4437.412247783838,6,0.44413007519858755,0,A,False,False,False,False,True,False
37.15873418049376,12,0,9.850678526253311,1969.568282059794,1,0.781868220759633,0,A,False,True,False,False,False,False
470.71538210962785,4,0,69.77922230066883,373.38268792574564,4,0.7118702101326814,1,A,True,False,False,False,False,False
71.95816518352356,0,0,8.890357020974783,922.1743440594611,2,0.9227443293462739,0,A,False,False,True,False,False,False
99.21524747947205,21,0,37.30313242881348,2067.4115456568097,6,0.6419525038567263,0,A,False,True,False,False,False,False
121.40221239432978,17,0,21.522491308171368,379.69001647895226,1,0.4120780222222726,0,A,False,False,False,True,False,False
90.55015831847597,13,0,6.0290845515514615,1883.6853662007318,4,0.7592041059529858,0,A,True,False,False,False,False,False
149.4151391499997,4,0,10.48935566883817,1195.5857088119599,1,1.8766498939654905,1,A,False,False,False,True,False,False
26.03120930737205,5,0,7.27564363850271,695.6195449953594,5,0.7277901812428427,1,A,False,False,False,False,True,False
27.939400454153102,23,0,2.196614441214602,447.92589256077457,4,2.637263481394477,0,A,False,False,False,True,False,False
14.58239414292976,15,0,6.618714089109492,3523.6055094387175,2,0.6578066130242419,0,A,True,False,False,False,False,False
92.51783870077796,21,0,32.969712326066954,2041.460026593376,3,1.0406480508748368,0,A,True,False,False,False,False,False
139.0347364202872,20,0,20.953396064032663,961.0666838568173,4,1.175329504446978,0,A,False,True,False,False,False,False
94.56878368203937,11,0,4.87725118287416,1127.6136725674016,3,0.5939738382508101,0,A,False,False,False,False,False,True
407.2352059085515,19,0,6.880930971313328,885.1324431546657,2,0.4370658765426406,0,A,False,True,False,False,False,False
54.23273958182099,17,0,14.373650597461875,258.2232804175863,1,1.7210893134914393,0,A,False,False,False,False,True,False
121.81335384079665,1,0,8.071406011169858,3074.1732012933603,7,1.7286796378157598,0,A,False,False,False,True,False,False
14.731071177418075,22,0,10.488810332196522,1306.4569778566138,3,2.0066841187564215,0,A,False,False,False,False,False,True
34.31149252296423,20,0,17.96829104683547,2353.1380677542406,2,0.664145581869092,0,A,False,False,True,False,False,False
125.79395731855604,22,1,9.445569000239686,762.5104212650027,3,1.2026757664403,1,A,True,False,False,False,False,False
151.2482509522123,12,1,3.1787852971720683,1180.5202996125897,6,1.0196181851074344,1,A,False,False,False,False,False,True
38.368609440536,16,0,11.027483898634408,1416.492295296777,5,0.9519426454588219,0,A,False,False,False,False,False,True
50.103000562793454,16,0,6.603602355384229,2502.2020100314335,4,0.8254608189626739,0,A,False,True,False,False,False,False
8.833501695258619,15,0,5.152874529182108,4602.69433768327,1,1.47361542527634,0,A,False,False,True,False,False,False
35.57221867935275,20,0,5.964877511626937,829.645759943667,1,3.723210256792138,0,A,True,False,False,False,False,False
158.92935514521966,17,0,8.670574893185416,830.39922277077,1,1.1483824464375139,0,A,False,False,False,False,True,False
108.87996308801705,7,0,32.654246891160405,900.9348543654405,2,1.093232990382554,0,A,False,False,False,False,True,False
99.56382199837576,2,0,19.867105067701914,680.5896009395999,4,0.7203890765743267,0,A,False,False,False,False,False,True
57.958568820934296,16,1,16.533971495327943,9110.389177246274,4,1.4001398054215923,1,A,False,False,False,False,False,True
55.06287919787952,17,0,9.558882902525527,285.6390701983111,4,0.2925402138734186,0,A,False,False,False,True,False,False
24.720049441096922,22,0,0.02747435322642498,9406.142636312672,7,0.846852284305569,1,A,False,False,True,False,False,False
126.29167393262856,5,0,6.245253053218098,1827.9259093601643,3,1.1999044518049127,0,A,True,False,False,False,False,False
90.48350177580825,7,0,25.165112123485468,1026.5286015403028,5,1.1306344794361234,0,A,False,False,False,False,False,True
98.53606443785264,22,0,7.369534490836733,561.0974098267824,4,0.9531986975939796,1,A,False,False,False,True,False,False
29.042439428833802,12,0,12.445474063463948,1061.700785699979,3,0.39798725987248745,0,A,False,False,True,False,False,False
4.120557608837985,7,0,3.436289142532489,698.5475893765013,4,2.113219447100675,0,A,True,False,False,False,False,False
203.68674584978282,18,0,37.12869544682683,3308.6227679611047,2,1.1216865827232667,0,A,False,False,False,False,True,False
30.7347843157718,5,0,38.49248642344484,1816.7843230013073,4,0.9885309852119055,0,A,False,False,False,True,False,False
19.388286269134856,22,0,2.3685975810462003,4174.431432992811,3,1.8764645857312574,1,A,False,False,True,False,False,False
125.48355251134437,14,0,19.318957231233963,869.2885419275816,7,1.8303501933121682,0,A,False,False,False,True,False,False
34.10980337915067,9,1,1.1732913140407155,1227.9161973103892,5,0.8982787004827498,1,A,False,False,False,False,False,True
194.79031276821195,16,0,13.689995292425653,1014.4250623389747,2,0.8785583387037214,0,A,False,True,False,False,False,False
114.48080184864313,0,0,2.952155938706906,813.1798062578548,2,1.266900063087279,1,A,False,False,False,False,True,False
124.00020115736967,6,1,2.3621851070907636,481.43384076783076,4,1.8538942382587436,1,A,False,False,False,False,False,True
10.599990941682048,12,0,0.061924908315182076,1949.83269189355,3,1.6372240161437002,0,A,False,False,False,False,False,True
233.768844350981,2,0,42.416990294045284,1440.6120942459836,5,0.6169144013031461,1,A,False,False,True,False,False,False
74.70153475280254,18,0,26.513540583983414,1055.9646172233456,5,0.5808050507897994,1,A,False,False,False,True,False,False
35.05321841856411,14,0,1.2096211083170774,1639.8419896327164,3,0.6493111301554491,0,A,False,False,False,False,True,False
64.849302869376,4,0,13.720964611448457,788.6214213953199,3,1.3154592143935995,0,A,False,False,False,False,False,True
6.478686055054603,10,0,3.977037103265886,1110.0498109556172,2,0.8252362202073695,0,A,False,False,True,False,False,False
89.1556192541289,21,1,4.598201092201823,2185.556520740187,3,1.282033983158839,1,A,False,False,False,False,True,False
15.875137246362069,17,0,31.092390687221275,2437.9617687606933,4,0.5228833089825019,0,A,False,False,False,True,False,False
10.770335661106152,2,0,1.8210908200827793,3723.9871439382036,5,0.6612958557841333,1,A,False,False,False,False,False,True
8.78608286102444,5,0,13.800345410843786,451.4013111235436,4,1.2783783468412564,1,A,True,False,False,False,False,False
207.5196533214816,2,0,7.693805617853325,507.7048141785233,3,0.4614300102240054,0,A,False,False,False,False,False,True
25.658731616010044,4,0,3.175648720574958,436.35673847618284,8,2.4350994548481513,1,A,False,False,False,False,False,True
343.94207339479743,8,0,9.019957582678755,652.9034261821862,0,1.7425747136905094,0,A,False,False,False,False,True,False
28.704050474904818,18,0,42.32398401001295,838.6894139057957,5,1.9988304605626501,0,A,False,False,False,False,True,False
7.0369191305854955,12,0,22.822095736956296,1555.6484597980398,4,1.4687058868252896,0,A,False,False,False,False,True,False
14.29872928404124,5,1,2.125378727149064,2783.9867662068973,1,0.39205793511747206,0,A,False,False,False,False,True,False
240.56105974805055,10,0,28.39988187002778,800.2412659339473,3,1.7542087243309405,0,A,False,False,True,False,False,False
45.282569829792465,20,0,41.574564576937,1735.7211611307148,3,1.4385601649832958,0,A,False,True,False,False,False,False
28.27718354227005,20,0,4.864449809290719,3048.474369587332,3,0.8454738832060338,0,A,False,False,True,False,False,False
66.15641556867386,13,0,6.083919896589605,761.8836410993307,5,0.7978453885225737,0,A,False,False,False,False,False,True
99.69736859612237,5,0,2.0254436000044427,875.6462600185022,2,1.4778584118903593,0,A,False,False,True,False,False,False
208.6959856940654,5,0,6.345429058450066,1156.1972400322225,4,0.4526887875475083,0,A,False,False,False,True,False,False
310.5047117173711,16,0,16.773386596502135,287.00603279190403,1,1.583362581194029,0,A,True,False,False,False,False,False
35.45547291247891,10,0,4.765007794251107,1650.8377918421143,5,0.7246216938219913,1,A,False,False,False,False,True,False
11.119972065250876,14,0,0.1027261150462267,418.26739278987066,4,1.0856278465652327,0,A,False,False,False,True,False,False
33.242919818970364,8,0,6.199691883567328,2062.687580302981,2,1.1051365574577265,0,A,True,False,False,False,False,False
74.61463054593841,20,0,9.054370182910843,776.8491147277051,1,0.5083817216420179,0,A,False,False,False,True,False,False
17.17559169647936,16,0,12.532971664258556,729.0068384960368,1,0.44584939980892807,0,A,False,False,False,False,False,True
17.312328921808678,23,0,17.271896269203907,501.23590140691766,4,1.1330264049965157,1,A,False,False,False,False,True,False
82.47914370955247,6,1,0.9566316929601488,1690.5336586051972,0,0.9748891307826579,0,A,False,False,False,True,False,False
51.501821610172456,6,0,9.51615531284828,1681.7350283985631,3,1.1502918277693683,0,A,False,False,False,False,False,True
56.78978082535606,20,0,4.646102860599982,761.9475282574799,5,0.6021561401471447,1,A,False,False,False,False,True,False
21.97280601101263,0,0,44.338896804279614,4619.850743990272,4,1.5494935991474168,0,A,False,True,False,False,False,False
41.40986522705125,7,1,6.691928051304845,1127.140236035471,1,1.8332966475753962,0,A,False,False,False,False,False,True
18.009875149532718,4,0,1.582469521890933,1084.4553204400609,2,0.8709231878897352,1,A,False,False,True,False,False,False
158.8941239559933,18,0,0.6356525832735141,1149.916564681272,3,0.5610990702983375,0,A,False,False,False,False,True,False
189.10439208837883,7,1,4.626557404854491,636.3476046632923,3,0.7535917168429306,1,A,False,False,False,True,False,False
5.957045074810242,16,0,2.956267217187741,495.18133991382194,4,1.1567865394728891,0,A,True,False,False,False,False,False
17.89617437198008,18,0,15.738746905185716,813.3613310693636,2,1.2509530777039322,0,A,False,False,False,True,False,False
9.062680107296648,11,0,28.156480497713876,1821.083426727327,5,2.653176063456811,1,A,False,False,True,False,False,False
25.027401351805935,22,0,5.621682599293695,249.3732575140611,2,1.5092470992865532,0,A,False,False,True,False,False,False
49.39624633826821,14,0,12.933838566840478,330.42393303563534,3,0.8813562266361845,0,A,False,False,False,True,False,False
9.58716990487836,3,0,19.65696922713405,674.48992828952,5,1.3045778139157953,0,A,True,False,False,False,False,False
18.061240335860102,22,0,7.624624152646115,261.0555992834258,4,1.1794261856418153,0,A,False,False,False,False,True,False
16.366738800778624,11,0,1.0294128271766039,353.05778938637303,5,1.0246100834013512,0,A,False,False,False,False,False,True
70.01579050678914,12,0,3.9046015016160567,2095.54688738157,2,2.2966964841108486,0,A,False,False,True,False,False,False
59.33582199281546,13,0,32.192159470831136,772.3131671380919,1,0.7309053915467237,0,A,False,False,True,False,False,False
22.96370522886689,4,0,26.10005699108106,557.39930409192,4,1.3502309735430849,0,A,False,False,True,False,False,False
67.50387789788259,21,0,1.3576126920110572,1226.5564370587358,4,1.337885086401827,0,A,True,False,False,False,False,False
28.331773078698596,15,0,3.8030502427047477,1202.3012626546122,5,2.48085292686523,1,A,False,True,False,False,False,False
39.409774433641395,6,0,21.990799973775346,2784.1074982067103,1,0.35645845500201356,0,A,True,False,False,False,False,False
406.7271259420866,14,0,9.980010613277981,264.1099528903809,1,1.8364741167196286,0,A,False,False,False,False,True,False
272.74935561122214,12,0,21.40468495709662,522.6175121450569,3,0.5745961678904375,0,A,False,False,False,False,True,False
11.4788075745847,15,0,3.556592491463331,680.2024931629129,3,0.46523978848676933,0,A,False,False,False,False,True,False
147.7732348004226,11,0,45.76808464873646,1499.5332857187357,2,0.6222627433441481,0,A,False,False,False,False,True,False
144.55728505944896,6,0,22.959917310653267,11086.863159225615,3,0.4772601054712917,0,A,False,False,False,False,True,False
13.764379417619601,15,0,3.2994602613910406,1753.0367729334412,7,1.8097482881053688,0,A,False,False,False,True,False,False
145.84336050374685,22,0,12.261933072144382,886.5151847507578,3,2.2423625603094792,0,A,False,False,True,False,False,False
345.6816628877481,22,1,1.8002970670189735,415.4550739351826,2,0.7030609987362703,0,A,True,False,False,False,False,False
14.1958012250596,12,0,6.727972771209916,375.87711621269295,2,0.9009441398074439,0,A,False,False,False,True,False,False
18.155918846286763,22,0,16.165449882873954,2258.6356544160344,4,1.7599863078472655,0,A,True,False,False,False,False,False
185.15508296542606,2,0,6.010022456366653,580.6672812541441,4,2.3059014663516493,0,A,False,True,False,False,False,False
75.62556391048523,14,0,16.03981041350967,826.1144365813061,1,1.0781851425900382,0,A,False,False,False,False,False,True
105.82338553346291,2,0,4.211182088983188,4129.10213342206,3,0.803031407660381,0,A,False,False,True,False,False,False
82.16316273286652,6,0,19.159273812171154,278.18932402528844,2,0.4917031908773176,0,A,False,True,False,False,False,False
87.2550208611843,17,0,6.684690261260294,1361.5608723567134,2,0.5492782960635998,0,A,False,False,False,True,False,False
11.114309764488674,13,0,23.444132169375642,532.2369707868005,3,2.25783690672722,0,A,False,False,False,False,False,True
191.86293712202342,17,0,2.2047201234571,4060.3186050544896,3,0.5521861556078449,0,A,False,True,False,False,False,False
222.1844718084831,18,0,6.740736511362761,517.5661784398342,6,1.216365438610885,0,A,True,False,False,False,False,False
41.460082924673934,13,0,9.352426601609851,1872.6947925079116,6,0.8862540197654843,1,A,False,False,False,False,False,True
51.82266802601396,19,0,8.270692014163629,258.1287878994224,6,0.8415886697936217,1,A,True,False,False,False,False,False
8.694329199035051,5,0,8.513439956777908,3799.4914903662207,0,0.46019453933314136,0,A,False,True,False,False,False,False
101.20070337968968,7,0,8.826493105067534,2288.791167455185,2,0.8949683754780015,0,A,False,False,False,True,False,False
108.46948943343739,6,0,67.3823445471221,702.7812651904039,5,2.261686121728658,1,A,True,False,False,False,False,False
50.67186266916188,19,0,3.219394580083051,1501.7501597825974,4,0.9942374302551544,0,A,False,False,False,False,False,True
210.4449359242971,17,0,21.958250207540026,2358.689356206404,1,1.3272316879979302,0,A,False,True,False,False,False,False
36.56557861283681,17,0,12.037360303957422,1239.255189624778,2,0.47948917305277255,0,A,True,False,False,False,False,False
107.5038983974292,14,0,8.007023873582554,803.6487057831008,2,0.945280392727608,0,A,False,False,False,True,False,False
16.06114166649381,19,0,15.057526738653825,1013.8705988544673,1,0.9115030897991452,0,A,False,False,True,False,False,False
53.076667184200765,21,0,28.814167533429707,1197.534261715143,1,0.9408989329016391,0,A,False,False,False,True,False,False
44.29070743128393,18,1,9.428333898636675,1147.1937102974011,2,1.240359036031757,1,A,False,False,False,True,False,False
71.54806820803807,21,0,30.015153613143298,1552.4901645699626,2,1.1299079813750386,0,A,False,False,True,False,False,False
35.0427128783988,20,0,1.4774011404427267,484.4446626916964,2,0.6112634378871632,0,A,False,False,False,True,False,False
46.629476551986876,20,1,15.88009864759156,652.908903260801,1,0.6939732219858222,0,A,False,False,True,False,False,False
147.12118070654995,1,0,6.078528397713864,802.6087456133141,7,1.000353767453576,1,A,False,False,True,False,False,False
32.32635737646061,7,1,7.333890872075735,1598.4702874644847,5,2.8883699742191493,0,A,True,False,False,False,False,False
7.941542128343838,20,0,12.695166007769059,322.96754432350104,2,0.6868526792958134,0,A,True,False,False,False,False,False
445.6352022011425,10,0,9.806497153978848,1240.3151529886716,2,0.7927577899644656,0,A,False,False,True,False,False,False
286.501821651232,17,0,7.213649843721225,2048.017757806105,1,0.8476395039335798,0,A,False,True,False,False,False,False
11.580061301537228,22,1,5.529552077834048,1139.929020305506,1,1.1801244124213828,1,A,False,False,False,False,False,True
124.91698120468551,12,1,14.44740614574506,1164.6437624618702,2,1.618685231997126,0,A,False,True,False,False,False,False
29.857327148802778,8,0,10.56553824574585,860.9169903520791,4,1.2141753249223475,0,A,False,False,True,False,False,False
74.90230454922279,8,0,5.858110817208815,1152.618562673125,3,0.5955971931095186,0,A,False,False,False,False,False,True
77.716606065563,16,0,3.440461990071898,770.5576626143971,2,1.369639281578258,0,A,True,False,False,False,False,False
41.21122371902246,6,0,22.339411381943243,959.9615183934835,6,2.1355993940911575,1,A,False,False,False,False,False,True
21.316495322700735,8,0,24.120203249393505,770.2197042293428,10,1.0220610658475473,1,A,False,False,True,False,False,False
23.839663739727893,21,0,3.6079344649192233,950.0340844271882,0,0.8776376472947212,0,A,True,False,False,False,False,False
18.18450215577075,0,0,4.550039634451795,850.5903810425784,3,2.400637395909785,0,A,False,False,False,False,False,True
20.12199207703665,1,1,4.099648184934443,426.25803859313135,2,0.519064625077685,1,A,False,False,False,False,False,True
50.36951101964199,3,1,32.38633183832097,328.8223603870711,4,1.0689834193217032,1,A,False,True,False,False,False,False
23.129017847586145,13,0,22.316960303073742,1168.3911733803695,5,1.1916953149694491,0,A,False,False,False,False,False,True
123.77463828141634,3,0,1.1625088766606952,1777.7498688571231,1,1.1588206400637342,0,A,False,False,True,False,False,False
325.2829394135071,1,1,26.81644746098723,3802.430996694025,1,1.378239336514699,1,A,False,False,False,False,True,False
27.219567562905194,7,0,0.5632200969343835,2638.732813716792,4,0.5554791622121612,0,A,False,False,False,False,True,False
72.76866237478114,17,0,4.379363811466842,2260.5688133604485,3,0.8745266562451078,0,A,False,False,False,False,True,False
99.44673084020278,18,0,37.69799641183357,1317.3482549849466,3,0.8264926527520817,0,A,False,False,True,False,False,False
96.19743798102402,13,1,29.963090340408726,1206.3911450656703,2,0.5715827530497495,1,A,False,False,False,False,True,False
59.808412092065424,19,0,22.810044083567867,583.2816784097091,4,0.48517265568429413,0,A,False,True,False,False,False,False
133.11573023898796,9,0,9.174813834348166,532.8310999751073,2,1.8830703325276517,0,A,False,False,True,False,False,False
97.3875854633937,16,0,5.8161630963527085,1277.1783021635747,0,1.0844218502779248,0,A,True,False,False,False,False,False
12.364198677937946,7,1,31.99843811889673,562.2830153630774,0,0.6245235111328294,0,A,False,False,True,False,False,False
154.93214970877943,13,0,16.053612926471477,1019.9760482475763,1,0.6255162900497167,0,A,False,False,True,False,False,False
158.34069431874917,20,0,5.254192754823736,148.67874706797699,2,0.9824804904391637,0,A,False,False,False,False,False,True
21.846848440059954,22,0,9.331830216783384,1593.5366956654018,3,1.5765602629533821,0,A,False,False,False,False,False,True
57.141200280275406,7,1,31.992662910512824,479.2414236305154,2,0.6434491159480129,1,A,False,False,False,False,False,True
123.96444509362175,4,0,35.06625862405258,349.9451982908807,2,1.3216826263596848,0,A,False,False,False,True,False,False
42.47108181724509,15,0,16.151386506311646,1954.6499850046337,1,2.060824180858833,0,A,False,True,False,False,False,False
197.8627596565849,7,1,19.78266839345223,2369.560761008157,3,1.3123323767586659,1,A,False,False,True,False,False,False
931.3610338286214,9,0,0.6013625724034034,1024.97610283572,3,0.6685455101344879,0,A,False,False,True,False,False,False
21.259774388466003,7,0,13.917879781556612,617.8872788710604,2,0.9462598771968223,0,A,False,False,False,False,False,True
10.40978757142471,8,1,17.519077067627226,1948.128636055077,3,0.8604970168902837,1,A,False,False,True,False,False,False
78.61655610527151,17,0,0.30881438022570923,592.7645458030884,1,0.7886323700860769,0,A,True,False,False,False,False,False
129.78445113558436,2,0,27.854936350019354,966.7015206715992,5,0.9891739505740405,1,A,False,False,True,False,False,False
41.38673220745003,16,0,39.525832660423326,3224.869190029347,3,0.7719027481830166,0,A,False,False,False,False,True,False
312.283926862358,19,0,4.075879964952846,1480.6146854470726,5,0.6252732362830914,0,A,True,False,False,False,False,False
10.953653354878643,14,0,28.042176620965293,1056.8782141492745,6,1.2605332490274428,1,A,True,False,False,False,False,False
125.39921242013796,20,0,16.42734024886829,879.4411723751522,1,1.6014291165738292,0,A,False,False,True,False,False,False
26.3895214104501,16,1,13.03737982895118,1135.76442324911,3,1.6754024920709794,1,A,False,False,False,True,False,False
429.7714206429283,7,0,27.78468263848152,1356.6933393926365,4,0.5995871418590453,0,A,False,False,False,False,False,True
596.4637233234834,1,0,5.044904958183775,445.67246327356435,2,1.6554967602306396,1,A,False,True,False,False,False,False
21.758665558267246,16,0,23.470996779623718,2883.0548204756806,3,2.2179044690069474,0,A,False,True,False,False,False,False
28.234127376501576,17,0,5.664556141333163,760.1295469174975,4,0.5918393647761573,0,A,False,False,False,False,True,False
153.16342129055477,4,0,23.229132113456167,931.1121883830127,5,0.6397026618478944,0,A,False,True,False,False,False,False
34.310218328338756,8,0,8.996328201786792,2102.5310016317308,4,0.5330446067205721,0,A,False,True,False,False,False,False
51.702520796643014,8,0,1.865524898945804,979.284327816375,3,0.577532137245765,0,A,False,False,False,False,False,True
56.28714083191441,1,0,7.207352971549306,2219.020434545723,4,2.0435796453472563,0,A,False,False,False,False,False,True
5.45423413509783,1,0,3.988677170704176,1056.1430691284759,2,0.6362232251566834,0,A,False,False,False,True,False,False
53.69901746933019,18,0,1.5892695318371368,1187.3347133809136,3,1.4300081252976824,0,A,False,False,False,False,True,False
23.862941032497805,22,0,1.7528462561495395,1302.8353963797824,1,0.46226894221932113,1,A,False,True,False,False,False,False
30.212405347125205,2,0,22.7167848593792,1479.0047719124432,6,0.5059313982579811,0,A,False,False,False,True,False,False
308.69644152894267,16,1,31.97971028533874,1715.7451004206007,2,0.6709059079133913,1,A,False,False,False,False,True,False
12.087740133693485,13,0,39.285992449273635,2544.2603002819037,4,1.3375838432594658,0,A,True,False,False,False,False,False
144.8713669337099,13,0,28.85670063828655,2426.2447565537336,5,0.9057398747195337,1,A,False,True,False,False,False,False
39.0656859152734,13,0,26.599138963101186,581.3643892812817,2,0.9661572149842059,0,A,False,True,False,False,False,False
39.02833020010501,5,0,1.0697955462917794,3509.9643334524167,3,0.6746075800758478,0,A,False,False,False,False,False,True
140.95578720189113,2,0,23.41854701729823,281.3476685288248,2,0.7607848101595696,0,A,False,False,True,False,False,False
82.1101430162,0,0,22.937420303957868,661.8489712528143,3,0.5642479420482062,1,A,False,False,False,False,True,False
108.28163849640595,15,0,2.111195699928164,982.1744515238711,1,1.4092047864228112,0,A,False,True,False,False,False,False
174.4820014272514,3,0,16.271050459323128,431.38145519305255,2,1.189541273332128,1,A,False,False,False,False,True,False
36.68727410077838,0,0,9.03609325960334,1371.7710565578252,6,0.8600376922650217,1,A,False,False,False,True,False,False
26.188383081176305,16,0,34.540805052896886,1982.0528016314333,2,0.8462569618685236,0,A,False,False,False,True,False,False
14.847319859682795,17,1,17.83174938890242,620.1122580125464,2,1.1451186348738747,0,A,False,False,True,False,False,False
20.277408083576095,7,0,45.23520980259475,1588.8402946282256,2,1.6077468543195947,0,A,False,True,False,False,False,False
1879.7861707086581,1,0,1.6626770187209035,2141.964025446732,7,0.7259713977605254,1,A,False,False,False,False,False,True
243.13467231548537,17,0,0.621822208942058,233.12694529804614,0,1.4015147451648349,0,A,False,True,False,False,False,False
10.790981732673744,15,1,54.504145070207315,1260.6661384276879,4,0.7264754565030453,1,A,False,False,False,False,True,False
11.167976612978311,9,0,1.2538575283714548,1478.2980263853901,5,0.8909396012335012,0,A,True,False,False,False,False,False
97.34284915009746,7,0,7.321189924001679,526.4896510011304,4,0.9066784037143186,0,A,False,False,False,True,False,False
105.2899272430444,11,0,15.746072873912343,421.5992733140407,4,1.746241560158099,0,A,False,False,False,False,True,False
105.49468815225583,21,0,31.81103888313601,632.5649054232606,2,0.7846912876978238,0,A,False,False,True,False,False,False
40.207479990658044,15,0,4.4070579508083325,944.214878607051,5,0.35702553457442054,1,A,False,False,False,True,False,False
46.967453729389106,11,1,0.442331444038918,601.5254502008349,2,0.6163730030344309,0,A,False,False,False,False,False,True
80.91954819995233,10,0,11.049803826537884,1710.355541771727,4,2.6439457272501627,0,A,False,False,False,True,False,False
60.52591422055908,19,0,9.554679421447577,1542.1126092217728,2,0.43748007915688697,0,A,True,False,False,False,False,False
3.8069926726840406,18,0,5.498567301225266,1481.3972955726892,2,0.3907686041943149,0,A,False,True,False,False,False,False
41.43974495244276,0,0,31.060125302623593,3000.5640089253566,7,1.4985135621918066,1,A,True,False,False,False,False,False
19.654617124600453,2,0,20.75380074650082,1837.861129510164,8,1.411902175451608,1,A,True,False,False,False,False,False
67.37363051335696,11,0,29.291222361469202,1375.6882938446138,5,0.8326508140797285,1,A,False,True,False,False,False,False
1963.1602047048718,8,0,2.647638487462035,411.6985554770321,6,1.3021756586893984,0,A,False,False,False,True,False,False
84.85789200152527,20,0,17.684908804889997,2768.3116155134844,4,0.802449573223637,0,A,False,False,True,False,False,False
37.4783853672544,21,0,55.39435760215143,3020.9737251532315,6,0.6146424516074839,1,A,False,True,False,False,False,False
165.0356980590142,4,1,14.19792053479799,842.8016226007717,1,2.339781040105302,0,A,False,True,False,False,False,False
97.43889510384622,0,0,2.8196211651679035,573.951093566552,4,0.7153448410785762,0,A,False,False,False,False,False,True
90.38816932563415,9,0,82.02020446746916,2005.5302832359112,1,0.5094299954893848,0,A,False,False,False,True,False,False
113.09415613110555,16,0,11.271931239680834,255.63041558067286,2,0.43060049398174405,0,A,False,True,False,False,False,False
644.0988948816101,3,1,27.494255940329964,1508.219498628497,3,1.9255131930514062,1,A,False,False,True,False,False,False
14.054377001342306,14,0,2.426519598283451,3631.610079768323,1,1.089879929610281,0,A,False,False,False,False,True,False
96.3857618612981,18,0,16.45353606940719,808.4136134873003,3,1.5216758284383511,0,A,False,False,False,True,False,False
17.963512980945108,7,0,36.56193770156354,1331.0971381433083,3,2.5341186159420195,0,A,False,False,False,False,False,True
106.33719984248698,22,0,11.389875882223109,1188.9476389070246,4,0.7753589784599975,0,A,True,False,False,False,False,False
18.130147967690995,14,1,5.10907273396813,2526.6641946164473,4,2.8866926868747758,0,A,False,True,False,False,False,False
33.08764082469265,6,1,2.0445455018235665,1193.8001224831867,4,0.9410759608894583,1,A,False,False,True,False,False,False
38.31694026295211,14,1,5.263474880988267,833.6624025295844,1,1.03773854640012,0,A,False,False,False,True,False,False
176.08732965782892,7,0,6.574881719310779,325.2628741597735,3,2.011279418895095,0,A,False,False,True,False,False,False
164.3741665878016,22,0,18.56579337646601,1182.5124056524535,3,1.020780992982079,0,A,False,False,True,False,False,False
12.245262754317306,9,0,2.9515670915620547,1037.0649588020017,3,1.5193549910260948,0,A,True,False,False,False,False,False
58.31859132653887,17,0,1.6825019843954734,215.3677766017305,0,0.7862073396715001,0,A,False,False,False,False,False,True
23.30118398997479,3,0,7.339375798585265,490.1376364755134,3,1.2211605499691403,0,A,False,False,False,True,False,False
12.05879304603961,14,0,9.205439094009295,679.863155386232,2,2.014800270622625,0,A,False,True,False,False,False,False
42.08029334328201,10,1,14.848455710809207,679.9764674242599,4,1.3499881130057896,1,A,False,False,False,False,False,True
37.70605357531043,21,1,18.44096446546783,1072.155328735108,3,0.8138378568379081,1,A,False,True,False,False,False,False
1004.3137823197279,2,0,33.010951409830916,1004.4370833515575,4,1.0407640314069053,0,A,False,False,False,False,True,False
91.7944456076687,14,0,5.115263139461018,1042.9371190087484,1,0.8162786961659751,0,A,False,False,True,False,False,False
10.452686211339946,2,0,11.28097324818707,6685.303602101541,3,0.9618195056375728,0,A,False,False,False,False,True,False
27.72324400286418,14,0,6.836557993803116,770.3618997439942,4,2.124549959074304,0,A,False,False,True,False,False,False
185.98387092854642,5,0,0.021340253482487224,547.0298430027387,3,1.0687190282739338,0,A,True,False,False,False,False,False
669.2323621777507,0,0,12.992230183058503,3841.412281971602,3,1.536411217092512,0,A,False,False,False,False,False,True
8.140242944367365,13,1,25.375677760063912,3537.4215628636466,6,1.2848073017487662,1,A,False,True,False,False,False,False
5.720697496087871,15,0,0.556799801585833,461.38090887830765,2,1.9155210450277,0,A,True,False,False,False,False,False
515.5107776655574,0,0,0.05246803530383513,2895.005106321676,1,0.5929734917636318,1,A,False,True,False,False,False,False
87.14182927565552,20,0,19.519287184875427,250.300526891134,2,1.109295069091808,0,A,False,False,False,False,False,True
19.26035275741805,16,0,17.273538835401396,10897.751617515703,4,2.530270646934429,0,A,False,False,False,True,False,False
103.70547427164341,7,0,7.809405145389355,4565.440902379769,5,0.7202311701479319,1,A,False,False,False,False,True,False
2.309665509991923,17,0,16.253116154217352,1678.318596462495,4,2.9869981783001367,0,A,False,False,False,False,True,False
54.81975424479073,15,1,45.98783864668183,2179.5121296718357,1,0.6551155191117564,1,A,False,True,False,False,False,False
80.9138822837433,5,0,4.272547804279557,1563.9554801630698,1,0.8720942458077561,0,A,False,True,False,False,False,False
165.5253189064805,9,0,4.233983414702969,647.2777153528513,3,1.4976492177522736,0,A,False,True,False,False,False,False
16.172703585772606,9,0,3.091203262697482,2854.153609435791,3,1.0790539436094309,0,A,False,False,False,False,False,True
60.510965326743374,4,0,19.309596106137274,3245.1807240668127,1,0.36404382477015984,1,A,False,False,False,True,False,False
17.984143423281488,11,0,6.535522692677339,612.8958645072028,2,1.2270327042938758,0,A,False,False,False,False,True,False
74.17747308262734,19,0,67.23517689040165,1068.9108877462575,5,1.0700946256186585,0,A,True,False,False,False,False,False
18.64511931968552,16,0,18.810524088108956,408.89359175712485,1,0.7628443045103398,0,A,False,False,True,False,False,False
33.45760091865661,13,0,6.86820647557018,1055.6175753884443,1,0.8816338125682069,0,A,False,False,False,False,False,True
16.527431675888074,13,0,2.4234267109002277,885.2851146479559,2,0.35656449177136146,0,A,False,False,False,False,True,False
119.26685842160629,2,0,13.448233968760926,2986.899110896233,6,0.7600674531160759,1,A,False,False,False,True,False,False
152.9546297734364,11,1,5.241303839018029,3946.8480867929775,3,1.440088924926019,1,A,False,False,False,False,False,True
41.20070286545498,19,0,35.388773212103814,468.2834287219182,2,1.0902049968015883,0,A,True,False,False,False,False,False
57.161785757187594,17,0,8.734942531738383,2029.0235202310178,2,1.6582555173023907,0,A,False,False,False,False,True,False
9.599301183509027,11,0,5.193444539165719,2216.5926598786887,2,2.5329638737124216,0,A,False,False,False,False,False,True
38.106620078946,1,1,13.321082746879378,270.88817739272173,0,0.6622259386452789,1,A,False,False,False,False,True,False
51.40597750391017,1,0,2.2096656205855036,2373.222599373603,3,0.6409035015890319,1,A,False,False,False,False,True,False
1267.6901060093774,16,0,12.367610760648839,336.13151184574235,3,1.608569766087732,0,A,False,False,False,True,False,False
14.37714178136149,9,0,0.8662081719340753,728.5250884279955,1,0.9252830684611727,0,A,False,False,True,False,False,False
316.4017245775225,17,1,14.004936820045073,533.3574953378319,3,0.9129673376674295,0,A,False,False,False,True,False,False
180.59022748841238,21,0,11.330568736502123,312.0328215503586,3,3.866004043292416,0,A,False,False,False,False,True,False
76.45969088201217,18,0,11.033493687628708,2651.904574847409,4,1.8669043556435287,0,A,False,False,False,False,False,True
450.49392008661556,20,1,17.288001194410608,516.0677760235366,3,1.082829733770019,1,A,True,False,False,False,False,False
85.330040495899,0,0,0.682126652786806,798.6860054025917,5,1.291889982038728,1,A,False,False,False,True,False,False
87.09426473597325,23,0,9.235334629630579,1090.6654888616872,5,1.1124796567441058,1,A,False,False,True,False,False,False
51.22640984686122,3,0,8.805847874877342,1987.0174060520728,2,0.5184398597059049,0,A,False,False,False,False,True,False
237.05274257869425,3,0,9.236750026252887,505.26995986123194,2,1.1932196487224356,1,A,True,False,False,False,False,False
203.5197558618901,1,0,58.59879546072543,1619.6920680484884,3,0.9327963024314676,0,A,False,False,False,True,False,False
25.769387463148718,18,1,2.249763851543331,911.6136360772704,3,0.7208507604858607,1,A,False,False,False,True,False,False
11.211088873424929,20,0,17.588553846291457,489.57641345027815,3,0.8266205533124902,0,A,False,False,False,True,False,False
42.79508395495552,11,0,7.712370987287743,2480.9733680810527,0,0.5352644107473358,0,A,False,False,False,True,False,False
20.90427581974199,9,1,10.753194436809279,5783.503130071251,3,0.4633827802282688,1,A,True,False,False,False,False,False
50.590838898314885,12,1,21.557115646037815,1290.97624820696,2,0.707126391626768,1,A,False,False,False,False,False,True
241.03104957939183,21,0,2.5685067756077133,673.7267534992636,0,0.6580005156595009,0,A,False,False,True,False,False,False
31.53941438210146,22,0,21.63251164661108,608.7680052333754,4,2.6140109666037694,0,A,False,False,True,False,False,False
51.86332756443757,19,0,1.0938965461489094,2090.4617303598393,4,2.0177981687217614,0,A,False,False,False,False,True,False
58.53514141127383,22,0,9.904668771960868,1108.5591211828553,3,0.796625435463218,1,A,False,True,False,False,False,False
151.12647343231575,14,0,20.32605561042066,468.7824535152158,3,1.3032949501837094,0,A,False,False,False,False,False,True
3.6830190107947387,2,0,3.2081392157569653,283.0003825595495,4,0.9968989655426023,1,A,False,False,False,False,True,False
26.362950815172926,22,0,22.104974779966593,1487.677526798518,3,0.7665844195754041,0,A,False,False,False,False,True,False
70.35405559565478,19,0,2.737448706308818,398.51048465930995,6,0.6251149835792469,1,A,False,False,False,True,False,False
230.46401836471438,12,0,24.084583836434476,794.6855548713258,4,0.8527464910582567,0,A,False,True,False,False,False,False
30.25668231306256,7,0,9.493079003109727,4035.8438134712005,2,0.7855133988799298,0,A,False,True,False,False,False,False
5.743890411291413,6,0,17.310527189464928,564.0195931125016,3,0.9252245279731254,0,A,False,False,False,False,False,True
114.8530787131497,23,0,37.407356850015724,2547.699424939042,1,2.7932198226392795,0,A,False,True,False,False,False,False
25.471626169233748,7,0,7.874413962681363,484.4611914003909,3,0.9544967344801631,0,A,False,False,False,False,True,False
13.097220198363171,17,0,3.978196551421142,2207.797164693315,4,0.5369074018341357,0,A,False,True,False,False,False,False
25.810607022555374,8,0,30.279610825275217,1737.3394838642548,5,0.9040452397806146,0,A,False,True,False,False,False,False
43.75341079585707,5,0,2.6441973391157254,1620.585656193607,4,1.7903004959689512,1,A,False,False,True,False,False,False
26.424890886058293,3,0,14.973743718522824,673.8939456460038,2,2.7716176098308662,1,A,False,False,False,False,True,False
3.870256297067052,14,0,38.508671015288826,1825.3202975566956,3,0.5083838245708754,0,A,True,False,False,False,False,False
160.20903579598846,4,0,16.83113317796192,1479.8032625367225,3,1.0219161131603993,0,A,False,True,False,False,False,False
252.10610476127758,4,0,3.266391428457993,4965.923071824994,2,1.1970799185360133,0,A,False,True,False,False,False,False
119.32207976105468,6,0,2.4781432206300176,669.9725118517991,4,1.6536337465605286,0,A,False,False,False,True,False,False
13.940206176325008,8,0,4.361412727350627,3068.036134748243,3,0.9166826345027547,0,A,False,True,False,False,False,False
42.87162388861324,6,0,7.449079031306959,533.5201438813483,4,1.0040968789530489,0,A,False,True,False,False,False,False
54.17255537048139,8,0,2.6002910310618925,905.93172876545,4,0.8110331139812231,0,A,False,False,True,False,False,False
112.00609253777405,19,1,23.97851312678368,657.9924151236222,3,0.5210799923158783,0,A,False,False,False,False,True,False
121.75472697451357,9,0,6.624982821484188,737.780703531798,7,1.6038123008815754,1,A,False,False,False,False,False,True
22.623550957685534,3,0,41.2534254515823,966.9011641259079,2,0.6218089970492342,1,A,False,False,False,False,True,False
60.24349909410723,5,0,27.724077244107193,3475.1700528372803,7,0.45615839380097817,0,A,False,False,False,True,False,False
94.51291440551034,23,1,35.92350977959585,1580.2120593512288,4,0.7914341035797934,0,A,False,False,False,False,True,False
313.2453616789221,13,1,5.232572726065153,2943.228138876134,4,0.43196745986018925,1,A,False,True,False,False,False,False
127.15513135896335,8,0,12.790289285563642,1109.4954242132858,5,0.8170297027875423,0,A,False,False,False,True,False,False
140.73349913200596,0,0,5.816946002688177,3060.0551563474482,2,0.7946952001057132,0,A,False,False,False,False,True,False
60.3760168166906,16,0,4.45484907987659,1315.019999873759,1,0.9552655967508008,0,A,False,False,False,True,False,False
296.64940122431267,12,0,14.01249763208845,583.2382711641101,3,0.7875252876335203,0,A,False,False,False,False,False,True
89.27445200235009,23,0,25.555848163613447,2552.428419673607,3,1.0282105008863633,1,A,False,False,False,False,True,False
19.427595577521423,6,0,1.4740822326919647,3594.3617582563347,4,2.5537751461654232,0,A,True,False,False,False,False,False
294.1365055428626,8,1,4.839668208184731,1827.4074976475692,5,0.287043175069324,1,A,False,True,False,False,False,False
126.15154559419275,10,0,3.443729393426376,2131.761619831894,7,2.147862968417377,0,A,False,False,False,True,False,False
32.08366989395065,2,0,24.01833924538811,3051.298356031394,5,0.48720247735137656,1,A,True,False,False,False,False,False
30.71061742056622,11,0,40.62947199581159,883.5618833477693,5,1.2531956486442188,1,A,True,False,False,False,False,False
77.9362086431133,20,0,1.2497900900702354,617.4784383203607,2,1.887406616621436,0,A,False,False,True,False,False,False
95.18494174330924,2,0,7.151518786334016,1465.8026405733567,2,0.9082106691603988,1,A,False,False,False,True,False,False
69.18269220926972,14,0,36.89017007136012,4364.072471875136,0,1.1065953118238427,0,A,True,False,False,False,False,False
79.32635414183724,20,0,6.338517911758825,1395.4213852546054,6,1.4441249463594035,0,A,False,False,True,False,False,False
419.8715576937797,9,0,18.70641141101502,1814.8629302763768,2,1.6876010546608449,0,A,True,False,False,False,False,False
197.52235793770234,0,1,1.5915182906556773,1164.193709002811,6,0.5567706553838124,0,A,False,True,False,False,False,False
68.63226157402761,13,0,8.815263405763664,1388.0544088878487,6,1.23303530029106,0,A,False,False,False,False,False,True
168.9449119379841,19,0,10.496559275387044,718.8016876339237,3,0.9698712427956486,0,A,False,False,True,False,False,False
15.815197040460182,5,0,21.261456117844315,1700.3916384438608,2,1.2812654174506721,0,A,False,False,False,False,False,True
88.01545815783874,1,1,5.112543838926679,2213.272379087679,3,1.2775851549114838,1,A,False,False,False,True,False,False
478.7447716883083,22,0,4.601721086787956,329.63555528569384,4,0.9699858285683102,0,A,False,True,False,False,False,False
42.02837248331642,7,0,5.413852276099045,329.99797713999976,1,1.0055130627675513,0,A,False,False,True,False,False,False
19.74379541243126,0,0,12.16871116954933,269.59222362165576,1,1.3109119923561614,0,A,False,False,False,True,False,False
24.96546160052054,3,0,31.312639597022912,3570.160240469856,5,0.7999798573403152,0,A,True,False,False,False,False,False
14.76767034394552,3,1,26.66264786501292,523.3053884617822,1,1.4609626728314757,0,A,False,False,False,False,True,False
21.291026870021177,4,0,0.8953847472724566,1452.9946099295862,2,0.6912802387061784,1,A,False,False,False,True,False,False
35.001477738284294,19,0,31.673907316862962,4573.402386743664,0,2.6960043527716313,0,A,False,False,False,False,False,True
10.107923052735348,8,0,1.4991179711363976,1430.8429975824297,4,1.2771420304121797,0,A,False,True,False,False,False,False
55.631077933612,22,0,8.05107898673867,1654.7988851399377,1,1.1354619360345843,1,A,False,True,False,False,False,False
161.21398929657371,12,0,21.748383983910927,558.6369852624655,4,0.7528288718480752,0,A,False,False,False,True,False,False
18.36951659240123,17,0,1.2753808451750779,1431.629780590984,6,0.942592282978657,0,A,True,False,False,False,False,False
338.03204827511166,16,0,0.6185762224950047,494.68580994745594,2,1.2397300189197922,0,A,False,False,False,False,True,False
100.78106655843476,0,0,6.007069550239022,239.2121567811612,1,1.8596300027935388,0,A,False,False,False,False,False,True
188.047897205163,21,0,19.63586747219723,1143.5280403010674,4,0.5637870565992054,0,A,False,False,False,True,False,False
24.793921823686187,14,0,11.064526971545302,1417.504100927892,3,0.5107996109781336,0,A,False,False,False,True,False,False
152.2357448741357,1,0,8.093569518446076,718.5915885245169,4,0.7939966544913523,1,A,False,True,False,False,False,False
14.726952517012162,15,0,25.155582169268524,603.472320067845,2,0.8179485270825064,0,A,False,False,False,False,False,True
158.9034843117761,19,0,21.83204702298874,924.5018671783685,1,0.8014521016990542,0,A,False,False,False,False,True,False
67.10155430727751,21,0,23.129717984887293,613.1507461949917,5,1.2698657238576792,0,A,False,True,False,False,False,False
106.04902253858447,4,0,9.23520578644817,1985.7683283642457,1,1.1236493058637227,1,A,False,False,False,True,False,False
13.320263847010445,21,0,0.2946130158275555,1567.8759192817656,2,0.8911450787514067,0,A,False,True,False,False,False,False
18.651306351024317,18,1,2.8336134780533673,4033.6741378081006,2,1.975577929167447,0,A,False,True,False,False,False,False
111.79578535171059,4,0,20.281317679301875,825.1733348562725,2,3.1591186896257923,1,A,False,False,True,False,False,False
17.496176912686824,1,0,20.986042558027858,1159.631793135792,7,1.3149104281048014,0,A,False,True,False,False,False,False
95.18739718456882,6,0,53.794091760880605,1259.9959186681608,6,1.2487285759046096,1,A,True,False,False,False,False,False
10.584965362347052,2,0,3.164270069553522,813.7104902668141,4,1.0386342377428088,1,A,False,True,False,False,False,False
151.07993312532085,16,0,1.9674721533397226,224.3503800520541,5,0.5723350983236551,0,A,True,False,False,False,False,False
12.440683409757819,23,0,2.2412471484728154,1564.172398171126,4,1.640800596014629,0,A,False,False,False,False,False,True
105.92803253875326,23,0,3.0646082703973043,7100.051759529965,1,0.8892559446682264,0,A,False,True,False,False,False,False
115.67182888068123,2,1,11.276535460759916,2439.343755462723,2,0.9715343730041872,1,A,False,False,False,False,True,False
23.662081209378368,12,0,55.46060924048888,5252.972607702143,1,1.0708270852586257,0,A,True,False,False,False,False,False
109.77489725656393,6,0,13.35318679402791,2247.1928380371546,1,0.5484582608786441,0,A,True,False,False,False,False,False
74.62911525592013,23,0,11.093775770998132,971.0966547294173,6,1.9316971211821357,1,A,False,False,False,True,False,False
28.599515369753256,2,0,16.78327637181164,1774.4856202379342,2,1.5222899529644631,1,A,False,False,False,False,False,True
16.27669579709338,14,1,1.1520881279069233,2580.9538133209303,2,0.6636003916100465,0,A,False,True,False,False,False,False
5.180228514117708,17,0,25.339732905760897,304.74545410324106,2,0.5936057308999722,0,A,False,False,False,False,True,False
83.06139696109389,9,0,15.614190648013132,1565.3382872156135,2,0.6745969539036276,0,A,False,False,False,True,False,False
8.349792384029273,22,0,2.8164955263482074,1013.5900203399466,3,0.6702841193098744,1,A,False,False,False,False,False,True
61.21627217133191,6,0,14.942815738715293,3575.841266811386,6,0.5700975319908801,1,A,True,False,False,False,False,False
39.79981009120727,8,0,13.602829385718106,1477.1356691870665,1,1.1701761424269257,0,A,False,False,False,False,True,False
123.34327607262082,4,1,1.0057729093293137,153.2018717545908,1,1.1638252737865342,1,A,False,True,False,False,False,False
37.9984511852239,19,0,4.65775622767505,1559.1700879988773,3,0.5365800569344366,0,A,False,False,True,False,False,False
36.76927788364611,7,0,7.437617378123977,210.71758075067385,4,2.7769376402916435,0,A,False,False,True,False,False,False
131.39983431724585,13,1,4.213348463316469,3039.0089351924407,0,0.6056482827189944,0,A,False,False,False,False,False,True
81.6196167887378,3,0,4.179084578653132,593.2936318895971,2,0.36368791020087327,1,A,False,False,False,False,True,False
79.78911954607652,19,0,12.76275903803643,443.8130261383397,1,1.3780294971736786,0,A,False,False,False,True,False,False
95.88227221072768,13,0,9.547505613577888,591.795096853367,3,0.9937065089563976,0,A,False,False,False,False,True,False
8.647873496377626,11,0,16.50735895153282,536.4968053167057,4,0.8239563484717408,0,A,True,False,False,False,False,False
135.38822822729276,1,1,46.99291035348238,968.1934102305671,3,1.0708142073206994,0,A,False,False,True,False,False,False
113.85919493219124,12,0,16.206696381560995,550.922274104736,3,0.9763785578487151,0,A,False,False,False,False,False,True
16.11870253132932,0,0,13.087550637982826,862.0730637075624,3,1.4180549908543578,0,A,False,True,False,False,False,False
40.73564190019544,19,0,28.214713024935666,319.3144555228375,4,0.9043035429937633,0,A,False,False,False,False,True,False
52.08261744754712,6,0,14.99806545854741,896.6665820029182,4,0.7809275319589543,1,A,False,False,True,False,False,False
46.46056362713183,8,0,2.7149394023413818,3422.3060024536157,3,1.1140326366718383,0,A,False,False,False,True,False,False
81.50235861441568,16,0,5.669544688393889,765.961109791481,3,1.4868855191405415,0,A,False,False,False,False,False,True
304.18623780814596,20,0,19.82785357733623,1806.80869209024,1,0.9524265079500408,0,A,False,True,False,False,False,False
199.96054522408187,22,0,20.11306977746489,401.4035267270073,2,0.9758356028703862,0,A,False,False,False,False,True,False
11.306038549333609,12,0,65.15218873265613,1743.68654132088,5,1.9099796930580377,0,A,False,False,False,True,False,False
115.17860244761496,22,0,14.791642672175628,2724.5740515332263,1,1.0233406156183176,1,A,False,True,False,False,False,False
269.002314443092,9,0,34.47070927940511,3429.49941572316,4,0.4818320973436813,0,A,True,False,False,False,False,False
86.84893454288833,15,0,0.8418950145050861,1287.6809424723147,5,1.0402619227062109,0,A,False,False,True,False,False,False
202.18366363532715,5,0,12.52834787087893,1876.4823578064397,1,1.003790847482817,0,A,True,False,False,False,False,False
610.7724911015104,15,0,37.85746132825655,393.6983169081196,2,1.1370830901408977,0,A,False,False,True,False,False,False
186.5037703677118,10,0,5.079246946230558,806.9583934355945,1,1.122108320098265,0,A,False,False,False,True,False,False
73.63867142894358,19,0,2.5240894691052516,578.115144072607,1,1.0078833916941772,0,A,True,False,False,False,False,False
191.3503744780556,2,0,6.473521289174507,1426.1906076484554,5,1.1778810946097023,1,A,False,False,True,False,False,False
64.96608728812727,8,0,23.57029895702116,718.6883567662439,2,0.546421528646637,0,A,False,False,False,False,False,True
56.18690102815428,14,1,1.3275643299310016,1899.6602975063186,2,3.097684583485092,0,A,False,False,False,True,False,False
35.81271210619602,12,0,13.757066046059226,7902.008631510299,2,1.0366765933098858,0,A,False,False,True,False,False,False
356.4150885140525,9,1,2.186343283926432,1803.0948116431955,5,0.5861610220523733,1,A,False,False,False,False,True,False
20.448010687650434,19,0,8.578085498543048,3392.513552940685,6,0.4786865786800837,1,A,False,False,True,False,False,False
343.3812237963702,23,1,50.71077837130373,425.1142479434256,1,1.2605972529081053,1,A,True,False,False,False,False,False
99.46809589625542,12,0,3.2563835223899473,1024.5654939306228,1,0.8201061493907574,0,A,False,False,False,False,False,True
10.184150001063122,16,0,0.5191286434043116,1304.3816206575289,4,1.1610996278821157,0,A,False,True,False,False,False,False
84.87496313971604,6,1,8.358367388612015,1155.2182408641809,3,2.8847028323295443,0,A,False,True,False,False,False,False
4.3928059471327225,5,0,12.93043303220967,4791.818034986351,3,1.013102167375892,1,A,False,False,True,False,False,False
115.6547685235703,12,0,5.2970268553380455,604.7959705819394,1,1.7225030313918013,0,A,False,True,False,False,False,False
157.94988190694096,16,0,11.705695204077331,1420.1236469479113,2,0.6131904011094664,0,A,False,False,True,False,False,False
26.820669847627382,14,0,45.99294755680235,157.1539343623544,4,1.1398354451183021,0,A,False,False,False,False,False,True
63.32354602776583,3,0,5.604500080621983,1540.309245925569,4,0.6529431984528677,0,A,False,True,False,False,False,False
569.6310784531267,14,0,5.55350454610886,1643.7453791056453,4,0.5607894563440096,0,A,True,False,False,False,False,False
29.758177104673923,13,0,9.888953474224389,1051.73749147905,4,1.0991634756721487,0,A,True,False,False,False,False,False
15.322324698645017,20,0,10.863882596943913,1504.5380906796645,4,2.099035251877125,0,A,False,False,False,False,True,False
323.11105348034886,10,1,0.020502894032973007,698.1322024396487,3,1.6216586435326925,1,A,False,False,True,False,False,False
575.4225431863141,23,0,14.351814001494443,412.72617772498245,3,3.8963057521878732,0,A,False,True,False,False,False,False
54.84081994766768,3,0,89.03958858178896,497.28718859031255,7,0.9744112510794071,0,A,True,False,False,False,False,False
183.78298689352133,2,0,5.179838319924042,554.4336736606524,3,1.1849463152324968,1,A,False,False,False,False,False,True
273.08172207166155,1,1,14.94665981444633,389.98906989718506,0,1.3945053839937387,1,A,False,False,False,False,False,True
22.39905837067417,19,0,0.06948551852745333,377.86693388996423,6,1.0588759322647132,0,A,False,False,False,False,True,False
30.497142709174607,9,1,13.907492798581858,564.5046763922146,2,1.558427244902859,1,A,False,False,False,False,False,True
239.14006248591454,12,0,8.887812154133908,824.7806355087529,3,0.7634133612328315,0,A,False,False,False,False,False,True
412.4096429763113,19,0,11.334697644823468,1218.6527226420862,1,0.7075351839488982,0,A,False,True,False,False,False,False
107.28158703007558,20,0,11.77581129838518,411.9384219315051,5,0.7736662220153349,0,A,False,False,True,False,False,False
18.995892580025814,22,0,2.9211290174119315,519.5240386570961,5,0.604098064750745,0,A,False,False,False,True,False,False
592.5725626032554,17,0,22.043060687074234,670.8784864611671,4,0.4313632389176191,0,A,False,False,False,False,False,True
28.87092180352559,20,0,12.161053232697313,1555.4233170085347,1,0.9255316704094266,0,A,False,False,False,False,False,True
36.51907265457489,15,0,4.724657447977718,421.53150101928793,1,0.32715180321277954,0,A,False,False,False,True,False,False
82.3357501343494,10,0,41.56042891524513,725.0121226721924,3,0.8181535302871076,0,A,False,False,False,False,False,True
352.4795142137015,9,0,0.1928399297177259,2387.3146511779278,3,0.355557909890982,0,A,False,True,False,False,False,False
152.13543926009572,8,0,19.415970792867412,580.7393264758118,3,2.2269051571407994,0,A,False,True,False,False,False,False
89.82277842479556,11,0,7.200450345202403,404.30795643371465,2,0.8186880052317677,0,A,False,False,False,True,False,False
95.19679127566405,18,0,11.089275165480174,1022.7236471416064,4,0.24516717699074528,0,A,True,False,False,False,False,False
57.52488302019715,0,0,5.169284709471701,563.9874865417645,2,1.0155129454577627,1,A,False,False,False,False,False,True
106.67292928213631,17,1,5.81258421030473,120.3548261055696,2,1.1420345790659745,1,A,True,False,False,False,False,False
2.6235488044333044,13,0,0.22923596770637472,1285.9288984527102,4,0.7403372348695278,0,A,False,False,False,False,False,True
38.24722654882571,21,0,19.63139608501974,2199.9494754691927,1,2.2400995692157304,0,A,False,False,True,False,False,False
72.93629011208958,20,0,18.60946940334076,1077.1921681999982,0,1.342674735889751,0,A,False,False,False,False,False,True
13.719018744454866,0,0,15.935284522051113,2526.420234023499,0,0.8841003047061015,1,A,False,True,False,False,False,False
86.79838203769658,16,0,31.549950876462006,1835.7726205379145,2,1.301424011426744,0,A,False,False,False,False,True,False
42.71860479462033,10,0,34.73012883032676,553.3995562170891,1,2.1697747927549296,0,A,False,False,False,False,True,False
448.79707552555,19,0,12.193979055452287,5651.1000450581705,5,0.5448114278592473,0,A,False,False,False,False,True,False
360.54748585577954,14,0,17.31933681668365,1417.875446118705,2,0.6634843695091932,0,A,False,False,False,False,True,False
31.219200839760585,3,0,0.16588995971016526,1544.170769518481,5,1.0126805801342786,0,A,True,False,False,False,False,False
45.558387548101734,14,0,28.095492247751714,495.33084109417916,2,0.4328453700846022,0,A,True,False,False,False,False,False
49.96201023162868,21,0,25.426033794638982,318.4040493298724,1,1.1535392020722557,0,A,False,False,False,False,False,True
31.75368014208076,21,0,0.306846476575785,460.94782064445974,4,2.2785109305919766,0,A,True,False,False,False,False,False
68.99472006234095,13,0,11.740342549660905,2289.482231213124,1,0.9387675975994658,0,A,False,False,False,False,False,True
21.978429988614884,21,0,35.57188625063285,4308.730970000956,4,0.45290680903536557,0,A,False,False,True,False,False,False
14.05898366313092,0,1,3.002175600221275,1381.604600895629,2,1.4933536957480165,1,A,False,False,False,False,False,True
115.26726422205478,8,0,6.522904913037352,1180.8856413636609,0,2.274681645692257,0,A,False,False,False,False,True,False
116.21425357666976,6,1,6.030771885326489,2377.468881411172,3,0.2564931210768334,1,A,False,False,False,True,False,False
20.797256696297854,22,0,6.59946191468453,3310.765623302782,4,1.3047327226126948,0,A,False,False,False,True,False,False
159.8804769342622,10,0,0.6418281294774231,343.2116038354621,5,1.3821842006583087,1,A,False,True,False,False,False,False
25.58757098018665,22,1,4.90711003077472,4033.3282316724553,2,1.2697404929859117,0,A,False,True,False,False,False,False
73.98025887432202,1,0,5.24030527745926,808.8435230841408,2,1.124584911892217,0,A,False,False,False,False,False,True
146.11775169923038,1,0,30.134416089059865,2610.2038772819933,3,1.0615874340791296,0,A,False,False,False,True,False,False
52.43975161643302,5,1,6.510654330117722,466.7970754884481,2,0.8775377740377018,1,A,False,False,False,False,True,False
94.22533500968345,22,0,8.89183933491501,2506.8984342700055,5,2.0963149617728796,1,A,True,False,False,False,False,False
29.37912615158586,18,0,7.188403938249353,348.2929381342911,1,1.0461011907985414,0,A,False,False,False,False,True,False
43.1309182141143,19,1,1.9289842219058047,2689.338189918759,4,3.3364654723635714,1,A,False,False,False,False,True,False
42.64750116730704,13,0,69.62246837087423,1834.774861500275,3,1.6053889694542856,0,A,False,False,False,False,False,True
22.28928309277432,2,0,26.215437494543377,311.80116401462305,4,1.0569796223201866,1,A,False,False,False,False,False,True
44.16227881602008,6,0,11.677971914374009,3042.1841778031758,4,0.6319821274615547,0,A,False,False,True,False,False,False
8.513541737407868,6,0,9.70439155023517,502.309785903707,4,1.3250600264436048,0,A,False,False,False,False,True,False
30.28387835512225,3,0,15.71542548815492,2736.2194290128436,2,0.6587163390005307,0,A,False,False,False,False,True,False
38.789492882425215,22,0,5.927475884889354,1231.0006241159956,3,0.7198808238420716,0,A,False,False,False,False,False,True
40.14846857220993,4,0,0.7738664549132614,404.63410156919906,5,0.8340030906403364,1,A,False,False,False,False,False,True
40.86210334574497,16,0,7.770694795738875,487.565453222404,2,0.527301953604246,0,A,False,False,True,False,False,False
50.69782245999836,3,1,62.00649188692481,24890.43753858228,5,2.410868581395381,0,A,False,False,True,False,False,False
97.06004636811672,22,0,3.019755005174052,6945.697018068496,3,0.5479365407600918,0,A,False,True,False,False,False,False
155.93207393927497,12,0,11.252281608142189,926.5402131075224,6,1.145757452134192,0,A,False,False,False,True,False,False
25.035172291467145,15,0,0.12836866506872266,1540.2663430993225,3,0.6715420154874064,0,A,False,False,False,False,True,False
12.886225800992726,15,0,1.9521687040812568,2871.032768077756,2,0.4891375519008759,0,A,False,False,False,False,True,False
15.635542769041008,1,1,13.271579393389965,390.1371295199911,3,0.8927763008266879,0,A,False,False,True,False,False,False
30.42779483780312,17,0,5.294810475085311,1904.4507835310264,2,0.9316436057693969,0,A,False,False,True,False,False,False
35.790926752612826,0,0,35.4166438539115,2415.6762670398125,2,2.1372240825107767,1,A,False,True,False,False,False,False
21.671644924098562,17,0,7.817427026148986,1464.8026387233901,8,1.231520866023294,0,A,False,False,False,True,False,False
11.526629911794172,7,0,3.498544630312604,3336.762946977622,1,1.1134690147268516,0,A,False,True,False,False,False,False
31.584137194242427,10,0,11.83138947553965,1239.0684992423658,3,1.463567565691669,0,A,False,False,False,True,False,False
67.87799782548628,23,0,23.769250488231012,2655.0997454669414,3,0.8690783527645397,1,A,True,False,False,False,False,False
111.50120064989353,23,0,0.29416103744801314,1324.8310615226178,4,0.7368428991005912,0,A,False,False,False,False,True,False
27.968876441267764,14,0,10.563732203097336,321.5142642827347,3,0.7194078964900052,0,A,False,True,False,False,False,False
33.261567902149515,15,0,22.270292006360464,2324.2889944020253,6,0.6978634747983361,1,A,False,False,True,False,False,False
17.956677105937587,16,0,1.640338208170259,3107.449236770816,3,1.1597367415390034,0,A,False,True,False,False,False,False
52.57669683090771,16,1,34.96453995477768,971.6910772013845,5,0.4820727266005107,1,A,True,False,False,False,False,False
19.724975782430807,11,0,4.608426152217919,375.6755216710915,5,0.8910984849089928,0,A,False,True,False,False,False,False
108.60890213195286,9,0,2.8058562144855053,2196.146794964825,1,1.939699292009268,0,A,False,False,False,False,True,False
6.404239607225978,19,1,13.346779606293438,1412.5918110414248,5,1.1653280935727037,1,A,True,False,False,False,False,False
35.46138624398912,5,0,2.8861446880020245,1390.7661905962325,4,0.9515990863605506,0,A,False,False,True,False,False,False
78.36119217448469,7,0,17.07752953632291,1275.6556664037485,3,0.7696156338276632,0,A,False,False,True,False,False,False
68.07441326595395,12,0,10.103171011197652,2455.702926473329,3,0.6501485351889702,0,A,False,False,False,False,False,True
1382.4884746710381,1,1,1.7472650447102112,1380.7043052246947,2,1.876864733472584,0,A,True,False,False,False,False,False
83.07634709205368,18,0,36.54005616510553,749.9925965292645,6,1.052157250952789,0,A,False,False,False,False,False,True
16.36482940945255,21,0,16.77635205734014,301.2051091247801,5,0.7749261040938191,0,A,False,False,False,False,False,True
48.68850199234859,9,0,11.844640815014609,758.0723272785549,5,0.8591897539588819,1,A,False,False,False,False,True,False
6.47859975511424,3,0,7.034237549154185,2270.254156867394,2,0.6420068013207798,0,A,False,True,False,False,False,False
49.564770086293365,11,0,2.1729573786872933,838.9832747306742,1,1.057744422546365,0,A,False,False,True,False,False,False
20.092221127968095,17,0,18.44030131994889,2267.1514865880895,1,1.0549509008887088,0,A,False,False,True,False,False,False
163.77087227580313,6,0,25.202398278810865,353.7538876979271,4,1.3578652256048858,1,A,False,True,False,False,False,False
28.234698659633406,19,0,2.017014889294898,488.17398119540496,3,0.46781615218335915,0,A,False,False,True,False,False,False
47.45969863176444,23,0,10.23511540491222,466.02493267431095,2,1.0691143982812448,0,A,False,True,False,False,False,False
25.465652675757532,23,1,9.949346353143325,1222.0689162152032,2,1.3247585554450947,0,A,True,False,False,False,False,False
439.93263909391084,22,0,6.459706377138716,4599.075996265982,4,0.9226300770057557,1,A,False,False,False,False,True,False
37.13309723416535,3,0,23.36278225517917,6604.062262282342,1,1.9616933035568702,0,A,False,False,False,False,True,False
492.29023552861713,6,0,1.5725728448545324,2555.570670683218,2,1.3837556076942115,1,A,False,False,False,False,True,False
145.03601843039687,9,0,3.44156020273866,228.98845670478,1,1.7217385869790949,0,A,False,True,False,False,False,False
97.3662920079395,14,0,0.02406082090043611,600.8439039745103,1,0.5853159493472424,0,A,False,True,False,False,False,False
84.98542547436357,11,0,7.001781511919438,96.43983409798683,6,0.40224170709635354,0,A,False,False,False,True,False,False
87.58035877100062,0,1,5.162266180059925,1251.5802172588715,5,1.1526932928519285,1,A,False,False,True,False,False,False
5.402127755649656,19,0,30.26041375323558,4023.4895906243687,0,0.3625891959234003,0,A,False,False,True,False,False,False
39.06941465577389,17,0,20.545113304733857,2105.705553323242,3,0.7423172986767432,0,A,False,False,False,True,False,False
150.53408928560037,15,0,1.3238181848014619,267.1007676794334,3,0.9857890444318722,0,A,False,False,False,True,False,False
51.4866926858755,4,1,20.261355294789563,3330.833848651688,3,1.453763001494506,1,A,False,False,False,False,True,False
10.112499003424297,18,0,16.87743459048553,2873.8953508736126,8,1.047103916554076,1,A,False,False,False,True,False,False
51.27045494694938,3,0,4.963526453932369,3768.764650152184,1,2.0682563793625053,0,A,False,True,False,False,False,False
421.96679221523635,5,0,0.23372308255420396,2663.208319150372,0,0.7061368344007192,0,A,False,False,False,False,False,True
243.7809457253727,16,0,1.8352673281083645,719.88489404457,5,0.6344231600348615,0,A,False,True,False,False,False,False
50.68323517529538,6,1,4.314052825425773,248.65547431560563,2,3.1031244630113504,0,A,False,False,False,True,False,False
171.01292397872948,23,0,25.443115191667907,2798.2260966630415,0,0.9266539592579939,1,A,False,False,True,False,False,False
35.16993419953951,22,0,9.391101366379768,2041.1722866830332,5,1.0673271260079427,1,A,False,True,False,False,False,False
7.066420770718038,6,0,37.5880679356355,226.43434347650222,3,0.7544703856182315,0,A,False,False,True,False,False,False
18.004843665850967,8,0,23.349014886438816,507.025548168758,3,0.6432096819200898,0,A,False,True,False,False,False,False
356.1907928313901,12,0,5.0763839244844675,518.548641576033,4,0.9245017791083029,0,A,False,False,True,False,False,False
39.29936267430183,19,0,28.000040849883668,1962.5048986409904,1,1.690341753468277,0,A,True,False,False,False,False,False
40.7697027029341,13,0,1.8617776186114856,1083.118632160298,7,0.8950621446141681,0,A,False,True,False,False,False,False
38.09923352476817,15,1,0.5517885148165584,888.0734293130807,3,0.28772175890498414,0,A,False,False,True,False,False,False
536.4449286428546,22,0,14.06800709577417,784.0059999783763,3,0.5762740931949099,0,A,False,False,False,False,False,True
384.19517759029276,8,0,6.272398490889533,445.619711173256,2,2.5679041109651517,0,A,False,False,False,False,True,False
782.5331456205828,14,0,5.994311245259916,2373.938109842188,4,0.2817689639649967,0,A,False,True,False,False,False,False
45.11188546145667,4,1,17.43326161726735,613.0756647818602,4,0.6945597774474533,1,A,False,False,False,False,False,True
77.84731330401664,17,0,28.467186150643258,2779.15158330084,5,1.2459198524268393,0,A,False,False,False,False,True,False
8.84656228067735,20,0,5.833003229775531,359.8075993271963,5,1.2612082167981504,0,A,False,True,False,False,False,False
321.2826647968861,19,0,5.895945980844554,739.8316618560439,2,1.2755559532027554,0,A,False,False,False,False,False,True
13.445769731579484,7,0,11.44875056648154,5280.97809466431,1,1.563447622957908,0,A,False,False,False,False,False,True
70.819237260767,14,0,15.884396275327564,1323.0538278292345,1,0.8960872365859477,0,A,True,False,False,False,False,False
14.632381252730486,20,0,3.4017361256297476,740.6754308621315,4,0.6001250197209458,0,A,False,False,False,False,False,True
26.933202196723805,8,0,36.57249069576015,663.501244744976,0,0.8961814793469512,0,A,True,False,False,False,False,False
19.991058183225544,18,0,15.937815829005965,547.0196678046758,0,1.8166445815868875,0,A,False,False,False,True,False,False
26.32580632522185,21,0,14.718912646723993,1576.4922744312987,4,0.4363630407220501,0,A,False,False,True,False,False,False
28.589878489527692,5,0,35.18170563771437,2250.4312855209832,3,0.7951371802387195,0,A,False,False,False,False,True,False
28.277811355836302,3,0,35.670152770874495,1340.821538040093,2,1.0095447501563588,1,A,False,False,True,False,False,False
148.4132621215837,10,0,2.1849292795901434,1045.892649626294,1,0.7204610435465683,0,A,False,False,True,False,False,False
14.500231985883241,9,0,2.3511318403981,1774.466277224032,1,0.7693729078611982,0,A,True,False,False,False,False,False
71.13999615106506,2,0,21.52903616800083,356.50687207042705,2,1.2254628328373502,0,A,False,False,True,False,False,False
235.46233933417986,0,0,47.156506342308894,1483.9543392793714,1,1.0688043980820308,0,A,False,False,False,False,False,True
29.493336680178295,11,0,16.47230144249109,1552.6578493945942,1,1.6063373072689289,0,A,True,False,False,False,False,False
23.06917546795508,22,0,7.948011572788313,1358.1549795604058,0,1.3191214132828726,0,A,False,False,True,False,False,False
41.40370832070333,14,0,17.255207618477925,703.3231178300462,3,1.6783603986383262,0,A,True,False,False,False,False,False
224.90323657438796,14,0,3.8973381995133876,589.9073229021581,6,0.723623637741579,1,A,False,False,False,True,False,False
68.91881082903727,20,0,92.96847585515552,387.3532047706282,1,3.6798519345870138,0,A,True,False,False,False,False,False
28.862490527048166,13,0,8.460369357576095,3556.2619492360213,4,0.43203180919932904,0,A,False,True,False,False,False,False
97.57799251101389,6,0,40.25460888143191,1048.8589623166426,3,1.494606429784641,1,A,False,False,False,False,False,True
14.545030955416497,16,1,8.45279987913992,781.3029494635474,3,0.6018962270698661,0,A,False,False,False,False,True,False
123.67181607977662,23,0,39.49548677108316,722.7158271695893,2,0.4405533736295356,0,A,False,True,False,False,False,False
89.1507510859383,18,1,6.134992634559709,510.20149023414933,1,2.3052520561016245,1,A,False,True,False,False,False,False
37.736576936958706,6,0,21.440720323218393,714.3955869485873,2,0.8304512120453077,1,A,False,True,False,False,False,False
19.959336759780367,2,0,45.23964076929973,2889.9189542000927,4,0.5285252342792176,1,A,False,False,True,False,False,False
18.840011758266854,2,0,15.576056789549776,1746.499918228014,3,0.8172395989720251,0,A,True,False,False,False,False,False
103.72890401238476,17,0,16.97781620499638,2127.6954556756423,1,0.7112775514927115,0,A,True,False,False,False,False,False
238.59715908379468,19,0,1.6285891223190778,2362.390066597482,2,0.9225460118582975,0,A,False,False,True,False,False,False
25.412233795570852,21,1,9.643084562931598,6373.245439454801,5,0.8486783648829317,1,A,False,False,False,False,False,True
94.63846917173471,13,0,32.673078774360896,1121.223911477426,2,0.5068016543414835,0,A,False,False,True,False,False,False
4.461868291142866,2,0,4.134520736953721,778.6873791353181,4,1.0322544390753945,1,A,False,False,True,False,False,False
27.070883026571938,6,0,23.2932419976202,1555.7948006055049,3,0.9935190700290628,0,A,False,False,True,False,False,False
52.60069226322729,6,1,16.891751244728678,1842.615460322596,11,2.2516370306219664,1,A,False,False,False,False,False,True
18.327082788488614,4,1,3.784452980709587,1067.1676235871291,2,2.0603183439225687,0,A,False,False,False,False,False,True
17.74657164050766,2,0,4.985824120993136,536.3723762560799,3,1.0029664329329577,0,A,False,False,False,True,False,False
24.499789660725977,17,0,8.36773387453081,1272.5746629158348,5,1.2589730439647433,0,A,False,False,False,True,False,False
77.52738850491666,14,0,2.0051861761554113,1695.2614678893392,2,0.5920522177239769,0,A,False,False,False,True,False,False
43.60645447920958,19,0,36.69186115105852,1447.9594079555527,3,1.3903917393191003,0,A,False,False,False,True,False,False
3.7214840243500817,13,0,20.169089182912362,252.1158131813813,2,3.921234154764034,0,A,True,False,False,False,False,False
4.285168252920527,3,0,6.811106193901184,307.331939734639,1,0.5641853806792655,0,A,False,True,False,False,False,False
26.357735165363678,23,0,5.3429579134386955,1945.7979422751187,4,0.73677165820103,0,A,False,True,False,False,False,False
94.55899290415117,7,0,17.547381308139894,814.1554619157446,3,1.130673866240627,0,A,False,False,False,True,False,False
2.0197912989615037,20,1,8.280468553729591,6500.653999966907,1,1.0968144493302974,1,A,False,False,False,True,False,False
29.97380365281598,12,0,3.907553102486672,3206.4785404241507,3,1.0588600837822786,0,A,False,False,False,False,True,False
29.035016647369563,21,0,8.435751480533737,397.6197074031097,5,0.7095799369927326,1,A,False,True,False,False,False,False
288.87825426903925,7,0,30.753715864060847,2492.9255691565722,1,0.49612200256708033,0,A,False,False,False,False,True,False
34.39715391558516,14,0,1.0661036069611034,3946.015032638765,3,0.6516260977181056,0,A,False,False,False,False,True,False
86.4517782567349,16,0,6.8914933877821385,767.9933650533939,3,1.5145295284605114,0,A,False,False,True,False,False,False
64.68365668341787,4,0,49.1871215254573,1023.5762518184492,2,2.7643950451594588,0,A,True,False,False,False,False,False
4.234732763531209,19,0,0.22414401090809813,707.381667555113,3,1.308078412827887,0,A,False,False,False,False,False,True
137.25611868215208,3,0,33.19669485167143,446.6944701134673,1,0.8448358950939917,1,A,False,True,False,False,False,False
70.70213755101564,10,0,7.04606373544202,3872.216486700427,4,1.5121909307426666,0,A,False,False,False,True,False,False
100.47634911443697,17,0,3.1518959846760923,138.10592151670627,4,0.5074221197392793,0,A,False,False,False,True,False,False
6072.254596088822,9,0,0.22639615618479972,639.2752171003987,5,0.9843110602923039,1,A,False,False,False,False,False,True
4.477498288023565,16,0,1.0969950441487766,782.1390446653786,2,0.7422846667919459,0,A,False,True,False,False,False,False
432.52320569267965,14,0,2.8282945326851188,1243.580956026253,7,0.8680125337897052,0,A,False,False,False,True,False,False
38.66995634547585,5,0,0.3860644165146985,406.7679995928957,5,0.7539939224000171,1,A,False,False,False,True,False,False
77.07621097425405,22,0,6.1387057918332095,3242.0058603711464,3,0.573976669146083,0,A,False,False,True,False,False,False
51.69625313299769,20,0,0.6889803396479194,252.4669218582354,4,2.340006679866398,0,A,False,False,False,False,True,False
32.816006517006315,15,0,17.6753586250428,255.43858322712256,4,0.7325662295070439,0,A,False,False,False,True,False,False
27.555454076477112,14,0,25.63117791712086,1148.7647204733732,4,0.7309930673848469,0,A,True,False,False,False,False,False
81.07790500936328,7,0,32.7672214406434,391.67700535102244,1,0.9715403149843876,0,A,False,True,False,False,False,False
8.840925484567205,8,0,11.948582923287171,1294.922805904276,2,1.1090614318423735,0,A,True,False,False,False,False,False
134.38314365988484,10,1,43.92377971192769,606.6336354423072,5,2.2415988572573013,1,A,False,False,False,False,False,True
33.134224272258805,1,0,0.08492169519702335,2092.0849245049835,2,1.0889547297256312,0,A,False,False,True,False,False,False
14.068198058292575,12,0,2.15837291815376,522.0195897142479,3,1.31901159940228,0,A,False,True,False,False,False,False
31.81648559539405,3,0,5.204391124517236,3482.96986334408,2,0.397275900238664,1,A,False,False,True,False,False,False
246.8001895927841,8,0,23.34019486292335,1814.4288456386294,4,1.1645933085285392,0,A,False,False,False,False,True,False
28.720119228470093,4,0,32.49319073942071,597.9599419821478,3,0.6840309127177233,1,A,False,False,False,True,False,False
83.943532600768,18,0,14.440300486503606,1806.9527170555473,2,0.6902426516346426,0,A,False,True,False,False,False,False
22.711069961978616,21,0,7.2490407391266345,1232.51583547115,2,0.5520115622256633,0,A,False,False,False,False,False,True
135.5724548989832,2,0,16.442281921567048,2055.775484390815,1,0.8454136673263857,1,A,False,False,False,False,True,False
124.28897359141973,20,1,2.993225036932032,1771.4521820731293,2,1.2110668399745053,0,A,False,False,False,False,True,False
501.8647193237353,2,0,9.18385392708005,1461.8082711480176,4,1.2410784262619035,1,A,False,False,True,False,False,False
44.226460570446754,5,0,10.625255431824543,1154.8452638395986,2,1.1043715149427076,0,A,False,False,False,False,True,False
121.80065899260632,9,0,1.6618152587960306,2261.03780094613,2,0.7323305818305722,0,A,False,True,False,False,False,False
61.416654693206,4,0,0.516894476108616,2797.4883428362587,3,0.6959531188599349,0,A,False,False,True,False,False,False
258.5388927737485,2,0,20.80074659374588,1223.2341841523942,3,0.8115710541895723,1,A,False,False,False,False,True,False
23.04390098013062,21,0,11.47629880916725,1780.9796430106894,3,1.0551277112556499,0,A,False,False,False,False,False,True
133.48730443495867,23,0,6.0573676116990045,2321.123395428155,7,0.4562659317079858,1,A,True,False,False,False,False,False
43.222588678103115,6,0,8.623227429515342,3966.1122887848574,1,0.8792829174020762,1,A,False,True,False,False,False,False
50.55056828646228,21,0,47.44573331274758,3448.514243412127,3,0.830214411009915,0,A,False,False,False,False,False,True
60.95299426733296,17,0,7.2898921910082155,2499.5986968298953,2,1.1933868516479866,0,A,False,False,False,False,False,True
73.89820039121796,22,0,1.638507218966879,787.3729670711153,2,4.117076930731277,0,A,False,False,True,False,False,False
47.490284261393285,7,0,9.343187863500967,383.63843938864466,3,0.9942417382765003,0,A,False,False,False,True,False,False
70.64418649832263,0,0,15.663923062219155,1715.4619321314888,5,1.0059274412241108,1,A,False,False,True,False,False,False
362.76007635926635,3,0,0.18280616652591794,1705.104391442104,4,1.3908954821292268,1,A,False,True,False,False,False,False
178.1346317846974,23,0,6.0596558374514435,798.2694906440375,2,0.9037819970138787,1,A,False,True,False,False,False,False
154.93187605688112,6,0,7.5011149028751545,377.1343778781166,6,1.240022648678281,1,A,False,False,True,False,False,False
31.606176766039415,13,1,9.34633882805461,4124.230806393534,4,1.922493075015473,1,A,False,False,False,True,False,False
18.78222616938982,12,0,5.386257509242291,1541.4443334792838,6,0.8639811983486565,1,A,False,False,True,False,False,False
171.8050957211485,9,1,16.490690372825178,417.13218527986874,3,2.142308535529078,1,A,False,True,False,False,False,False
156.21857541344522,22,0,43.42723768026079,990.7045981411394,4,1.1015340126721511,1,A,False,False,False,True,False,False
319.6430200992187,17,0,36.80080161169521,374.29794489837917,0,1.4896171179398348,0,A,False,True,False,False,False,False
26.44912955891065,0,0,16.37723523658824,1892.071212489217,5,1.6721552301343476,1,A,False,False,False,True,False,False
41.45222725066806,3,0,10.605164589516043,4817.7639376892885,0,1.9382088328121205,1,A,False,False,False,True,False,False
7.63405382482468,15,0,26.214570781467526,944.9968385768252,6,1.7651760042379443,0,A,False,False,True,False,False,False
34.09104271236115,15,0,27.11258885432444,1018.4237852392761,6,2.0056233473751295,0,A,False,False,True,False,False,False
180.5277693393857,17,1,26.541728045405385,879.163186931351,3,1.0893774265547587,1,A,False,False,True,False,False,False
31.193369148173023,7,0,2.576884647383056,916.4273394638194,2,0.7037301183958442,0,A,False,False,False,True,False,False
117.7514155218185,9,0,0.3864200004752878,589.4911711582375,4,1.0520083781590113,0,A,False,False,False,True,False,False
43.44067754665045,15,0,61.28976288892773,3313.0824473482994,3,0.5840304400680643,0,A,False,True,False,False,False,False
80.54922062153527,22,0,48.15401809266608,1281.802284539912,1,0.8479670452066722,1,A,False,False,False,False,False,True
13.773828860472594,23,0,12.464721632254511,1153.673325811369,0,0.743827794793485,1,A,False,False,True,False,False,False
60.476287107027865,10,0,74.56483796960326,915.2133025394099,2,0.4738371039045686,0,A,True,False,False,False,False,False
1.507777684911597,5,0,22.080858878845827,396.1063900428663,6,1.584507655720261,1,A,False,True,False,False,False,False
43.629110963606415,0,0,10.927890968725526,2323.2113919124863,3,1.948981955529864,0,A,False,True,False,False,False,False
7.717049543811184,11,0,7.39800467119575,3423.3228315807523,2,0.694534864112992,0,A,False,False,False,False,True,False
232.10582730939203,5,0,13.479090830942448,247.35529115912516,4,1.3769657741640422,0,A,False,False,True,False,False,False
138.77984426755674,12,0,10.878923624670836,1934.4102091815607,2,3.778159276196579,0,A,False,True,False,False,False,False
95.58397479694929,16,1,76.2542040366898,2186.2884245064415,4,1.8144923306024652,0,A,False,False,False,False,True,False
338.73140327008184,0,1,10.113713118674923,3063.6556802224763,4,0.5986118932513788,0,A,True,False,False,False,False,False
17.48424474290453,7,0,27.111116776547156,2876.6226027507423,2,1.5656228216565669,0,A,True,False,False,False,False,False
444.44923324040417,21,0,25.199822871513405,9033.020816055312,0,0.9180854884146711,0,A,False,False,True,False,False,False
167.10625659363458,7,0,1.1112593894163334,1510.5188778027516,2,1.546553603955847,0,A,False,False,False,True,False,False
41.10515976447734,23,0,1.3654021587600729,2426.3480645507284,4,3.178079632167155,0,A,False,False,False,False,True,False
213.30950297031967,10,0,16.17376997083321,1107.594469536231,0,0.9666709793562918,0,A,False,False,False,True,False,False
14.475358429277666,13,1,4.498506335806812,576.9364521984413,3,2.02543322418814,0,A,True,False,False,False,False,False
20.299231052980623,23,0,16.073438367262085,1932.5946423445862,3,0.6863067762270244,0,A,True,False,False,False,False,False
26.303245434250947,9,0,2.343245328482945,2428.514908466502,5,0.7859304996606485,0,A,False,False,False,False,False,True
28.940058722787857,14,0,7.589268524021347,1441.4833658486805,3,0.37232294088932727,0,A,False,False,False,False,False,True
15.365593609128558,6,1,1.6216354458933706,290.55817482708306,3,2.254201880670022,1,A,False,False,False,False,False,True
236.9145862279599,6,1,4.971230276775302,344.0664416125146,3,0.43596254109317356,0,A,False,False,False,False,False,True
40.01981552425778,9,0,1.3866411592380943,2026.0350789357578,4,0.5679323321338741,0,A,False,True,False,False,False,False
83.34644543429816,3,0,52.89052281560334,818.4483613145571,1,1.1201355836272955,1,A,False,False,False,False,False,True
27.538316448725464,17,0,7.539351173800851,1458.078328442202,3,2.786803886469089,0,A,False,True,False,False,False,False
6.142771590060304,9,0,34.718159931734405,1613.4870322230393,3,0.38619603876906755,0,A,False,True,False,False,False,False
75.49518127679394,18,0,53.196001948648004,1000.7114221766477,1,1.2027941386674392,0,A,False,False,True,False,False,False
5.503003474697907,13,0,36.04647067770329,893.4877279022332,1,0.4906948545046402,0,A,False,True,False,False,False,False
50.281596967203136,12,0,9.10343215080437,988.1024938742097,1,2.313136924106897,0,A,False,True,False,False,False,False
10.570022762714858,14,0,22.636919528828024,1760.2166797122552,4,1.0889649286482612,0,A,False,False,False,False,False,True
592.7253860524811,15,0,2.503211434558954,1610.0143327479125,3,2.1765510374109924,0,A,False,True,False,False,False,False
162.9812668024364,1,0,1.4945309291823157,578.720899316804,3,0.6828680776203259,0,A,False,False,False,True,False,False
61.985751835232364,3,0,31.421552546276324,1083.6943533387825,5,0.7961322526259879,0,A,False,False,False,False,False,True
248.7499097403078,20,0,0.4742199622878903,469.39024023535836,1,0.6268807449535064,0,A,False,False,False,False,True,False
19.77504574728874,17,0,53.809661258942135,1654.8813621345992,2,2.063474585799597,0,A,False,False,False,False,False,True
104.81273214115002,16,0,16.727248872743914,755.6408724996868,2,2.03636619257871,0,A,False,True,False,False,False,False
69.39206476840283,9,1,8.160902901628774,1950.4545031143966,0,0.7205247897808836,1,A,False,False,False,True,False,False
74.95021533554153,20,0,2.286350798531542,904.7481803094267,2,1.6287624849646702,0,A,False,False,False,False,False,True
251.34442260275168,8,0,19.268589017219224,2738.6073958913344,2,0.9500239925555259,0,A,False,False,False,True,False,False
131.49785284843932,14,0,12.421167712370854,3185.7653146127846,3,0.37847869788083416,0,A,False,False,False,False,True,False
77.20532222478839,11,0,18.62652239399014,1564.561813110728,3,1.2860826900215192,0,A,True,False,False,False,False,False
7.494242630829896,20,0,8.117267593186769,817.462783098471,3,1.534100840301985,0,A,False,False,False,False,True,False
17.252282363708016,8,0,1.028360115783322,518.0968770396707,0,1.7353446236904275,0,A,True,False,False,False,False,False
47.12243806797829,13,0,5.674437876086402,2366.8273669122277,3,1.036824328763101,0,A,False,False,True,False,False,False
61.07159406364993,12,1,5.675501067639707,1040.0720514979391,3,0.8430688905665727,0,A,True,False,False,False,False,False
14.065929564758221,5,0,0.1307556238222036,1139.6996106311146,4,0.7801679226475018,0,A,False,False,True,False,False,False
986.3507392737716,18,0,0.14440812469188152,803.7412305204114,3,1.5718238779860854,0,A,False,False,False,False,False,True
336.86183674562676,3,0,6.024149692133865,362.76859727764446,3,1.2341037345168935,0,A,False,False,True,False,False,False
112.45374532945368,19,0,19.50854333508576,2590.448782775475,4,0.7273568410718155,0,A,False,False,False,True,False,False
59.52784781362027,16,0,14.674236699844668,1024.7750535051248,3,1.1521258150757483,0,A,False,False,True,False,False,False
42.323785632729226,18,0,4.09717665342534,247.2006268553187,5,1.4353270050199927,1,A,False,False,False,True,False,False
17.42137408367367,2,0,13.848319852012997,981.9860688398336,6,1.4510488046893422,0,A,True,False,False,False,False,False
59.917979712238385,13,0,15.63536205549352,371.0158949589515,4,0.9994750807055379,0,A,True,False,False,False,False,False
74.38862558068023,16,0,11.09006347529457,1758.6520127177519,4,1.8624086686947479,0,A,True,False,False,False,False,False
12.303543488958514,12,0,11.051909139319186,1575.6175895696983,10,0.6743510421920259,0,A,False,False,True,False,False,False
81.53331426341572,8,1,6.924530072519111,3665.0736547279666,3,1.0245491403752045,1,A,True,False,False,False,False,False
45.31731284162045,0,0,1.9754709202549945,336.5452187033114,1,1.594274813505478,1,A,False,False,True,False,False,False
5.532450969011746,16,0,7.303799812634016,3462.570500266179,6,1.1683030479013183,0,A,False,False,True,False,False,False
19.443989264608685,15,0,6.35445869969356,1661.4862265657887,4,1.0426984263447368,0,A,False,True,False,False,False,False
33.237320628495,17,1,13.44631398766024,367.40671998353235,7,0.6888966318540027,1,A,False,True,False,False,False,False
525.9600129330986,1,0,29.096255115791806,4729.685596281779,7,0.5252748601522982,1,A,False,False,True,False,False,False
106.47005260833,13,1,7.059061098311409,992.704129956239,2,0.7100302977907341,0,A,False,False,False,True,False,False
10.994796518225023,21,1,18.55442906329929,422.8477646833419,3,1.797341970779733,1,A,False,False,False,False,False,True
97.83120026718059,22,0,25.056172133602004,2519.1238971475414,1,0.7216941098254213,0,A,False,False,False,False,True,False
8.526979650458577,16,0,3.5691285139158655,458.9195182099102,2,1.0005627407511088,0,A,False,True,False,False,False,False
200.18246280439007,2,0,34.7883679893099,2765.500413049865,5,2.7044541040941326,0,A,False,False,True,False,False,False
31.02056643254767,1,0,1.0957385320192343,940.521798770598,1,1.6717373580653965,0,A,False,False,False,False,True,False
48.79542573430769,7,0,34.7989200541735,829.3328309552536,5,0.92732148946517,1,A,False,True,False,False,False,False
267.9916912014604,1,0,2.6803145795207244,387.1015600109262,3,0.8842825477871906,0,A,False,False,False,False,False,True
11.651136369474296,1,0,6.168541991020347,475.8617936986672,2,2.0548215100917773,0,A,False,False,False,True,False,False
10.210924513327528,8,0,13.941977783319935,1246.84572116899,2,0.8427438373072226,0,A,False,False,True,False,False,False
27.10398617466376,19,1,35.416465619743114,295.4913215945877,3,1.0040620766491435,0,A,False,False,False,False,False,True
189.81589357740287,20,0,4.429695526219682,1903.3680305683604,3,0.9100028263240426,0,A,False,True,False,False,False,False
8.817908491609652,5,0,21.63179475618075,720.6466347602727,3,2.269753293191773,0,A,False,False,True,False,False,False
1.8246957891573758,11,0,18.590674100341452,798.6228581068333,2,0.9960780845302425,0,A,False,False,False,False,True,False
31.772761620134986,8,0,2.610101032498308,1748.5320682515285,5,0.8504147179778027,1,A,True,False,False,False,False,False
105.85698234103272,6,0,9.793441838922922,931.4493955976332,4,1.4150937848650298,1,A,False,False,False,True,False,False
230.5145766469887,11,0,9.852376114027203,2934.994944959143,2,2.6478298738229493,0,A,False,True,False,False,False,False
31.318418203767592,4,0,5.449275739206208,212.66450024015631,5,0.5429323811174392,0,A,False,False,False,True,False,False
33.32434035135128,15,0,22.70655216693037,2080.496436608642,2,1.1884257526958482,0,A,False,False,True,False,False,False
218.04051215711604,4,0,39.041950473103135,1117.9714905700441,1,0.6607161082756433,0,A,True,False,False,False,False,False
5.791028793629174,11,0,18.911981615738423,647.8730898875742,4,2.0499771093256998,0,A,False,False,False,False,False,True
34.25303143286791,23,0,54.15364893174331,2343.0127992404155,5,0.572879133256878,1,A,False,False,False,True,False,False
68.61482833841679,19,0,0.7767981520381387,1753.6577283146146,2,1.4999137854404079,0,A,False,False,False,False,True,False
93.6030029288449,8,0,0.5689970239646455,1316.420257917267,2,0.6925275827859398,0,A,False,True,False,False,False,False
29.613548262143716,22,0,33.64475762456764,895.6379192274912,3,2.2736696803644563,1,A,False,False,False,False,True,False
56.90192740149099,6,0,34.21240827903991,623.6736250051149,4,3.3496101011699455,1,A,False,False,False,True,False,False
2.7566251944087474,18,0,1.6995594736647441,462.592414044806,2,1.8505475435211038,0,A,True,False,False,False,False,False
24.781611470975598,19,0,6.634567431259986,3270.663466975665,4,0.9789136537431027,0,A,False,False,False,False,False,True
94.08611266225785,22,0,27.063060772583487,2124.705915384201,8,0.5475682930560484,1,A,False,False,False,False,False,True
16.797787123502435,10,0,2.0637913557868974,1728.3508333513462,3,1.1007506654083266,0,A,False,False,False,False,True,False
58.602717305417954,20,0,4.667906227822609,779.3047195696884,5,1.1393039990598222,0,A,False,False,True,False,False,False
93.33983762975713,11,1,17.13827628947527,5580.950232403263,4,3.205101214975686,0,A,False,False,True,False,False,False
36.195722865728,2,0,60.17686654935159,629.1952302562429,3,1.069183277201079,0,A,True,False,False,False,False,False
66.99088230937603,16,0,23.928502127524695,810.4118191710122,5,0.7007194017923173,0,A,False,False,False,False,False,True
17.19675875626729,6,1,22.530132605696444,4676.772132037624,4,1.1078794019765452,0,A,False,False,False,False,True,False
42.60904115169166,21,0,6.2933691418026365,1051.6050101801977,2,0.8255882094606746,0,A,False,False,False,False,True,False
113.55183213897766,9,0,16.241515422910588,4404.965775204778,3,0.95397757832036,0,A,False,False,False,False,True,False
65.91510018772459,22,1,1.8001475728353975,1484.5636510562686,4,2.948811003729741,1,A,False,False,False,True,False,False
27.008792915466806,14,0,72.93394026778697,726.4557781990314,3,0.6546243958944602,0,A,True,False,False,False,False,False
71.45441437259647,1,0,9.825761808087064,937.6274521820079,3,1.6172893556342838,0,A,False,False,True,False,False,False
128.70613066264477,12,0,15.275178620313833,618.0414846693787,2,0.8546161583475969,0,A,False,False,True,False,False,False
4.6649189762206476,3,0,31.3329143226134,1909.6329095035837,3,0.9827857429249607,0,A,False,False,False,True,False,False
219.39831723169817,17,0,0.014481415784537835,2917.0008325717563,1,0.9937618613922972,0,A,False,True,False,False,False,False
36.47015714089322,23,0,55.93454299593883,1593.774404325556,2,0.6163351794836959,1,A,False,False,False,True,False,False
90.97528897254396,22,0,6.674615848182988,1375.9555752761412,2,1.3421025994471523,0,A,True,False,False,False,False,False
229.68212973179124,0,0,6.223433210146197,477.52300098824725,5,0.32343388377134336,1,A,False,False,False,False,True,False
10.52750718259456,1,0,2.3509183513587777,2629.93392536321,4,0.8604189708546055,0,A,False,False,False,True,False,False
23.305066821642296,1,0,29.29841594016475,2147.1947646262643,8,1.1589698410802853,0,A,False,False,False,False,True,False
38.61889115650077,3,0,30.700496094407544,1369.8735680256084,5,1.3349637750672902,0,A,True,False,False,False,False,False
21.316805977804457,2,0,0.302872227211307,861.6953588635256,6,1.304064059161667,0,A,True,False,False,False,False,False
437.8708005740468,16,1,0.860071134130919,1135.8356322992663,1,0.5687996793265189,1,A,False,False,False,False,False,True
19.52847169120275,13,0,37.57816993871109,529.5808212784546,3,0.8119295699662434,0,A,False,False,False,False,True,False
28.031920105039248,1,0,1.9664690344464681,337.1559869581405,2,1.073088314453914,0,A,False,False,True,False,False,False
69.77437610970955,15,1,14.55041556393107,862.7476257351774,0,0.6870253727581298,0,A,False,False,False,True,False,False
12.902493260612463,10,0,14.499968716542991,551.1353883546956,2,1.0927259893375967,0,A,True,False,False,False,False,False
33.959992679900274,12,0,30.57222947538212,730.6184752496296,3,1.3103733888926996,0,A,False,False,False,False,True,False
79.913429180593,0,0,12.752423041829234,742.215065076185,1,0.762644932304483,0,A,False,True,False,False,False,False
36.619010375985184,22,0,8.537720434625935,1030.2735212519171,4,1.37885092235336,1,A,False,False,False,False,False,True
48.810027305346935,1,1,54.96618793618001,977.5445887124249,4,0.8806652161756566,0,A,False,True,False,False,False,False
28.92775355914185,1,0,3.8974140496980745,95.34265604766072,2,0.6648768567127797,1,A,True,False,False,False,False,False
8.869652592511875,20,0,4.571772775036136,1448.5495690508515,6,1.9358058571100443,1,A,False,True,False,False,False,False
80.3114220944241,4,0,1.3286925299874945,1218.282344987412,3,0.7849987578704615,0,A,False,True,False,False,False,False
448.5049355354672,3,0,55.52449685567567,2365.9102869556104,4,0.48754982423046095,0,A,False,False,False,False,False,True
55.81719393393211,11,1,18.38102194414043,924.2216458817882,3,0.7744808138788161,0,A,False,False,False,False,False,True
71.54430732887114,2,0,0.18256279131687544,2611.1522042823276,2,1.1311139273088204,1,A,False,False,False,False,False,True
125.36974186497756,19,0,18.27685937697422,970.270977238446,5,1.1834069106111262,0,A,False,False,False,False,False,True
11.903153965803444,9,0,7.766145185250199,1439.5169341376065,3,0.5799668463386939,0,A,False,True,False,False,False,False
421.1620134726294,19,1,51.420680042937725,526.521438742022,2,1.3650471362770509,1,A,False,False,True,False,False,False
69.60208722163844,17,0,4.873232471503444,2721.2978482879075,5,0.9789819922720949,0,A,False,False,True,False,False,False
386.92399519890904,20,0,18.58293327979209,3102.607251877984,7,0.48416067131152807,0,A,False,False,False,False,False,True
22.65454299100616,20,0,14.810122189011398,4947.573581107725,2,0.43350967780628585,0,A,False,False,False,True,False,False
483.80131056443236,20,0,0.18184746588554765,710.5553554735257,6,1.1117808656453259,0,A,False,False,False,False,True,False
138.40533537552852,9,0,32.47066911034781,1675.30163522953,5,0.8516068308755478,1,A,True,False,False,False,False,False
106.02215725999264,0,0,2.255588942902921,346.59649989499115,3,0.6425890727294483,0,A,False,False,False,True,False,False
72.30037712205346,5,1,16.341314929643154,242.30879830506575,2,0.7333235777224343,0,A,True,False,False,False,False,False
40.51878356451025,10,0,22.411431173207713,1721.1509381194855,2,0.9520307367925042,0,A,False,False,False,True,False,False
230.58925021671544,1,0,14.951438613192009,1001.9745502176504,7,0.9405686774972272,0,A,False,False,False,True,False,False
64.61404770084162,6,0,1.5323824896825846,392.2612070263901,1,0.9412567042465836,1,A,False,False,True,False,False,False
5.152676846691263,19,0,55.441060491542075,1265.6036505196623,2,0.9285140018637849,0,A,False,False,False,False,True,False
14.287374511019262,20,1,4.053879480430782,2314.4160319788666,4,2.68051788027343,1,A,False,False,False,True,False,False
43.68413957205422,20,0,14.827469536660697,1153.4111274455597,6,0.7747708832849034,0,A,False,False,False,False,False,True
79.20178051349401,20,0,23.931402287098496,2930.070968153068,3,1.440037274572671,0,A,True,False,False,False,False,False
51.01367904453094,17,0,42.011369005039704,646.3848897112377,3,1.3553617121045562,0,A,False,False,True,False,False,False
235.74835594153652,20,1,13.895514856668319,2607.6245151204303,3,0.7478545882011917,0,A,True,False,False,False,False,False
5.2523613852899285,18,1,4.497415982248416,806.7254291342508,3,0.4276937180993337,0,A,False,False,False,False,False,True
64.86482725067336,3,0,27.17689364535268,2934.0308631742823,4,0.8106611588396523,0,A,False,False,False,False,False,True
6.162144989627851,12,0,2.6729106875865414,396.64723787436543,3,0.4367504053338855,0,A,False,False,False,True,False,False
135.86405015808148,17,0,0.3380164786713026,1318.9462100360158,0,0.40407882387608823,0,A,False,False,False,False,False,True
48.74728690525389,19,0,35.813790583494225,1316.715831591367,5,0.7753656908566049,0,A,False,False,False,False,True,False
90.33563092018589,23,0,12.848725867910192,1606.3065016966636,1,1.040478367781225,1,A,False,False,False,False,False,True
19.362543402046843,12,1,1.08277910050787,827.8765742176028,0,0.8984306856871054,0,A,False,False,False,True,False,False
253.49850307628867,18,0,13.00284688220404,1548.9634138957256,3,0.44244177843268506,0,A,True,False,False,False,False,False
190.57953173609664,16,1,2.350055719800697,935.7702669179512,1,0.5448601869066922,1,A,False,False,False,False,False,True
109.97501059933403,0,0,0.4783365280603207,719.6275883981978,2,1.0781625376232589,0,A,False,False,True,False,False,False
46.739017285619646,5,0,1.8583680904754787,3399.12793973191,1,1.3632876799278006,1,A,False,False,True,False,False,False
109.48950964671965,18,0,22.381986762368772,1167.2735770593595,1,0.658917431262805,0,A,False,False,True,False,False,False
23.376445630445847,19,0,21.137974261582368,326.6649114250607,3,0.9860379884886119,0,A,True,False,False,False,False,False
152.42410359593214,0,0,13.907171424018962,640.0689859309712,4,1.1085324688333753,0,A,False,True,False,False,False,False
395.1941144547109,7,0,3.5230864328883174,3502.3513460324316,4,2.3713047561441396,0,A,False,False,True,False,False,False
197.30143219533338,16,0,20.14663042391637,530.1257679186403,2,2.204729351020177,0,A,False,False,True,False,False,False
22.747995604780982,20,0,7.864876678680555,1690.3246637848138,3,1.3469663817826611,0,A,False,True,False,False,False,False
84.24260414311536,21,0,10.723335989098556,629.1479129559467,2,0.3591747342586495,0,A,True,False,False,False,False,False
11.56785519352928,14,0,34.18899061686314,347.038688864999,1,2.094240746398563,0,A,False,False,True,False,False,False
108.51282550466237,17,0,9.183396611328506,1610.6029794967894,2,1.2667087815834928,0,A,False,False,False,True,False,False
93.75866576778417,6,0,14.76718473172454,843.1385295206093,4,0.7226704930853814,0,A,True,False,False,False,False,False
5.790510127124951,15,0,48.954760826526744,3908.163102199677,1,2.6791908629835177,0,A,False,False,True,False,False,False
13.542858864147634,6,0,9.005509320349146,2698.456200543983,3,0.8539660416062554,0,A,False,False,True,False,False,False
38.87041120959002,16,0,12.339543540490201,3017.5675386980924,2,2.9306467011079826,0,A,False,True,False,False,False,False
38.05255777360677,3,0,13.171008152736292,2573.106966696553,3,0.5687862679205765,1,A,False,False,False,True,False,False
12.789540360045812,11,0,4.130603189147434,1903.8050871854493,5,0.8073883230341622,0,A,True,False,False,False,False,False
87.07540568080614,12,0,20.029574243629106,367.7328076129458,2,0.3573488466284085,0,A,False,False,False,False,False,True
73.83023460682894,3,0,19.454322001889047,909.4467982496434,2,0.7928661740063462,1,A,False,False,False,False,True,False
43.24480201910464,20,0,3.603520550866128,1875.6288875369792,4,1.826330429576923,0,A,False,False,False,True,False,False
22.044214793130624,0,0,0.20141693270483982,869.2890105588865,6,0.7567294605030161,1,A,False,False,False,False,False,True
192.18309774570403,0,0,102.76453706949104,1070.628724667749,2,0.6581660981507415,0,A,False,False,False,True,False,False
398.0145393733265,6,0,13.06932071600414,1958.0206471907647,2,1.8691977165789293,0,A,False,False,False,False,False,True
30.561046853353066,8,0,2.9956547951196617,2552.5435681495933,2,1.0820143302986016,0,A,False,False,False,False,False,True
26.190577257391038,0,1,5.002026421427235,524.2275757961373,3,1.0706671119803224,1,A,False,False,False,True,False,False
98.44019421951009,15,0,14.426856395706317,1874.3792319698346,5,0.5781610446945953,0,A,False,True,False,False,False,False
35.52954998948715,17,0,2.2208121910294687,1723.2528540195249,3,0.6032717184407589,0,A,False,False,False,True,False,False
46.188154042525845,21,1,0.5698999393565057,497.1566369495291,3,0.8838282119514967,1,A,False,False,False,True,False,False
132.63271702809618,14,0,24.02798738182662,792.1996049145846,2,0.3805574462457447,0,A,False,False,False,False,False,True
5.522179917881686,5,0,18.87359691291394,1236.1390453167771,2,1.492470501765325,0,A,False,False,False,False,True,False
265.59239657071265,1,1,5.557297896456038,3334.1019283320934,3,1.3578966232266236,1,A,False,False,False,False,False,True
59.57384462618837,8,0,0.9040765944059184,786.976376970819,3,1.2322138210387863,0,A,False,False,True,False,False,False
33.32167967777031,3,0,9.990888245711151,1531.6853815362801,4,0.5178264959615146,0,A,False,False,False,True,False,False
49.05386671107005,12,0,4.848318393486596,2793.395533439734,2,1.4220261914737253,0,A,True,False,False,False,False,False
52.1912692955086,22,0,7.606967283911058,4835.523239892524,3,0.6525203062833486,0,A,False,False,False,True,False,False
6.83843179674241,21,0,4.802445636383315,1314.829493897321,4,1.859725002940319,0,A,False,True,False,False,False,False
328.29935930227435,10,0,2.890444995923325,201.19357443094566,3,0.8583107780124595,0,A,True,False,False,False,False,False
57.3739724426905,12,0,7.340605233489907,2295.560250630912,2,1.039768340253349,0,A,False,False,False,False,False,True
92.90733109486177,10,0,50.240801103591,1298.3589528037876,4,1.37087104234896,0,A,False,True,False,False,False,False
171.0335480502614,18,0,4.643351161252095,557.8373325009339,4,1.1620211470726454,0,A,False,False,False,True,False,False
16.0322938055279,7,1,6.141343438476491,1936.9132117380598,2,0.20136375373562462,0,A,False,False,False,False,False,True
96.3672370133228,6,0,5.990203691704512,4876.900240469532,3,0.42175197640287737,1,A,False,False,False,False,False,True
39.600062277425074,15,0,9.817230665776382,1296.1989904113261,3,0.6753379684729718,0,A,False,False,True,False,False,False
150.8257097740098,2,0,27.821019919131114,299.63065627483337,3,1.225250330251323,0,A,False,False,True,False,False,False
4.251734832707491,16,0,7.715543229581828,3481.692058101116,1,2.3625763662260666,0,A,False,False,False,False,True,False
48.476873041436505,17,0,24.60990168186889,1116.6803047394076,8,0.8578150447320592,0,A,False,False,True,False,False,False
26.485971436307192,14,0,1.832719755636578,1939.2157251861213,1,1.500192496943922,0,A,True,False,False,False,False,False
91.71771462025484,16,1,33.79367331273979,1152.4090287778217,2,1.403778948693185,0,A,False,False,False,False,False,True
95.97166818541338,10,0,3.0741051597290676,1579.6125927312914,3,0.511686246505721,0,A,False,False,True,False,False,False
23.355883589134535,4,0,0.5998585269251471,1867.855838434331,3,0.9973636253599107,1,A,False,False,False,False,True,False
23.228764573327993,15,0,2.585945271853515,2091.338327073577,4,0.7401372904302244,0,A,False,False,False,True,False,False
47.80840963125743,14,0,3.1747069240673125,1233.1529143668056,3,0.6313510617140129,0,A,True,False,False,False,False,False
18.61614708972537,9,0,10.65452606134157,596.7741569751585,5,2.341445149548904,0,A,False,False,True,False,False,False
149.96177593803512,13,0,8.965872180818462,1280.4210919146071,3,1.2104808969255618,0,A,False,False,False,False,False,True
35.05616043800568,1,1,18.875084169861125,2060.75930394071,7,0.6588881197633157,1,A,False,False,False,True,False,False
1.6679813733436324,15,0,0.7844240820985757,600.1112684437262,2,0.7421662561658507,0,A,False,False,False,False,False,True
34.82075204051531,18,0,10.328552607096597,452.45177632605635,0,1.0669058859576117,0,A,False,False,False,True,False,False
15.701361290350517,7,1,6.062591758559925,3185.6838003729135,1,1.2042043853734785,1,A,True,False,False,False,False,False
7.709620938468819,14,0,14.942446552032797,4244.015609724274,1,0.37582041777848835,0,A,False,False,False,False,False,True
12.367697510715201,9,0,0.670249787175794,1130.8191652678754,3,1.9455329458503066,0,A,False,False,True,False,False,False
62.258194560024656,4,1,0.5333943659954911,1773.9711194174229,2,1.107428032716044,0,A,False,False,True,False,False,False
268.9079140109969,19,0,8.359631304453918,1481.2252606726104,6,0.6301545653579832,1,A,False,False,False,False,True,False
79.5051157493161,15,0,25.017090978760216,191.722543760712,5,3.3477799786713294,0,A,False,False,False,True,False,False
26.36918079639577,20,0,16.679752174835382,1293.8550835377068,3,1.2434561477199324,0,A,False,False,False,False,True,False
94.35695973820363,21,0,0.2527081888430239,3543.174618148351,5,2.1693951520281143,0,A,False,True,False,False,False,False
31.471791218292946,11,0,2.9488405916181373,428.5896713838378,2,1.862685789499235,0,A,False,False,True,False,False,False
23.723818821162084,22,0,3.856933452371642,398.3495667943486,2,2.7435656834535314,0,A,False,False,False,True,False,False
13.66400220091811,12,0,8.250227177261165,611.3813765168954,5,1.697681916723087,0,A,True,False,False,False,False,False
6.671237879896953,8,0,13.254292593253739,750.4639014909354,3,1.6038253043574362,0,A,False,False,False,False,True,False
34.19541436311098,16,0,3.6590008118966546,1870.0380475824636,4,1.465972824886397,0,A,True,False,False,False,False,False
66.0006234308748,19,0,7.231488694919943,3154.269855380378,4,2.0542236105027416,0,A,True,False,False,False,False,False
48.62080841603861,11,0,13.154009337712077,3095.6233787475985,3,0.7547215014090101,0,A,True,False,False,False,False,False
33.1432702331035,4,0,7.253880313939714,1850.401303286682,2,1.230983097705151,0,A,False,False,False,False,True,False
17.55089116339761,23,0,2.317726067376805,307.08691267269245,2,0.7597955432403303,0,A,False,True,False,False,False,False
113.28371565360838,11,0,10.14910467131403,306.0827978099116,2,1.5933736399054645,0,A,False,False,False,False,True,False
11.239582459723264,0,0,5.873304256633193,1973.0664508936602,3,0.8613343893526373,0,A,False,False,False,False,False,True
138.5503083160991,19,0,29.947295580850458,308.095684838798,1,0.8940259550387165,0,A,False,False,True,False,False,False
16.400955204124003,15,0,22.416541651950386,1710.0603520014465,0,0.3853854731033008,0,A,False,False,False,False,True,False
22.133177235497808,11,0,3.165910635617874,1369.2211546971243,0,2.7088446762494596,0,A,False,False,False,False,True,False
9.391995380784934,8,0,2.4843701748623754,756.9001108781845,4,0.5378570215414582,0,A,False,True,False,False,False,False
29.913725555268975,12,0,6.40822410223171,143.00709480699422,1,1.238616862058928,0,A,False,False,False,False,False,True
175.9808091501852,16,0,7.9698771688525945,1288.7466308644746,4,1.3590940726191185,0,A,False,False,False,False,True,False
101.36761952972633,16,0,40.32771811026777,1651.5762775865298,2,2.023880926177673,0,A,False,False,True,False,False,False
176.63872313498024,3,0,5.384894507598693,702.8296834308384,3,0.781667004514369,1,A,False,False,True,False,False,False
102.16315100997393,13,1,30.327141936984717,457.8088008441662,4,0.5068866992440497,0,A,False,False,False,False,True,False
14.521004766010167,18,1,10.557337776925891,1386.680729278837,2,1.6168957694686792,1,A,True,False,False,False,False,False
36.71013704963231,6,0,32.52392419171349,343.15660519619524,2,1.7883620827754305,0,A,True,False,False,False,False,False
21.4079220988537,2,0,18.157600423040584,1796.3073204570521,5,1.2021561340420102,1,A,False,False,False,False,False,True
269.5327447562696,0,0,18.48501670936288,2552.1063797224097,3,1.0242499097948887,0,A,False,False,True,False,False,False
12.985763270002652,11,0,10.97200610348315,228.5805911113651,2,0.9825657343133739,0,A,True,False,False,False,False,False
159.56274449225816,14,0,27.517252970939914,718.733459142959,3,0.5755242717352064,0,A,False,False,True,False,False,False
159.4203850206085,10,1,4.403989274953828,1054.6720071158047,4,0.3259830563622865,0,A,False,False,False,False,False,True
490.5583548488984,9,0,35.684100753274876,1079.7448765030372,3,2.2896437432459176,0,A,False,False,False,False,False,True
33.39399484790188,1,0,15.191027340590868,542.8351008103527,2,1.0062286937139493,1,A,True,False,False,False,False,False
128.35329660671553,3,0,8.662734238008671,376.52722209697544,0,1.5080274221655383,0,A,False,False,False,False,True,False
843.8562868444099,16,0,60.41984637974436,758.9137155924485,1,0.8385512175280265,0,A,False,False,False,True,False,False
26.019076686149404,16,0,29.70905734571331,1835.9080603413552,2,0.8387395381134197,0,A,False,True,False,False,False,False
8.653394770430221,7,0,22.177527237260612,1730.8751584740837,1,0.792299534828348,0,A,False,False,False,True,False,False
5.720109561465812,22,0,4.801064037137951,1747.8844946761617,4,0.9066282592047887,0,A,False,False,False,True,False,False
128.41335986469213,13,0,54.59602625161564,2983.319429138115,2,1.757277725220573,0,A,False,False,True,False,False,False
5.698595553340559,23,1,20.37945852199229,474.43637202385025,3,1.0689398645460135,1,A,False,False,False,False,False,True
34.9254970327882,3,0,13.941296273750709,810.4736258573245,5,2.3180472057320154,0,A,False,False,True,False,False,False
92.2752376574005,5,1,38.22713658472398,945.8939865121746,4,0.5673918250932424,0,A,True,False,False,False,False,False
68.18404847719803,18,0,2.6543100932528376,109.29110515722462,1,0.9153957799179294,0,A,False,True,False,False,False,False
90.97036890111268,23,0,2.2451912858060776,1312.1123276988012,5,0.9739320274011973,1,A,True,False,False,False,False,False
71.28941270338588,3,0,12.44183917681733,1070.9128998008412,2,1.4401843170638011,0,A,False,False,False,False,True,False
253.3163178502903,2,0,0.8757799099728915,441.82592112285255,4,0.7046868246207569,0,A,False,True,False,False,False,False
17.413057278698464,19,0,16.35907527295676,2201.80845368807,5,1.77967979934606,1,A,False,False,True,False,False,False
24.23034646776385,5,1,4.131187548478432,2093.2705053848676,3,1.3744382699592435,0,A,False,False,True,False,False,False
21.602491724982368,22,0,1.9009173214097967,1509.9971803014587,6,2.22575281917975,1,A,True,False,False,False,False,False
147.8547206207925,6,0,7.901679226108033,279.48160757303833,0,0.7760033542105892,0,A,False,False,True,False,False,False
160.85097352972338,13,0,9.408976677333445,503.504692061389,2,0.43533769344840273,0,A,False,False,True,False,False,False
93.82866282696213,11,0,2.8037088338399503,1398.601920235341,5,1.6201839591600347,1,A,False,False,False,True,False,False
225.92258588676802,15,0,0.636337728747034,713.6804188877251,0,1.7275270653742825,0,A,False,False,False,False,True,False
13.281219360505734,19,0,8.017955392505922,911.7245673593291,1,0.3139056397262245,0,A,False,False,False,True,False,False
403.69875095512873,7,0,21.377170508727666,454.4455841896704,2,1.3270727112024838,0,A,False,False,True,False,False,False
339.6400383533557,22,0,31.095901667942528,1278.605620900725,4,1.1685014519281909,0,A,False,False,False,False,False,True
131.99267078580772,1,0,1.5396015256091995,3654.9309016746824,1,0.7619682905497256,0,A,False,False,False,True,False,False
463.19989080824956,12,0,11.156362087215202,1420.8221071721794,5,2.1773665574655237,0,A,False,False,True,False,False,False
7.478648925859636,7,0,4.585714988247635,2385.100045135703,4,0.8093128309439909,0,A,False,False,True,False,False,False
29.097790297045428,20,1,7.041269881938286,2212.9691576989503,4,2.34268180592623,0,A,False,False,False,False,True,False
22.592903378854768,19,0,40.64518459845391,823.4045206649646,2,1.5987307539721936,0,A,True,False,False,False,False,False
129.77149700416732,15,0,6.50969969454092,945.3459419974636,2,1.4311655772366767,0,A,False,True,False,False,False,False
15.48436975865003,3,0,6.820128006989437,3556.607330029424,3,1.2756159483955325,0,A,False,False,False,True,False,False
135.50305405336556,15,0,3.5243677241461304,1970.4775987389698,4,1.442499701067123,0,A,False,False,False,True,False,False
282.7726938035659,19,0,48.290045723318094,2365.3860515178376,2,0.7428599425050824,0,A,False,False,False,True,False,False
125.74341981562785,5,1,9.14553464815323,1252.98336429854,4,0.5498320082692788,1,A,False,False,True,False,False,False
76.74599697225449,3,0,12.673236390470558,801.4599270445176,3,2.3400127185517103,0,A,False,False,False,False,True,False
16.68569876100402,15,0,9.054207334890952,883.4200845376922,3,0.7529661110001119,0,A,False,False,True,False,False,False
19.76235451126291,22,0,4.373726531169396,3300.4834358390995,4,0.899364783014326,1,A,False,False,True,False,False,False
244.58005688803686,22,0,24.943578245689604,1095.9225733106568,8,0.5114256733179293,0,A,True,False,False,False,False,False
139.10357571675704,20,0,0.4332658854021956,2975.356887234516,4,1.362265627605635,0,A,False,False,False,False,False,True
52.10060582167755,12,0,17.579528225101406,3374.857750608478,4,0.588152598356025,0,A,False,False,False,False,True,False
33.0660985682984,4,1,13.531114387908172,2290.412645018535,6,1.2304597545687819,1,A,False,False,False,True,False,False
4.801990657560998,14,0,2.3371922933002534,2085.820001702932,3,0.8506371925060884,0,A,False,True,False,False,False,False
15.104264143712872,7,0,2.721120410248436,4262.127073239701,2,1.122755100061938,0,A,False,False,False,True,False,False
541.1534632771998,6,1,16.148018530717636,557.52650943431,4,2.327837461160953,0,A,False,False,True,False,False,False
11.745301811456754,13,0,5.612522902022291,788.5316917317981,7,0.5674820164381664,0,A,False,False,False,False,True,False
68.53713981823039,6,1,4.6333420842653945,400.41967266494356,4,0.7724418418496061,1,A,False,False,False,False,True,False
182.8987585590169,21,0,0.9146705365222259,330.97540909125206,2,0.6805358670120354,0,A,False,False,False,False,True,False
12.110741649187899,6,0,21.817511728426187,1058.4360535903127,2,1.2804687374426205,0,A,False,False,False,False,False,True
68.14600731714637,22,0,32.14171944286238,1359.4795296752359,1,1.2297860315159834,0,A,False,False,False,True,False,False
168.2580217603205,17,0,25.709011336585515,1643.0148308484918,5,0.8975100908107719,0,A,False,False,False,False,False,True
55.42325030395049,9,0,9.411350043871334,627.7703762400589,4,1.7986335339468675,0,A,True,False,False,False,False,False
1706.3018842116567,17,0,11.452141581193588,788.0478232280025,1,1.0139640015475029,0,A,False,True,False,False,False,False
7.371939915043337,13,0,4.161544976262584,2158.9801837464165,0,0.7369927871830831,0,A,True,False,False,False,False,False
194.50818333216554,9,1,2.846624276449784,340.9017613176618,2,1.9342613935772093,0,A,False,False,True,False,False,False
44.373299020311165,6,1,25.974182763518186,1107.8104794848912,2,0.8875877270313446,1,A,False,False,False,False,False,True
137.8690312764579,6,1,24.01789199569115,3117.395385770147,7,0.9193910405135619,1,A,False,False,False,False,False,True
92.7185520037713,6,0,22.532975867692695,886.7090563020995,6,0.9582310433030115,1,A,True,False,False,False,False,False
22.65119394782461,4,0,9.336397617857063,782.9514911898301,4,1.1186395700295624,0,A,False,False,True,False,False,False
71.86545360957555,0,0,29.982613738624416,2963.917648238229,3,1.810310903282356,1,A,False,False,False,False,True,False
5.873896768562134,13,1,39.10246778799473,353.8995381042209,1,1.5622572158531234,0,A,False,False,True,False,False,False
112.60622526083745,17,0,5.970142311432401,576.3857660272,7,1.3640994625139635,0,A,False,False,False,True,False,False
78.0843895532854,12,0,3.817471847286822,594.3779447129832,2,0.6160997407567679,0,A,True,False,False,False,False,False
117.4945797075556,7,1,9.361679511268745,1910.9807232010526,5,0.9883338990724708,1,A,False,False,True,False,False,False
194.36580767374627,7,0,2.9644463959967893,303.91700635847496,4,0.9320259407113277,0,A,False,False,False,False,True,False
84.87196342821181,9,0,32.312849401211196,2942.14330272679,4,1.3233662946476292,0,A,False,False,True,False,False,False
65.21616083313705,16,0,6.187130592185973,1073.5335708376683,5,0.9077031666468726,0,A,False,False,False,False,False,True
18.967329440764896,5,0,12.876405941756232,2531.6753336240104,2,2.0521286055294374,0,A,False,True,False,False,False,False
23.227457309933794,14,0,13.547637733735511,2959.1580230170634,4,1.3805506101644673,0,A,False,False,False,False,False,True
226.8029421501498,14,0,10.8537209906901,584.9465602474958,3,1.3434648305917372,0,A,False,True,False,False,False,False
306.0053198240488,15,0,2.5533878537842285,1112.8395167089272,3,0.6134025619785011,0,A,False,False,True,False,False,False
41.02852171455969,7,0,70.65902738491305,913.7365768273542,4,0.6985112660419024,0,A,False,False,False,True,False,False
57.69689139179747,18,0,2.842063917604321,1040.6947108201286,4,0.7690950696860436,0,A,False,False,True,False,False,False
18.43890344045486,19,0,20.88513080831694,695.2839159343309,2,1.0042193308654048,0,A,False,False,False,False,True,False
223.03042883381315,14,0,23.50738163289622,2674.004710091249,1,1.8140626780390876,0,A,False,False,True,False,False,False
121.32831138526036,2,0,2.3526795021900946,944.9682046345908,1,0.683556017065557,0,A,False,True,False,False,False,False
560.8541691866609,5,0,40.58259169931924,839.4069850714417,6,0.4446319789026625,1,A,False,False,False,False,False,True
19.029916764413166,7,0,10.034393972461606,2694.148276967898,3,2.047788685765923,0,A,False,False,False,True,False,False
34.687886062628046,15,0,14.868566858517847,2140.806493439632,7,0.7941576547429715,1,A,False,False,True,False,False,False
72.07700829018971,14,0,15.416132059075196,1380.2725705286623,3,0.9687942712834551,0,A,False,False,True,False,False,False
118.60367175952186,12,0,10.546602977299603,801.1834412000578,3,1.6550200921767093,0,A,False,False,False,False,False,True
42.14848897044827,19,0,2.297653084096927,3539.31522300466,5,1.796061880508714,0,A,False,False,False,True,False,False
19.1527573356136,14,0,20.899987535959124,470.84106554999056,3,0.6335781142006018,0,A,True,False,False,False,False,False
157.22675059671724,17,0,13.076424322546357,2586.10077683705,7,1.1436033519357947,0,A,False,False,True,False,False,False
129.71794442329994,12,1,1.8950279024302028,1810.1454248329653,1,2.0069715949934888,0,A,False,False,True,False,False,False
18.182708850430483,23,0,18.075699141405366,398.16937236344324,2,1.021466583662057,0,A,True,False,False,False,False,False
277.6972138537205,7,0,18.19839534051902,1163.4257256963444,1,1.7394083942597915,0,A,False,True,False,False,False,False
222.3468279951402,13,0,11.927248302818423,381.23065052154226,4,1.0862870049501794,0,A,False,True,False,False,False,False
64.1456190661288,10,1,1.423709244518885,830.2101368367814,0,1.7346070665175335,1,A,False,False,False,False,True,False
60.070413642793845,5,0,6.5228842809348295,1372.1408048852209,3,1.9458360069760212,0,A,False,False,False,False,False,True
106.15171297652103,23,0,0.7839976902163748,487.14274554962105,1,2.380575594528735,0,A,False,False,False,True,False,False
19.413259571973178,0,0,9.739711201790737,167.63286049967755,1,1.2675193766690769,0,A,False,False,True,False,False,False
56.60162952544405,1,0,35.538428522953836,990.0911829037921,3,0.8220801200771303,1,A,False,False,True,False,False,False
4.1253041337758996,12,1,0.033832865950472954,1301.9844952394938,0,1.1474272175228013,0,A,False,False,False,False,True,False
156.29523873314426,0,0,4.651750929551182,811.1229239427007,6,1.180889747816346,1,A,False,False,True,False,False,False
8.383019175413898,23,0,24.13100499321177,1083.2146580190379,1,1.00563332405702,1,A,False,False,False,False,False,True
331.65782641654744,23,1,0.14864660753156445,949.8539132766497,4,1.4449384495714697,0,A,False,False,False,False,True,False
36.73962552774193,3,0,0.15338310204353658,485.8335600391965,3,1.3276086615648024,1,A,False,False,False,False,False,True
42.35132136536819,23,0,14.155645266315833,5206.662909488272,3,1.152277994795443,0,A,False,False,False,False,True,False
25.70586851442013,22,0,23.35266462913036,1413.1690872321326,0,3.0055920963628524,0,A,False,False,True,False,False,False
38.642524895406645,1,0,22.475521566701484,780.0329359035356,1,0.6659375909891562,1,A,False,False,False,False,True,False
299.5368996612411,20,0,22.683172234612428,566.8942667638158,4,1.2014918340159464,0,A,False,True,False,False,False,False
2.75834155197321,19,1,6.717911309190294,797.8722027019244,1,1.0048701207416082,1,A,False,False,False,True,False,False
252.73928499330628,15,0,32.14839567076779,818.9572247989656,7,0.3974397850032303,0,A,False,False,True,False,False,False
81.91058105477163,2,0,0.19378034226715476,1130.6210422927563,3,0.7301271187310507,1,A,True,False,False,False,False,False
12.82727832651887,16,0,5.613612080807574,2743.4320305644214,3,0.4931679354747885,0,A,False,False,False,True,False,False
15.023642521319077,4,0,6.168951422635146,576.1362176035882,4,1.5186983357134718,1,A,False,False,True,False,False,False
408.1650523403781,7,0,2.715116567576972,1264.180349838758,3,0.5333457579435317,0,A,False,False,False,True,False,False
17.555929288835856,11,0,6.147202622987886,2079.1410660803185,2,0.5027758807364823,0,A,False,True,False,False,False,False
13.680608432767226,22,0,13.224141978217292,639.6505695758875,5,0.9025313109720828,0,A,False,False,False,True,False,False
213.74366091469685,11,1,11.018268688551581,636.7157900073497,5,0.8405827545887959,0,A,False,False,False,False,True,False
81.96263326731057,0,0,5.772310732008655,327.9024226364474,3,0.8196378182232399,1,A,False,False,False,True,False,False
17.71637420299353,0,0,20.75412040916368,4208.951103925653,2,0.580265958244556,0,A,False,False,True,False,False,False
70.80644095380113,14,0,18.817973340856316,1646.3902492974,3,1.5649289680358964,0,A,True,False,False,False,False,False
15.944226354129135,16,0,4.942077966229941,694.8496435333459,2,0.9165983238461931,0,A,True,False,False,False,False,False
204.58543802926548,1,0,5.8563213461119155,671.189630943412,3,1.6261928322072536,0,A,False,False,False,False,False,True
195.12593250697668,16,0,5.085055742978143,480.53221357977964,1,0.611288049293779,0,A,False,False,False,True,False,False
103.3795780883111,19,0,2.0691366024240465,1243.4938181648095,2,0.7264092616909452,0,A,True,False,False,False,False,False
84.26724809955725,8,0,20.962249444329547,834.0384435277966,0,0.6460897206083027,0,A,False,False,False,True,False,False
451.88410850355774,11,0,0.7107223928089373,526.4160435315176,1,0.9873940151144996,0,A,True,False,False,False,False,False
54.57760276727281,3,1,2.448031455643668,591.4692249226335,4,0.712999628294871,1,A,False,False,False,True,False,False
13.2202672459464,12,0,1.6690779284527237,1959.753745048403,5,1.7143414659981213,0,A,False,False,True,False,False,False
93.63167135236064,3,0,26.173622797067704,808.234516152575,2,0.32400492591630636,0,A,False,False,False,True,False,False
667.3111703851822,6,0,0.6750940991808452,410.57408601121386,6,2.326789880248307,1,A,False,False,True,False,False,False
16.15595331691465,13,0,16.387691972824094,1154.870464536467,3,0.859970591334535,0,A,False,False,True,False,False,False
35.383467099784674,8,0,0.6824089657664348,633.3393227647541,1,0.678937685608938,0,A,False,False,False,False,False,True
89.99330203448281,22,1,23.157800916382197,1838.7807359450126,4,2.5121014983096117,1,A,True,False,False,False,False,False
51.1782266673408,0,0,36.578492779906796,3661.22659687168,2,0.9509981691235556,0,A,False,False,False,False,True,False
16.797594700121515,0,0,10.007606413700255,232.76785387774328,3,0.8618619309781831,1,A,False,False,True,False,False,False
209.81567925757457,19,0,24.486131075074052,622.9382327636561,6,0.7344403684608974,1,A,True,False,False,False,False,False
883.6392281820872,3,0,18.383592865736578,1225.1433775009757,1,0.8762109570685147,0,A,False,True,False,False,False,False
69.0863900262949,0,0,23.817736467858662,1031.5706343481243,5,1.2754250030827088,1,A,False,False,False,True,False,False
18.450990456352873,21,0,21.836287224660868,2985.375774532864,2,1.2957607907642872,0,A,False,True,False,False,False,False
8.510046186878492,9,0,3.4481402740400764,1079.8299130062285,4,0.5514225179781321,0,A,False,False,False,True,False,False
74.40857402460902,1,0,10.383983843776033,1291.3965956633567,3,0.5571674269426241,0,A,False,False,False,False,False,True
205.3370575212012,20,1,48.439267285196124,1547.9144943431738,5,1.671985660898112,1,A,False,False,True,False,False,False
96.5635456522364,23,0,6.313241529727166,636.0806533733283,3,0.7680423697563173,0,A,False,False,False,False,True,False
54.44088264908738,14,0,52.84391258751742,1655.9954661895472,3,0.971401548529676,0,A,False,False,True,False,False,False
26.920121492288292,2,0,13.1258539439898,1516.9548641940828,4,1.0626638126813754,1,A,False,False,False,True,False,False
14.72289316816507,22,1,9.287620613048182,1191.008312629919,1,2.0829967613796843,0,A,False,False,False,False,True,False
148.66591266661382,8,0,16.083534400039273,236.46237873921956,1,1.937819580610416,0,A,False,False,True,False,False,False
163.4530749308198,16,0,25.379187501947435,596.5707654101612,3,1.1863234772452653,0,A,False,False,False,False,True,False
8.543102702868735,20,0,7.51828262657544,1272.2974043244035,1,0.7135834447569204,0,A,False,False,False,True,False,False
367.89838555021345,12,1,0.5026409390814744,1016.2784547748629,4,3.1812750088539543,1,A,False,False,False,False,False,True
108.73192671953633,2,0,18.50649885808696,1996.572022497561,3,1.4196234626573712,0,A,False,False,False,False,False,True
292.8069664061789,3,0,46.910451062839705,2009.3765871979997,3,1.9808444613524123,1,A,False,False,True,False,False,False
10.907457196896855,3,0,14.711904815733996,1444.7229074735346,1,0.887636959410668,0,A,False,True,False,False,False,False
10.601664461931737,10,0,3.1314826604784756,2009.6231813774464,3,0.5609500481411515,0,A,False,False,False,True,False,False
45.660647791124106,6,1,4.280122848751747,1636.1075432879547,4,1.2897732450955683,0,A,False,False,True,False,False,False
99.81727976566081,10,0,36.07769466713034,719.7905024211801,3,1.0084094228054887,0,A,False,False,True,False,False,False
471.365116281433,23,0,0.20482351301300808,1091.5337699648571,2,2.284035814319006,0,A,False,False,False,False,False,True
127.39528035569188,10,0,11.935895697113931,455.2808085557325,5,0.9505851562245874,0,A,False,False,False,False,True,False
40.80409597133661,9,1,2.591705895554796,3621.759644130564,3,0.8001149941235006,1,A,False,False,False,True,False,False
15.932434718222481,4,0,4.98526425157658,401.9895169232152,1,1.899717904668307,0,A,False,False,False,False,True,False
238.8894009423938,12,0,5.500482005026684,206.99822799833763,5,0.8112269088798574,1,A,True,False,False,False,False,False
17.15609474331958,11,0,3.7131334147171184,5982.128651920469,3,0.8712918105865153,0,A,True,False,False,False,False,False
385.35395120755476,9,0,23.578668637895632,1018.1235792235857,4,0.46198278953234023,0,A,False,False,False,True,False,False
38.81234710926632,6,0,6.0567043377170835,2243.5252076674574,0,1.7573320542412538,1,A,False,True,False,False,False,False
368.22659175388225,18,0,6.357911434374773,1971.1085706967726,6,0.9150133939128884,0,A,True,False,False,False,False,False
123.31197768490719,18,0,9.049783996735886,2530.870435485975,2,0.5549743333543066,0,A,False,False,False,False,False,True
46.321462781104415,18,1,34.887082491019115,1759.7141799292403,5,1.7848273292273666,1,A,False,True,False,False,False,False
29.27472025894704,11,0,17.479602522653824,1768.5348927398416,3,0.8753548581465244,0,A,False,False,True,False,False,False
36.26708378762865,19,0,0.956077884973917,168.67856115222997,4,2.4819485121220777,0,A,True,False,False,False,False,False
91.2844112396477,21,0,0.6008018650020674,507.3008773774468,1,1.8933851762279477,0,A,False,False,False,False,False,True
59.89468652703909,14,0,12.534119844432245,133.9842699443422,5,0.5468747051291075,1,A,False,False,True,False,False,False
26.77386728037527,4,0,32.71355322641916,569.1040942631489,3,1.4352011373554308,0,A,False,True,False,False,False,False
44.75675162395644,23,0,5.856832972547535,715.9145953458467,1,1.691333049228836,1,A,False,False,False,True,False,False
59.99687248796667,13,0,4.270733730621944,998.9821631417674,0,0.43248356206046484,0,A,False,False,True,False,False,False
4.244054603445137,11,1,20.686268929619363,513.7895450036799,4,0.8786754818291582,0,A,False,False,False,False,True,False
94.61364814017033,20,0,13.822992960691316,827.209422394729,4,0.7644934891212853,0,A,False,False,False,True,False,False
16.849728271364636,10,0,12.487081587924434,724.6483900845197,7,1.7221033659176574,1,A,False,False,False,True,False,False
13.680905700135174,4,1,2.4254572289633267,1445.6747287166825,3,0.6370094973953402,1,A,False,True,False,False,False,False
7.207965856946153,15,0,2.903067102028211,2012.8369683859144,2,1.141599660243771,0,A,False,True,False,False,False,False
6.342855126943117,17,0,4.964852653509224,1301.6215139564256,1,2.631108677394788,0,A,False,False,False,False,False,True
10.734501531145256,11,0,3.4759345368162378,1815.7405390232268,1,0.36258444769172954,0,A,False,False,False,False,False,True
23.316816789177334,4,0,53.3387144759481,1277.5147985701783,2,1.0489163792950085,1,A,False,False,False,False,True,False
569.017372350454,15,0,0.2817957079975362,2834.4469979973023,5,1.0667409914368544,0,A,False,False,False,True,False,False
29.047847638228546,11,0,14.754751956392044,4872.281170071865,4,0.28997232910008214,0,A,False,False,False,False,True,False
67.57919216942301,22,0,10.934687963639087,154.93310700656636,2,0.43280250404881715,1,A,False,False,False,False,True,False
88.28565737722175,1,0,5.856827650730707,2715.0449114703374,3,1.5426864045008242,0,A,False,True,False,False,False,False
63.89737134069547,5,1,32.78386380665545,390.84825120334597,1,0.972168304055598,1,A,False,False,False,False,True,False
49.75285491224092,22,0,16.637331076919683,1272.3729500436716,3,1.1027596861710944,1,A,False,False,False,False,True,False
13.00907880956057,20,1,96.14430960162393,1351.6538379451463,3,0.9296531152537714,0,A,False,False,True,False,False,False
311.41083645239297,3,0,2.770673426604951,1784.2419040259413,1,1.8634337237011238,0,A,False,False,False,False,False,True
477.53429167360304,12,0,1.3795557389346176,1052.8453673676936,2,3.325505256277028,0,A,False,False,False,False,False,True
7.248608845336726,9,0,2.2518342514977423,1092.3595983311939,5,1.7458667300516635,0,A,False,False,False,True,False,False
15.977247691608031,16,0,4.706099084143478,1443.3428743628688,1,0.30921815544161557,0,A,False,False,False,False,False,True
39.025980427481905,13,0,8.088041899033236,831.3796395156692,1,0.982070208036182,0,A,True,False,False,False,False,False
17.159546159144497,23,1,29.773242116861706,239.95125503614994,5,2.0270576771126803,1,A,False,False,False,True,False,False
100.19904564927147,14,0,5.002576736125529,1095.0957442447684,3,0.8069376697058174,0,A,False,False,True,False,False,False
22.784337704273558,7,0,37.019558971657986,602.4092908588976,5,2.0345152165499525,0,A,False,False,False,False,False,True
733.6758291270679,22,0,9.323779452520885,562.6023401963403,4,0.8449329595296591,0,A,False,False,True,False,False,False
227.8433458523932,23,0,15.62228391787514,520.4771027325678,2,0.5346622868823185,0,A,False,False,False,False,False,True
70.46307662172667,17,1,4.606189095908414,226.5571050822707,3,1.433995628678601,0,A,False,False,False,False,False,True
187.23855817363201,2,0,2.544287313244498,796.5284381409012,2,1.2571864876122656,0,A,False,False,True,False,False,False
205.8361593198185,16,0,30.54078224999715,1097.3337083943616,3,0.7403648054114128,0,A,False,False,False,False,True,False
27.75075409256605,23,0,1.7396867517303642,2027.194968369647,2,1.9162907470784345,0,A,False,False,False,False,True,False
20.502345752506656,23,0,22.30971836188903,683.6300714619391,1,0.3955818656785938,0,A,False,False,False,False,True,False
59.96563664458234,6,0,13.047703561464308,3873.8840814233417,2,1.6921567155921031,0,A,True,False,False,False,False,False
153.540342394241,12,0,29.614096088242135,1749.3613729661026,1,0.7608911836257992,0,A,False,False,False,False,True,False
64.51336930594023,15,0,18.97806729820953,447.2560426577293,5,2.409376682745843,0,A,False,False,False,False,False,True
8.228503976979033,4,0,4.962269924586391,742.0172757599587,5,1.5049951429470962,1,A,False,True,False,False,False,False
20.834508349483485,3,0,12.814802793552039,5526.085157823312,1,0.841335354803769,1,A,False,False,True,False,False,False
49.96049352876893,9,0,0.197397473947157,2014.168903992102,6,0.6168959140986399,0,A,False,True,False,False,False,False
49.85911233604137,12,0,9.6715948969506,719.4539574508174,1,0.4448721820620362,0,A,True,False,False,False,False,False
582.3377536571581,9,0,1.3490943931235524,2239.7620824611054,5,0.9619180274361381,0,A,False,True,False,False,False,False
10.34821942957017,13,0,8.404046218330574,399.82497090109234,3,1.0282363785842699,0,A,False,False,False,True,False,False
100.15380858575207,21,0,1.7414661084416372,704.7606572958865,3,1.6928166592508977,0,A,False,False,False,False,True,False
326.01250189219394,11,0,46.67718624341758,170.04179053173706,2,0.6971418278172272,0,A,True,False,False,False,False,False
833.5883492778974,0,0,11.105718999050897,1777.5013397785647,2,1.1998539189505493,0,A,False,False,False,False,False,True
33.60662069925987,20,0,36.66533823650158,431.6232817768169,1,0.8368100946689699,0,A,False,False,False,False,True,False
98.46639704906231,19,1,0.33930210278367956,1028.1721487367504,1,2.1154167439986917,1,A,False,False,False,False,True,False
108.17090484542109,19,0,15.227306193038345,318.25456241533806,1,0.9378781643384707,0,A,False,True,False,False,False,False
69.03254622876415,6,1,5.499894422427127,1287.3391977209606,9,0.6937691943295717,1,A,False,False,False,True,False,False
48.4913658562475,8,0,8.479992631950061,1033.4672053458632,5,0.5488956832818702,0,A,False,False,False,False,True,False
92.12722179533361,7,0,30.9638487105765,337.285720521806,6,0.797427817532005,1,A,False,False,True,False,False,False
2.6151061717292534,12,0,58.69617449989312,748.5435759284571,3,0.889790066868332,0,A,False,False,True,False,False,False
123.77722633961727,13,0,4.2452337506874676,1219.9410350853752,3,0.9056888441931782,0,A,False,False,False,False,True,False
63.523726666088066,11,0,44.42091500909815,1565.7879118274916,4,1.2372858135549674,0,A,False,True,False,False,False,False
41.805592559308586,7,0,17.50627161191614,3891.8555323557102,5,0.8468109061406727,0,A,False,True,False,False,False,False
636.659282962025,20,1,45.366271390739236,2905.322977156203,2,0.6597620473226719,0,A,False,False,False,False,False,True
24.290350615011416,21,0,12.395619243488143,628.8918946107323,3,0.8104195551439712,0,A,True,False,False,False,False,False
33.659953695965996,17,0,48.56945962120003,622.7852621290127,6,0.8965055254385176,0,A,True,False,False,False,False,False
595.7755264486211,15,0,33.447752616241935,349.14533534788933,4,0.753333257065854,0,A,True,False,False,False,False,False
20.116219584848523,10,0,2.064670316260374,488.9248464456556,4,0.44699279648901646,0,A,False,False,False,True,False,False
28.215223154870703,15,0,5.583137386298172,2182.2774843718116,4,0.4677685273316269,0,A,False,True,False,False,False,False
45.76728304608552,13,0,4.177132579012204,307.5712800341626,4,0.37606116868034134,0,A,False,False,False,False,False,True
149.73714325053314,2,0,12.732962708155192,968.7992684044006,0,1.088457190656692,0,A,False,False,True,False,False,False
70.0607700375195,20,0,24.353009309816457,861.5731534187685,2,1.2530949951333077,0,A,True,False,False,False,False,False
11.575022958398494,1,0,21.370005794914576,598.0849736028249,6,0.6568259197078636,0,A,False,False,True,False,False,False
28.829458364261267,2,0,19.460474645845984,386.8920332118886,0,1.2746177065665225,1,A,False,False,True,False,False,False
26.342264911459257,3,0,7.0564128037765865,240.9330378559897,6,0.8251209288006389,1,A,False,False,False,False,True,False
49.76613565196561,21,1,2.256011222753265,389.68501265994445,2,0.9292720420364105,0,A,False,False,False,True,False,False
91.01391349289098,4,0,3.546919229331996,1026.0961455178742,3,0.5208993156007008,0,A,False,False,False,False,False,True
90.18353819807811,9,0,20.3031947768032,1768.922478246674,2,1.865257659252938,0,A,False,False,False,True,False,False
6.480423707211567,19,0,2.394335265862774,3982.0227770175247,5,2.2199527709275766,1,A,False,False,False,False,True,False
195.72863509307288,1,1,3.783695102213747,1433.0877688245223,2,1.1755436676346886,1,A,False,False,False,False,False,True
73.92733233043053,11,0,8.289113184950983,1762.0286932068952,2,0.6839429126530019,0,A,False,False,False,False,False,True
287.56199078391325,4,0,1.1226706094053178,3970.204315137668,4,1.0486035957332558,0,A,False,True,False,False,False,False
93.04078940480133,4,0,3.587037370796595,1437.503730998604,5,0.6785991390937763,1,A,False,False,False,True,False,False
204.70860917026278,22,1,2.4336926300298383,2407.7862807549745,3,0.5120737004772707,1,A,False,False,False,True,False,False
95.56956137886598,0,0,45.33785455011069,809.4269210195251,4,1.4215481555240423,0,A,False,True,False,False,False,False
274.6426800309022,3,0,3.189099258459485,1952.763584405665,5,0.6077132325957556,0,A,False,False,True,False,False,False
102.17640325768726,20,0,29.682513266820965,1297.2449021989482,3,0.6536166819807386,0,A,False,False,False,False,True,False
48.54550979539261,23,0,1.829094412538244,903.7247253387302,2,0.3298912120506741,0,A,False,False,False,True,False,False
834.5742082362827,11,0,30.56564426031835,3781.067942057992,3,1.70187257136944,0,A,False,True,False,False,False,False
158.67285179993064,11,0,13.723142977231188,418.8558624276385,3,2.1250858182206955,0,A,False,False,False,False,False,True
108.68929478137434,15,0,28.427420885178083,551.1852962237424,5,1.4448782486670453,0,A,True,False,False,False,False,False
11.803955653320582,23,0,30.300469677126266,2813.2164225529214,2,1.5004673387085594,0,A,False,True,False,False,False,False
11.635151980730935,16,0,13.608981143541536,2384.916151387143,5,0.5119341232412264,1,A,True,False,False,False,False,False
77.5760370478224,20,0,37.45969700497018,1107.8291702410422,3,0.8775675231356416,0,A,False,False,True,False,False,False
65.01548272637372,9,1,13.2083634458238,1439.0737432914225,4,1.438883078430696,1,A,False,False,False,False,True,False
26.12918586609773,16,0,18.701382033080417,1658.895353809668,3,0.6143785372088879,0,A,True,False,False,False,False,False
64.66235801455126,16,1,8.069881635314337,1468.5231118923402,7,0.8156094890992858,1,A,False,False,True,False,False,False
367.3636809513761,17,0,36.81293156552117,1329.9875764134129,2,0.44171624796339487,0,A,True,False,False,False,False,False
125.77353763301278,1,0,26.072928407905927,559.8243847609294,5,0.8596384850030776,0,A,False,False,False,False,False,True
13.884731571359156,3,0,2.73565938431192,2953.0256778715807,5,0.9129328660517055,1,A,False,False,False,False,False,True
47.76004481533625,18,0,12.884054751448534,931.4652482137267,3,1.2855746493423892,0,A,False,False,False,False,False,True
20.781023176404496,10,1,34.070269166081914,496.47756432007066,4,0.4358456304835357,0,A,False,False,False,False,False,True
34.28678833761304,16,0,23.63022146748888,1220.8194189319722,3,0.43295006156941995,0,A,False,True,False,False,False,False
33.23691651001666,11,0,49.27234232616298,1443.1312029238184,2,1.8508640886249987,0,A,False,False,False,False,False,True
30.778774132867888,1,0,3.945850457633532,1504.6023884340182,5,1.709950577708381,0,A,False,False,False,False,False,True
12.10765084025095,5,0,6.8701685891903965,2388.040043827627,1,0.7244427573171321,1,A,False,True,False,False,False,False
46.84359948543168,8,0,10.614531088442089,809.286743302568,5,2.145428480715668,1,A,False,False,False,False,False,True
27.86219733329138,4,0,3.9725586118471687,1040.9348505711305,3,1.0866962173573826,0,A,False,False,True,False,False,False
1.6236254355406592,19,0,7.514249613462108,558.2672233185403,2,1.7660464980865729,0,A,False,False,True,False,False,False
641.3442917898649,20,0,11.567902379181088,1322.0974385482966,1,0.8648328143206043,0,A,False,False,False,True,False,False
201.64799636325216,8,0,3.185636049365633,551.7418626621809,1,1.1688642397821563,0,A,False,False,True,False,False,False
34.75902081391425,22,0,4.449587388819721,684.0743929473488,3,0.8432685149732617,1,A,False,False,False,False,True,False
55.845159923328104,7,0,2.0002711290614643,2408.504061120752,6,2.3057223096814847,0,A,False,False,False,False,True,False
13.383395318308452,19,0,18.74404352056767,1223.1488767096084,4,0.9217330197136545,0,A,False,False,False,False,True,False
417.74343548527304,7,1,6.730723989551483,3427.7273916621334,4,0.9578440258584169,1,A,False,True,False,False,False,False
532.0547692324437,21,0,3.7320395933772166,2811.2205363892076,3,0.44591082639280183,0,A,False,False,True,False,False,False
65.8930171043145,20,0,10.618557368988736,1303.2221900575569,3,0.9410412020977829,0,A,False,False,False,False,True,False
186.46373560574966,22,0,1.060349931753769,1455.3021697780105,6,2.3888859417843795,0,A,False,False,False,True,False,False
67.37972352306352,5,0,38.538666754804765,906.1486753843982,3,1.9682890795921908,0,A,False,True,False,False,False,False
10.978397446156551,2,0,5.232037081778066,2527.85381257738,3,0.9127191787059787,0,A,False,False,False,True,False,False
33.308477935592144,4,0,32.63457567699449,1466.3030254213445,3,0.9551193619080482,1,A,False,False,True,False,False,False
63.96356089051198,8,0,10.325979053521491,2270.2579686375434,6,0.5364852935136533,0,A,False,False,False,False,False,True
31.64381584349066,6,0,28.47185709925965,653.608390629835,3,1.1904047401982325,0,A,False,False,False,True,False,False
41.99775090959402,3,1,4.256634503733305,369.1271925924017,9,1.1767347864780928,1,A,False,False,False,False,False,True
48.92656649138874,6,1,2.8904992375590295,1638.9378797322638,4,1.302328256224104,0,A,False,True,False,False,False,False
49.548193528399544,4,0,28.398095121315894,1924.1401793562227,4,0.4516201405767149,1,A,False,False,False,True,False,False
58.131645502440094,10,0,3.5914547479082337,1164.6217818824127,3,1.7859784680779578,0,A,False,False,False,True,False,False
15.291145269747759,14,0,20.567855993955046,1742.1811090890678,2,0.8915594984032238,0,A,True,False,False,False,False,False
23.094179614671745,1,0,6.33727225717822,554.6848215379731,2,1.8486201214949112,1,A,False,True,False,False,False,False
11.687254407827774,12,0,20.686428642149796,2324.914173427361,3,1.1073129471603957,0,A,False,True,False,False,False,False
176.51019903830473,21,0,35.731937098396685,2800.000764547163,4,2.043441303597193,0,A,False,False,False,False,True,False
4.363278262034629,15,0,59.962431833567614,2481.3186897946666,5,1.383421848339507,0,A,False,False,True,False,False,False
217.95931392084933,6,0,6.689841827430925,1210.9674358864754,6,0.657656502375567,1,A,False,False,False,True,False,False
288.18979592647537,7,0,6.871738567442234,2833.29388862837,0,1.507117278841307,0,A,False,False,False,True,False,False
37.99229194585999,5,0,59.759019043077735,439.5297920994784,0,1.6631108485624402,0,A,False,True,False,False,False,False
2.4018409230883937,23,0,29.656321212431617,1735.0260549528903,5,1.1108323556409618,1,A,False,True,False,False,False,False
35.3899303271343,6,1,0.6921037320818954,1945.2778000205326,3,0.8688718411667399,0,A,False,False,True,False,False,False
50.55081188940948,17,0,12.780384800055174,1637.610377330162,1,1.5871031739909776,0,A,False,True,False,False,False,False
16.236830283325045,21,1,2.9995515923704192,516.8248531711072,2,1.7802120364704717,1,A,False,False,False,False,False,True
29.421859763374858,21,0,76.77131016537328,1317.4936326597226,6,0.5189681311050037,0,A,False,False,False,False,False,True
342.48718420958534,19,0,2.243570430384939,893.4750358418243,2,1.0697596487374161,0,A,True,False,False,False,False,False
121.2570405789237,6,0,12.292484271241813,229.082111746191,4,0.9063211968832882,1,A,False,False,False,False,False,True
18.002723693350898,2,0,16.413256078313673,427.44638432912814,0,2.580392474420777,0,A,False,False,False,False,False,True
8.027563012140266,4,0,41.484710158658004,2776.666922550808,0,0.6995211891211744,0,A,False,False,True,False,False,False
36.87667431819099,0,0,28.1851064369019,797.648851673741,3,1.319988727278136,0,A,False,False,False,True,False,False
42.26045863300816,14,0,4.230565903296794,2552.6936797157987,5,1.4138795774465693,0,A,False,False,False,False,False,True
99.03160333866235,2,0,12.751364657868578,2737.829271323966,5,1.0314351181244783,1,A,True,False,False,False,False,False
28.720752495075846,7,0,46.04842087746844,1697.637074343735,3,1.994994327943984,0,A,False,True,False,False,False,False
100.86666442219051,8,0,19.96101302640687,670.7893113234355,2,0.9537684701198235,0,A,False,False,False,False,False,True
556.7881620300334,14,0,17.48746068531804,2334.1140222840627,4,0.5425488046666959,0,A,True,False,False,False,False,False
145.2710382554201,9,1,21.091400878344853,1300.9435112450699,5,2.083934154460169,1,A,False,False,True,False,False,False
51.536680208271854,1,0,5.8403229196106725,1136.5292125253202,3,0.7998617590810553,1,A,False,True,False,False,False,False
43.825657552110314,19,0,19.59851662575363,528.8550779816973,2,1.0484361949583338,0,A,True,False,False,False,False,False
35.58742122288539,4,1,3.9761868486731355,734.6352525843674,4,0.9249404677981762,1,A,False,False,False,False,False,True
225.1505061816716,18,0,8.381939597459581,535.0477117606191,3,0.6235432437396533,0,A,False,False,False,True,False,False
25.718841738458615,12,0,33.09942009016762,2362.094808829132,4,0.6323200135776643,0,A,False,True,False,False,False,False
57.64290972154171,10,0,0.2873011125829254,3742.448730744758,1,0.4628426536052655,0,A,False,True,False,False,False,False
58.057708048986335,0,0,8.024691135964352,2296.0564560061252,3,1.2962462219186661,0,A,False,False,False,True,False,False
29.900014598066228,21,0,4.655496761577856,1285.8024813601871,1,1.433156586972437,0,A,False,True,False,False,False,False
10.517508477703078,14,0,3.3207318623292355,857.9362469817025,4,1.1322960046836674,0,A,False,False,False,False,False,True
80.44465273884686,17,0,27.355758771336728,1605.4075828908335,6,1.3563477154112085,0,A,False,True,False,False,False,False
50.74409384816876,15,0,17.885534492560023,785.5147136335278,1,0.9365688224314732,0,A,False,False,False,False,False,True
99.51302730909754,8,0,1.7924446941152563,1069.4614709714738,1,1.1061628941310448,0,A,False,False,False,True,False,False
28.779969228836976,0,1,10.23202041291132,568.4001470024663,5,0.986055406580219,1,A,False,False,False,False,True,False
236.27244297361332,10,0,9.43585623186961,1845.5131980439385,3,0.9646940734593171,0,A,False,False,False,True,False,False
19.065329240832142,8,1,2.3064976999445133,1921.2409861118917,3,0.5817004277752976,0,A,False,False,False,False,False,True
426.00383169642714,22,0,24.123781810786657,2268.977364602285,4,1.931767960379904,1,A,False,False,True,False,False,False
6.704883813229415,10,0,6.851549046559243,1713.3888757223779,2,0.8652887754182806,0,A,False,False,False,True,False,False
91.99406622993394,12,0,21.528347858648488,1620.3154191800052,2,0.7932335806718646,0,A,False,False,True,False,False,False
96.59401850197743,1,0,3.1990607606621912,475.7737251399856,2,0.754979616295369,0,A,False,False,True,False,False,False
21.016997570974365,13,0,5.6766553455412545,460.106790370653,4,0.8248856504838943,0,A,False,False,False,False,False,True
90.85571742409407,5,0,1.5001386842066644,1429.1640250850232,2,0.8291472487241637,0,A,False,False,False,False,False,True
253.51485063759745,7,0,2.323151370922256,2645.772382642614,2,1.103036452817305,0,A,False,False,False,False,True,False
3.8183461841000232,17,0,32.207263032857824,885.5551815150451,1,0.43098421649823243,0,A,True,False,False,False,False,False
99.81253423706539,15,0,1.733059259314148,1101.5648367728272,2,0.6503765090509828,0,A,False,True,False,False,False,False
2.7403208596439597,20,0,1.509429385691938,1110.7567991501128,3,2.103560263598406,0,A,False,False,False,True,False,False
17.136355097015112,11,0,42.295786300426016,250.97901483029668,3,2.0322314033172937,0,A,False,False,False,False,False,True
385.67677101716043,10,0,15.572785353075819,1329.2093024060637,2,0.8777366949382903,0,A,False,False,False,True,False,False
27.163157730163263,5,0,1.595681901474304,706.3553062323548,2,3.4819473227951265,1,A,True,False,False,False,False,False
13.347699430718915,2,0,53.48227703644448,1788.0203636152503,1,1.4197021089304849,0,A,True,False,False,False,False,False
43.05484315394545,13,0,2.3866947595781745,1069.4825026267004,7,2.0875404629520165,1,A,False,False,True,False,False,False
652.9415437840909,1,0,21.808690719407856,950.1215953067165,0,1.0467167757790405,0,A,False,True,False,False,False,False
6.061645533199282,10,0,0.5320974017314488,966.8242863867757,4,0.8823174601778145,0,A,False,False,False,False,True,False
15.462660320889144,21,1,14.694121876971717,844.1956526894511,2,1.6100997818391571,0,A,False,False,False,True,False,False
329.2831502927634,2,0,11.868144946550311,368.98696809456715,6,1.7486616527047645,1,A,False,True,False,False,False,False
507.37116278112984,17,0,3.4979804748351264,2351.1946721000163,2,0.8728731853536468,0,A,False,False,False,False,True,False
48.22523977818316,0,1,15.456434165655953,660.4205589252717,4,1.2464449543366227,1,A,False,False,False,True,False,False
12.34358823456999,23,1,14.397879941430379,754.3060633386058,3,0.23015686088130183,1,A,False,True,False,False,False,False
675.2022004056025,0,1,24.018453972524362,1168.2385301318607,1,0.722497615953296,0,A,False,False,False,False,False,True
369.9363153318379,11,0,31.296878585386775,449.24015400308565,3,2.041725388270266,0,A,False,False,False,True,False,False
123.31430056454117,14,0,10.703461131196375,735.6365604529179,2,0.7653386778198612,0,A,False,True,False,False,False,False
20.59641808432573,4,0,10.108852973889498,5080.649642571295,2,0.973783483863524,1,A,True,False,False,False,False,False
51.47852811859776,5,0,14.57688398574736,1435.6708234528796,1,0.9401749485224058,0,A,False,False,False,False,True,False
45.04076203436757,15,0,19.596041453364098,552.1157625572172,4,0.5784655088702002,0,A,False,True,False,False,False,False
81.20863351067239,11,0,6.604835758873832,207.45785855312326,4,0.9566758705168441,0,A,False,False,False,False,False,True
311.4384497973686,11,1,10.537114650648219,2443.3257300177856,4,0.9009816508713827,0,A,False,False,False,True,False,False
156.8516492437883,2,0,13.195917606691962,488.00876982555604,2,0.6325676862923261,1,A,False,False,False,True,False,False
14.98648369108879,22,0,66.82293958362118,710.3119161450262,4,0.9303985511999427,1,A,False,False,False,True,False,False
284.8024380367412,1,0,13.290504318228484,786.0438458755177,3,0.5552160244802006,0,A,False,False,False,False,False,True
79.50012293535734,6,0,3.807647822111831,528.2113855319633,2,0.9758430170042344,0,A,False,False,False,False,True,False
124.52157013952134,1,0,13.300609710208203,1031.7492579085774,2,0.9637515891396736,0,A,False,False,False,True,False,False
317.3004228168653,20,0,25.680332860201727,705.4748021264805,3,2.6814950134416713,0,A,False,False,False,False,True,False
14.383816214712885,6,1,29.216063667975384,1788.0966599748365,2,0.6702713976440189,1,A,False,True,False,False,False,False
52.30067647775045,10,0,24.16036455222245,1227.1397797159548,5,1.500415063133772,1,A,True,False,False,False,False,False
28.854170436619427,10,0,32.86691905906743,3448.5282752455987,2,0.4854252882187869,0,A,True,False,False,False,False,False
8.319221573357172,13,0,6.114254016681313,3504.774543812305,2,3.4259036760834793,0,A,False,False,False,False,True,False
82.76886574661296,2,0,10.626063321735103,510.8860077242577,3,1.2191951307164688,1,A,False,False,False,False,True,False
1111.9470557053737,13,0,22.68406204919379,844.1986526927751,3,1.127121853679063,0,A,True,False,False,False,False,False
6.000883489229968,10,0,4.607050400123834,6145.310796770503,5,1.3582561423922195,0,A,False,False,False,True,False,False
52.52363541872872,3,0,6.968232514356506,434.08154388288415,2,1.0328279823530147,0,A,False,False,True,False,False,False
117.76033763125892,16,0,26.681670320194073,2075.796528459035,0,0.8131158110593717,0,A,False,False,True,False,False,False
63.287880023047265,15,0,22.050726436011935,1700.0251185436412,2,0.6259067102469609,0,A,False,False,False,False,False,True
47.66733378489224,2,1,53.21047333558803,556.0399937970535,1,1.106617736813785,0,A,True,False,False,False,False,False
11.483834650035915,9,0,82.72494729090691,577.9231785523434,7,1.8715491166472806,0,A,True,False,False,False,False,False
72.19307242681462,20,0,4.1312548943518115,4798.003101243556,2,0.39318757460943166,0,A,False,False,False,False,False,True
22.018504810990546,14,0,34.606426643755164,4721.879028518182,3,3.0247741460889817,0,A,False,False,True,False,False,False
3.9435997724818406,7,0,1.4892768136611823,1546.7829119843311,2,0.6499080790580314,0,A,False,True,False,False,False,False
228.95160849693679,17,0,18.55778487902127,361.7800893789183,2,1.1671480673161914,0,A,False,False,False,True,False,False
172.4423510511778,2,0,3.72883181270985,2997.357348961459,3,0.6963836166323982,0,A,False,False,False,True,False,False
58.089979100200864,6,1,5.356793289778726,360.5576151905818,1,0.9714525254780395,1,A,False,True,False,False,False,False
71.87220603797604,9,0,43.871050877528475,1943.3318361292538,2,1.177789030916785,0,A,False,True,False,False,False,False
198.18117057897848,19,0,4.580589205969389,300.2424096942228,2,0.9149169189518211,0,A,False,False,True,False,False,False
71.46498347533722,8,0,16.775087976936906,1103.3373307241484,5,1.0933067966825962,1,A,False,False,False,False,False,True
161.55102963300914,13,0,2.942568476215638,2226.051408920405,4,1.056562052485988,0,A,False,True,False,False,False,False
38.207099875255906,22,0,1.4706432836014711,114.40139479951816,3,1.3253102039321012,0,A,False,False,False,False,False,True
263.58620977360744,13,1,6.217217533852278,718.594134063032,2,1.2810827990906946,1,A,False,False,False,False,True,False
80.23363942394782,10,0,14.680317244452564,1239.730827629233,2,0.3382648490441102,0,A,False,False,False,True,False,False
68.9142054959941,0,0,4.274190158359196,832.6851860249194,4,0.8461263715605981,1,A,False,False,True,False,False,False
11.892722917740564,3,1,5.353741709661341,641.0710797758109,3,1.952902718506011,0,A,False,False,False,True,False,False
77.04171475014786,5,0,18.502559762467175,985.5694781621551,3,1.52556680374942,0,A,False,False,True,False,False,False
20.11878788246854,21,1,1.62708065468543,2514.977304681173,2,0.5725395329046923,1,A,False,False,False,False,True,False
25.382519493071154,21,0,8.88338501940649,3278.574245356502,5,0.830374014597296,0,A,False,False,False,True,False,False
20.523062340219393,4,0,42.64118460563678,1927.5729115750494,2,0.8921562005901954,1,A,False,False,False,False,True,False
15.188188930043747,2,0,7.586866335318234,3799.7441289915214,3,0.8849215062681163,0,A,False,False,True,False,False,False
699.0523859921087,1,0,8.54274655459315,714.9234994827763,3,0.9224891457883768,0,A,False,True,False,False,False,False
269.7800168193132,2,0,20.102862962579508,1767.6879447048625,4,0.774832640114084,0,A,False,False,False,True,False,False
546.9957334993081,8,0,22.64467072078113,485.3754753373207,5,0.6161697298722387,0,A,False,False,False,False,True,False
12.585256081506321,18,0,22.019491259510925,11440.323685839767,2,2.896364116141978,0,A,True,False,False,False,False,False
59.47193376834082,18,0,92.2535627943464,1188.1082914125523,3,1.0954226875369406,0,A,False,False,False,True,False,False
11.56277457698268,16,0,1.1119833076604355,2086.5881456358793,5,0.8976570747151746,1,A,False,False,False,True,False,False
23.692680182178687,17,0,60.47332244896455,267.7431361786865,3,1.456313399372092,0,A,False,False,False,True,False,False
18.14232524738235,10,0,44.99297733982879,2048.919042517014,4,0.4585980613051881,0,A,False,False,False,False,False,True
241.6525154539736,11,0,28.67222941749758,1201.0595340172533,4,1.3144858474970074,0,A,False,False,False,False,True,False
33.93762857530404,2,0,9.080494831388211,1589.6734871860813,2,0.480902347990234,1,A,False,False,False,False,True,False
196.7738698072029,17,0,30.707795277250078,1108.604998282938,4,1.1986162439358663,0,A,False,False,False,True,False,False
112.7243059767521,23,0,3.7429368663158957,996.4134342044255,8,0.6495507552558556,1,A,False,True,False,False,False,False
866.4171608152297,5,1,23.52845893690306,857.037042072924,4,1.4196050890035485,0,A,False,False,False,True,False,False
9.250401280252825,6,0,3.0728940744751094,1020.7306135608785,5,3.7762485062973563,1,A,False,False,False,False,False,True
247.41816670116194,0,0,25.340372196151048,3549.7065133843826,2,1.0800506272884858,0,A,False,False,True,False,False,False
216.09735948332417,5,1,14.299344922558788,817.371225846122,3,0.47370613837320386,1,A,False,False,False,False,False,True
16.97845851493847,17,1,1.5476315621057741,6681.027037327713,2,0.7222519455362301,0,A,False,True,False,False,False,False
182.83059317961983,12,0,33.852644305364066,1151.8233853541556,1,1.187208323955176,0,A,False,False,False,True,False,False
81.72614440492013,21,0,12.939728062793245,3360.9320953218544,3,1.8852543815447016,0,A,False,False,False,False,True,False
41.55544202500194,18,0,16.01753431437352,2738.4323061584987,3,0.5722193541557059,0,A,True,False,False,False,False,False
20.313331926516152,6,0,5.000865574561962,313.9552610482325,4,2.5512074691857594,0,A,False,False,False,True,False,False
23.036240695588326,18,1,30.79322154396795,371.8556963784274,1,1.3722390671956182,1,A,False,True,False,False,False,False
638.9169740956894,8,0,11.818487003095498,637.4114602050795,4,0.9946323228991034,0,A,False,False,False,False,True,False
54.64290514868837,2,0,8.199908518221521,318.9559596565397,2,1.540183408234993,0,A,False,False,False,False,False,True
139.56856722600548,22,0,11.462616467956963,788.0411042097322,6,0.5308224447297535,1,A,False,False,True,False,False,False
21.134795160153825,11,0,18.226167638079467,1121.5807627043755,5,0.633334352036061,0,A,False,False,True,False,False,False
21.416817214086723,19,0,17.814007263022965,1842.5164892836833,2,0.5029212517899239,0,A,False,False,False,True,False,False
200.01288132518232,23,0,6.637627063564143,1267.0683581930437,4,3.066929163780278,1,A,False,False,False,False,False,True
10.810399052970325,17,0,7.298296005587819,1101.2397038401377,2,1.0066097860246586,0,A,True,False,False,False,False,False
33.17323839772245,7,0,12.39120503692252,2487.399415020319,7,1.0959034554369962,1,A,True,False,False,False,False,False
56.87369280090758,8,0,38.735897844163425,2234.7989334413132,4,1.761639392209664,0,A,False,True,False,False,False,False
62.40510745137081,12,0,20.522707205835736,5045.60576110001,0,0.49053685652133,0,A,False,False,True,False,False,False
44.03954842171012,7,0,7.424652858066447,1273.2132157089618,6,0.6657330341701676,0,A,False,False,False,False,False,True
87.79317264544284,21,0,6.165442507386917,159.3682307303479,1,1.1933785119957145,0,A,False,False,False,True,False,False
125.38975257805383,9,1,11.123616394209082,1543.4244478080457,3,2.3240490236168343,0,A,False,False,False,False,True,False
131.83683434734846,16,0,30.60231656648721,6736.023003556266,3,1.5583373778384433,0,A,False,False,False,True,False,False
16.727188167576525,6,0,0.1307568836295382,2491.870407402193,6,1.1949600259067845,0,A,False,False,False,True,False,False
38.82303990920266,16,0,18.593277896623025,2993.624248387637,6,1.1378204415005548,0,A,False,False,False,False,False,True
228.99849563480288,22,0,5.232988186796456,1183.065107265995,2,1.7558955434766157,0,A,False,False,True,False,False,False
159.7446535494711,17,0,3.505438231588494,2276.761503748454,5,0.6173504292201072,0,A,False,False,False,False,False,True
10.512538191179315,23,0,0.18318395821338374,3122.355069050049,6,1.161356387386291,1,A,False,False,False,False,True,False
83.24398553481434,1,0,34.03589417105199,839.3264693785802,4,1.2645997897048575,1,A,False,False,False,False,False,True
5.084159372796584,2,0,36.49868971446188,734.6348993839417,2,0.87641430693676,0,A,False,True,False,False,False,False
57.76146642301812,18,0,0.9507668761642529,1577.7616582846724,7,0.9362145135121045,0,A,False,False,False,True,False,False
532.3602490789606,0,0,11.066374014853807,2381.3175935553613,2,0.4470068585471374,1,A,False,False,True,False,False,False
17.505738461735483,20,0,2.483284506437815,120.98962220175048,0,0.7594182770133158,0,A,True,False,False,False,False,False
20.06169640302417,20,0,21.324940971305725,938.4001962008333,3,0.3065700869184206,0,A,False,False,False,False,True,False
136.56978615846506,9,0,16.421910043597276,229.80625867278502,7,1.3997726585261376,0,A,True,False,False,False,False,False
8.57317533723313,20,0,5.28876723987732,994.1998243064135,8,1.064012332062865,0,A,False,False,False,True,False,False
25.551447384319484,13,0,1.8657764633338292,4237.342419849131,3,0.9351176279801796,0,A,False,False,False,False,False,True
111.69024443889965,12,0,26.6874467146406,665.6641823324412,6,1.1381064095358107,0,A,True,False,False,False,False,False
25.50455293691977,8,0,16.824490110165918,872.2992828508089,3,1.1625900555491757,0,A,False,True,False,False,False,False
41.13404052604161,5,1,0.10264960660356034,1862.264714376516,5,0.8417803657761268,1,A,False,False,False,False,False,True
133.35608113201897,5,0,14.827752137891945,2428.498069653952,3,0.49775521174260223,1,A,False,False,False,True,False,False
90.54575474557178,18,0,24.934356935040444,2356.5013198404295,3,1.2827702642580112,0,A,True,False,False,False,False,False
75.20231954959398,20,0,13.402097882623696,1129.8660458760755,3,0.6094381610889876,0,A,False,False,False,False,True,False
36.34487722459322,9,0,8.293311127752549,1730.8596515669904,4,1.1914162796665375,0,A,True,False,False,False,False,False
85.12096294497438,22,0,13.153107488092706,1671.1489476884153,2,1.9253544315381481,0,A,True,False,False,False,False,False
47.064583894578796,2,1,14.502398517061355,624.5325427169354,4,2.42602480647799,1,A,False,False,True,False,False,False
94.57249960168777,17,0,15.326211446615627,270.2003450446011,0,1.2093565342193604,0,A,True,False,False,False,False,False
30.074618290452662,20,0,51.18920880262274,535.0609054924946,5,0.8566793615072952,0,A,False,False,False,True,False,False
43.856249593281035,18,0,2.9520488600052786,3466.79124380609,4,0.7890722960947546,0,A,False,False,False,False,True,False
16.644014277510415,4,0,14.63635716152849,6441.8467998447095,5,1.1846581245513481,1,A,False,False,False,True,False,False
52.35203806055837,10,1,3.1237006769589346,1019.6199868998175,4,0.3785893557794968,0,A,False,True,False,False,False,False
20.63108592085804,9,0,3.535013257901456,3361.5048948365334,4,0.6688019330990518,0,A,False,False,False,False,False,True
14.341311089185496,16,1,16.59624468181632,864.4396213358158,4,0.6831199557668939,1,A,True,False,False,False,False,False
74.46977790874145,3,0,37.145880329968186,1449.8661090605344,3,1.2279091314225246,1,A,False,False,True,False,False,False
70.4770927177654,20,0,2.5982434931626384,670.9106862025667,7,0.9725478984034018,0,A,False,False,False,False,True,False
139.69318499608335,17,0,49.237435024361375,2469.1736781679524,3,1.0801046918343946,0,A,False,False,True,False,False,False
32.545832169545626,17,0,5.7710978487676305,657.9357556217014,3,0.9401342358685741,0,A,False,False,True,False,False,False
89.09145409176722,0,1,7.446792224653847,536.952266182438,2,0.895980406683612,0,A,False,False,True,False,False,False
105.73723344648855,13,0,2.5028807078822997,1138.4247534905328,5,1.1649318047870452,0,A,True,False,False,False,False,False
93.1050633918818,7,0,14.35029014659358,2107.8276261300734,6,1.417381842208972,0,A,False,False,False,False,True,False
20.271492335849604,1,0,13.610726570040448,1250.029574387774,2,1.7056301025728666,0,A,False,False,False,False,True,False
65.31594444780963,18,1,8.758197660894197,753.5373699763242,3,0.9866408656827392,0,A,False,False,True,False,False,False
84.51832335262944,14,1,9.696570270722743,533.9261335499717,3,1.6923046777154873,1,A,False,False,False,False,False,True
55.07049877208248,1,0,14.631691554392987,284.4298420490884,1,2.2147600779676435,1,A,True,False,False,False,False,False
4.4648106684854145,3,0,13.137907469948109,761.2771855957695,1,0.7377131591464234,1,A,True,False,False,False,False,False
66.19384936737406,0,0,7.032386008116048,970.3617415027704,4,1.4856178677340526,0,A,False,False,False,True,False,False
776.6868520180267,18,0,32.327274818158976,1708.1538507648036,2,0.7522790808681629,0,A,True,False,False,False,False,False
35.44396070349166,20,0,16.5239746767467,431.0887985895198,1,1.8479932372247194,0,A,False,False,True,False,False,False
22.789672722362106,9,0,3.4488660399085482,1871.6020976857014,3,1.0986627136496043,0,A,False,True,False,False,False,False
85.45742268813848,0,0,5.7827975156587,681.7569781202843,2,0.8216542158096626,1,A,False,False,True,False,False,False
79.42823047140706,19,0,23.2589126638332,727.041474032821,4,0.6350549284378568,0,A,False,False,False,False,True,False
228.44196566681848,21,0,1.6560210109607838,2977.9064924528534,3,0.7510345377960981,0,A,True,False,False,False,False,False
12.068010759984688,14,0,20.80834180306375,151.1271106337209,4,0.925156158384949,0,A,True,False,False,False,False,False
131.32252274139194,3,0,6.667200759316752,410.976834281942,3,1.7543059707311048,0,A,False,False,False,True,False,False
110.88642435821647,6,0,12.034089825448078,1137.4184394650879,3,0.8619513230620943,0,A,False,True,False,False,False,False
46.03602101843574,6,0,4.939192954591161,1092.2807315343512,3,0.7982734199183824,1,A,True,False,False,False,False,False
81.97585736258995,21,0,64.5278078176067,281.0162203944751,2,2.4284141955549363,0,A,False,False,False,True,False,False
187.7946310895639,17,0,35.441443779761016,738.5097917924895,2,0.8179102567578924,0,A,False,False,False,True,False,False
155.5206400161961,12,0,39.56034741113909,2359.988787587585,1,0.5607965856857793,0,A,False,True,False,False,False,False
13.851268619460134,9,0,3.064376484044659,432.5663188665248,2,0.5044147097879464,0,A,False,False,True,False,False,False
146.08517238409894,23,0,27.648011235904054,2603.47357178625,2,0.6918344742735717,0,A,False,False,True,False,False,False
50.520221100187165,7,0,11.498583284114929,618.3606073641464,5,0.9985601750087293,0,A,False,False,True,False,False,False
59.58768454799753,9,0,18.457791031301994,245.09864257099466,2,1.0137057320440737,0,A,False,False,False,False,False,True
59.61077755613467,13,0,3.678998305405881,2111.741867210518,3,0.7339402240607691,0,A,False,False,True,False,False,False
45.59091268522671,13,0,18.671122315426338,1340.1722381529555,3,0.46173846883411745,0,A,False,True,False,False,False,False
228.1604242188634,19,0,36.84780474065856,339.4242159340984,3,0.6421245897431191,0,A,False,False,False,False,False,True
49.379652576574166,21,0,4.668997899049157,710.363503947192,2,0.5165183845651097,0,A,False,False,True,False,False,False
14.24697560495549,10,0,3.986066329632531,4358.880186357008,8,0.22278386676932224,0,A,False,False,False,False,False,True
34.04775754904384,5,1,1.6541645816552304,1856.9337296860153,5,0.31402656218225916,1,A,False,True,False,False,False,False
67.65583882280588,20,0,4.655188011166327,2676.616691463228,4,1.1596936361633832,0,A,False,False,True,False,False,False
238.66424728245278,0,0,11.51134673016802,441.13275648593043,4,0.8583279862629575,0,A,False,False,False,False,True,False
112.58557756556866,18,0,26.820960814765414,2922.5820298442777,2,1.3416760545222584,0,A,True,False,False,False,False,False
19.675174541635776,6,0,4.902587277724891,351.0180308692087,3,0.7151504589839189,0,A,False,True,False,False,False,False
1077.3158473229332,23,1,14.559001804294885,360.0146189853849,1,0.7383130927106356,1,A,False,False,False,True,False,False
75.01817167383757,17,0,9.797094900687737,2139.0037255112597,4,0.6507731578019341,0,A,False,False,False,True,False,False
252.26216539394022,2,0,5.10736436609292,378.0912833617637,1,0.6404621533462942,0,A,False,True,False,False,False,False
45.510482302916664,19,0,10.711244629274614,3692.4621491599296,6,0.6844328366956873,0,A,False,False,False,True,False,False
103.54756720468053,10,0,2.7581646381404266,402.6517714431398,4,2.3763182287887363,0,A,False,True,False,False,False,False
149.5098393061775,4,0,15.307177359225792,503.88604305665376,5,0.94616613202676,1,A,False,False,False,False,True,False
235.52890719676128,18,0,1.8437512798339857,2758.761844083063,5,0.6727778367693834,1,A,False,True,False,False,False,False
194.19095254862785,20,0,19.694572571456717,667.405837017571,2,1.6164786647594385,0,A,False,False,True,False,False,False
155.49854895358848,23,0,2.934981079855798,2071.6980409024072,1,0.9872697410671359,1,A,False,False,True,False,False,False
37.408424107277526,23,0,94.46294488988299,450.0194971637575,3,1.7167964651223504,1,A,False,False,False,False,False,True
27.492266574538856,1,0,26.031191325542295,878.9424367852731,5,1.282346423626204,1,A,False,False,False,True,False,False
81.37995685359631,21,0,6.3202662063951465,1983.646175552806,2,1.0710161809316543,0,A,True,False,False,False,False,False
167.29415778801038,3,0,8.332240386903656,557.4766982708896,3,1.1615170915636777,0,A,False,False,False,True,False,False
41.79326319959657,9,0,4.500187127829641,2485.381570614833,1,1.2083894678716947,0,A,False,True,False,False,False,False
196.01797395093203,1,0,21.85812937821377,822.0256458784307,1,0.5289614696501538,0,A,True,False,False,False,False,False
312.042717837581,7,0,7.188135316299659,1207.2169335687997,1,1.0609634618463821,0,A,True,False,False,False,False,False
18.181687334329563,0,1,21.108818072731154,491.70059414934286,2,1.1509389957966265,1,A,False,False,False,True,False,False
19.99925765158683,5,0,0.27859454113806686,592.1207633398737,2,1.2269980081122511,1,A,True,False,False,False,False,False
46.13398726865542,10,0,2.1861585315536884,558.1825814795772,3,0.7833817047856715,0,A,True,False,False,False,False,False
78.97530446018041,9,0,6.811347946724876,673.7245743412437,0,1.8280964758997456,0,A,False,False,True,False,False,False
29.093639705866767,12,0,1.7296230098597307,3778.0468226189437,3,1.119587113489943,0,A,False,False,False,False,True,False
276.6195827035571,0,0,13.78672044377091,2688.2129787754825,1,0.8133666690403059,0,A,False,True,False,False,False,False
90.82006431441798,1,0,0.7825435709992066,1574.1011062624536,0,1.2235113619025182,0,A,False,False,False,True,False,False
57.244779922771116,2,0,29.466320878730006,647.491335105862,5,1.6828807106714876,0,A,False,False,True,False,False,False
9.746503169111099,8,0,21.48871883789103,559.1047458176942,4,0.6950829725247337,0,A,False,False,False,False,False,True
11.257347429187865,4,0,3.6551018104003976,504.8738350033969,5,0.6509661637528092,1,A,True,False,False,False,False,False
76.49390774478267,9,0,9.918679681542576,860.0005338923352,4,1.5046693129133453,0,A,True,False,False,False,False,False
4.224433836413636,9,0,9.017084286066849,1372.1077931753553,2,1.6192200535533052,0,A,False,False,False,True,False,False
184.04216547994503,11,0,19.3573799190922,1792.5908347528343,1,0.9471984340296664,0,A,False,False,False,False,True,False
45.16016472012483,17,0,7.700154380956886,1109.3466675920215,4,0.9107555745767987,0,A,False,False,False,False,True,False
2675.0184687548094,20,0,0.5023481334036901,1723.924223780944,1,1.5597833489459594,0,A,False,False,False,True,False,False
870.8759121454161,20,0,4.797622493135483,2318.697869290924,2,0.6712835179282551,0,A,False,False,False,True,False,False
43.91522702066798,0,0,9.4158927560709,814.516874944526,5,0.303293111334912,1,A,False,False,True,False,False,False
48.05737439311951,2,1,55.03157437191359,2640.4486170570644,3,1.0576587038280767,0,A,False,False,False,True,False,False
180.31364680918128,4,0,31.949490169566594,499.20317707615783,3,1.0580779208435682,1,A,False,False,False,False,False,True
421.4946699384792,16,0,3.0025083067780054,1753.0379504865464,1,1.5940200936940834,0,A,False,False,True,False,False,False
7.647395490238047,7,0,19.271016665458127,1125.037078767137,3,1.4937330326791434,0,A,True,False,False,False,False,False
6.400329296207271,16,0,41.42781169663324,1261.7312227964703,0,2.2987755717295673,0,A,True,False,False,False,False,False
25.8822714242817,8,0,0.1324724422172708,817.0978255358901,2,1.1423677751706582,0,A,True,False,False,False,False,False
109.8685992868296,5,0,19.145231971352285,2974.576249602032,2,3.021652037966882,1,A,True,False,False,False,False,False
99.11178044691246,16,0,9.224289496783115,676.2825562894084,5,1.796048278425299,0,A,False,True,False,False,False,False
197.10286424291672,7,0,17.10259003669335,3327.4668290198924,4,1.057182881261626,0,A,False,False,False,False,False,True
12.94051342912762,20,1,13.955436896960911,3345.0123111381267,4,1.7065355533977828,1,A,False,False,True,False,False,False
3.3893134014625157,6,0,62.6647458831298,1573.2356012212638,2,0.6400547511186128,0,A,False,False,True,False,False,False
152.8744558202755,6,0,5.112348861234784,853.8288007145928,2,0.8701909166909232,0,A,True,False,False,False,False,False
20.209736079862548,14,0,23.13671440261511,561.033873010396,4,0.9277810294277372,0,A,False,False,False,False,True,False
4.844357195404373,6,0,4.0111323252736355,222.40547115965722,1,0.9097683671364475,0,A,False,False,True,False,False,False
64.97980278017083,21,0,8.580092905070412,1689.017866599471,4,1.5323895252606408,0,A,False,False,False,False,False,True
141.43083879977496,7,0,55.563474856891304,450.70091517514993,2,1.7360773659753963,0,A,False,False,False,True,False,False
47.159309855484494,8,0,21.795251923800496,504.11953966991945,1,1.4797011185153768,0,A,False,False,False,False,False,True
31.518728874190277,14,1,5.693041114127448,1704.1236434498844,1,0.7311696202493218,0,A,True,False,False,False,False,False
45.09472698700396,1,0,14.488884312592605,777.5064964226996,6,1.4046732721338415,1,A,True,False,False,False,False,False
34.998341866316125,6,0,0.7645383641292646,1305.15836530304,1,1.8346502143475314,0,A,False,True,False,False,False,False
10.830253475422131,14,0,4.646766430547423,1585.2004247555642,3,1.4376491423181172,0,A,False,False,True,False,False,False
23.15899337031567,17,0,19.008508238311467,3959.052948515944,2,0.4939517935777829,0,A,False,False,True,False,False,False
102.05744959132657,21,0,12.662815465011402,1285.4433244912443,3,0.6163085793992751,0,A,False,False,True,False,False,False
80.31964608743688,17,0,9.513918064909042,706.4894556156246,1,1.3221686073145695,0,A,True,False,False,False,False,False
66.79790829880393,9,0,17.610194733474575,1032.705571018482,7,1.7890992679209312,0,A,False,False,True,False,False,False
16.540663799583577,21,0,7.623906021953793,690.6996797150422,3,0.6131475734256372,0,A,False,False,False,False,True,False
43.912376511428356,17,1,0.39756451278997956,4933.498583020175,5,0.997484762140968,1,A,False,False,False,False,True,False
4.004913347749167,0,0,8.724801510024184,1477.0274621950998,2,1.022363716417709,1,A,False,False,False,True,False,False
67.63813807446151,6,0,34.861604380879605,1750.6354990649922,5,0.6043509956269472,1,A,False,False,True,False,False,False
303.27174427522067,2,0,29.133342805363856,3235.703108049323,3,1.1519910985399067,0,A,False,True,False,False,False,False
9.309556391494231,13,0,7.889017487503908,556.6185891211857,3,1.2176755174030267,0,A,False,False,False,True,False,False
27.028362889249998,11,0,0.33708084945063116,350.306692582656,3,1.088875198508643,0,A,True,False,False,False,False,False
81.0388066552167,13,0,15.171688850934789,1076.862905922142,1,1.6465780961878724,0,A,False,False,True,False,False,False
245.5280411575655,3,1,20.275172784136014,351.09503514925547,5,0.9802854812283829,1,A,False,False,False,False,True,False
31.88483358217969,12,1,5.227276644540206,789.2755728107911,8,1.4245892853184954,1,A,False,True,False,False,False,False
23.79081554864518,15,0,9.712973595788242,191.8799188798949,6,1.2394536714719686,0,A,False,False,False,True,False,False
5.141229376113405,15,0,72.15857208354197,371.9109230896109,3,1.3920835116405987,0,A,False,True,False,False,False,False
61.81374527398986,21,0,12.882467160639647,2917.0964079376226,3,0.7915529124532668,0,A,False,False,True,False,False,False
633.0131830131988,4,0,6.486569789746845,1515.8164783560126,4,1.307808037373022,1,A,False,False,False,False,False,True
76.15952505816288,19,0,14.812325703593917,4619.8669529811805,3,1.789600926443981,0,A,False,True,False,False,False,False
53.157820013409676,5,0,2.9771721387996894,1069.6529662741982,5,1.5983222596212618,1,A,False,True,False,False,False,False
80.35857225444585,5,0,3.3331418146786564,1037.2976888229928,7,1.8497726013462727,0,A,True,False,False,False,False,False
53.87624166269276,17,1,38.83895797660303,1302.9415165459218,2,1.1013532501395187,0,A,False,False,False,False,True,False
20.58129705178188,5,0,4.100772327962529,19359.625715356055,2,2.228371030535599,0,A,False,False,True,False,False,False
146.63344464665138,6,0,5.583125462086887,2545.5036045818542,3,0.8675955398814815,0,A,False,True,False,False,False,False
71.5870239457194,23,0,11.77161126442369,559.7645835193983,2,0.882473685022223,1,A,False,False,True,False,False,False
55.76441279060912,23,0,34.49274015339617,1519.1005876001627,2,2.404758152584472,1,A,False,False,False,False,True,False
16.938019457821422,15,0,22.811030662060947,1238.990944918477,4,1.2631613986626902,0,A,True,False,False,False,False,False
260.91887058251876,8,0,0.6715705059975973,1952.2230320768087,7,1.5787679065556681,1,A,False,False,True,False,False,False
121.2243904105058,12,0,17.715062661416752,4907.77524226089,2,0.4246130769594,0,A,False,False,False,False,True,False
28.12039166418326,11,0,10.519549754470434,1754.9935627217155,1,1.2000800601758637,0,A,False,False,False,False,True,False
181.6696312044011,18,0,9.681159054062071,815.1666130041417,2,1.1499254677248274,0,A,False,False,False,True,False,False
30.051572646494126,22,0,17.643339736217097,4873.068672138443,4,1.3364020939037509,0,A,True,False,False,False,False,False
21.36161904030883,22,0,3.2766699924106857,385.7931559379551,1,1.3209458747541527,0,A,True,False,False,False,False,False
21.940983025655637,0,0,59.840579392884756,882.7769237424405,2,0.8453791495349029,1,A,False,False,True,False,False,False
6.518978789502466,7,0,15.547519920960454,2255.5899744446574,6,3.405244275540543,0,A,False,False,False,False,False,True
96.14436428167953,3,0,6.827462403071927,582.6565049198982,1,0.6753020417606281,1,A,False,False,False,True,False,False
6.065555601268815,20,0,13.751945698019405,1052.1382550211804,2,0.889114686071777,0,A,True,False,False,False,False,False
12.501734597502374,21,0,3.659205449840187,625.7439904903623,1,1.5995955422878114,0,A,False,False,False,False,True,False
4.523537810385094,18,1,15.07034963483085,1063.5082454907806,1,0.605078123938716,0,A,True,False,False,False,False,False
49.24049571805471,20,1,0.4293434294856057,626.6077960373859,1,0.9767118142546776,1,A,False,False,False,False,False,True
45.5866744880065,4,0,6.259617362654498,1168.2192015225357,3,1.4813054998254787,0,A,False,True,False,False,False,False
36.89088657207862,16,0,20.646164254765885,842.4396111112017,2,0.7970722199160419,0,A,False,True,False,False,False,False
15.625540177662801,2,0,24.752168166175228,3170.970645894963,2,0.7164609790190891,0,A,True,False,False,False,False,False
13.374093247119605,18,1,4.373733288473107,1492.7863596171057,3,1.2506512325371946,0,A,True,False,False,False,False,False
95.32039882213049,0,0,11.628687495204263,1979.31050421396,3,1.0929234461433532,0,A,False,False,False,True,False,False
28.200442856439363,22,0,11.277316452443687,1230.835104937419,4,0.7386654922784676,0,A,True,False,False,False,False,False
79.80849766714499,0,0,8.208611349438621,774.68966375202,5,1.083180283572131,1,A,False,False,False,False,False,True
18.872419615008745,22,0,3.8899761717844505,1433.4515860110457,2,0.9987413880080089,0,A,True,False,False,False,False,False
67.84836517695952,19,0,18.2218784647124,1289.7894220309288,2,1.6507215725876039,0,A,False,False,True,False,False,False
260.84689989726365,8,0,4.36253924538268,158.04343326758587,7,0.6224842905295053,0,A,False,False,False,False,False,True
110.32151437152174,22,0,36.29112198909072,1126.4681063585058,2,0.6639827687736787,1,A,False,False,False,True,False,False
33.28488593541476,4,0,11.27758372850542,1877.2614750504363,3,0.8912807243074333,0,A,False,False,True,False,False,False
74.33922683516286,6,0,30.658606985663027,618.3908697937615,5,0.8801768317362064,1,A,False,False,True,False,False,False
40.90293376057743,5,1,5.153054131738521,2195.1735661850093,7,1.6182892176300776,1,A,False,True,False,False,False,False
55.116891040127676,16,0,24.682129653924807,1457.4933454737288,5,1.0859308301065806,1,A,False,False,False,False,False,True
36.938956927043776,21,0,1.8098804914415199,798.3723164479669,6,1.3961558902036006,1,A,False,False,True,False,False,False
44.82642247430181,16,0,21.83983416742536,1691.7566109106556,4,2.0587888516972175,0,A,False,False,False,True,False,False
70.42244431795224,12,0,7.339530161599161,816.5812232530386,4,0.6704339027598939,0,A,False,True,False,False,False,False
16.576227000336264,11,0,9.522893584027946,1368.4561853868304,5,2.069301213565081,0,A,False,False,True,False,False,False
16.13426719895547,3,0,2.7373553302667526,890.7490262507849,3,1.0170872997632756,1,A,False,False,False,False,False,True
10.316545188013409,7,0,0.2820505352392925,1701.3957130725316,1,0.31716508687336786,0,A,False,True,False,False,False,False
8.001865280746419,4,0,16.45808636522384,3221.0407229777757,11,1.1282416983960561,1,A,False,False,False,False,False,True
12.670301232861009,4,0,13.29072577722083,773.6386008836017,3,0.5017718978049035,0,A,False,False,False,False,False,True
66.11231301909737,12,0,14.609916041390903,2256.9767274314972,7,0.5179981562072189,0,A,False,False,False,False,False,True
18.702458417755253,10,0,4.415601305595591,863.3586475017852,1,0.6094726081159776,0,A,False,True,False,False,False,False
101.1229756695389,7,0,4.102298859066376,868.7904618919735,2,0.966164776322021,0,A,False,False,True,False,False,False
56.92055356571035,7,0,26.60552055304487,799.3416303938413,5,0.5362696835703756,1,A,True,False,False,False,False,False
5.143814597835556,0,0,21.485247433111134,284.176247744685,2,1.887429545214147,0,A,False,False,False,False,True,False
119.81761373779796,12,0,6.159956573020769,1636.4508421666726,2,1.7523898425407045,0,A,False,False,True,False,False,False
144.45360375434595,4,0,15.233617723897254,1376.4145005211249,1,3.6763956599678695,0,A,False,True,False,False,False,False
16.56620522124531,20,0,26.416999499171105,1249.327037750449,6,0.9621962654725505,0,A,False,False,False,False,True,False
90.398696809851,7,0,32.95034550554926,3803.2693290392463,2,0.7874884076640256,0,A,False,False,False,False,True,False
19.534890342576425,16,0,0.08734774163633519,4153.459598306503,2,1.116010282008427,0,A,False,False,False,False,True,False
61.38739077532209,22,0,25.18683622253621,3122.403850832919,4,1.5438135937764366,0,A,True,False,False,False,False,False
11.972374988829094,22,1,6.4708003421406355,908.4476661582297,6,1.9116592817517377,1,A,False,False,False,True,False,False
6.348840875548063,12,0,19.007858159255942,872.3215140080606,2,0.739960050396654,0,A,False,True,False,False,False,False
34.48827366404186,8,0,6.963934882153436,485.64316208919604,2,1.6568235473476696,0,A,True,False,False,False,False,False
47.06479477215068,1,0,13.980551543875324,1152.2472157834898,5,1.6520543841029045,1,A,True,False,False,False,False,False
33.87862781591607,18,0,15.610066419463832,1103.8978517527694,1,4.396159233042912,0,A,False,False,False,True,False,False
13.186101129647655,19,0,7.7877258568452925,1687.082385009797,1,2.030816439771917,0,A,False,False,False,False,True,False
33.788520865543404,16,0,10.785756818063037,466.34368050602245,2,2.5578298651188787,0,A,False,False,False,True,False,False
75.42612520244658,6,0,19.43657280368705,812.8860994807907,0,2.708025623719528,0,A,False,False,False,True,False,False
51.73468073374835,2,0,9.702695074024948,282.60312551983617,1,0.7197363129872115,1,A,True,False,False,False,False,False
67.96556886479853,18,0,0.2111869885873064,618.4207282610604,2,0.6839082009505911,0,A,False,True,False,False,False,False
24.431218456730697,18,0,0.1948226912050104,2239.7233861724685,6,1.649627382301613,1,A,False,False,False,False,False,True
222.75254633851642,23,0,16.240088310989304,454.34646777710356,3,0.8374525241743874,0,A,False,False,False,True,False,False
13.311016440018683,8,0,28.18306644609722,4425.69467940696,2,1.4812186443150295,0,A,False,False,False,True,False,False
98.01027856666951,9,0,23.075854925712793,2458.045950733057,0,0.9659373772322667,0,A,False,False,False,False,True,False
225.4885342048846,13,1,5.574659962062955,1637.6096407618293,5,1.2304580232742566,1,A,False,False,False,False,True,False
97.23101172980301,17,0,9.555129373893129,3186.9795703458067,2,1.1833012897679795,0,A,True,False,False,False,False,False
42.818528916793916,14,0,4.001744621047941,995.428190533662,1,1.4388082180776638,0,A,False,False,False,False,True,False
28.963706436224193,0,0,67.85372948314748,607.8817756761501,3,0.5547605660806367,1,A,False,False,True,False,False,False
189.2947229650697,5,0,4.526845769677239,1015.6114672298555,1,0.5270199324185033,0,A,False,False,False,True,False,False
9.89896384642666,14,0,8.074534942006371,277.25115779243,2,0.9550419956525342,0,A,False,False,False,False,True,False
17.04489742272415,5,1,17.14452741073624,2842.9299673851683,2,1.0614765637122885,1,A,False,True,False,False,False,False
33.88358508756024,17,0,31.31424331071699,829.554772022978,3,2.314271089387835,0,A,False,False,True,False,False,False
241.09342380444258,0,1,0.7927178060799058,599.3433164338627,2,1.2412847996137673,1,A,True,False,False,False,False,False
86.11823376175303,23,0,5.3719902895093465,657.4469222174343,5,1.129681224662606,0,A,False,False,False,False,False,True
17.087463906755,2,1,12.624215311022667,1111.2726294170757,5,0.8825784271428334,1,A,False,False,False,True,False,False
37.623571423520346,16,0,14.447318867597652,1206.7648939156468,4,1.2975546477761961,0,A,False,False,False,True,False,False
26.122897460996864,15,0,1.0890029555005682,975.6625266910941,2,0.8917088908899985,0,A,False,True,False,False,False,False
23.295336942504765,7,0,16.363177279443864,972.1988005301296,1,0.5535339907345967,0,A,False,False,False,False,False,True
176.7378339193422,16,0,11.263690057654403,1702.4224415032108,0,1.707874223302578,0,A,False,False,False,False,False,True
10.526630083662496,7,0,26.37145119555216,455.34683236335354,2,0.7807389298831634,0,A,True,False,False,False,False,False
376.35657316095757,16,0,3.769079121769491,1313.1093284405952,2,0.808686208356798,0,A,True,False,False,False,False,False
147.5069994012148,8,0,3.254197858376195,850.4024314379446,3,0.4916052835339493,0,A,False,False,True,False,False,False
202.15485340436402,11,1,23.650003583528395,221.76308377705982,5,1.210307637607289,1,A,False,False,False,True,False,False
31.32675690523763,18,0,18.254306856132846,460.9812689088336,3,2.3518117064817714,0,A,False,False,False,False,True,False
45.607452587600136,3,0,23.52972073804332,581.9679126344854,4,0.42551988311629896,0,A,True,False,False,False,False,False
9.778810223137471,20,0,22.844372346628592,4172.68287863376,2,0.4477999546808121,0,A,False,True,False,False,False,False
29.090309490526536,21,0,1.6472343042383817,1574.988491404354,7,1.2243530273674785,0,A,False,True,False,False,False,False
98.72970040905034,10,0,4.898070165973113,1362.1117566649102,4,1.1423057297686674,0,A,False,True,False,False,False,False
258.598243543024,3,1,4.518302223533728,742.7968494125913,8,0.7891793910901369,1,A,True,False,False,False,False,False
14.46037022565856,13,0,40.905578485168846,727.869035455723,3,0.7584740725747163,0,A,True,False,False,False,False,False
35.21220923099541,13,1,10.025840230968226,425.68352566974187,6,1.1571373921646941,1,A,False,True,False,False,False,False
45.53316382454117,5,0,1.7658346768145166,844.6079317829235,2,0.38702245842891214,0,A,True,False,False,False,False,False
10.227221678202657,16,0,5.128439803515021,3296.074504062429,5,0.5207110506031233,0,A,False,False,False,False,True,False
111.00986709508044,1,0,30.824354087149445,382.032672993431,5,0.6037081773830538,1,A,False,False,False,False,True,False
22.901710495763478,7,0,28.166269439175995,685.9862766957212,5,0.8226176326254079,0,A,False,False,True,False,False,False
43.186656861245346,3,0,34.58978554387118,2300.6561685798756,2,0.8337653399032798,1,A,False,False,False,True,False,False
31.74263575483473,9,1,7.378310665197951,2295.6689928676496,1,0.2725900169643023,0,A,False,False,False,False,True,False
21.174418809244546,6,0,15.38074642874208,616.1975317526525,4,0.5219726985452502,1,A,False,False,True,False,False,False
54.13852379758661,3,0,4.889565830414632,2781.918481977979,4,1.3339745890287633,1,A,False,False,False,False,False,True
42.15142559065945,15,0,2.9918692048776836,774.51918805757,4,1.2888216661799246,0,A,False,False,False,True,False,False
34.94483031925126,13,0,0.3321669705454387,437.2881388538824,5,1.5410051310279014,0,A,False,False,False,False,True,False
22.77915934158445,15,0,3.7932388878428758,3636.036860164771,2,1.2994373559166736,0,A,False,False,False,False,False,True
80.11231639110882,8,1,13.909294566827556,1180.3526692917592,2,0.948789433849974,1,A,False,False,True,False,False,False
397.1605957505144,3,1,35.18400386237661,958.8271612568444,1,0.6145981564230458,0,A,False,False,False,False,True,False
64.57741130296677,23,0,2.1480223054583867,1261.2565788866789,1,0.6106537235063829,0,A,False,False,False,False,True,False
180.4298136110613,5,1,37.51765543561467,504.74868062478384,3,0.6541898419179091,1,A,True,False,False,False,False,False
10.295775750640848,0,0,6.355625418213472,699.5778837478122,4,1.5091040440859012,0,A,False,False,False,False,False,True
65.97749685549402,6,0,8.348552159193968,3461.7221085561146,2,1.302454781795705,1,A,False,False,False,False,True,False
14.631226077598596,0,0,6.811447291845918,4852.775695310951,3,0.6169547258611208,0,A,False,True,False,False,False,False
9.278408989119422,18,0,7.879146532089882,450.09735796441896,6,1.2083763363413977,1,A,True,False,False,False,False,False
22.48288405480002,7,0,4.500230217541578,803.1272277074617,2,1.368530711446672,0,A,True,False,False,False,False,False
228.21295388240145,2,0,17.989987722689552,1100.4897746807303,2,1.291974575912032,1,A,False,False,False,False,True,False
170.7190109963192,0,0,21.29361739862299,1287.6254854395072,4,1.5642395728386322,1,A,True,False,False,False,False,False
73.08372242134591,0,0,25.983653269730805,512.7003074707725,2,1.025341082897078,0,A,False,False,False,True,False,False
8.677724397656393,6,0,6.262069042859056,1845.2174389164943,4,0.8764800361638471,1,A,False,False,False,False,False,True
43.140542591303486,20,1,21.69874989215247,1960.1792526697327,2,1.037465239924868,1,A,False,False,False,True,False,False
78.41694276319484,12,0,15.228219997399217,2165.159753077418,5,1.661309537472636,0,A,False,False,True,False,False,False
67.39989604070638,0,0,47.52134582309431,2002.1388783099926,1,1.4613615625289678,0,A,False,False,False,True,False,False
5.974185077561204,15,0,8.295175272473523,1170.2657192069973,3,1.0483817501189454,0,A,False,True,False,False,False,False
18.75796725398928,21,0,73.01698665466513,2422.2319562400826,4,1.775249076594425,0,A,True,False,False,False,False,False
50.55726645562703,21,1,20.228854462929178,1694.6864378840753,3,2.5310225204371273,0,A,True,False,False,False,False,False
103.9124888359971,13,1,22.460249610462217,334.5879939730408,0,3.595091862663324,0,A,False,True,False,False,False,False
3.914339537420482,3,0,0.39061504308736184,336.4756447582926,3,3.5699432123337833,0,A,True,False,False,False,False,False
44.94552628201062,22,0,10.319360604114365,1403.6900632357103,3,4.990761522739249,1,A,False,False,False,True,False,False
64.82287328416207,22,0,11.272348822664858,3067.6122878471465,3,1.9631757506835483,1,A,False,False,True,False,False,False
151.34082101462613,11,0,0.6217094422179967,1566.8717031927222,1,0.26287363843856815,0,A,False,False,False,False,True,False
125.39002769645697,11,0,5.612357865871303,1755.7520419703167,3,1.1119192234252677,0,A,False,True,False,False,False,False
109.84668079398043,16,0,46.73267046192915,469.99802037911843,4,0.48003082746726516,0,A,False,False,False,True,False,False
20.906735754609375,20,1,8.329800622656242,1157.3340610223818,1,2.312099365617881,1,A,False,False,False,True,False,False
5.531159319649365,14,1,3.099865109146438,2734.4491252434477,0,0.8551952870179248,1,A,False,False,False,True,False,False
34.06725610770505,9,0,10.802803422658672,1566.5784740299887,7,1.2505622596765822,0,A,False,False,False,False,True,False
181.6275551838268,2,0,0.5152320078794439,1192.388667096739,3,0.9296649985531469,1,A,False,False,False,False,False,True
290.65745203657167,22,1,10.884705380555939,1763.9313864851424,2,2.4576960332459867,1,A,True,False,False,False,False,False
128.0804936300938,19,0,13.530947851955817,1314.5280800151777,2,0.5528502385136843,0,A,True,False,False,False,False,False
91.39666477449408,19,0,6.640365266823167,2806.323993698538,1,1.4239576605230682,0,A,False,False,True,False,False,False
86.10500829245399,11,0,21.568628115957758,1313.7357014528309,3,0.5936768032078829,0,A,False,False,False,False,False,True
28.01268669721215,0,0,2.187774532892284,1069.987194059108,3,0.3436551430322405,0,A,True,False,False,False,False,False
46.70856944508954,0,0,31.57858087658606,474.4282538412573,2,1.0983289157593699,1,A,False,False,True,False,False,False
404.59373128053073,9,0,46.665433300602345,2897.2389465611222,4,0.5421801647072514,0,A,False,False,True,False,False,False
17.618163607887915,17,0,0.0185293088419026,516.8045612394508,4,0.47353072516409705,0,A,False,False,False,True,False,False
379.07517974407125,14,0,27.746072660079317,1326.0802508813033,4,0.45614830368989123,0,A,False,True,False,False,False,False
37.0981170371421,1,0,10.581489547343422,2081.335120302028,1,0.823204263546928,0,A,False,False,False,True,False,False
267.87448490910987,16,0,9.281888382188283,4589.235185447017,4,1.5945550214787885,0,A,False,False,False,False,True,False
10.092796873820548,7,0,4.090505055532373,1314.620797752339,5,0.4815774937111216,0,A,True,False,False,False,False,False
110.28688777917264,21,1,8.894778420714117,3337.6884659093903,1,1.7172133095631719,1,A,False,False,True,False,False,False
22.553174607555412,21,0,45.06467950033675,1120.924545098776,6,0.7641209845496336,0,A,False,True,False,False,False,False
9.990946867404757,8,0,3.5507975380005594,700.4048620641473,1,0.5873343187500668,0,A,True,False,False,False,False,False
70.9688359848885,20,1,2.959236004939991,10028.008547211548,7,1.8350129267556785,0,A,False,False,True,False,False,False
183.3443624038051,19,0,4.1540265099587925,413.86123608859026,2,1.619326236496983,0,A,False,False,True,False,False,False
19.807690545710013,10,0,12.038880196683472,11350.981538489148,4,1.5018358297611962,0,A,False,False,False,True,False,False
9.035676958330436,5,0,39.953284698050716,4034.7254498628145,2,1.1228280789407379,0,A,False,True,False,False,False,False
48.900434542843165,23,0,12.79557023077898,692.3960006945643,3,0.5849516791003422,0,A,False,True,False,False,False,False
49.159868289207445,13,1,4.185443733736929,1844.3430865890343,3,1.8608369521375607,1,A,True,False,False,False,False,False
105.42328721956375,0,0,8.709397913309328,358.4526714596018,4,1.014479203068173,1,A,False,False,True,False,False,False
170.6327328487226,6,0,7.42428736190535,1762.389506939091,5,1.070011926326967,0,A,False,True,False,False,False,False
50.840932218501784,23,0,0.7153307151543523,1418.9601679583177,4,1.2170360846964026,0,A,False,True,False,False,False,False
506.03405922984336,8,0,10.719909622455702,2193.3368466893376,1,1.6415509602618297,0,A,True,False,False,False,False,False
71.45598697961779,10,1,2.02023316071725,793.7889280574259,2,0.4430664001694074,0,A,False,False,False,True,False,False
36.027703810353934,23,0,27.700590152767063,1245.4094534598423,2,0.9790319544344686,0,A,False,False,False,False,False,True
7.894127819387811,22,0,11.943085527480195,1605.2258431408131,5,0.7969885381542893,1,A,False,False,False,False,True,False
39.83749585200593,15,0,27.926918364048635,741.9111772164513,3,2.1002863500533784,0,A,False,False,False,False,False,True
36.464371679566895,18,0,46.8687267507871,3377.4500531128856,6,2.380613047039414,0,A,False,True,False,False,False,False
172.83990398291837,1,1,43.020192386070434,1216.9595103288752,7,1.1577559836376758,1,A,False,False,True,False,False,False
95.10488629970283,14,0,1.5875650139431938,1444.4720604386926,4,0.5185646231700881,0,A,False,False,False,False,True,False
13.260067218864853,2,1,43.45652461113489,563.2804830542881,6,0.7443292012866659,1,A,False,False,False,False,True,False
67.13498295902937,3,0,23.82595312173408,292.6352063092304,1,0.2828331409386935,1,A,False,False,True,False,False,False
122.2217974548585,19,0,22.55308523104646,373.5034937318189,4,1.6615885349038655,0,A,False,False,False,False,True,False
341.5990330516649,21,1,1.4167791373551422,1767.0231801227615,7,0.7515156366529072,1,A,False,False,True,False,False,False
158.38119610842762,6,0,2.967889309509735,582.7552938068629,6,1.832589931169721,1,A,False,False,False,False,True,False
136.04911839130813,11,0,55.431541478956646,1964.714395164942,0,0.755910007199199,0,A,True,False,False,False,False,False
58.68024881918475,3,0,3.599962210040721,4120.761423902543,5,0.906019557889948,0,A,True,False,False,False,False,False
87.00576723440602,9,0,2.7778449311914777,2032.010987013879,4,0.8280061427080629,0,A,False,False,False,False,False,True
244.54659927760343,5,0,6.749524111008747,1542.3284202010932,2,0.4501752042995533,1,A,False,False,False,False,True,False
11.030532648902511,21,0,36.689246837265074,1852.971453076437,4,0.4430419963798185,0,A,False,False,False,True,False,False
35.89768494989802,13,0,9.699493021421096,2652.3966168088123,4,2.6834594838216757,0,A,False,False,True,False,False,False
21.604842977777228,2,0,37.99577823739403,1407.2255148427046,5,0.6836802640345342,0,A,False,False,False,False,True,False
86.05475179617297,16,0,6.104616257476664,1864.8874220350829,2,1.4534665137745724,0,A,True,False,False,False,False,False
238.9529356996156,10,0,3.852999643729016,697.6150945172838,1,3.727439445736017,0,A,True,False,False,False,False,False
26.672440889837482,9,0,10.253983923815198,502.2159290834384,2,0.8128435797835718,0,A,False,False,True,False,False,False
3.1007212912913498,20,0,14.336270827387164,731.6962123998017,4,1.2589716625116556,0,A,False,False,False,True,False,False
33.292598531845535,9,0,7.451350813381107,844.6430301279538,3,1.1554010530844987,0,A,False,False,False,False,True,False
163.3946562529621,9,1,6.3704186905392515,817.5139175937329,4,1.1818558793911595,0,A,False,False,False,False,True,False
104.07958881566205,2,0,3.6896452956176238,2744.389766707987,2,1.2770779374038541,0,A,False,False,False,True,False,False
91.27012329160648,23,1,4.823894353360457,124.88446215785589,3,0.5488674034114321,1,A,False,False,False,True,False,False
39.01741315947323,14,0,16.772338751302815,924.2792098725957,2,0.48529313051618966,0,A,False,False,False,True,False,False
11.765401126947335,16,0,6.927521210720424,1987.483207506979,3,0.9829422192988571,0,A,True,False,False,False,False,False
101.32702788159258,17,0,1.2467633807631116,1930.2609961433664,5,2.0138531162321094,0,A,False,False,True,False,False,False
20.062689131447556,18,0,2.2302043700209775,569.554125904827,3,1.583825535967713,0,A,False,False,False,True,False,False
750.6324216329281,18,0,6.9872864707056355,4407.1092452768335,5,0.492634821163802,0,A,False,False,True,False,False,False
108.26789337890648,11,1,38.75482209990667,362.4903245477137,3,1.3333598052689026,0,A,False,False,False,False,False,True
27.200137731174674,23,0,7.147093931172797,828.839303631694,1,1.1345848920131496,1,A,False,False,False,False,True,False
26.215155641778406,4,0,0.9383804734413588,855.8860199833343,5,1.0715857665574682,1,A,False,False,False,False,True,False
48.83596123678638,23,1,8.11912447670745,849.0515200705028,4,1.0630507044656519,0,A,False,True,False,False,False,False
40.96007015809494,15,0,16.576289696136786,3254.390668633384,4,1.1665228441108828,0,A,False,False,False,False,False,True
208.55452766818593,14,0,13.506118084515515,1110.7274260234985,2,0.985057479657023,0,A,False,False,False,True,False,False
68.28563372614879,14,0,4.902643428607314,1416.324450967944,5,0.7417298159022386,0,A,False,False,False,True,False,False
22.692668830357302,5,1,17.475557123506704,2215.9884443077513,4,0.8942837878809463,0,A,True,False,False,False,False,False
527.7004653130398,11,0,14.939117935559636,657.4275794778202,5,0.3967744165717217,0,A,False,False,False,False,False,True
57.926212238459584,1,0,2.834265689569836,968.9529255202898,5,1.29860919986218,0,A,False,False,False,True,False,False
137.36032891900373,19,0,2.6536534313503193,4191.669327856461,2,1.282903878831731,0,A,False,True,False,False,False,False
26.314712438107485,8,0,11.88401084800472,1484.1453217232868,0,2.2904220508726856,0,A,False,False,True,False,False,False
84.41446332188596,3,0,16.157395986279244,456.69620003903515,4,1.3581557208752437,1,A,False,False,False,False,True,False
79.30744350529181,4,0,49.017282799539345,552.7540126433701,1,0.9087597333032813,1,A,False,False,False,False,False,True
5.654325624441833,20,0,8.22092102214187,2238.4664602261,4,1.2755250694010303,0,A,False,False,False,False,True,False
612.9786658972008,7,0,21.718668655047782,444.2647542753188,6,0.8527971005703899,1,A,False,False,True,False,False,False
256.9222097058335,21,0,1.8583120585053183,751.1519244999436,0,0.7149386876168861,0,A,False,False,False,False,False,True
33.89832559283508,9,0,33.055903764688395,1290.3151339349265,3,0.3026393741223119,0,A,False,False,True,False,False,False
14.54542209483645,6,0,15.040297533052074,1108.6487443250494,1,1.214182712523612,0,A,False,False,False,True,False,False
82.85349573825337,21,0,14.874524630709265,3592.3938666487907,4,1.28322235694343,0,A,False,False,False,True,False,False
60.58438819236062,13,0,2.3050080428839035,154.39373733167852,3,1.9107549075387653,0,A,False,False,False,True,False,False
83.66349474041522,4,1,0.6058271014037326,1612.5269118103367,5,2.059425813912267,1,A,False,False,True,False,False,False
68.70987126437224,15,0,18.132224529798386,874.7461209496466,1,1.1895394817851195,0,A,False,False,True,False,False,False
100.23216921419674,14,0,1.8674103053949922,3145.1176176167337,1,0.5363611462320645,0,A,False,False,True,False,False,False
310.0603138217916,4,0,2.036782960441474,908.2305924258477,4,0.5483438605649302,0,A,False,False,False,False,True,False
107.95601181583967,2,0,3.1145931734644026,929.5314019811938,3,1.1171957580296354,0,A,False,False,True,False,False,False
15.493388759787054,22,0,1.5428960638330016,1093.062568166328,0,1.5662567686984374,1,A,False,False,False,True,False,False
280.08004106212053,9,0,14.728147835315447,646.1860581557987,3,1.6148895313895482,0,A,False,True,False,False,False,False
391.01169740939656,4,0,8.222845874418908,683.5295320953912,3,0.8048634276229114,0,A,False,False,True,False,False,False
2398.1864417406864,22,0,4.640657625407752,973.439270764216,4,0.3498736542110811,1,A,False,True,False,False,False,False
14.179640385700655,14,0,8.717364096171714,4088.6819895400517,4,0.5470896899884287,0,A,False,False,False,True,False,False
73.07296158545033,17,1,27.881956857256107,740.1997775545406,2,0.380373805141658,0,A,False,False,True,False,False,False
4.488333865549889,7,0,39.27576255264574,632.7036212839454,1,1.182556424435236,0,A,False,False,False,False,True,False
106.03603483921394,20,0,10.026120330527664,796.2247656455733,6,0.8767752108586185,0,A,False,False,False,False,True,False
28.280135777455992,1,0,12.546706183295791,1099.6165737611088,4,0.8612613613064928,0,A,False,True,False,False,False,False
549.0200456079,21,0,4.459925335846932,4600.6628016425075,5,1.2697123189920918,0,A,True,False,False,False,False,False
21.5518581087736,7,0,10.810870901677614,595.2442234961867,2,0.8353533376187094,0,A,False,False,False,False,True,False
7.192079524325263,22,0,20.68201402258322,8097.206134108141,6,2.6164638900123722,1,A,False,False,False,False,True,False
31.015389325423286,7,0,10.163161079443856,1574.7305889198424,2,0.9091289202984782,0,A,False,False,False,False,True,False
5.100888164854655,3,0,5.394609360984173,492.6204954737224,1,0.42112487953354666,0,A,False,False,False,True,False,False
134.46707121787557,18,0,13.085340303422871,707.8243101040871,1,0.2798625489822788,0,A,False,False,False,False,True,False
4.580922259201408,22,0,43.96491527111563,232.95381053060012,2,1.3059220392396464,0,A,False,False,False,False,False,True
56.49482818532731,17,1,32.83668385818222,1194.3358360683646,2,1.3731422886193085,0,A,False,False,True,False,False,False
4.511482512197331,20,0,21.995810697289738,2543.326662028324,1,1.3603376798169076,0,A,False,False,False,False,True,False
37.17522833735097,22,0,4.848802146054369,1124.2497285918203,2,0.5190974343531163,0,A,True,False,False,False,False,False
392.31056625239296,0,0,4.147364056248159,2084.420001621043,1,0.642396786534872,0,A,True,False,False,False,False,False
84.16485791713582,19,0,27.35220660332761,1545.0164321208074,0,2.3109479144664284,0,A,False,False,False,False,True,False
19.371592214027302,14,0,3.0008836344637437,2887.3880710475355,3,0.9118630140241551,0,A,False,False,False,False,True,False
52.59156855547389,17,1,13.956274901439489,500.8014455717003,0,0.7336546625869074,1,A,False,False,False,False,False,True
55.791428498693165,21,0,8.668642552609363,2222.3173289843126,5,1.9985542616932166,0,A,False,False,False,False,True,False
96.2699683485675,11,0,9.466295288155713,4961.288448911015,3,0.5976929027501028,0,A,False,False,False,False,True,False
10.588515433189515,0,0,9.09198062316825,8537.634796682922,4,0.8122985917040482,1,A,False,False,True,False,False,False
111.17224202927231,6,0,34.5313002668523,3416.1208800936206,5,1.8566873789294986,1,A,True,False,False,False,False,False
2.1270372352870948,18,0,1.366839537044902,1257.872559472203,2,1.9400367743378921,0,A,False,False,False,False,False,True
25.639612969966063,0,0,22.911058178470014,506.630238526573,4,1.966149345431928,1,A,True,False,False,False,False,False
30.388717025996232,23,0,27.028299081848843,570.6075194947692,3,1.4471777953992864,0,A,False,False,False,False,False,True
116.7450142669433,6,0,42.938265261092525,954.760005893163,1,2.7409699410122044,1,A,True,False,False,False,False,False
56.1011899319691,1,0,9.038631000824639,4855.842557809085,5,1.6014592822958593,1,A,False,False,False,False,True,False
10.107971150257677,6,0,10.399163592517226,717.4506996879431,3,1.1799752514545823,0,A,True,False,False,False,False,False
16.74346861876982,18,0,48.776611745710795,1266.0761926502175,5,1.0058930255278573,0,A,True,False,False,False,False,False
69.29799762351861,12,0,9.199827596994707,2327.642010830673,2,0.8592786845887426,0,A,False,False,False,False,False,True
49.65599804609507,23,0,10.504041444314813,79.15967671113937,4,0.5379192813301834,1,A,False,True,False,False,False,False
27.249933164765892,4,0,6.0577184068281325,468.3753400988152,3,0.3305153844847769,0,A,False,False,False,False,False,True
30.661244181736137,22,0,0.4820760112784878,5231.937576301356,3,1.6107742509289973,1,A,False,False,False,False,False,True
125.88912970189423,18,1,8.512382866538175,2525.8223169168655,1,0.9511770433468107,1,A,False,False,False,False,False,True
29.33463537347059,0,0,15.967133491570328,2539.4825839603286,2,0.65138648239844,0,A,False,False,False,True,False,False
49.121189864195344,0,0,17.565127722470834,517.1869655259071,3,2.7613099358608566,1,A,False,False,False,True,False,False
737.9852999953843,17,0,0.09794880727832013,3502.3913911376044,5,1.8187790805055373,0,A,False,False,False,True,False,False
9.890560681027587,23,0,24.220735339392114,570.4621333256334,3,0.9244914221876412,0,A,False,False,False,False,False,True
5.916758345281416,0,0,10.171384564643418,1179.9629109335017,2,1.3293613854126196,0,A,False,True,False,False,False,False
139.81324918840417,4,1,11.032848273017613,1911.7110294239242,2,0.9865920898985633,0,A,False,False,False,False,False,True
24.182478123855642,8,0,48.95170075753951,2135.186467124822,3,0.8335936605379859,0,A,False,False,False,False,True,False
37.26725155876884,11,0,5.020790937940499,1627.5618475835442,3,1.8675449752173774,0,A,False,True,False,False,False,False
21.38334496264367,8,0,21.510351631553306,933.7945358794864,3,1.1443445500746463,0,A,False,False,False,True,False,False
39.974423259210226,17,0,12.82709651743454,250.11796545745477,2,0.535471117978561,0,A,True,False,False,False,False,False
371.75897756433426,22,0,18.099568365653372,1171.3149013493548,2,1.199048161152415,0,A,True,False,False,False,False,False
142.95846740418713,10,0,8.114568355458383,193.4856681795834,2,1.3733268246370802,0,A,False,False,True,False,False,False
153.64860573826857,0,0,4.911060478576814,1726.8659658255292,1,2.3362324988024468,0,A,False,True,False,False,False,False
9.97944555380192,18,0,11.849033213347452,501.2333978519724,2,1.156307280408935,0,A,False,False,False,True,False,False
13.716719855635574,21,0,7.048642017649421,965.2401425801299,3,1.029579412955649,0,A,False,True,False,False,False,False
1.8095996059375095,9,0,3.7830093328077403,728.3443000034613,3,1.29310965614929,0,A,False,True,False,False,False,False
20.67123281637791,1,0,27.417281238171963,1724.7024908846454,2,0.5907209637718157,1,A,True,False,False,False,False,False
172.09451361608768,6,0,9.689133940626226,582.8425162737201,3,3.902810597136241,1,A,False,False,False,False,False,True
101.52812146717505,19,0,28.190747367011703,1346.1034547056024,5,2.670737690834459,0,A,False,False,False,False,True,False
41.853862411017744,1,0,9.637711658602743,1271.1012927159434,3,1.6227803992179368,1,A,False,False,True,False,False,False
53.15646102765901,18,0,12.20593423305503,1155.8786190570524,4,1.1716724583766909,0,A,False,False,False,True,False,False
23.887070968661668,5,0,80.3399640979431,1501.3808175155689,7,0.5022286238719219,0,A,False,True,False,False,False,False
69.80535031318998,9,0,45.394174963437116,419.05847812185453,0,1.0143470940673645,0,A,False,False,True,False,False,False
136.87306115279958,8,0,4.75542479500913,431.509234740588,6,1.283225929042217,1,A,False,True,False,False,False,False
7.8533159381576665,7,0,30.448961580901535,3452.2469069480767,3,0.5988465909334281,0,A,True,False,False,False,False,False
78.22405628754882,10,1,7.424369840285947,319.9299052890805,2,0.7612882642574688,1,A,False,False,False,False,True,False
167.15505340190484,8,0,1.108714860584963,6204.798677778107,2,0.7846669194453229,0,A,True,False,False,False,False,False
33.17775606210273,19,0,12.862582239132262,982.1948966115259,3,0.7315440893721895,0,A,False,False,True,False,False,False
126.575723591944,19,0,56.61777551593618,555.359966694021,1,2.3229484438832824,0,A,False,False,False,True,False,False
1599.7223043238969,8,0,54.92695495867298,2184.0120057147737,3,0.920754811297409,0,A,False,True,False,False,False,False
48.172515877553096,7,0,2.0281127164824024,699.3933328709513,2,1.964497037482207,0,A,False,False,False,False,True,False
87.52885058652348,14,0,22.1260093277368,1437.351490891564,3,0.7840049810066083,0,A,True,False,False,False,False,False
22.51837178032444,1,0,24.355566270694105,2964.5045524986285,4,0.8413698460186076,1,A,False,False,True,False,False,False
67.86370768439147,23,0,6.900675539370662,1940.3121960033113,3,1.0234771746675655,0,A,True,False,False,False,False,False
94.85277474433121,0,0,16.12029530799476,1542.5539896267564,0,1.1086740982630428,0,A,False,True,False,False,False,False
68.97959997341111,8,0,10.046132752096703,1851.4143658598148,4,0.5911045639206822,0,A,False,True,False,False,False,False
16.060544568994477,8,0,3.8794839611258753,1132.3599460907058,1,1.1944183914924102,0,A,False,False,False,True,False,False
69.93974779368922,12,0,21.485971770893208,2098.285198833199,3,0.5736266175525142,0,A,False,False,False,False,True,False
315.6503540482414,7,1,4.572478562228755,464.8790848181517,8,2.5228915167419106,1,A,False,False,False,False,False,True
93.53754602148612,20,0,6.242911318317827,3523.791557582866,4,0.7661339222369035,0,A,True,False,False,False,False,False
173.1891979841241,4,0,3.1611563053748553,967.8090020377489,5,1.5411043329165226,0,A,False,True,False,False,False,False
41.08263951277269,2,0,19.055498549217564,1263.6320890485172,6,0.7554354234842199,1,A,False,False,True,False,False,False
134.27370445618567,20,0,9.207390949784056,853.3409439750171,2,1.8826096232736529,0,A,True,False,False,False,False,False
76.33422574954245,3,0,8.787905701359454,1780.9258889113644,3,0.7890105033947183,0,A,False,False,False,True,False,False
17.442454083447824,16,1,13.916451898249562,2548.5984988949376,5,0.9734449403123745,1,A,False,False,False,True,False,False
80.01588726410485,15,0,2.5665132207731065,495.8851628017177,3,0.886043595924547,0,A,False,True,False,False,False,False
16.60932033679902,15,0,34.26438490178758,1037.5048102349565,3,0.862651595773423,0,A,False,True,False,False,False,False
25.54760744366112,19,0,9.385383140140403,1256.2474479643263,4,0.47996866054957665,0,A,False,True,False,False,False,False
68.52467975340934,2,0,6.848065161117943,1554.732396515234,3,0.6953160465178844,0,A,False,False,False,False,False,True
77.99877551620283,5,0,2.03198079071751,868.4870756250089,5,1.1917975739516968,0,A,False,True,False,False,False,False
13.104046057977312,0,1,2.7580169527215332,776.2179080091948,4,1.314625309711514,1,A,True,False,False,False,False,False
193.40432106848118,20,0,37.95364112181951,2228.0493413384,5,0.5662518692560992,0,A,True,False,False,False,False,False
108.46283003463967,15,0,9.149113926757401,1647.3287673511663,4,0.7210479390146953,0,A,False,False,False,False,True,False
23.437232193787306,14,1,19.211939469920964,1302.9312100622142,5,0.9612304449804018,1,A,False,False,True,False,False,False
8.62701228629356,6,0,1.2591452908518213,2979.540073552187,2,1.041535481070013,0,A,False,True,False,False,False,False
45.88390973172754,1,0,15.469823829112046,376.08601635890864,3,1.2112803679947042,0,A,True,False,False,False,False,False
31.97222455941845,9,0,38.173517586910826,2077.1709961290226,2,1.6838071478024232,0,A,True,False,False,False,False,False
62.537635809665794,14,0,5.349340984130156,1478.6755917739106,2,1.1831311693970004,0,A,True,False,False,False,False,False
35.313312115854814,5,0,12.981843478666367,342.4288567957462,1,0.6050905789744736,1,A,False,False,False,False,False,True
4.908909243394583,1,0,42.2560370884761,2787.949742604666,2,1.4154002231237288,1,A,False,False,True,False,False,False
34.26017750640657,23,0,19.05823720910853,1757.9271311257012,5,1.633664997803487,1,A,False,False,False,True,False,False
37.835850032282835,23,0,0.9652861150116001,1956.0324654104536,2,0.4537464657140566,1,A,True,False,False,False,False,False
116.79184289515018,16,0,7.1400151990637815,860.122979305148,3,1.264788090060678,0,A,False,True,False,False,False,False
23.621572664808713,0,0,1.3451416905775992,2018.422331463025,3,1.9310816632746697,0,A,True,False,False,False,False,False
409.28412951548637,0,0,29.633532373201554,611.0926047831962,2,0.72318321964394,0,A,False,False,True,False,False,False
5.5070623888124715,3,0,14.579537345843066,373.77935986495623,4,1.4171926126256569,0,A,False,False,False,True,False,False
263.3281564010383,19,0,46.98419279678318,1085.2392367940731,0,0.7046409922136193,0,A,False,False,False,False,False,True
41.713183709717335,15,0,0.29931141804429434,1881.8438667638459,1,0.8620816066385107,0,A,False,False,False,False,True,False
153.16286721315532,7,1,8.250966672449799,2469.9186256295907,3,0.6437542650372288,0,A,False,True,False,False,False,False
60.08509340263871,0,0,1.6533196453936032,1237.1339097983982,4,1.3653616536193858,0,A,False,False,False,False,True,False
214.31923230589405,18,0,6.4730054129121335,1163.0800454392522,4,1.466168055342947,0,A,False,False,False,False,False,True
34.30069589796962,10,0,2.649031979382769,2468.7231998541556,3,1.2334062510916497,0,A,False,False,True,False,False,False
14.609258766194666,16,0,5.98018240621004,839.5372493076314,2,1.3460679263026107,0,A,False,False,True,False,False,False
300.24690256647324,9,0,25.660602544725748,699.4542753299261,2,1.4364006758781702,0,A,False,False,False,False,False,True
47.64716942826021,11,0,2.6277939812796407,4002.166228488082,3,1.9742300385852298,0,A,True,False,False,False,False,False
71.22687238492341,8,0,9.62725387596934,878.1266997194822,3,0.7501332462928875,0,A,False,False,False,False,False,True
240.25534538251992,6,0,38.18574371974833,2283.103979306889,8,0.2821463950878078,0,A,False,True,False,False,False,False
15.825992914696268,11,1,100.62481296840481,3254.2083038825235,3,0.8150872858962375,0,A,False,False,False,True,False,False
111.56295798655088,14,0,4.328058933837113,1297.2537507643135,3,0.8184786279314871,0,A,False,False,False,False,True,False
26.900000151628237,7,0,41.132212878107026,1354.3563238426698,5,1.5078111259387694,1,A,False,False,False,False,True,False
46.590505383016115,16,0,4.54475177208954,4620.430542572286,1,0.3241881028181069,0,A,False,False,True,False,False,False
59.545144649342234,4,0,8.004468055298966,385.1458841187806,5,1.1444047826705646,1,A,True,False,False,False,False,False
9.022611056189708,13,0,31.54662451426477,379.955722013026,0,1.957583884810334,0,A,False,False,True,False,False,False
21.4429420359694,1,0,23.13903784427641,2105.758442600294,4,1.006768361221961,0,A,False,True,False,False,False,False
276.2448115388509,15,0,29.22488948035844,790.7608150574722,1,1.329399164667089,0,A,False,False,False,False,False,True
158.13188915347595,16,0,24.160831998224694,2184.6177631334685,3,0.7017152625006916,0,A,False,False,False,False,True,False
50.64459474380352,2,0,4.019387901698652,1048.2297391990967,1,1.433508312896152,0,A,False,True,False,False,False,False
73.09413640608864,22,0,12.27368880845846,2134.990849867568,2,0.9561866072362176,0,A,False,False,True,False,False,False
38.35592420650225,0,0,7.298111496445517,541.7643703748848,0,0.7532229594510412,0,A,False,False,True,False,False,False
278.07755872319075,17,0,9.234765585021831,1790.9431116232654,3,1.0294601025465135,0,A,False,False,False,False,True,False
42.930258628723266,17,0,2.5077640256057383,734.5277041383126,0,1.5216609323386532,0,A,False,False,True,False,False,False
72.11128210074399,3,0,5.691863900895972,1951.170214688134,3,0.9465755332686278,0,A,True,False,False,False,False,False
215.9908774944882,14,0,29.241693654455297,7271.204149237398,1,0.9203704124699588,0,A,False,False,True,False,False,False
21.48068626569299,18,0,34.17693743068932,576.1717648833787,2,0.9766476275918659,0,A,False,False,False,True,False,False
354.4428150506329,18,0,14.130017096009933,826.1114174116892,2,1.1449949732901474,0,A,False,False,False,False,False,True
8.701072625149143,9,0,10.34531528281479,990.1000401698394,0,1.1090871451038973,0,A,False,False,True,False,False,False
385.8970242562232,4,0,18.715719619380994,1419.6999748887442,6,1.1025353438674117,1,A,False,False,False,True,False,False
34.91055780134764,18,0,14.080087054298604,175.37380193829094,3,0.5434950307712597,0,A,False,True,False,False,False,False
40.803240513622505,10,0,61.725869889896295,1126.185226511223,1,0.9293790535651073,0,A,False,False,True,False,False,False
5.651877521120355,6,0,3.162459859202484,920.7730829217935,6,1.8803807905786536,1,A,True,False,False,False,False,False
31.6344380581845,4,0,8.941524689775685,925.9740864754735,3,1.3348437093721803,0,A,False,True,False,False,False,False
15.677587783784173,19,0,37.559599439398795,1388.0117109275118,3,1.827777440050715,0,A,False,False,True,False,False,False
26.33303897447213,11,0,36.93023076612154,1455.7228730429622,4,1.229678731656602,0,A,False,False,False,False,True,False
46.30393010899291,18,0,10.258258658289684,1437.7955167374646,5,1.1151243722200228,0,A,False,False,False,True,False,False
172.31943547360993,14,0,2.1720748423455287,463.2950854104225,0,2.054846576111869,0,A,False,False,False,True,False,False
70.04402841483204,11,0,25.30758415454068,897.5651694593198,4,0.8016620456157991,0,A,False,False,False,False,True,False
78.98136859489698,3,0,13.198123166360956,867.9231790860318,1,0.7796014640203879,0,A,False,False,False,False,False,True
14.663724654427028,11,0,22.253053146817432,1672.0985108869356,2,2.3819384113204682,0,A,True,False,False,False,False,False
18.97448330251078,17,0,9.31305728042817,506.29980081713927,1,1.572100070574756,0,A,False,False,False,True,False,False
472.70429413142466,16,1,3.4201541558535915,1280.101984728085,3,0.8685180708519114,0,A,False,True,False,False,False,False
22.5956804681806,18,0,0.3642275945346544,3972.243753252173,2,0.7283161874154664,0,A,True,False,False,False,False,False
398.3973613092496,15,0,12.285359812224245,130.49168866469634,1,0.5970574923871055,0,A,False,False,False,True,False,False
40.785497359402676,10,0,2.633994216195141,957.2574119173589,2,0.8527990098217312,0,A,False,False,False,False,False,True
54.74825649625019,1,0,3.1078942791044293,224.10937609401213,3,1.5861293830033032,0,A,False,True,False,False,False,False
197.2433394829291,15,0,8.598646098368269,1096.8734157188148,2,0.33739827456506,0,A,True,False,False,False,False,False
251.20539375707122,0,0,8.75301675875032,2139.5929377847706,6,1.7284947189703372,0,A,False,True,False,False,False,False
47.79996597442745,16,1,4.811078826764778,728.7051320968931,4,1.4247205205286857,1,A,False,False,False,False,True,False
34.26444870581657,17,0,2.1221092005842497,2300.4224386289075,5,0.596772940774142,1,A,False,False,True,False,False,False
51.05459047753255,12,0,43.49345107129396,3257.3565799442317,7,1.0297928783022272,0,A,False,False,False,False,True,False
81.90409862585153,4,0,2.117244195072655,1512.3499267758807,4,0.7766549099910943,0,A,True,False,False,False,False,False
159.1050099628632,23,0,6.479583220827515,726.3424804060987,1,0.6364966663835525,0,A,False,False,True,False,False,False
54.87598553079558,5,1,5.454802691386394,1683.791570760501,3,1.1568625765157894,1,A,False,False,False,False,True,False
114.73941006053536,0,0,30.18660424141614,4207.873136468717,3,1.3093291764298172,1,A,False,False,True,False,False,False
389.9551290260458,9,0,7.916078888449042,378.0732076051339,3,1.4691985741779199,0,A,False,False,False,True,False,False
86.27773200442802,4,0,1.9865826890836742,2661.175952378705,4,0.4092638174583554,1,A,False,True,False,False,False,False
79.35912420605523,0,0,0.1547105351143358,391.06224843065013,1,0.8013156978487234,0,A,False,False,True,False,False,False
8.822515292269808,22,0,19.199293488831643,325.6881749021386,2,1.3644536945757157,1,A,False,False,False,True,False,False
2.3236142406186557,10,1,18.802756151265203,408.7828420216142,4,1.624845949909874,0,A,False,False,False,False,False,True
87.01242069522668,23,0,8.11369802308579,1062.6179517651492,4,1.1345640108013944,1,A,False,False,False,False,True,False
48.72591004870154,23,0,2.0254105280776833,3012.1008480577507,0,1.717788565327774,1,A,False,False,False,False,False,True
29.43724737804597,6,1,6.969482721786892,219.45385701130388,5,1.1028894132968028,1,A,True,False,False,False,False,False
73.12982198283801,17,0,13.369671829431278,2420.2645421611037,2,1.3022011489930951,0,A,False,False,False,True,False,False
50.780657538591996,20,0,18.258046186029354,970.2136926747935,1,0.6586042447029116,0,A,False,False,False,False,False,True
211.31212392590908,19,0,1.2220541445307564,453.81490134509437,5,1.4379023814492895,1,A,False,False,False,False,False,True
60.54173984272331,20,0,12.189351867362458,1760.3374966555257,2,0.5205428788412078,0,A,False,False,False,True,False,False
22.280058882925434,9,0,4.847029205332578,750.046285648098,4,0.5993565430913361,0,A,False,True,False,False,False,False
179.14570815489307,14,1,14.406236974183843,6681.6636577487125,2,0.6812717366394736,0,A,False,False,True,False,False,False
42.074535914791376,3,0,15.667833884366924,1633.9728967342273,3,2.3137018789001194,1,A,True,False,False,False,False,False
102.70327653886692,15,0,36.22014006804004,1146.8374506785165,2,0.8363976887421104,0,A,True,False,False,False,False,False
30.787450405133,14,0,7.924113930463118,1841.9406817118245,3,1.2507607377327996,0,A,False,False,False,False,True,False
25.033319998107675,14,0,11.569571447379955,3212.5448410397507,1,1.3241847681603052,0,A,False,False,True,False,False,False
60.40077139036263,11,0,4.684030376485014,3472.6173478979604,2,1.303486019075927,0,A,False,False,False,False,True,False
55.44515712288303,7,0,5.064791504643356,2304.0664783818547,3,0.6029636471989163,0,A,True,False,False,False,False,False
97.10495874619093,7,0,0.706905279037422,3299.2143210870063,5,1.2019565964107917,1,A,False,False,True,False,False,False
39.55234941154821,17,0,5.054533187184095,2871.563641383613,5,0.6157590081475858,1,A,False,False,False,False,False,True
6.027716562335415,5,0,0.9893519296466767,2269.7679009375183,1,0.43969164171203484,0,A,False,True,False,False,False,False
32.48152089213397,4,0,49.828498825287625,799.9480662757271,2,2.33845315066363,0,A,False,False,False,False,False,True
141.53997139829892,1,0,14.682997122868958,2998.267675265808,6,0.8834106217400571,1,A,False,True,False,False,False,False
38.21196570476489,11,0,2.8519535815936115,778.2813944044439,2,0.9059919788492665,0,A,False,False,False,True,False,False
40.62322376484558,3,1,1.862482728196977,1354.0506716626671,2,1.7058311997149693,0,A,False,False,False,False,True,False
178.33286054718897,22,0,6.933451713287713,811.653437706992,2,1.5228025214075875,1,A,False,False,False,False,True,False
23.234357903893162,12,0,5.514897100283617,1880.2972954368493,4,0.7512143200634007,0,A,False,False,False,True,False,False
8.573157816767806,16,0,4.9120436360243,3052.2983547971253,3,1.1970904068783146,0,A,False,False,True,False,False,False
45.026115080777814,15,0,9.472205445971571,791.9574460778942,2,1.3431003983711212,0,A,False,False,False,True,False,False
30.538593931403682,8,0,36.605971949235546,354.4671364930964,2,0.5398582326885168,0,A,True,False,False,False,False,False
17.12440118600086,0,0,12.591690407122298,2461.265075151563,3,0.7160838630383517,1,A,False,False,False,True,False,False
44.23630592433717,14,0,11.048071597743915,2511.107710097487,3,0.8859018315933473,0,A,False,True,False,False,False,False
98.47540058127711,11,0,24.640921631327487,3833.647283182311,3,1.0599859653530632,0,A,True,False,False,False,False,False
53.9929631544671,4,1,0.06049098212235708,2241.9783516115403,2,2.0139084415786095,0,A,False,False,False,True,False,False
78.91547060095233,22,0,3.298214486748426,2283.7547103151273,3,0.7447514245286728,1,A,False,False,False,False,True,False
481.10677851250495,23,0,10.283219946235718,617.7380623746684,1,2.1924034906935943,1,A,False,False,False,False,False,True
36.181406928760204,17,0,18.327422019168697,1977.5681814257866,6,1.3305210487818209,0,A,False,True,False,False,False,False
76.25007213909791,19,0,9.95464690909059,6108.656776832153,2,0.46995090761093034,0,A,False,True,False,False,False,False
29.634640518998378,1,0,2.681804824625523,704.5830948110862,4,1.2355535858969657,1,A,False,False,True,False,False,False
19.774007764474035,3,0,39.88521907614241,413.8956923027679,2,2.170771802607894,0,A,False,False,False,False,False,True
27.061466506539233,14,0,5.977308105657549,1227.150357469686,4,0.9534729723033352,0,A,False,True,False,False,False,False
30.737693850702,5,0,23.282803308684763,2321.460453769353,2,0.7277299091048385,0,A,False,False,False,True,False,False
84.04656219013039,21,0,33.30309998056782,1304.0232688605554,2,0.791805670080238,0,A,False,True,False,False,False,False
914.9696945722092,11,0,6.380029283241952,4568.849997949167,2,1.3447601843898394,0,A,False,True,False,False,False,False
23.121152159917884,17,0,27.995155204246824,550.9781162940925,6,0.5275262031025698,1,A,False,True,False,False,False,False
33.11709562736722,19,0,18.608186911589677,326.2133011301632,8,2.5417182323623235,0,A,False,False,True,False,False,False
50.61522317294908,3,1,35.19505135054756,3439.9099261063816,3,1.8357665299433565,1,A,False,True,False,False,False,False
87.79096740842725,0,0,4.341468053811598,355.5437237249289,6,1.494093662895205,0,A,False,True,False,False,False,False
74.90802100776276,14,0,40.165202503578485,1413.3202553868564,5,0.59268161062493,0,A,False,False,True,False,False,False
254.91112442430133,17,0,1.0130487894085785,3365.920609922471,3,2.207070144068242,0,A,True,False,False,False,False,False
2.9693097409772635,13,0,23.67427019359688,1303.792657307586,5,2.0033872948098264,0,A,False,False,False,False,False,True
3.1133027985092165,2,0,8.581609033011537,627.453438655496,5,2.201947077384962,1,A,True,False,False,False,False,False
30.11267542530118,14,0,2.938215489123613,3034.592090690956,1,1.2564377082956861,0,A,False,False,False,False,True,False
203.72279567608604,4,0,1.2409928636822432,1257.1804957842005,7,1.0871443990430594,1,A,False,False,True,False,False,False
8.3413273807806,23,0,7.403322244566148,919.0136703553287,3,1.2369277384145174,0,A,False,False,True,False,False,False
1.4782237415591446,21,0,7.397829157725688,4083.8924494355556,2,1.3760779899074798,0,A,False,True,False,False,False,False
108.35526154747993,2,0,3.919641309150383,811.6616552526059,1,2.0602760892966208,0,A,False,True,False,False,False,False
73.14096952993458,21,0,3.640925028597813,678.9381750734336,2,0.5492968629367019,0,A,False,False,False,False,True,False
14.757477623337437,6,0,7.6502467197259545,532.619967098307,2,1.218231092855998,0,A,False,True,False,False,False,False
16.73249235562901,5,0,7.917386746428178,2901.064918507273,1,1.4014444541822906,0,A,False,False,False,True,False,False
17.052682733721493,21,1,8.760754385063322,1543.9773364903328,2,1.8307886684870898,0,A,False,True,False,False,False,False
62.342437954955145,0,1,30.460843469906763,742.4987460188698,1,0.9354967721562122,0,A,False,True,False,False,False,False
25.74966632003115,18,0,14.172456114602182,346.82324577772386,4,1.1352811249385044,0,A,False,False,False,True,False,False
98.77817729448817,6,0,0.3096721683972888,3384.5555423978703,4,1.0262160937093048,0,A,False,False,False,False,True,False
1.7761498295815994,3,0,10.981415309909538,751.2803932285847,4,1.2645339002390237,1,A,False,False,False,True,False,False
19.526602406761153,11,0,21.56073910496488,255.86496416121085,1,0.8205710648001742,0,A,False,False,True,False,False,False
14.136148596848782,19,1,0.871021399977062,1176.0033549621792,2,1.5080616655481276,0,A,False,False,False,True,False,False
40.14071620774404,22,0,8.238504869610962,2505.246628504966,7,1.3266936153363433,1,A,False,False,False,False,False,True
28.626781330132612,17,0,9.00059528030178,1951.0158850119699,1,0.5277195304536338,0,A,False,False,True,False,False,False
142.22531648485642,8,1,46.19337896038748,1170.2324329702767,4,0.6067864246649776,1,A,False,True,False,False,False,False
5.863788368678848,18,0,9.684909522635031,770.1332182491062,3,0.994241495681745,0,A,False,False,True,False,False,False
57.661503757042496,21,0,20.788432369917487,700.2898819319993,5,5.098113524657855,1,A,False,False,False,False,True,False
106.69813805284035,3,0,5.412440105639395,3043.5527112391514,3,0.9459265452597424,0,A,False,False,False,False,True,False
506.72929387932237,0,0,22.6647165443773,229.9255001830745,4,0.6528401137521901,0,A,False,False,False,True,False,False
30.62696514137428,8,0,5.843781154452612,513.1957954966044,4,0.7624340789201864,0,A,False,False,True,False,False,False
80.58804594882128,14,0,8.432404504752087,1015.7025772312564,2,1.399183075771169,0,A,False,True,False,False,False,False
6.267419136452284,21,0,9.793970146713532,222.41498987878813,4,2.41597871893253,0,A,False,False,False,False,True,False
3.0945811160376646,7,0,39.12910870303161,921.16433502271,2,0.7859676275204548,0,A,True,False,False,False,False,False
150.46481220993897,14,1,0.8240284751453932,410.9328326061375,2,1.194641492744772,1,A,False,True,False,False,False,False
54.23506460098131,14,0,3.2885270682875243,1603.3236251032279,2,0.8267971625814421,0,A,True,False,False,False,False,False
224.57623531026255,17,0,18.34951321965662,693.2875650251425,1,1.486192798929261,0,A,False,False,False,False,False,True
10.50568493718609,6,0,12.926244891774433,796.4924450112859,5,0.8270391082529288,1,A,True,False,False,False,False,False
101.88885552173592,21,0,4.34589020646038,655.607730494571,3,1.5942857646781803,0,A,False,False,False,False,True,False
514.1841185719329,17,0,5.120481469243496,1883.6714889892576,2,0.2889411067810035,0,A,False,False,False,True,False,False
90.34599875729221,15,0,6.866608428162237,1037.8129709777031,2,1.477723146801097,0,A,False,False,False,False,False,True
76.0885509954668,1,0,8.977020251528828,2337.513078214262,6,0.9430433319682935,1,A,False,False,True,False,False,False
55.16161312616385,3,0,25.558480964072384,2882.365357593688,6,1.3825516104855649,0,A,False,True,False,False,False,False
8.289107068374241,19,0,0.20867697526658546,871.6296864359095,8,1.00836524435755,0,A,False,False,False,False,True,False
277.7405828605495,15,1,34.2446403860702,627.8575773570873,3,0.5578184695853257,1,A,False,False,False,False,False,True
26.231758474997267,2,0,7.9916497047973225,784.3362309356124,3,1.112706871563641,0,A,False,False,False,False,False,True
100.02097436646564,23,1,3.930166495107839,9223.030702489907,1,1.5045428545771868,0,A,False,False,False,False,True,False
8.367530775814906,22,0,10.651736020107984,669.1558079992479,1,1.1424522856094401,0,A,False,False,True,False,False,False
13.258626571597452,1,0,16.16759503977103,953.5687788855439,2,0.48677551309661854,0,A,False,False,True,False,False,False
305.5473868637795,2,1,0.6867677371890923,1301.88824887033,1,1.1180644026081064,1,A,False,False,False,True,False,False
35.98986076070512,4,0,18.86996062440747,1698.0824484905215,3,1.2955057843193019,0,A,True,False,False,False,False,False
312.2894778415017,1,0,21.454395162052233,1191.1733220155543,5,0.8161565889642127,0,A,False,False,True,False,False,False
49.70587866619742,18,0,2.7261070027129173,4533.063516408321,3,0.22335336179866377,0,A,False,False,False,True,False,False
5.987791656513002,23,0,2.756705015175164,1324.4797137303788,4,0.7843348179018484,1,A,True,False,False,False,False,False
159.25092766990932,19,0,3.418282044526066,973.1836867690007,1,0.5320214010002206,0,A,False,False,False,False,False,True
26.90007887321497,1,0,23.890829489069805,2355.9587546779767,2,0.9518023347150502,0,A,False,False,False,False,True,False
126.27051831035436,1,0,4.761876427529082,539.528201142947,2,0.5348843007716841,0,A,False,False,True,False,False,False
56.27514936841537,21,0,23.83981222871041,1688.0941309248963,1,0.5244155728306308,0,A,False,False,False,True,False,False
8.569917675765904,23,0,11.665023933474687,815.124959605754,2,1.4724914095432613,0,A,False,False,False,False,False,True
66.49679283440129,22,0,21.861786277867644,3067.1741210531363,5,1.0849465544917107,1,A,False,False,True,False,False,False
761.6352530759598,19,0,12.100552577056943,3262.0073871939016,2,1.2793920663777256,0,A,False,True,False,False,False,False
98.65054432741364,17,0,6.136877200545082,954.0632513900836,1,0.7517932653221305,0,A,False,False,False,False,False,True
50.95682453314161,19,0,36.238682641088765,546.5846256625504,4,0.786661110629254,0,A,False,False,True,False,False,False
198.4251760767359,20,0,18.844560708328622,247.20596710857123,0,0.726783133069656,0,A,False,False,False,False,False,True
70.30213430012398,13,0,9.926320883498944,1313.1293551256292,1,0.7761182972721129,0,A,False,False,False,False,True,False
70.20651242496665,14,0,15.218002763982065,199.11781281067235,2,0.7942429950503455,0,A,False,False,False,False,True,False
14.732409479071105,11,1,14.350573232245265,1024.5057605675458,4,0.6082756913559296,1,A,False,False,False,False,True,False
72.28507172028097,10,0,6.650220214065959,700.1061155361002,4,0.7007232851079558,0,A,True,False,False,False,False,False
189.14843925815723,10,0,8.26877135744125,1713.7669520261832,5,1.1023360250364787,0,A,False,True,False,False,False,False
20.019872745134215,6,0,5.746532982428785,1084.730817506605,4,0.6064549715127814,0,A,False,False,False,False,True,False
301.68848714593037,11,0,114.56758690884614,697.0965047981892,2,1.1776216879839652,0,A,False,True,False,False,False,False
48.90857656728542,15,0,13.01481062023191,2163.0099330862813,3,0.45614407515490546,0,A,False,False,False,False,True,False
18.815416984689232,4,0,1.4485774283357755,458.0425837054504,6,1.1639190455640607,1,A,True,False,False,False,False,False
180.75788652327276,1,0,10.981663032695247,1720.6558017812504,4,0.9628842112683881,0,A,False,False,False,False,False,True
38.70028317196779,21,0,0.7687988700222056,5708.666563676692,1,1.1748106555172229,0,A,False,False,True,False,False,False
135.83186918972027,15,0,5.108903780428381,2374.298470740638,2,1.1753003540364093,0,A,False,False,True,False,False,False
38.47042026879359,22,0,8.857806103939154,792.858581032114,6,0.5996851569063069,1,A,False,False,False,False,True,False
50.81586595465483,14,0,11.46225385096036,485.5785597231438,2,1.0285397985659186,0,A,False,False,True,False,False,False
98.718488119128,10,0,56.0593271926902,2316.3028041108223,2,0.5684634148147946,0,A,False,False,False,False,True,False
77.40694220216723,5,0,60.44667008191628,411.8056916906904,1,0.8141794387267636,0,A,False,False,False,False,True,False
4.979661234181174,12,0,1.5482650297017733,1101.922664475994,3,1.5989943088563277,0,A,False,False,False,True,False,False
14.217982147598061,18,0,11.587163994362717,1957.859639192592,3,0.6116103438190252,0,A,False,False,False,True,False,False
166.54940327062133,9,0,25.483006392333174,489.2332357460109,3,0.9721287762775113,0,A,False,False,False,True,False,False
46.592337361962215,23,0,4.071478769802116,468.1053556608476,4,0.6669785854984976,0,A,False,True,False,False,False,False
29.122830990232732,18,0,20.82823943894093,382.1080993346434,3,1.1650913636118354,0,A,False,False,False,True,False,False
10.694303127485146,4,0,31.63232068418395,3926.8494841156444,2,1.5864191877229723,1,A,False,False,False,False,True,False
14.944097629209315,20,1,16.2922863643011,4267.598173273118,3,0.7913260477027844,1,A,True,False,False,False,False,False
4.825149081557088,6,0,5.955833860444305,4217.064480205579,4,1.1140604219403276,0,A,True,False,False,False,False,False
48.34985087233572,10,0,38.48504652483873,4693.507419036342,3,0.8947969660760808,0,A,False,False,False,False,False,True
26.625646443495302,13,0,32.25054748113397,660.8797845639897,5,0.6140645600282627,0,A,False,False,False,True,False,False
17.117383580932625,22,0,18.872492328494168,257.20364056809586,0,1.1940924870689176,0,A,True,False,False,False,False,False
50.31241621062213,20,0,6.780525262977911,4283.810029133873,4,1.2749565077686213,0,A,False,False,False,True,False,False
84.5011173221703,15,0,23.54578598479001,2306.1661159867017,5,0.6105554098499261,1,A,False,False,False,False,False,True
673.062046061788,17,0,5.699350556031025,2162.5023115599965,1,1.5400827649351838,0,A,True,False,False,False,False,False
8.89722914751255,20,0,4.37440467724698,477.2226154483877,3,1.887914560223703,0,A,False,False,False,False,True,False
219.47915275832227,22,1,10.854509854567842,1185.1691531522138,2,0.6403751822264604,1,A,False,True,False,False,False,False
175.51453732184228,22,0,87.82898199551096,1245.6510675737381,4,1.9922148913468785,1,A,False,False,False,True,False,False
21.436363581552133,3,0,24.469267928504195,1042.6172350260692,3,1.0020045721664788,0,A,True,False,False,False,False,False
69.67789659873031,0,0,19.628489334930972,555.4564152359862,4,0.966043381563525,0,A,True,False,False,False,False,False
31.526866932484108,21,0,9.022548790426772,239.67075668642718,1,2.2969429750197268,0,A,False,False,False,False,False,True
68.22603906839153,14,0,5.608406739320295,600.5636755258158,0,1.5202113219384532,0,A,False,False,False,False,True,False
333.9386241582294,13,0,29.058796079539228,110.25845593601346,3,0.7322060351549559,0,A,False,False,True,False,False,False
112.92540626162005,18,0,12.580669756674922,788.156852119621,5,0.7757228581896926,1,A,True,False,False,False,False,False
100.51731969051546,4,0,25.17016451028372,670.4850103260708,5,1.1769004425113063,1,A,False,True,False,False,False,False
32.577726414982074,3,0,10.034246004137565,430.8756299102496,0,1.1707428644211906,1,A,False,False,False,False,False,True
9.199342389433317,12,0,21.033764541109527,1511.2505234813716,4,0.9809465251075091,0,A,True,False,False,False,False,False
42.51420040724147,17,1,30.344904018620717,833.2243825846139,5,0.7034430360349466,0,A,True,False,False,False,False,False
232.27680508788671,11,0,7.448664809900071,882.7800129738106,1,0.7607570552749763,0,A,False,False,False,False,False,True
8.735529606057883,22,0,0.2049371693490339,3336.8852811475913,2,0.9881214916517741,0,A,False,False,False,False,False,True
15.39269056625172,20,0,4.414087445411115,848.2203479106122,4,0.452579355004432,0,A,False,False,False,True,False,False
63.530574834901635,14,0,36.96157507532966,1576.576965370211,4,1.2824849311136186,0,A,True,False,False,False,False,False
16.7502680006735,22,0,17.449290790768835,461.0481944429048,3,1.1375441170446579,0,A,False,False,True,False,False,False
21.093646121741273,8,0,20.046498213398166,1345.2650885364371,2,0.6262843968688863,0,A,False,True,False,False,False,False
32.84113028496056,3,0,5.902053843541475,1010.2560603579008,0,1.2743539740048668,0,A,False,False,False,False,True,False
10.604295076789088,4,0,18.12337672270148,1180.9116817357276,3,0.4244383017788134,0,A,False,False,False,False,True,False
16.963327101136873,8,0,15.588835568534885,411.62886994859787,4,1.2025378767346615,0,A,False,False,True,False,False,False
126.99065488198534,12,0,2.947043485758992,444.17077799846425,2,1.5666813359341674,0,A,False,False,False,False,False,True
11.372023512021979,9,0,51.95763861088375,831.3598254471283,1,1.2179424835407704,0,A,False,False,False,False,False,True
8.02493395123248,15,0,6.554930912545683,3179.6021594273775,1,1.3516396137573312,0,A,False,False,False,False,False,True
25.635292736033513,12,0,5.991208714899387,346.4682445057284,3,1.3952202381920848,0,A,True,False,False,False,False,False
131.413205964284,3,0,6.910581933914405,4206.604260999172,2,1.2186730051298549,1,A,False,False,False,False,False,True
43.10736354392403,20,0,1.4430323152231856,623.1341625449289,4,0.9737659385358429,0,A,False,False,False,False,False,True
31.26510771567657,12,0,14.710979549886723,1172.005970321463,3,0.8524383986062756,0,A,True,False,False,False,False,False
57.5831826401963,20,0,4.089424148287379,2445.6880351543678,1,1.7734832055597523,0,A,True,False,False,False,False,False
6.720422876249,7,0,24.39210611502982,825.0704675539869,5,1.3546091666315756,0,A,False,False,True,False,False,False
98.85427386358026,12,0,7.516995736836156,902.4435870616759,2,1.808801599930566,0,A,False,False,False,True,False,False
86.49806447573063,14,1,9.202803283654847,3488.4615184251306,5,1.641501182392935,1,A,True,False,False,False,False,False
33.409150552076014,19,0,15.594769806000933,2636.744321730075,2,0.5567254254970615,0,A,False,True,False,False,False,False
182.56557328440584,19,0,21.524149468021335,1920.8145156198857,2,0.7167661780551616,0,A,False,False,False,False,False,True
14.111706219327921,12,1,3.9422139300561305,975.77015659828,3,0.39815581786378273,0,A,False,False,False,True,False,False
211.34477229946938,22,0,50.851337972336545,1031.6071050758287,5,0.4590365092277906,1,A,False,False,False,False,True,False
65.71928402033286,4,0,14.605681441150146,465.0556312343661,4,0.4054835529893553,0,A,False,False,True,False,False,False
36.457124254193054,21,0,0.08481870825016616,873.6615454830112,2,0.32319402122586266,0,A,False,False,False,True,False,False
53.31147706588437,21,0,8.058114067323164,1157.3702598672257,2,0.8878260452731485,0,A,True,False,False,False,False,False
48.00390112423127,5,0,8.612281745757933,1067.5560395536022,2,1.7993229418238903,0,A,False,False,False,False,False,True
236.11984069668335,4,0,24.845189591074302,1389.7512852782559,3,1.1942759087763564,1,A,False,False,False,False,False,True
14.999022720825804,12,0,5.460668512288458,2668.253887324694,3,1.4159304148884049,0,A,False,False,False,False,False,True
21.86696199422262,4,0,6.034647983517771,327.3097178336152,4,1.0273755043018806,1,A,False,False,False,True,False,False
189.34362206836946,12,0,1.096531749789484,660.7672802084845,1,1.0746597058833236,0,A,False,False,False,False,False,True
26.71854992119277,23,0,5.001619034761181,2739.5674217301794,7,1.4747293412207771,1,A,True,False,False,False,False,False
160.87693483621555,19,0,18.93259590084817,7886.95072799669,1,0.921618241153443,0,A,False,False,False,True,False,False
419.60893887106704,22,0,15.107882598796206,464.52850727003363,5,1.0648305520265342,0,A,False,False,False,False,False,True
33.71173403387301,7,1,1.2734710685858952,664.9435230546513,1,0.8158794267452396,0,A,False,False,False,False,True,False
123.67223401192639,8,1,1.827327137436556,384.9415579080061,1,0.5438647703311378,0,A,False,False,False,False,True,False
13.674998825100461,20,0,7.096348938808921,215.0272674124751,1,0.937811467108663,0,A,False,True,False,False,False,False
135.05471028078367,18,0,20.42448060405448,1365.923347774988,1,0.5555318654380923,0,A,False,False,False,False,False,True
69.35989254145606,19,0,26.83908350604161,1764.0980544334,9,1.5529558265850074,1,A,False,False,False,False,False,True
96.31710630476569,14,0,0.2209804261326906,862.89835354155,5,1.2768672627181732,1,A,False,False,False,True,False,False
25.16146137864749,21,0,5.985028584495933,869.184724743646,4,2.106195240296347,0,A,False,False,False,True,False,False
7.4387282591130575,9,0,8.28153519021592,1003.3637376031813,3,0.6758259316088381,0,A,False,False,False,False,False,True
99.87330949140224,10,0,36.30918419768315,695.831716556439,3,0.5033754831879336,0,A,False,True,False,False,False,False
4.590166128656928,4,0,10.43946390336515,1059.0591228510925,4,0.46617719726255885,0,A,False,False,False,False,False,True
37.30694152901678,8,0,4.714513773116352,3325.962624742701,5,2.1977695712447947,1,A,True,False,False,False,False,False
168.9188191922154,10,0,7.415602211966412,565.717957250069,2,0.8200617940960431,0,A,False,False,False,True,False,False
68.73628893934614,18,0,8.60207415967859,874.4246309517132,2,0.47246266472802134,0,A,False,False,False,False,False,True
565.6701722166204,1,0,16.629751802145886,990.1777551435285,2,1.2651275333372847,0,A,False,False,False,True,False,False
186.81727182271325,5,0,0.6293361634406285,696.4508764228428,4,0.8461851828197985,0,A,False,False,False,False,False,True
24.91131041842112,22,0,7.400967187805176,1157.87361875016,3,0.6231478913281664,1,A,False,False,True,False,False,False
56.41731166503491,20,0,15.600395481934004,148.41799025467049,3,2.103231807356699,0,A,False,False,False,True,False,False
51.58109126347722,0,0,4.996936091048587,1734.2515892118743,2,0.9317512792631479,0,A,False,True,False,False,False,False
8.1775114775729,2,0,13.438170194066958,503.8284505399938,3,1.3278266241257703,0,A,False,False,True,False,False,False
17.663869818991657,2,0,6.630666656022446,559.745794243942,2,1.2417644738278026,1,A,True,False,False,False,False,False
27.85707327331093,13,0,21.327011844073734,959.1076311442225,2,3.8893005435859207,0,A,False,False,False,False,False,True
4.7423623449874786,19,0,0.9376717988285928,360.7705479612914,2,0.9042310677520432,0,A,True,False,False,False,False,False
57.80019572405779,21,0,37.508587337803,3181.0449198407614,3,0.6068667261892653,0,A,False,False,False,True,False,False
40.49237911540708,4,0,2.8241144517852534,567.3193967433947,3,0.7120090281165892,1,A,False,False,True,False,False,False
7.334045828673534,16,0,2.5893783397483805,9010.566142822727,7,1.6403390585178683,0,A,True,False,False,False,False,False
88.6818670515441,14,0,27.54911946096228,1815.5798430181271,4,1.1334709994714132,0,A,False,True,False,False,False,False
128.90133846381795,5,0,30.520800136114723,696.0106124669662,0,0.7904184534246071,1,A,False,False,False,True,False,False
71.69646004560511,13,0,1.4637510962639415,858.2387177701388,6,1.1870825772946991,0,A,False,False,True,False,False,False
37.007410994986955,13,0,35.90717744364729,1235.057563228677,6,1.9429751101072967,1,A,True,False,False,False,False,False
111.02224449628838,16,0,4.788579087066673,4268.323316633286,1,2.2925121385573997,0,A,False,False,True,False,False,False
123.50287468169981,7,0,14.459451672314625,2345.4416253254826,4,1.202641023117444,0,A,False,False,True,False,False,False
78.9554906077623,7,1,1.0658918912702537,2208.7975669947236,5,1.7640232425878195,0,A,True,False,False,False,False,False
20.296841838330213,18,0,7.186539929687496,858.8063823256298,6,0.4910690263385232,1,A,False,False,False,False,True,False
76.09030956708685,8,0,8.987330107242611,696.7724345102155,1,1.36488579928412,0,A,False,False,False,False,False,True
229.1958277155536,10,0,13.737858738481636,1826.0747686122286,1,0.913688060673547,0,A,False,False,False,True,False,False
26.68349287056004,12,0,11.175198154919572,3187.0673022570695,3,0.5630647316834556,0,A,False,False,False,True,False,False
676.9024743748064,12,0,9.284320678336686,981.9852263622296,5,0.6274823169178683,0,A,False,False,False,True,False,False
29.05651943290463,23,0,48.14881995641902,634.1361277196521,3,0.6648853854606925,0,A,False,False,True,False,False,False
56.76321064734061,18,0,3.0689267003407448,479.7971908110753,7,1.1579231482111494,0,A,True,False,False,False,False,False
24.36182321814481,20,0,2.579526191995619,287.49158487742824,4,0.574883574036138,0,A,False,False,False,False,False,True
71.37338231310332,18,0,18.74601409170695,767.0521811581925,3,1.4251391856122921,0,A,False,True,False,False,False,False
6.748592528443689,4,0,1.162158149823051,894.6996744391076,5,1.6192412091203388,1,A,False,False,False,True,False,False
28.35348191263365,15,0,9.892537151836972,1079.1714221534742,3,0.942144827532302,0,A,True,False,False,False,False,False
14.72364285994365,8,0,9.92627194339659,1691.399225893545,6,0.901898061896964,0,A,False,False,False,False,False,True
64.22586540397457,19,0,5.566505903994478,753.6935029652667,3,1.0813096098074029,0,A,False,False,False,False,False,True
180.06841294731333,21,0,39.984290724449544,4611.127108586623,1,0.7813266565749541,0,A,False,False,False,False,True,False
118.53489911754377,2,0,4.980643048499426,440.99978732206154,2,2.0762240221159765,0,A,True,False,False,False,False,False
3.17087877946806,18,0,5.104474195979496,1893.5637293827524,1,0.3516058988841073,0,A,False,False,False,True,False,False
633.0083312015793,4,0,4.004471762091546,413.3743170048254,1,0.8240751667292195,1,A,False,False,True,False,False,False
77.81513338187735,7,0,2.3636387050923715,555.3705979363505,2,0.4572845638570092,0,A,False,False,False,False,False,True
21.50318430569391,13,0,6.788611476246719,1373.0648537235968,2,1.3338348952588428,0,A,False,False,False,False,False,True
65.92735821567119,23,0,17.13316232561689,2527.3825791887602,1,1.1127295262751162,0,A,False,True,False,False,False,False
67.45277929063047,2,0,20.33140716649186,876.8756946126675,2,1.4575603437896865,1,A,False,False,False,False,True,False
24.527171397539302,23,0,25.18334054901291,1173.4356512056831,3,1.0831881470061306,0,A,False,False,False,False,False,True
69.23454898417252,12,0,3.3011717284868554,3011.4766921031564,2,1.216492342577166,0,A,False,False,False,False,False,True
26.338539712437285,10,0,0.5442454222150246,412.52011379735717,0,0.6461864162990676,0,A,False,False,True,False,False,False
33.60804956864015,7,0,55.14588129565094,2030.2336998769865,5,1.07683407725636,0,A,False,False,True,False,False,False
23.961899237035155,18,0,0.21654332870290105,631.9102126195146,2,0.6763244449616542,0,A,False,True,False,False,False,False
9.784450602003021,9,0,48.53988646023832,1332.0529779495355,6,1.3581280958516158,1,A,True,False,False,False,False,False
65.04008448824447,17,0,26.475105604031242,1688.826526412158,5,0.6225718236306794,0,A,False,True,False,False,False,False
110.20687968124423,17,0,36.46902574028865,428.12089829444534,4,0.772739904029747,0,A,False,True,False,False,False,False
101.27709906795069,6,0,7.345400188469283,603.5035721362015,0,0.9587863917972295,1,A,False,False,True,False,False,False
146.0443442251945,15,0,3.29478227868559,1868.1170656968843,6,2.1511749084758955,0,A,True,False,False,False,False,False
80.57659736012238,5,0,13.988728929938162,890.6143804393956,4,1.0159014900232528,1,A,False,False,True,False,False,False
28.81019743685338,15,0,20.278461883814334,619.5979058685396,6,2.7475646473163327,0,A,False,False,False,False,True,False
149.54489328990365,15,0,2.103784332730545,1281.4990471245792,4,1.9961016673009506,0,A,False,False,False,True,False,False
10.7078696472935,22,0,23.964234676009973,462.4164252543924,2,0.8591313417173145,0,A,False,False,False,True,False,False
18.526355520189195,23,0,3.5091496401655657,425.7649514444349,2,1.2236076435677044,1,A,False,False,False,False,True,False
17.166501786612507,0,0,10.149581743641667,162.27614160384945,8,1.3195844586810712,0,A,False,False,False,True,False,False
199.550486797317,23,0,29.11946926139822,1462.3967375758778,3,0.2293163569234729,0,A,True,False,False,False,False,False
169.24480498071875,18,0,3.224366776591876,1125.0622661678374,5,0.4241854597111996,0,A,False,False,True,False,False,False
97.98028495011886,2,0,4.153795882134739,1689.9801783432897,1,1.2516579349567063,1,A,False,False,False,True,False,False
197.61404055982658,5,0,0.9724169485922004,2914.598636801248,4,1.291751249434152,0,A,True,False,False,False,False,False
19.00801364633052,3,0,2.3781516647841365,904.1098209714145,6,1.078811020753526,1,A,False,False,True,False,False,False
82.95631499133638,3,0,2.3765998327949784,1037.2880649179156,2,0.5729387369705106,0,A,True,False,False,False,False,False
46.98322795209903,3,0,3.411556998780568,1443.1295942610748,1,3.3399144060239574,0,A,False,False,False,False,True,False
150.8458605905172,9,1,5.057295362932085,695.0182080109711,4,1.3277744596699408,0,A,False,True,False,False,False,False
47.54758128554874,8,0,25.309643043133683,341.6657027685119,3,1.66484287831735,0,A,False,False,False,False,True,False
34.40041175424637,7,0,37.11196924956621,436.46854166159915,3,1.5943815906698589,0,A,False,False,False,True,False,False
104.48987975581598,18,0,7.820227160216347,1062.252098312637,2,1.0765129379766152,0,A,False,False,True,False,False,False
156.241517732271,16,0,2.058082614410144,2440.1944995683516,1,1.0433330237588492,0,A,True,False,False,False,False,False
24.483165677722344,16,0,3.8003677035762293,3842.424990313766,3,1.5709581693994077,0,A,False,False,False,True,False,False
50.73972804478191,0,0,19.988800435844038,873.2638707160779,4,0.769801450182324,1,A,False,False,False,True,False,False
15.3309128787999,19,1,16.971318318504732,1254.2296971732114,3,1.6266088101452976,0,A,False,True,False,False,False,False
2.724614033520697,13,0,51.263240974543415,4898.310276687595,6,1.0919624835980521,0,A,False,False,False,True,False,False
69.44614483305972,21,0,0.21891999756173838,1658.1482266949595,2,1.3442942490763292,0,A,False,True,False,False,False,False
113.37335823647764,19,0,20.84001025990469,1223.8711393456545,1,1.0932272623558477,0,A,False,False,True,False,False,False
74.77474325210792,10,0,10.57203054308224,1297.4125908654196,1,0.6418138447736808,0,A,False,False,True,False,False,False
5.262077647048258,2,0,34.94826184569693,1746.8492686504107,1,0.9193659720151438,0,A,True,False,False,False,False,False
35.83699299967753,23,0,12.876225005847052,413.1293234990269,5,1.8414844761763434,1,A,False,True,False,False,False,False
3.8113470685078776,7,0,8.876948969681129,2015.1205329350637,4,1.3800441269943506,0,A,False,False,False,False,True,False
282.48948514977366,21,0,16.442506635553215,1558.2097914395847,3,1.737589512606504,0,A,False,False,True,False,False,False
14.831221231205038,9,0,26.893511600308393,2619.109528354971,3,1.600178323336812,0,A,True,False,False,False,False,False
246.2837511953152,16,1,4.979704660280817,1628.3087937660555,0,0.752184329771982,0,A,False,False,False,False,True,False
169.87172143558806,7,0,1.7063860041939707,2482.4439996634487,4,0.4585764809268886,0,A,False,False,True,False,False,False
18.528157035954944,21,0,8.511418957091156,524.108890025507,3,1.5274918225239533,0,A,False,False,True,False,False,False
14.022428149992749,0,0,3.62190181763784,680.5190746519962,4,0.9185481604068435,0,A,True,False,False,False,False,False
83.13320988755613,19,0,8.419714297641338,1239.1309672178493,2,1.4123191696237827,0,A,True,False,False,False,False,False
19.822371138625975,20,1,70.7384641648589,601.2626599579612,1,2.014141495438468,1,A,False,False,False,False,False,True
61.74305938638572,6,0,12.804038683427944,2174.1412979250376,1,0.83770516239761,1,A,False,False,False,True,False,False
30.58797295562317,23,0,17.74296852633855,353.38920344786516,5,0.6830790241518263,1,A,False,False,False,True,False,False
6.440523995977385,8,0,16.994722014721656,965.1891943006178,2,0.6001069440344866,0,A,False,False,False,False,True,False
3.756314824980055,11,0,25.780493438310906,697.0134216979192,5,0.9891482461034607,0,A,False,False,False,True,False,False
71.66633404337264,21,0,43.2705396004695,605.5052015253095,2,0.49358513105105906,0,A,False,False,False,False,True,False
27.83044886994535,8,0,16.13009261377783,366.21117281448664,5,1.1927365986286187,0,A,False,False,True,False,False,False
28.11469011702158,19,0,9.69666346099258,1133.9250374134058,3,1.2214042337623605,0,A,False,False,False,False,False,True
125.84318985319977,23,0,5.737166590545204,1026.0933229413286,4,1.218104371380145,0,A,False,False,False,False,False,True
223.21395076000357,2,0,6.700736826668965,5031.67426847059,4,0.4295797190651934,1,A,False,False,True,False,False,False
39.367725637575155,3,1,6.107812541470059,8025.155508269027,1,1.8131283953895772,0,A,True,False,False,False,False,False
36.28054153605503,9,1,5.883765550345269,466.6717767745467,3,1.065840790319077,1,A,False,True,False,False,False,False
99.50139256917016,3,0,17.793221456311674,239.26900831555864,1,0.7984013988579259,0,A,False,True,False,False,False,False
10.71535025159008,21,0,13.29038911380579,419.6721191354861,2,1.3837293669384725,0,A,False,False,False,True,False,False
71.36329529716602,8,0,3.384607082629852,1043.6842581244289,4,1.3747625585677898,0,A,True,False,False,False,False,False
105.87542489992364,21,0,52.41253396021355,2697.6510177514697,3,0.5639250504408496,0,A,False,False,False,False,True,False
123.50433418914237,0,1,8.3720480166092,746.0780104946815,3,0.9755621631677747,1,A,False,False,False,False,False,True
5.343584898278458,4,0,12.523647682544542,1741.7092594804997,6,0.7409205698502616,1,A,False,False,False,True,False,False
21.89752630272706,8,0,18.190207436513436,578.6902587229677,1,0.8109599363893991,0,A,False,False,True,False,False,False
19.031282956475938,4,0,14.266236703432908,742.7073156270795,3,1.2990040196823962,1,A,True,False,False,False,False,False
61.55089202972345,5,0,5.588837210395995,1253.177113996652,2,0.64706374173889,0,A,False,False,False,False,False,True
97.21193536232646,18,0,23.97054043642545,1086.9080425953323,6,1.3199060599909547,1,A,False,False,False,False,True,False
328.99826886242045,7,0,1.7505968984874225,1065.4508281043081,0,0.6297035478051732,0,A,False,False,False,False,True,False
30.14567379702295,9,0,12.624562869966972,461.53634418419324,4,1.8288069911038893,0,A,False,True,False,False,False,False
30.051512786561492,10,0,4.788978629231773,2924.02112864402,6,0.7218047562769032,0,A,False,False,False,True,False,False
216.9368771803801,12,0,14.347411254127161,2906.384451793259,4,3.1502820200102764,0,A,False,False,True,False,False,False
77.93633895782003,19,0,3.6883830339348926,2945.5988310208736,4,1.502106372852689,0,A,False,False,False,False,False,True
249.93023362733538,3,0,22.189285716041482,637.9248708842977,3,0.9084410663116937,0,A,False,False,False,False,True,False
77.20572432827592,10,0,3.872554531215742,1206.5401620675893,3,0.6215898172311538,0,A,False,False,False,False,False,True
13.61892075068743,11,0,33.16269218687115,720.6114925943746,3,1.2973888886808365,0,A,False,False,True,False,False,False
11.025888131864624,4,0,29.659221833446995,502.81717493938083,3,1.6605454669798039,1,A,False,False,False,False,False,True
8.484027695442592,9,0,6.750508227283807,1377.4241337555482,2,1.3649256770195093,0,A,False,False,False,True,False,False
120.83937709457011,23,0,7.312015567947764,200.7638338935331,1,0.7488099684730086,0,A,False,True,False,False,False,False
227.31033257591713,6,1,18.134953946388773,2159.1547876217096,3,2.0409381910124442,1,A,False,False,False,False,False,True
502.3185949414966,20,0,1.4208186754528658,432.61221854967823,4,1.1567105228163543,0,A,True,False,False,False,False,False
150.16375502443663,8,1,1.2657220454067162,853.7073074191596,4,0.722343567489108,1,A,False,True,False,False,False,False
220.39167251153938,8,0,2.1983671261607665,178.52008541696284,3,3.0280949795616725,0,A,False,False,True,False,False,False
27.22077315676143,9,0,12.399332979883772,4657.369524853934,1,1.3858770856275808,0,A,False,True,False,False,False,False
13.63037856758861,9,0,2.4201878818814038,1856.7436471871574,3,1.2262271395756261,0,A,False,False,False,False,False,True
151.4257186699119,1,0,4.878002998283822,1174.6169976471108,2,0.7852636809804104,0,A,False,False,False,False,False,True
90.12674006757813,3,0,15.615544250932857,632.3830140338026,4,0.9824529187921436,0,A,True,False,False,False,False,False
62.11162995162447,7,0,0.23620673109312343,467.5090055509273,3,0.6657996029088876,0,A,False,False,False,False,True,False
86.90762533056365,13,0,2.9810928996906982,934.2579289648899,3,1.0969851436151405,0,A,True,False,False,False,False,False
80.465021860685,16,0,39.87404995255739,1396.56198643996,2,1.3153068717174363,0,A,False,False,False,False,False,True
254.82581461816568,12,1,16.340817529283203,912.4428511195097,3,0.38057658193062566,0,A,False,True,False,False,False,False
258.26409922870135,20,0,5.469550771346818,1676.9564774024939,0,0.524849453255804,0,A,True,False,False,False,False,False
104.90596975676677,23,1,0.6954256577340775,4839.581768700429,4,0.6342516088460805,0,A,True,False,False,False,False,False
150.65062994417212,17,0,13.230108102344373,464.73965903717993,1,0.47123307289770194,0,A,False,False,False,False,True,False
101.17736470468785,17,0,3.7821432611176795,1325.027969385888,5,0.6614958356604201,1,A,False,False,False,False,False,True
31.393357362150162,12,0,48.34907159101061,4415.925183885471,3,2.0895071322267,0,A,False,False,False,False,False,True
135.35183993813504,7,1,17.421410276564252,855.2525808465862,2,1.7695818196954836,1,A,False,False,True,False,False,False
10.243116483182423,11,0,54.816524828381546,981.190812047588,4,0.7332922134671906,0,A,False,False,False,False,True,False
193.3824554967495,22,0,28.347091689786218,1586.0596990683289,1,1.3184307812062384,1,A,False,False,True,False,False,False
13.021117626179674,23,0,9.896481499913502,1883.482680690815,7,0.5625796727826397,1,A,False,False,True,False,False,False
76.93523347071643,20,0,16.610095574673473,2539.737377096332,2,2.6594288251131664,0,A,False,False,True,False,False,False
19.802639757276776,0,0,25.078255017159105,1196.8187431705865,3,0.9062991355093434,0,A,False,False,False,True,False,False
106.06655555698441,19,0,12.947594951099243,580.6308179593765,3,0.3636228673780273,0,A,False,False,True,False,False,False
52.42008025462272,17,0,0.9518865742448994,1717.4743349128437,5,3.0534993209625187,0,A,True,False,False,False,False,False
8.054998659447245,2,0,9.535810932766555,505.96559455373296,3,0.8608613798510385,1,A,False,True,False,False,False,False
90.45383022079524,11,1,2.098819282113479,1430.1952964925733,0,2.764822396324888,1,A,True,False,False,False,False,False
27.289310474477976,18,0,18.820929185154913,1166.5441686593433,2,1.5821137247159383,0,A,True,False,False,False,False,False
157.17755108206273,12,0,17.121023676191363,1143.891868169143,3,1.1593163151586712,0,A,False,False,False,False,False,True
54.68507533925375,9,1,74.23222456864632,1026.7585247073966,5,0.3993232527659705,1,A,False,False,False,True,False,False
87.75116884828569,14,0,14.86561026171092,2444.324601309362,3,1.0559466526014027,0,A,False,False,True,False,False,False
17.303646402100252,19,0,24.15191793471746,1798.0048096318462,3,0.458397369596271,0,A,False,False,False,False,False,True
26.918164589958515,1,0,4.685521219180427,1911.5208265457654,4,0.8471751055171898,0,A,False,False,False,False,True,False
31.488853834165397,18,0,6.233280198908802,756.7866384188732,6,1.0843730068193107,1,A,False,False,False,False,True,False
152.63401183520688,2,0,37.33810366810253,294.8117424434575,2,1.9435033815653902,1,A,False,False,False,False,False,True
408.6473280116635,13,0,21.10923164501945,798.1536413911498,6,0.7396280214453359,0,A,False,True,False,False,False,False
20.775904919852916,6,0,15.974870749245959,1554.0255933750343,1,2.93531362575404,1,A,False,False,False,False,False,True
198.78379435866455,7,0,4.396002013385704,1125.4273558701395,5,0.46393513025091826,0,A,False,False,False,False,False,True
4.040575364261546,10,0,17.988656494363866,775.71132886658,2,0.6653886024264132,0,A,False,False,False,True,False,False
13.026330324856515,21,0,32.67417011849493,1309.1649030307728,2,1.0932963396598048,0,A,False,False,False,False,True,False
17.278550082208053,19,0,3.936018247698942,885.5832747370544,3,0.31252566292905537,0,A,False,False,False,False,True,False
10.772424400619181,5,0,18.368957881328672,1140.2917324916434,3,0.5543044201591719,0,A,False,False,True,False,False,False
8.163670893810467,10,0,7.505555894990822,223.39814990050243,1,1.2626045107285628,0,A,True,False,False,False,False,False
89.62180901654128,16,0,1.8965052662418003,2025.790066427129,4,1.593975422888703,0,A,False,False,False,False,False,True
42.22948875745417,9,0,21.624612184305743,1790.5156994818835,2,0.6141363632410852,0,A,False,False,False,False,False,True
86.08080749553298,23,1,2.743287945089448,5941.989843887914,2,0.7677507652798572,1,A,False,True,False,False,False,False
125.031689771727,16,0,4.373268690697702,620.4547671339535,2,1.2869012199070906,0,A,False,False,False,False,True,False
75.09397970239274,20,0,22.91386302569503,733.2197933541797,3,0.4207728905737335,0,A,False,True,False,False,False,False
120.21908798682054,1,0,20.32965749270733,1260.6856617619594,5,0.9131817518804245,1,A,False,False,False,True,False,False
50.22742822691762,5,0,4.39912658603191,1067.1139790194018,2,0.8890093420658278,0,A,False,False,True,False,False,False
13.13930256014295,4,0,42.444273870261576,3881.1747675452507,1,2.4167062267477264,1,A,False,True,False,False,False,False
194.29488232228184,3,0,3.6365245690882273,791.0292989651452,1,1.306720206130522,0,A,False,False,False,False,True,False
26.925275110829247,1,0,75.82401622424665,969.7333498825578,0,1.0094424520865668,0,A,False,False,False,True,False,False
17.765963102500557,11,0,20.08543020156601,699.4030143620801,2,1.4681996073292733,0,A,False,False,False,False,False,True
44.10170963940097,2,0,7.476236447871545,3710.4128641094535,1,1.1166405747911783,1,A,False,False,False,True,False,False
18.258430103318133,5,1,2.0949530231878755,1619.3127318644697,5,0.6273786386315122,1,A,True,False,False,False,False,False
33.085116927514996,23,0,5.7961904431717945,3853.3905333487496,1,1.4326282769619698,0,A,False,True,False,False,False,False
82.50547921612309,13,0,3.2302074244199965,11294.269451595605,1,1.5362432428789516,0,A,False,False,False,False,True,False
82.93109539910598,7,0,14.586551985441476,595.7066378107276,1,0.8521438632373644,0,A,False,True,False,False,False,False
18.589630407628054,20,0,6.620779692477324,2598.1504796016143,3,1.1050621868551986,0,A,False,False,False,False,False,True
30.40945416888225,20,0,5.2435166378938,893.0207779776441,3,2.654890002949737,0,A,False,False,False,False,False,True
198.1847359825854,13,0,21.22863149967587,632.6305766709829,4,1.1095220598554136,0,A,False,False,False,False,True,False
99.05548436571571,2,0,3.932153311965711,339.33022508759336,1,0.9026016589021646,1,A,True,False,False,False,False,False
658.5747611375787,15,0,13.260595880660246,6019.100771001102,4,0.6049120881337777,0,A,False,False,True,False,False,False
225.0120167350996,14,0,3.2461706902762475,2444.5783472534345,2,0.6378839736532331,0,A,False,False,False,True,False,False
215.5411154446389,6,0,18.81839563098972,915.6709809399503,3,1.0490651518525949,0,A,False,False,False,True,False,False
10.324892626814652,14,0,14.717298932559242,1803.613825529798,5,0.7307675221030209,0,A,False,False,False,False,False,True
136.54202216827414,12,0,24.003717699496466,257.9638089894061,2,1.3487345675353464,0,A,False,True,False,False,False,False
51.22726131805092,5,0,1.0643392289105018,1016.8809400546106,4,0.8101049729589842,1,A,False,True,False,False,False,False
28.185899516660154,14,0,3.5378373422470895,596.1336466571357,7,4.197182060841769,1,A,True,False,False,False,False,False
66.79434415629072,16,0,2.516703433442744,3485.812422522902,0,1.123004655055574,0,A,False,False,True,False,False,False
169.7376214487297,3,0,3.17121241073993,3678.391953843889,1,0.4539579727067677,0,A,False,True,False,False,False,False
99.58364150712639,21,1,1.6307266927889699,2235.8155260166072,2,1.099288950807737,1,A,False,False,False,True,False,False
19.026475153746862,21,1,12.385850635057457,2339.963242645593,0,0.8310204918758873,1,A,False,True,False,False,False,False
133.08003262601233,13,0,13.500039358294242,652.0400458996633,3,1.4314057970380862,0,A,False,False,True,False,False,False
25.40370296719691,14,0,27.8195071752167,1946.0634377648003,2,1.0026089445684716,0,A,False,False,False,True,False,False
70.81138145238337,11,0,8.112525956369023,363.7596630078784,4,1.2304367216982,0,A,False,True,False,False,False,False
37.939011847378964,18,0,11.401640364084294,326.5780656927616,4,3.88231398786543,0,A,False,False,False,True,False,False
41.987018951079655,21,0,71.17348441786577,1007.8907623538265,4,0.8992996272642997,0,A,False,False,False,False,False,True
136.9329746591632,9,0,11.384340290635832,1675.9858677624347,5,1.444993822766266,0,A,False,False,False,False,False,True
15.670305252269525,5,0,12.784819924831,1769.598829239482,4,1.7394584362663623,1,A,True,False,False,False,False,False
563.5376180657727,8,0,82.5153732409031,401.1689519002461,2,1.168872356817986,0,A,False,False,False,False,False,True
6.1392139748982055,1,1,77.06692913801812,316.9494660980105,6,0.44671047849809475,0,A,False,True,False,False,False,False
26.650256626939367,3,0,8.27550714934436,764.1486350220783,2,1.4753758405873663,1,A,False,False,True,False,False,False
85.1363652407002,8,0,15.115683955322735,543.9574631050627,5,0.36963932242688674,1,A,False,False,False,True,False,False
110.07665642993003,14,0,9.8320641569841,1789.3613603356268,3,2.3488096714850277,0,A,False,False,False,False,True,False
48.3965792859089,12,0,19.13286195537543,487.70471248725704,3,0.5209262332167606,0,A,False,False,False,False,False,True
50.9645940031013,19,0,41.803119294136,5194.946839327415,4,2.6677544268703484,0,A,False,False,False,False,False,True
89.35883364802477,7,0,5.55855070901164,1465.406804380401,2,1.0427836793960623,0,A,False,False,False,False,True,False
41.376646482762716,18,0,25.628532290152197,975.0207784687747,1,1.5481844683239308,0,A,False,False,False,False,True,False
290.56215425148486,18,0,15.95659622668275,437.96404464548954,2,1.2912276662982405,0,A,False,True,False,False,False,False
149.48842081339674,15,0,4.931411525301442,381.11348687530796,5,1.6258331392098095,0,A,False,False,False,True,False,False
155.6156556198989,10,0,23.940398088014334,848.3270270999805,2,0.3732344688356001,0,A,False,False,False,False,False,True
17.126242426265584,9,0,8.356526016205867,690.1629602171643,0,0.725060228246918,0,A,False,False,True,False,False,False
49.63686932262822,7,0,1.9242721375009633,274.3863331354648,3,1.2257431645432197,0,A,False,True,False,False,False,False
38.070544067616005,0,0,75.34750621991707,3285.6059882755276,4,1.0264220457141215,0,A,False,True,False,False,False,False
16.334482255999013,9,0,8.317648916313331,452.969267983617,3,0.8181206841787668,0,A,False,False,True,False,False,False
84.11601868624214,17,0,11.698644014983625,1454.0250071827847,5,1.1007188932165586,1,A,False,False,True,False,False,False
28.64059424526049,2,0,24.750909118154844,1562.0653312378531,2,0.8955669361977806,0,A,True,False,False,False,False,False
119.87920320486202,10,0,48.615339647891254,300.342817853269,4,3.0168912846156215,0,A,False,False,True,False,False,False
15.11624698293971,17,0,30.940282665343346,806.1158178064871,2,1.9569800761587395,0,A,False,False,False,False,True,False
429.59750498303697,2,0,11.168287464692323,355.06239234925954,3,2.100566562830061,0,A,False,False,False,False,False,True
18.623063946652735,7,0,11.834833016432384,1519.4124785117904,3,2.4686403365471774,0,A,True,False,False,False,False,False
71.03429614015354,13,0,4.946050240996824,1152.8743272664476,5,1.2782636067719437,1,A,False,False,False,False,True,False
141.20760345851482,5,0,9.320852580784926,1030.8861981106136,3,0.6268187857026402,0,A,True,False,False,False,False,False
27.52876570925542,14,0,44.016420267039386,568.9896049844906,2,0.8696665566497817,0,A,False,False,False,False,False,True
151.86050544171124,13,1,19.471007769337586,2820.9511146225323,1,1.19266380291803,1,A,True,False,False,False,False,False
12.49064148416285,6,1,0.17922128529176995,810.5691513388452,0,1.0789884833774976,1,A,False,False,False,False,True,False
311.8559052621494,9,0,1.8580749500806122,336.3399161289305,4,0.5153369478294941,0,A,False,False,False,True,False,False
55.533093257381154,14,0,38.61812590405742,515.205795300924,0,1.1953990530084742,0,A,False,False,False,False,False,True
26.690462996003916,9,1,28.329276280191205,220.1514143751624,3,0.5712052793100086,0,A,False,True,False,False,False,False
38.12925644241733,21,0,9.987780555032518,649.7082080533083,5,2.6411363291894574,0,A,False,False,False,False,False,True
144.12819163763774,16,0,14.39495375236409,529.9363628977505,9,1.4766573373197227,0,A,False,False,False,False,False,True
27.076160375227126,18,0,5.129877843995997,1911.5364304038155,2,0.9092189565877749,0,A,False,False,False,False,False,True
22.215067451613425,16,1,23.61328795627291,1733.299394527968,3,1.032445972469443,0,A,False,False,False,True,False,False
41.85269045407295,11,1,13.869283987321364,1300.011565940987,4,2.3698899294046134,1,A,False,False,False,False,True,False
13.298423105151285,14,0,17.803083121092094,2339.5098447982796,3,0.47356649923642913,0,A,False,True,False,False,False,False
485.2444038774526,11,0,7.047890706967319,427.2107667403792,1,0.78672795871258,0,A,False,False,False,False,True,False
27.669382875774545,8,0,8.443314690380936,1414.676483926074,1,1.3058209450598521,0,A,True,False,False,False,False,False
148.1077639228374,4,0,3.4918883596934807,347.0946338641808,3,0.35758957976787553,1,A,True,False,False,False,False,False
70.20110842080905,3,0,44.36283768039212,748.8387786176407,4,0.9323276348303013,0,A,True,False,False,False,False,False
16.75269497605154,11,0,43.93709992603225,1440.7919040685551,7,0.8008192769998601,1,A,False,False,False,False,True,False
54.2094012903112,15,0,25.53574127524185,716.65119358439,2,3.4362826307978254,0,A,False,False,True,False,False,False
139.88257702986198,8,1,41.129174726305024,4050.5301669966325,4,0.9348231624960565,0,A,False,False,False,True,False,False
43.55769572961634,2,0,16.419067325711506,830.1208662870544,2,0.597078615128804,0,A,False,False,True,False,False,False
228.54555023046544,20,0,4.011367137950842,2081.0560613796233,1,0.6423086760884329,0,A,True,False,False,False,False,False
186.0133548376736,2,0,21.419908745790174,887.472328306797,2,0.26018733345056894,1,A,False,False,False,True,False,False
164.46500723315492,17,1,5.901778060963649,1218.4485075497544,5,2.323241906849152,0,A,False,False,False,False,True,False
31.450405397074068,16,0,8.710185372957286,818.9106011033805,4,1.0557130975023956,0,A,True,False,False,False,False,False
14.942194592555893,9,0,4.810315498061271,1263.5953461019442,6,0.916541306492259,1,A,False,False,False,False,True,False
26.14596492320301,1,1,8.264871611591827,4364.759475454014,7,1.6004361804946976,1,A,False,False,False,True,False,False
69.0954670523138,23,0,17.05954984462336,3768.853771646501,4,1.3155245196791354,1,A,False,False,False,False,True,False
105.10333995827621,10,1,1.7583011342442816,742.679817450212,5,1.008058559559474,1,A,False,False,False,False,True,False
4.0314024354317235,23,1,1.6674418952730197,913.0546488916882,0,0.6059701900201201,0,A,False,True,False,False,False,False
54.06917028448044,2,1,17.269282804090825,1142.154084647019,3,0.7627248609662279,1,A,False,False,True,False,False,False
66.00345376221618,22,0,22.683386327221253,1832.9273989113367,3,1.064264792421779,0,A,False,False,True,False,False,False
39.13224832565704,22,1,12.026584779963668,4834.767315138236,6,1.3973051031738686,1,A,False,False,True,False,False,False
257.116324452123,1,0,3.006812708118176,3067.9172034032963,1,0.5137130004335778,0,A,False,False,False,False,False,True
90.57118255432415,8,0,8.451714069129876,885.8911869968424,1,0.9579722465002105,0,A,False,True,False,False,False,False
263.02005649229847,18,0,21.293146726343977,1513.8422613904936,6,1.908877294727742,1,A,True,False,False,False,False,False
42.13367809222161,1,0,17.362689885890603,1313.6680087019524,4,0.5380406044104261,0,A,True,False,False,False,False,False
168.1695994991908,18,0,1.745740187402641,675.4551458263128,3,1.4507818209203789,0,A,True,False,False,False,False,False
388.41706551185854,1,0,52.17790730727526,2467.190792312032,3,0.5220421366205922,1,A,False,False,True,False,False,False
263.4944062562866,14,0,3.7917503021597625,146.7581772239396,2,0.7664027417947901,0,A,False,False,True,False,False,False
14.723282551837329,23,0,3.734412733040777,2452.598827647944,4,0.3715700685391221,0,A,False,True,False,False,False,False
40.26927241166737,20,0,9.238827274991715,1524.6114630206057,3,1.1627560877814072,0,A,False,False,False,False,True,False
36.08229686333721,2,0,5.945569141856171,258.48377754500456,2,0.6804919390822683,1,A,False,False,True,False,False,False
98.20974454845309,4,0,62.01436845340559,476.55599743724974,2,0.3684555158059988,1,A,True,False,False,False,False,False
124.4151883897415,10,0,1.1936010825750647,210.039057367289,3,1.0716070740072212,0,A,False,False,False,False,True,False
19.95198807332517,23,0,5.488745381252086,4261.689500550643,2,1.698930125071129,0,A,False,False,True,False,False,False
59.22869970322343,6,0,7.2365407377827475,496.05460720924975,4,1.2270729582757265,1,A,False,False,False,True,False,False
4.835996463241489,5,0,10.202249977430201,2271.4131090803558,2,1.1972169412905023,1,A,False,False,False,False,False,True
308.07214943775233,13,1,0.24813756866144118,2337.1947097161506,1,1.4802427285060153,0,A,False,False,True,False,False,False
29.522447647639755,0,0,1.2892866792447015,995.7172426805138,6,0.6979871706690794,1,A,False,False,False,True,False,False
58.38369921337227,16,0,4.472242837962967,644.4146622354116,0,1.0562925068488742,0,A,False,True,False,False,False,False
37.653290338428725,16,0,12.111614916441889,1652.777241397321,3,3.0023812305824022,0,A,False,False,False,True,False,False
215.99021160549287,13,0,21.900506707387358,1302.8906955788461,4,1.0762466803813397,0,A,False,True,False,False,False,False
1.813016930870987,9,0,17.39911624054901,2319.2291839213794,4,0.658478839568682,0,A,False,False,True,False,False,False
53.520651523741485,7,0,12.556126316865035,428.9563547825913,4,1.1907917503271568,0,A,False,True,False,False,False,False
48.08727028292331,7,0,7.5933643853934605,2484.79599836856,2,0.8267282130702812,0,A,False,False,False,True,False,False
31.67844036685047,13,0,30.683662122314356,3223.245909868103,2,0.9814278486668601,0,A,False,False,False,False,False,True
433.31799359671936,6,0,9.236475178830688,892.9990934395775,4,1.450885228122513,0,A,False,False,False,False,True,False
18.8253553381636,5,0,5.334121390024622,510.4092004252683,2,0.7638833556874258,1,A,False,False,False,False,True,False
137.84852159603813,3,0,14.88685348660229,744.9906527476145,2,0.2397980045948797,0,A,False,False,False,False,False,True
83.72213060646527,0,0,17.67043396900191,657.1391917780635,2,0.9170420695380934,0,A,True,False,False,False,False,False
248.0978197923402,14,0,7.624189148393801,948.9264940401363,2,1.2792797943451135,0,A,False,False,False,False,True,False
24.517155531119656,14,1,0.42820340806271234,607.5865584770521,3,2.3963784343121666,0,A,False,False,True,False,False,False
22.65628554760577,0,1,1.4829169083398954,1580.0413166416124,2,1.7080441546419445,0,A,True,False,False,False,False,False
203.42225426724823,19,0,28.02302196844039,1825.0325495139618,4,0.8465943091037679,0,A,False,False,True,False,False,False
90.95688199502041,2,0,0.8731455949929421,822.8707641490712,3,1.2711131027104925,0,A,False,False,False,True,False,False
8.551230442414184,22,0,13.448044639116613,229.61836222726322,6,0.8843441602050865,0,A,False,False,False,True,False,False
28.583624463672997,4,1,3.044772632101492,1563.091482045074,4,1.5567127699275671,1,A,True,False,False,False,False,False
86.80456258408918,4,0,3.8995696273382676,336.93794912451034,5,0.9237709075079236,0,A,True,False,False,False,False,False
149.2043832748538,3,0,4.7893241083462685,1338.9900374551953,3,1.4580697071523772,0,A,True,False,False,False,False,False
24.165432820083616,16,0,0.5856565568019811,1161.5312395930346,0,2.3029088429099844,0,A,True,False,False,False,False,False
1.6534976169443816,20,0,2.9262748946743002,842.8794153703512,2,3.573675985659727,0,A,False,True,False,False,False,False
102.29571882710201,19,0,15.768775094986346,1836.9576873701549,5,0.47450371044355116,1,A,True,False,False,False,False,False
12.624194511632396,13,0,10.358771082536386,1466.819947293301,6,0.40773891295144377,0,A,True,False,False,False,False,False
4.851041587752886,7,0,23.94257591068078,1495.3948804307595,2,0.626043424552778,0,A,False,False,False,True,False,False
1.8243228735944166,1,0,0.9479650120803916,2115.0143999946035,6,0.9720000391747743,1,A,False,False,True,False,False,False
145.00627715929124,7,0,32.95963870777935,788.1929555716337,2,0.7680862923665465,0,A,False,False,False,True,False,False
63.709962051631635,0,0,84.3962056642233,779.4385315117047,4,1.8670544923511287,0,A,False,False,False,False,True,False
41.64629225432073,3,0,0.23797741491865126,2596.133737616371,2,0.6729766128352815,1,A,False,True,False,False,False,False
289.11635962955717,18,1,51.462513181976384,1832.6484642566552,3,0.5730872175003562,1,A,False,True,False,False,False,False
117.30643572001956,4,0,4.035117163420962,753.1346851483772,1,1.9514963157564718,0,A,False,False,True,False,False,False
379.767814410743,4,0,17.691307326383786,220.7452443656454,2,1.3124303484472355,1,A,True,False,False,False,False,False
10.2647678383886,20,0,5.189913716500958,1500.619564101548,3,1.1603173872377763,0,A,False,False,False,True,False,False
52.38075491520198,19,0,11.066297340577819,1617.6443486165106,6,0.5730896121687544,1,A,False,False,False,False,True,False
7.845530056524238,23,0,10.713065318049109,415.7509498216591,3,1.7092861513512025,0,A,False,False,False,True,False,False
41.46050145202277,18,0,6.720238616856673,556.2234641996995,8,0.8914496197179639,0,A,True,False,False,False,False,False
40.51454216555598,11,0,18.96363440345889,791.347557749286,4,1.0700473036768638,0,A,True,False,False,False,False,False
115.8083146894843,19,1,13.730735238553557,1574.7634219623917,3,1.1857472512122285,1,A,False,False,False,False,False,True
57.666513939044016,0,0,10.64759605781399,7997.313444999608,4,1.9999458360406817,1,A,False,False,False,True,False,False
115.36356380222547,6,0,60.97701131583793,2681.6032723130656,4,1.2486018183945868,0,A,False,False,True,False,False,False
126.99251653061663,16,0,42.203492479454596,328.0764176397054,3,0.7099830240803561,0,A,False,False,False,True,False,False
724.8135235395108,1,0,46.662381906851046,773.5804684004526,3,0.9967744450198948,1,A,False,True,False,False,False,False
37.399001778754254,10,0,31.970367742440967,1016.7572123935134,3,1.404276047031443,0,A,False,False,False,False,True,False
17.650652635307136,6,0,4.418693861079237,1639.2005761577764,0,2.3381789504073414,0,A,False,False,True,False,False,False
73.3542422312188,16,0,6.46119062031229,572.5025410648066,0,0.8162969876826084,0,A,False,False,False,False,False,True
20.848123984468288,2,0,3.9410300807427783,1750.4435089912313,4,0.7815409122511824,0,A,False,False,False,False,True,False
323.2263727340682,21,1,64.22119873310193,727.4641512437111,2,1.4640084326326799,1,A,False,False,False,False,True,False
38.86671983698082,5,0,2.484831821112283,1748.2093912347916,1,0.6429290159548353,0,A,False,True,False,False,False,False
27.696563899550874,21,0,6.847707538779298,1165.1847750306456,1,0.7292365105429633,0,A,False,True,False,False,False,False
31.013454753139182,10,0,3.3292469253608696,5632.71357930294,0,1.0129139279519157,0,A,False,True,False,False,False,False
129.2955550511925,17,0,3.7934873416099797,2399.6000711318093,4,1.2442064764246854,0,A,False,False,True,False,False,False
45.18221880282229,17,1,4.257101563196902,3137.276207883971,2,1.6642782384076122,1,A,False,False,False,True,False,False
25.27965231555122,21,0,15.311053133793202,470.5357462808753,2,1.0855608823270315,0,A,False,False,False,False,True,False
402.7928061786224,9,1,1.1864495956672272,716.4607549577197,3,1.0447283594641559,0,A,False,False,False,True,False,False
19.542590092960896,4,0,12.748063093031217,1424.7334000648168,1,1.3315476555486379,1,A,False,False,False,True,False,False
56.97880114029708,22,1,25.662613731129532,408.82368500906824,5,0.4646922913599989,1,A,False,True,False,False,False,False
119.43441376672696,22,0,21.82012551086415,2530.8409596690312,1,1.0404574212978766,0,A,False,False,False,True,False,False
7.7090723880224425,20,1,2.458475235405402,1217.2887712763272,5,2.2402388583430857,1,A,False,False,False,False,True,False
97.15548192731441,23,0,36.92929396460576,2643.7220699861873,2,1.4788820744965847,0,A,False,False,False,False,True,False
15.392352411572,21,0,22.051035148776617,1613.0108419608805,3,0.9873667290161903,0,A,True,False,False,False,False,False
146.54599482035508,14,0,0.07974928707979402,1136.7066196022104,2,1.4445684059089188,0,A,False,False,False,False,False,True
17.198441782885357,20,0,20.0553437511703,994.1184078011064,9,0.5396465514553602,1,A,False,False,True,False,False,False
125.3767041006239,19,0,20.058088114481926,592.8353377048772,5,1.2419861398507759,1,A,False,False,False,True,False,False
205.8195223223244,22,0,10.301992959967894,565.2731655144881,4,0.9830126394735244,0,A,False,False,True,False,False,False
153.50357102441697,3,1,0.7060976376684979,2232.6238448725157,2,1.0529915292456067,1,A,False,False,True,False,False,False
73.81632978179717,20,0,13.0091495446295,1871.3500096221444,4,0.8314681449999121,0,A,False,False,True,False,False,False
41.36515536070494,20,0,21.770287900934786,2943.210460725116,8,2.0175256521858294,0,A,True,False,False,False,False,False
27.338514852318294,0,1,4.738631974130518,708.7200639589249,5,0.7810255650888143,1,A,False,False,True,False,False,False
319.0161182636159,14,0,16.497265044049012,2692.08435090266,4,0.5872178557164461,0,A,True,False,False,False,False,False
23.584877807908025,16,0,6.552622988522545,952.165795769666,3,0.476989386085974,0,A,False,False,False,False,True,False
15.729229164666402,18,1,12.794628343887005,1744.0189414300182,1,0.3406314891220642,1,A,False,False,False,True,False,False
121.32133928544329,13,0,7.2814074279105885,3081.66936585416,6,1.1154612034872988,1,A,True,False,False,False,False,False
21.002381502535233,18,0,5.430944341866046,5749.28589589113,4,0.6757928765532261,0,A,False,False,False,False,False,True
17.460196472011084,17,0,29.060223526445654,2586.1783529039126,3,0.5213885397898,0,A,False,False,True,False,False,False
9.656921241803028,1,1,21.02649714166119,1289.8135744001643,4,0.8765327936947012,1,A,False,False,False,False,False,True
30.58495412109235,5,1,6.357089689042718,1717.7418772540584,2,1.407359700163549,1,A,False,False,False,False,True,False
49.43911790802986,12,1,8.554166977911487,2978.5915075699772,5,0.9517541193938996,1,A,False,False,False,False,True,False
73.09135325198983,16,0,17.65039545526672,1935.1132391131366,4,1.0692507885433344,0,A,False,True,False,False,False,False
170.98357395728212,5,0,24.996377690112958,796.7968008961099,3,1.7964868071134028,0,A,False,False,True,False,False,False
102.74780682697971,20,0,17.296403919067966,1793.3322475856626,3,1.5094934942913942,0,A,False,True,False,False,False,False
43.421440355865464,21,0,11.67834027504876,3111.666714816941,3,1.0573176500531904,0,A,False,False,False,False,False,True
43.04151815477873,4,0,46.3130536118771,4674.810931272446,1,0.6111323243162103,0,A,False,False,False,True,False,False
100.7043466052575,6,0,22.317839509478098,1152.5235138579276,4,0.7607142900152745,0,A,False,True,False,False,False,False
251.40977948884213,0,1,1.8425493975529899,448.80690928764807,5,1.01442764862036,1,A,False,False,False,False,True,False
63.53411713796412,12,0,12.251402243748469,264.08199626459,2,1.431616470515665,0,A,False,False,True,False,False,False
31.094873766734796,18,0,7.903223535328558,2072.4983779529457,2,1.1858300473228902,0,A,False,False,False,False,False,True
16.586030396664835,21,1,23.76647073370255,321.5826120678888,5,0.7340918157566936,1,A,True,False,False,False,False,False
9.638386149262905,0,1,0.6853673491187061,1416.6246233603363,2,1.2219736585072496,0,A,False,False,False,False,True,False
121.45254452609652,12,0,7.932898267208077,2597.077278179996,7,2.3464106675655243,1,A,True,False,False,False,False,False
109.24294206529433,10,0,5.746962865477634,962.4258318173877,3,1.1571335735297013,0,A,False,False,False,True,False,False
109.1623507081727,6,0,2.2830434000786184,331.3732056569933,3,1.3608674586321892,0,A,False,False,True,False,False,False
46.78715335957369,19,0,7.1416321877938165,400.23301403897227,3,0.8409379120272835,0,A,False,False,False,True,False,False
295.39743740808683,2,0,16.757767866764546,525.3931679156021,3,0.908523788584805,1,A,False,False,False,True,False,False
30.540626281275614,0,0,6.733683609801311,993.0239368372622,10,0.4301160685496517,1,A,False,False,True,False,False,False
171.7986385073158,7,1,13.012743351422142,2873.5914568184407,2,1.0707594703172008,1,A,False,False,True,False,False,False
52.11790345032616,16,0,13.477196738732815,1106.9961075046378,4,0.2517283938484452,0,A,True,False,False,False,False,False
26.310788978550153,12,0,13.268651925111318,6140.357716189652,3,0.466995573917707,0,A,False,False,False,True,False,False
111.16731055628608,13,0,11.310406325107587,2521.7374324985044,3,1.1828583927072145,0,A,False,False,False,False,False,True
89.260882180547,4,0,1.8662513301588834,1389.0627192669797,2,0.6099588628563954,0,A,True,False,False,False,False,False
83.79449482522155,23,0,3.697256038114494,1035.6184700622673,1,0.3713369894137609,0,A,False,False,True,False,False,False
60.191678175232454,21,0,24.146600249128756,736.4683396362457,3,1.0347374916831262,0,A,False,False,False,False,True,False
52.17107914268095,22,1,10.46834077354884,1235.750673296346,4,0.46292948336713075,1,A,True,False,False,False,False,False
959.1489601497733,23,0,18.366526845211684,1692.371815458794,4,1.691691737596344,0,A,False,True,False,False,False,False
226.12952944668666,5,0,12.656379769191501,1417.9540724531398,1,1.2669682856796107,1,A,False,False,False,False,False,True
129.98151837237157,21,0,0.5918790919172866,735.9137789009999,1,2.49369999615701,0,A,True,False,False,False,False,False
62.43705878292507,5,0,23.860255828475456,480.3246107742244,2,1.216051957155493,0,A,False,False,True,False,False,False
182.8358289648162,20,0,0.9972933626690929,4866.12201778452,1,2.568425782311297,0,A,False,False,True,False,False,False
101.65591534778116,7,0,43.016433176663,1821.4685801170162,5,0.6167754180526316,0,A,False,False,False,False,False,True
56.34230665643187,12,1,3.6382774732407785,1457.3895703882881,2,0.7389958359061642,0,A,False,True,False,False,False,False
37.929258626710464,17,0,10.774087212591628,1644.3659423389417,4,1.1574666129598328,0,A,True,False,False,False,False,False
49.54588425206758,22,0,0.985496606409803,2646.755653459871,3,0.9390773662177573,0,A,True,False,False,False,False,False
1.2159055610846896,3,0,33.797266851080096,754.2370973782898,0,1.0753030990224592,0,A,False,False,False,True,False,False
70.29642943701892,16,0,58.63560280047868,988.5898877491232,3,0.985244789977904,0,A,False,False,False,False,True,False
30.38134302922945,4,0,2.372499793565876,600.6420106176722,5,0.9016534073196711,0,A,False,False,True,False,False,False
369.1503442082771,2,0,5.260106431449162,1090.3440256798435,2,0.6258069503211869,0,A,True,False,False,False,False,False
55.88035487183587,3,0,0.24002654916653923,638.5792318292391,2,0.6930824645549929,0,A,True,False,False,False,False,False
13.108277443213261,22,0,23.19451675278574,490.2429578372015,3,0.6396840020058637,0,A,True,False,False,False,False,False
51.4259966008165,4,1,5.597822366563993,300.1409342766175,4,0.6121092241271509,0,A,False,True,False,False,False,False
15.559240366502218,13,0,13.331500363999334,4131.638371216622,1,1.0333232412237232,0,A,False,False,False,False,True,False
96.35978040624495,14,0,0.6001239678251998,839.1297648613466,4,0.698784622311676,0,A,True,False,False,False,False,False
77.41161525319662,19,0,18.85323562459679,1618.7414295403787,4,0.7692875383304056,0,A,False,False,False,False,False,True
172.32936479906954,16,0,11.306328369702541,1184.5126996125973,3,2.013986147896719,0,A,False,False,True,False,False,False
21.135241277433284,5,0,19.363685267458564,1632.3580680349125,2,1.2701654562341391,0,A,False,False,False,True,False,False
56.87237460837327,9,0,23.378627972999382,220.78570965795095,5,1.4987057535370176,0,A,False,False,False,False,False,True
10.61187699927636,21,0,1.4021851532387328,753.0193703417644,7,1.7523606246409866,0,A,False,False,True,False,False,False
126.69640823040262,22,0,12.9445242674197,2772.855668407903,5,2.274501883098857,0,A,False,True,False,False,False,False
101.76288157223986,15,0,15.74493351129697,5189.819819562953,1,0.9940114172149513,0,A,False,False,False,False,True,False
98.98477250596495,16,0,10.907347572384477,819.2489179870561,1,1.1467237668100152,0,A,False,False,False,False,True,False
54.704328483811835,13,0,3.0209033181214293,898.3800025558052,4,0.7725914322171793,0,A,False,False,True,False,False,False
89.81279684044044,19,0,23.81494700028153,2573.783850120099,3,0.657396464324014,0,A,False,False,False,False,False,True
374.35589279964705,11,0,89.62400215697211,1560.2205804235605,2,0.47460409609091325,0,A,False,False,False,True,False,False
38.77931134060103,8,0,52.23786175910752,1122.9450903512923,2,0.602535460361275,0,A,False,True,False,False,False,False
64.48123301470937,14,0,22.54441593760265,1041.4391205046784,4,0.7693383085414117,0,A,False,False,True,False,False,False
14.829944904167837,11,0,8.122049086206228,694.79638113462,3,1.1050428003687647,0,A,False,True,False,False,False,False
19.26108705952991,13,0,6.171504466771333,675.625528859926,4,0.5651160421952771,0,A,False,False,False,False,True,False
61.39791959196063,21,1,1.0651238578879545,1218.8124686759563,2,0.6150175830479516,1,A,True,False,False,False,False,False
205.35090675361872,17,1,8.07516993770998,1412.79861504797,2,0.3512735788328532,0,A,True,False,False,False,False,False
40.14359941602399,19,0,2.544905494423994,1472.8646281244623,0,0.7092801615569064,0,A,False,False,False,True,False,False
41.13667933793307,5,0,4.40217685629481,633.7318661022573,3,1.0317101239356676,1,A,False,True,False,False,False,False
33.50644158932008,3,0,33.36864306803577,3184.586891194311,1,1.026491074445705,1,A,False,False,True,False,False,False
28.74006076607897,22,0,51.87872644727915,299.7579759881349,3,0.8511963121672037,0,A,False,False,False,True,False,False
77.78633295941106,11,1,44.509796522573644,1675.2085564449526,3,0.8825313273041991,0,A,False,False,False,False,False,True
9.054762168570413,12,1,3.22308687909972,711.9824907639771,2,1.0027486883255592,1,A,True,False,False,False,False,False
253.94748457493625,18,0,34.67351093571645,548.5547619286843,5,1.863855678856419,1,A,False,False,True,False,False,False
24.56919057216611,21,0,2.2886215990627665,845.6773229450109,3,0.835683870690615,0,A,False,True,False,False,False,False
129.83756673283582,12,0,10.628792497049204,306.958338404088,5,0.9321375943093729,1,A,False,False,False,True,False,False
11.893614781498306,11,0,15.478190960308034,1455.9583378554964,2,0.5231878665133983,0,A,False,False,True,False,False,False
121.82774936859548,19,0,9.311473341575656,3990.163328821354,3,1.2651889405697299,0,A,False,False,False,True,False,False
122.28244958087575,2,0,45.49759842130886,654.9622976437647,2,0.9688455990349111,0,A,False,False,False,True,False,False
86.57771816163655,2,0,6.079263136631741,7191.764094226936,3,0.7671146089097658,0,A,False,False,False,True,False,False
16.554960315080983,13,0,11.241879772239491,550.7665282044746,2,0.5546300476574499,0,A,False,True,False,False,False,False
73.6598465296068,17,0,1.1767211481521929,781.6530181412451,0,1.1903368701751775,0,A,False,False,True,False,False,False
13.201527971617264,18,0,28.680923859689194,3254.678870335815,3,0.5795409584300782,0,A,False,False,False,False,True,False
40.31340701438721,9,0,8.000245860259357,420.859672387755,1,1.3041679534324762,0,A,False,False,False,False,True,False
187.78463002009596,16,0,18.086221468010965,914.7990234701065,1,2.4491912452647124,0,A,False,True,False,False,False,False
142.0305694834727,14,0,17.197149290389806,4338.315801538297,0,1.778752642855465,0,A,False,True,False,False,False,False
55.60201997312665,18,0,16.91735235281412,427.03322860500765,2,1.015221225967868,0,A,True,False,False,False,False,False
16.949394473187176,8,1,10.606813763363126,1758.8961494675746,1,1.3663016134731902,1,A,False,False,False,True,False,False
118.47538939898364,3,0,4.875958005186414,1649.8982507855515,2,0.7064482666895499,0,A,False,False,True,False,False,False
55.88284720596799,14,1,14.716221614582011,235.52351210860843,6,0.5184534680133873,1,A,False,False,True,False,False,False
3.3723886183617995,18,0,48.97046062171329,670.1800828242797,2,1.0686715252683545,0,A,False,False,False,False,False,True
139.65230413070108,15,0,26.931927754019526,7370.1466341202995,2,0.7406740039281904,0,A,False,False,False,False,False,True
53.03333082383519,7,0,1.7272614543627243,1311.6436133522845,0,0.5036039341150517,0,A,False,False,False,False,True,False
231.12102650366432,16,0,0.3519068794522345,1490.799532876025,3,0.42524030880742253,0,A,False,False,False,False,False,True
14.668104541842254,20,0,10.36638011424336,1326.5658116849816,2,0.8607278307134152,0,A,False,False,False,False,False,True
1.2067797209366848,0,0,22.430215416969666,5620.864826261057,2,1.6430596045958294,1,A,False,False,False,False,True,False
76.31737485650723,6,0,5.651034158517634,503.1954669192088,5,0.9246006299896472,1,A,True,False,False,False,False,False
77.46888811008614,20,0,18.121634090482683,637.2948098851833,1,0.9030566800510207,0,A,False,False,False,False,True,False
7.179243726003266,17,0,40.30635547184538,1003.6470360867047,6,0.9739864231002173,0,A,False,False,False,False,False,True
16.874448334917464,11,0,9.214610440755033,1710.5789983922891,1,0.6201876282300979,0,A,False,False,True,False,False,False
1489.5975956997718,15,0,4.198876658934605,1240.1240976119777,1,0.8025669315174732,0,A,False,False,False,False,False,True
37.83623581982937,0,0,37.47131222260846,1268.5023866282377,2,1.871440238939891,0,A,False,False,False,True,False,False
131.25615185525723,14,0,9.587385781630099,705.0373322791359,3,2.146253317714991,0,A,False,False,False,True,False,False
25.008310938371313,6,1,7.859658592567669,1782.3514998977794,2,1.6852465080397523,1,A,False,False,False,True,False,False
4.444362865630909,16,0,6.539519758164665,241.33322464780983,1,1.4696985580997908,0,A,True,False,False,False,False,False
44.50894160115536,2,0,8.249135898233229,707.6532459463564,2,2.1680119010027714,0,A,False,True,False,False,False,False
39.69695671320282,10,0,16.797133814038652,568.5303401732642,3,0.5803534675884247,0,A,False,False,False,True,False,False
33.78936518889978,5,1,8.529989477401202,454.4151298518561,1,3.9022819373858644,0,A,False,False,True,False,False,False
47.58087988211907,5,0,5.878401808353492,263.87257986882355,1,0.35759982237403803,0,A,True,False,False,False,False,False
74.97254096077015,14,0,20.417451994285223,1320.8264392697113,4,0.8500431474177134,0,A,False,True,False,False,False,False
45.59780860672162,6,0,3.402971252625956,1546.385154775602,3,0.17649579870139165,0,A,False,True,False,False,False,False
11.979449001866271,10,1,3.3834544972871914,1555.2315896049831,2,1.4566717745493412,0,A,False,False,False,True,False,False
97.84863559226747,16,0,17.882419363021864,2328.643777631032,7,0.5579066738396811,0,A,False,False,False,False,False,True
5.263277300256781,22,1,30.22803062498511,2676.8209481412828,2,0.588650463929857,1,A,False,False,False,False,True,False
4.662589829937925,17,0,4.140469891123166,214.55479461331637,4,1.9852284914491491,0,A,False,False,False,False,False,True
132.5575106159797,21,0,3.1816628200266526,1816.6420047494478,4,0.8851172666123677,0,A,False,False,False,False,False,True
100.32594410377003,23,0,16.64384951060085,1269.0123644732662,4,1.3758435629571149,0,A,False,True,False,False,False,False
50.964308883140674,20,0,14.54547238303559,1257.7586262898042,3,0.7921030743313928,0,A,False,True,False,False,False,False
10.231403798908238,18,1,8.892805566405299,993.1774863365379,3,0.6219667590391553,0,A,True,False,False,False,False,False
23.347895958031465,7,0,1.5115765651724218,706.0493183567249,2,1.563073178323554,0,A,True,False,False,False,False,False
39.83332616623143,23,0,1.444119282093073,1672.8859016206484,3,1.0894443542366077,0,A,False,True,False,False,False,False
8.044006160102853,19,0,22.531760543771323,500.5416601597512,4,1.1127837322656817,0,A,False,False,True,False,False,False
22.492133151733302,7,0,9.015881432143175,2649.9195101224586,2,0.7425113189026694,0,A,False,False,True,False,False,False
119.4378802670942,20,0,29.2754474461676,736.4711664862921,6,0.9214573429353418,0,A,False,False,False,False,True,False
302.7073318216303,10,0,12.825594061381105,214.21159933639692,6,0.7417166239846563,1,A,False,True,False,False,False,False
33.005634747339116,20,0,14.464032698120034,1200.01185559504,2,1.4620128465404598,0,A,False,False,False,True,False,False
135.33944434588543,2,0,40.81576462115015,427.5514942170785,6,1.0158576902260916,0,A,True,False,False,False,False,False
5.491096241591097,22,0,2.6979547914559796,420.49800502905265,1,1.3652545577637238,1,A,False,True,False,False,False,False
120.46285996163272,13,0,11.746873614731948,1895.1204360655593,4,0.8530442574917854,0,A,False,False,True,False,False,False
20.806426437453155,8,0,0.8984572342936076,2316.376840426202,2,2.4491857207876184,0,A,False,True,False,False,False,False
78.94999994851774,0,0,6.669133483742264,1005.0411517545748,6,0.967835042221956,0,A,False,False,True,False,False,False
40.55654195434193,0,1,2.404265533972421,219.1477004296245,1,1.194022764638756,0,A,False,True,False,False,False,False
266.2662669652999,11,0,3.1207941349830075,1677.626620028726,3,1.3371878336436889,0,A,False,False,False,True,False,False
19.11889708254383,10,1,40.95322248992311,849.2568079215567,2,0.6584333886584067,0,A,False,False,False,False,True,False
115.94634686410886,20,0,14.150402180163649,3303.077088568564,3,0.8410001074836267,0,A,False,False,False,True,False,False
39.04016718912943,0,0,33.406339815639896,5290.69948613187,3,1.3284613392394427,1,A,False,False,True,False,False,False
45.151948107648955,19,0,8.7918656875238,329.17300829920936,0,0.46353538256545324,0,A,True,False,False,False,False,False
43.788679637361426,11,0,13.656245795029493,7927.29487302285,3,1.239587295391488,0,A,True,False,False,False,False,False
19.79030704408525,16,0,0.48931249552889966,315.25970839041696,4,0.4954168994506169,0,A,False,False,False,False,False,True
53.682187410549396,14,0,9.509092932084467,712.8768806876957,1,0.4745170879139039,0,A,False,False,False,True,False,False
50.644069371986376,1,0,12.453645432229642,2492.483750620033,6,0.5768461998417899,0,A,False,True,False,False,False,False
72.92914096929397,17,0,0.25380081682497047,615.6508031514356,1,1.2637785135850472,0,A,False,False,False,False,True,False
60.4251962753349,15,0,23.373273160000675,572.1112263467138,3,3.7601638620300966,0,A,False,True,False,False,False,False
142.25105073752323,3,0,5.252364508887363,280.0146588591058,1,0.5293918661751119,1,A,False,True,False,False,False,False
165.3741262967004,7,0,9.035538152888135,376.7104825441602,4,1.0341659211433831,0,A,False,False,False,True,False,False
15.475405376586215,1,0,11.506113676793898,571.6506557987069,4,1.63673708669232,1,A,False,False,False,False,True,False
154.86085448117623,13,0,72.79899942514044,2037.5853873151386,2,1.2922364853905877,0,A,False,False,False,False,False,True
13.14966505856957,14,1,1.5668163421624843,4199.882873167467,2,0.7120418788997924,1,A,False,True,False,False,False,False
110.54548506015415,8,1,12.154641359292699,597.7258652094376,4,1.4098798609917693,1,A,False,False,False,False,True,False
114.85684670065476,1,0,11.344312859664026,795.8271624270936,3,0.7732030332532684,1,A,False,False,False,False,False,True
5.509201696525102,16,0,1.0709851380766293,495.1709936486692,2,0.9330089617843307,0,A,False,True,False,False,False,False
61.042790132525276,9,0,15.074303174902898,322.9254218609604,3,0.6409240360929055,0,A,False,False,False,False,True,False
31.1185674131143,8,0,5.0710457905340105,323.6227582514206,4,1.7167005208030446,0,A,False,False,False,True,False,False
21.965689998476435,1,0,1.643338997986066,395.2801996137016,2,1.1586795760341875,1,A,True,False,False,False,False,False
276.1717063788129,23,1,2.951941903106582,1053.5607853420413,3,0.8642982036870825,1,A,True,False,False,False,False,False
24.91786537734091,18,0,26.02529196694303,663.316583861976,1,1.1791416978214646,0,A,False,True,False,False,False,False
20.745880255443996,16,0,1.649311792413864,810.9472496559675,5,1.0467947237419848,1,A,False,True,False,False,False,False
59.789731251328135,10,0,9.436464478508135,1506.3525378564098,4,1.1667062408101836,0,A,False,False,False,False,True,False
124.30120534809438,16,0,3.2587851015053957,1018.4010131132677,4,1.4713825074160138,0,A,True,False,False,False,False,False
46.063537654176336,9,0,2.6567842254557497,431.9631259131397,4,1.1707375504161175,0,A,False,True,False,False,False,False
221.32775447448833,17,0,3.4546329031179566,2358.5957815304228,2,0.663725027518789,0,A,False,False,False,False,False,True
103.25181334567628,22,0,10.18224344959946,217.6593061181197,0,0.41945590242573105,0,A,False,True,False,False,False,False
3.9994082645827396,5,0,4.072966488800579,590.4300549506523,3,1.4625120663516553,0,A,True,False,False,False,False,False
28.923072812044552,15,1,1.526055498641391,4349.158391094326,3,0.7552072210068352,0,A,False,False,True,False,False,False
27.820954083303434,17,1,24.24700356381906,1440.0031718103019,1,1.7481194156265163,0,A,True,False,False,False,False,False
97.05066329051948,19,0,11.642109163132073,260.19092618908155,2,0.47943896803330727,0,A,False,False,False,False,False,True
2.3401605364831832,17,0,2.559220990332735,309.0018372818147,2,0.6297283255255168,0,A,False,False,False,False,True,False
1163.0622197715463,0,0,9.563696186087796,835.5221264297949,4,0.9402379157608717,1,A,False,False,False,False,False,True
103.25806228455036,2,0,1.0621723247710546,743.0071224460482,2,1.0558477747524158,0,A,False,False,True,False,False,False
65.27781015681265,14,1,13.027868649442711,1933.828427515334,1,1.6075499521193974,1,A,False,False,True,False,False,False
225.40104993757657,19,0,6.239660977829622,2709.716187243615,1,1.687813389666024,0,A,False,True,False,False,False,False
909.0361509195247,9,0,1.6393321468477935,725.9693169109497,3,0.9752244461651505,0,A,False,True,False,False,False,False
155.22815051817395,20,0,3.043568411155835,1008.0009219747342,2,1.4574008057002816,0,A,True,False,False,False,False,False
170.4727936175925,4,0,6.362901766140846,480.0771189558012,7,0.3981683304242831,0,A,False,False,False,True,False,False
63.86861159521959,14,1,24.629994126848647,966.550250467782,1,0.8471400290525383,1,A,False,False,False,False,False,True
46.07032788190208,22,0,2.862971728731516,482.9791768836034,6,1.497225133239254,0,A,True,False,False,False,False,False
30.847184043124646,13,0,1.7423491227942987,1118.2310297436754,5,1.0362889618754456,1,A,False,False,False,True,False,False
20.260346674297953,14,0,10.883165407594817,664.3551621981446,4,2.0711586790050838,0,A,True,False,False,False,False,False
23.94077519527521,9,0,12.270352245178332,1808.9645467228772,4,0.6256977439756574,0,A,False,False,True,False,False,False
10.797696699154855,23,0,1.4186384833306633,2539.0010023660084,0,1.5627408682764996,0,A,False,True,False,False,False,False
49.846797876939576,8,1,5.021279819818852,3087.6061548621205,2,0.7837583213028589,0,A,False,True,False,False,False,False
7.23115596086984,11,0,4.572709085738771,1128.7545641258425,1,1.2805664904485723,0,A,True,False,False,False,False,False
68.65540274505564,6,1,3.09100796311352,1782.3785296397493,3,0.6481993749954211,1,A,False,True,False,False,False,False
52.268990029182824,4,1,5.689026711884907,735.3264310192968,2,1.0750503447303932,0,A,False,False,False,False,True,False
65.1259025078844,23,0,0.5672183138713148,559.6582926634759,5,1.5485777333495314,0,A,True,False,False,False,False,False
29.178791181717465,9,0,15.81389862309548,367.24912695421875,3,1.474125339741204,0,A,False,False,True,False,False,False
2191.2609737661937,7,1,66.9643656715166,1460.983227695323,3,1.062280870236033,1,A,True,False,False,False,False,False
279.2588362428766,21,0,15.07874600573928,212.63228665437913,5,1.5070514632963627,1,A,True,False,False,False,False,False
12.262538933583318,19,0,6.719557090136111,2204.7349362862074,2,1.3795817955656342,0,A,False,True,False,False,False,False
72.20011978087389,15,0,16.53525253927346,823.0012531927284,7,0.8608238425338378,0,A,False,False,True,False,False,False
26.321671952618605,11,0,12.712525453231928,867.7084515789298,3,1.0988497112285678,0,A,True,False,False,False,False,False
16.161378100465594,8,0,28.13604682276976,1880.31547223788,2,1.554761244514283,0,A,False,True,False,False,False,False
10.934397066436926,9,0,14.587939337375511,252.8932357972731,3,2.5377728201821443,0,A,False,False,False,False,False,True
91.71262334156376,15,0,15.079958797927787,918.1831796407287,1,1.3185672587589095,0,A,False,False,True,False,False,False
24.103178455398286,9,0,3.7589581998092787,3876.7220065888982,0,0.5621934191777742,0,A,False,False,False,True,False,False
174.4069268443328,8,0,8.058243143986326,873.8384969304886,3,1.2226324133192332,0,A,False,False,False,False,True,False
179.92474091586186,2,0,6.333433941702069,380.50400741221443,4,2.5150304295109036,0,A,False,False,False,True,False,False
283.92134973489647,18,0,0.1723643442764908,831.1080600340273,1,0.7230898739149813,0,A,False,False,True,False,False,False
19.631509063659667,10,0,5.63744551672509,3124.8071402860737,2,0.5196579020737115,0,A,True,False,False,False,False,False
96.5864761364627,5,0,9.98479327909807,594.613360588109,3,1.2883357037835532,0,A,False,True,False,False,False,False
116.62283088885127,5,0,13.738685797215048,319.91949760952366,6,1.0306794266778507,0,A,False,False,True,False,False,False
30.907108001930766,14,0,40.90137468404589,754.8278226334554,5,1.0445527289894052,0,A,False,False,False,False,True,False
21.625510319488193,14,0,4.099071284548255,356.4541867409347,2,0.9052088294762766,0,A,False,False,True,False,False,False
376.6908403619981,12,1,2.4807098540223285,180.36632412493663,1,0.7590915100300242,0,A,False,True,False,False,False,False
71.73616766363529,21,0,30.539489438152668,2004.073836751004,4,0.7009434420876454,0,A,False,False,False,True,False,False
117.11557887853158,4,0,42.67029460536277,2536.241930609639,4,1.1565304065469968,1,A,False,False,False,False,False,True
20.358709097293847,13,0,10.040119495421541,1533.3462613622823,3,1.4303968387392694,0,A,False,False,False,True,False,False
12.639902058766308,20,1,1.8361854884412203,2241.2438041608502,1,0.8376557147872417,1,A,False,True,False,False,False,False
27.568126560123606,1,0,9.965139628233642,792.2753829447845,6,1.9257833328456253,0,A,False,True,False,False,False,False
47.04828125257781,22,0,1.7386280492872228,3233.7688591547744,4,1.021471796710882,1,A,False,False,False,False,True,False
15.224957038509151,11,0,32.20753119271851,663.3586440743504,2,1.4673752092354935,0,A,False,False,True,False,False,False
53.95693506623559,19,0,18.472734986870545,1097.085658625477,1,0.8084314085241565,0,A,False,False,True,False,False,False
7.19793208475,13,0,4.139010628125365,558.3943311878471,6,1.0772437589041328,0,A,False,False,False,True,False,False
14.238407872636978,18,0,32.664509585537786,357.20456900119325,2,1.192556687280259,0,A,False,False,False,False,False,True
122.13090947487261,23,1,15.237594559232997,659.3907921673969,2,0.9489049487961775,1,A,False,False,False,False,False,True
112.67962605235547,19,0,45.94839512097789,6524.852376825155,4,0.5587722838292287,0,A,False,False,False,False,True,False
34.115365416877594,14,1,59.04461944367535,3739.4183944533643,3,1.88846618983595,1,A,False,True,False,False,False,False
16.09780341944485,19,0,0.049307791752966054,2038.7596750625887,2,0.9339428726084309,0,A,False,False,False,False,True,False
15.91267144673784,23,0,1.921152307360008,778.3359839273112,4,0.3657814513733695,0,A,False,False,True,False,False,False
34.885738435328086,16,1,11.875375695349698,764.3322903349208,6,0.7892549940001128,1,A,True,False,False,False,False,False
118.32347529541325,13,0,46.80341191347945,4318.3953876226515,2,2.2169205645201724,0,A,True,False,False,False,False,False
166.31687089550556,22,0,77.33570202067068,1116.3845944538232,4,1.8270780912992446,0,A,True,False,False,False,False,False
30.089068030233797,17,0,12.569401633691806,2064.247267328419,2,1.1475776248328806,0,A,False,True,False,False,False,False
13.678278844497406,21,1,2.8638030927280402,704.1728379189658,6,1.5274327314584706,1,A,False,False,False,False,True,False
75.29489713963228,23,0,2.669864570103011,864.4963773284502,4,2.0285094535261097,1,A,False,False,False,True,False,False
20.323097258810915,4,0,21.64981403495764,2047.829192283407,3,1.058667555718237,1,A,False,False,True,False,False,False
29.31492679908175,21,0,13.445030519608896,608.9142336058849,2,1.6996479222395482,0,A,True,False,False,False,False,False
267.8243375024242,11,1,11.936800985421213,1448.9810646267172,7,0.6721144852945599,0,A,False,False,False,False,False,True
147.3098975388707,9,1,9.403789775270045,626.2445034196447,5,0.5869542810280962,0,A,False,False,False,False,True,False
65.99435279818228,7,0,19.37210778586493,1649.3651350428295,1,1.008677527070599,0,A,False,False,True,False,False,False
11.866237688188923,5,0,29.284647547272996,611.3906995705406,6,1.4475516000517104,0,A,False,False,True,False,False,False
70.36358571403984,14,1,5.413645924101551,4456.202284172666,2,1.8775180840010852,0,A,False,False,False,False,False,True
195.4273597395874,11,0,3.7445801497372746,1041.6968585019765,6,0.952077785614348,1,A,False,False,False,False,False,True
34.78685554072302,5,0,16.638995115141697,2037.732561116043,5,0.6615447691839639,1,A,False,False,False,False,False,True
276.2584686155691,11,0,36.92941521937721,1078.6561897344498,3,2.9467713598470056,0,A,True,False,False,False,False,False
257.57072624563483,14,0,6.419283282424785,734.2897635771703,4,0.9093039336497558,0,A,True,False,False,False,False,False
402.010978751079,11,0,4.771051591214639,1736.1811246557966,4,0.605171909876059,0,A,False,False,False,False,True,False
78.75106109503429,8,0,3.844972761601043,2760.152439391134,3,1.3359826229617209,0,A,False,False,False,False,False,True
110.48392549773673,18,0,4.405319229046002,344.2324397164942,3,5.405015342529574,0,A,False,False,False,True,False,False
297.97951603263454,20,1,2.174230722866299,1217.8329934193887,2,1.047740157087666,0,A,False,False,True,False,False,False
93.39826083795303,1,0,13.624028470434787,1005.7892769699623,3,1.0394984404901395,1,A,False,False,False,False,False,True
29.919758173937687,12,0,4.9447806484468,1297.0099295596924,3,1.4591142728881858,0,A,False,False,True,False,False,False
31.8726602278085,12,1,14.315511599420862,3239.1890019023854,0,1.597703587974996,1,A,False,True,False,False,False,False
72.69451571807099,7,0,1.3002462734563036,2107.0036795455217,1,0.5562021269305419,0,A,False,True,False,False,False,False
11.603726466835983,12,0,1.8402587476626409,2766.4480078758074,6,2.106932446014248,1,A,False,False,False,False,False,True
45.974610642710765,3,0,11.522649786286369,1353.544972768369,3,0.9421195788691712,0,A,False,False,True,False,False,False
203.53877797241066,5,0,10.747187331204694,775.1867068876438,3,1.033856160435641,0,A,False,True,False,False,False,False
3.937300666942242,5,0,4.751719195649727,157.61643472921148,1,0.5681576121873012,0,A,False,False,False,False,False,True
344.2535748980589,20,0,26.328305076353452,3402.47412983766,2,0.850129063382086,0,A,False,False,True,False,False,False
209.9457286765375,11,0,3.1062327672657966,148.39737400071755,0,2.038736059350064,0,A,False,False,False,False,False,True
31.446335592098468,11,0,6.709809646254389,3905.1661938726743,2,1.7741108054090309,0,A,True,False,False,False,False,False
104.80159523154819,16,0,12.16247339618915,1983.745798192942,4,1.2579061240096274,0,A,False,False,True,False,False,False
54.80477210045275,6,0,30.284919730696505,5296.717615385106,2,0.2906641509486423,0,A,False,True,False,False,False,False
238.88647572696644,14,0,8.133479585605453,1356.372623570048,5,0.6985181751780156,1,A,False,False,False,False,False,True
177.54423183772815,23,0,7.627448956852854,1636.377227374765,3,1.2434397416191896,1,A,False,True,False,False,False,False
10.174810755426257,16,0,12.995997178944794,945.5733292888941,2,0.8069826385126408,0,A,False,False,False,False,False,True
110.46678595224546,9,0,5.712218517179038,1165.1826779266694,7,1.388250071080074,0,A,False,False,False,False,True,False
42.65935424275932,22,0,18.52541341195771,614.1338161757302,0,1.4904040178670475,0,A,False,True,False,False,False,False
60.30403908285058,19,0,4.28917254814442,998.3096444767289,3,2.01994152998889,0,A,False,True,False,False,False,False
22.787080231487764,5,0,25.990702309410494,557.1268953822052,1,0.40591231724406185,0,A,False,False,False,True,False,False
444.8621606989055,8,0,4.769097093885752,1137.9448642205018,4,0.8317198266050134,0,A,True,False,False,False,False,False
190.1996260237642,14,0,73.8006024207403,1074.361662344004,2,0.6812095756854077,0,A,False,True,False,False,False,False
22.472101426039014,15,0,5.707105831468621,1079.075214938312,0,0.754119179281514,0,A,False,False,True,False,False,False
11.006293787851146,20,0,31.657933411169907,1020.209214749859,4,0.9609237918960576,0,A,False,False,False,False,False,True
34.370300806347856,7,0,7.596428428058642,668.8422790379129,4,1.1303562412342538,0,A,False,False,False,False,True,False
91.96454987167783,15,1,4.2365347261277435,1715.8056976818139,3,1.3885368820431117,1,A,False,False,True,False,False,False
72.83867125581186,4,0,3.845915183192335,1410.8227342502082,3,0.679626583884728,0,A,False,False,True,False,False,False
245.61355588514547,17,0,28.475940164903207,1367.8804154479983,4,0.8513755842898024,0,A,False,False,True,False,False,False
140.87932411982902,19,1,5.538870694773271,516.2414474210152,3,1.0650393626643768,1,A,False,False,True,False,False,False
174.7720984978729,13,0,6.2001082740552205,1879.3226820378707,1,1.035950514719119,0,A,False,False,False,False,True,False
80.82016334402824,1,1,3.2908787595088276,595.2408307707327,4,0.752190151340729,0,A,False,False,False,True,False,False
10.307188080679063,22,0,48.78831891033795,721.8283297715024,3,0.7347394088700757,0,A,True,False,False,False,False,False
43.17068869893527,22,0,4.210476535608932,1180.1495279363871,2,0.9076055494508932,0,A,False,True,False,False,False,False
194.8261627503926,2,0,4.264190403366903,2752.113437559792,4,0.47754481544607774,0,A,False,False,True,False,False,False
51.32471888683791,13,0,43.208727904386606,417.27295073197297,4,0.5225052264920623,0,A,False,True,False,False,False,False
99.85393241872785,6,0,34.674214255176906,497.240002329171,4,0.9123632994171181,0,A,False,True,False,False,False,False
37.24441578235755,14,0,4.293464550752997,228.0771593738085,3,1.0380266606887016,0,A,False,False,True,False,False,False
15.866750905887892,16,1,30.006746183068394,1644.134203850064,5,1.7973172339860986,0,A,False,False,False,True,False,False
47.08653707642782,0,0,4.311695765148418,837.2975170925885,4,0.44852719357689097,1,A,False,True,False,False,False,False
79.11139571886314,8,0,1.3236865939179732,1539.9879197477708,1,1.2458879812054382,0,A,False,False,False,False,False,True
24.85787830355773,21,0,25.75211905336332,1437.4024979535773,2,2.021938197334544,0,A,False,True,False,False,False,False
41.146814251186456,13,0,22.147104315344333,2059.9275882464126,5,1.1530112528432563,0,A,True,False,False,False,False,False
17.68371411662739,15,0,5.236281296887477,1097.8964806415959,3,0.7129594236329869,0,A,False,False,True,False,False,False
209.1588269831803,20,0,1.4169513305963974,621.7625752868926,3,0.8431024612177614,0,A,False,False,False,False,True,False
38.34611009145346,12,0,3.468370826834184,1320.295429442849,2,2.4804138599201724,0,A,False,True,False,False,False,False
312.09469586646185,5,0,22.114205107080025,1527.8929122019833,1,1.754273390511973,0,A,False,False,False,True,False,False
341.89286257141185,21,0,50.1784164629417,829.9108513650963,4,0.7249593882692673,0,A,False,False,False,False,False,True
49.53823731258917,0,0,4.49636174450913,1179.2889692506562,4,0.6833622563343908,1,A,False,False,False,False,False,True
16.27876537762108,20,1,25.577573813923443,373.90172500080166,4,1.2247194975638154,1,A,False,False,False,False,True,False
4.46791808226323,3,0,3.8802525199986637,396.2345332830938,2,1.2553280753282696,0,A,True,False,False,False,False,False
9.332990720988931,2,0,17.072794300701165,290.5128082374991,3,2.0267785155042044,1,A,False,False,False,False,True,False
10.500241008826293,16,0,1.3097553941319144,1381.3913841110204,1,0.9018293872347132,0,A,True,False,False,False,False,False
285.47759594048864,1,0,13.202840986237913,1982.2183765345035,3,0.47288288582689075,1,A,False,True,False,False,False,False
62.7393915447715,18,0,4.704024330816166,350.5617951010857,5,0.8719989854785057,1,A,False,False,True,False,False,False
87.14081983624234,19,0,39.024158636955875,1247.4925407192654,1,0.7861246362795008,0,A,False,False,False,True,False,False
3.8018766088968743,22,0,5.132092644140187,1568.2707490176754,2,0.2577725454852972,0,A,False,False,False,False,False,True
12.967422943400113,21,0,7.62345229529962,796.7620595825367,3,0.8714485761275024,0,A,False,False,False,False,True,False
158.30059597665172,7,0,27.5525241253449,3949.08482921423,3,1.615042527639954,0,A,False,False,False,True,False,False
77.02491453128746,14,0,8.651131942907599,341.82176389577023,3,1.4538539897639657,0,A,True,False,False,False,False,False
45.75740632832998,5,0,4.08524823824961,810.7443079447829,0,0.850103486424713,0,A,False,False,True,False,False,False
107.5344036498799,22,0,11.895982010504682,106.72008332984457,1,0.8081017865502085,0,A,False,False,False,False,False,True
388.75812646421855,19,0,27.48789657111956,1445.9209589302661,4,0.7710063804647482,0,A,False,False,False,False,False,True
41.877514820442954,1,0,8.51563909518685,610.6108172795426,4,0.7629036275807028,0,A,True,False,False,False,False,False
59.33763524884459,14,0,2.138815404569525,225.75060351944813,2,1.4959808024061134,0,A,False,False,True,False,False,False
68.79398422165389,19,0,7.24540693562996,1763.76838732864,2,1.9690063448503587,0,A,False,False,False,False,False,True
963.4605690629271,11,0,46.34244865370193,967.3011751479314,3,1.4576013346585224,0,A,False,False,True,False,False,False
4.396340466484612,2,0,1.1212026641291821,857.8408561064086,7,0.6956513122514476,0,A,False,False,False,False,False,True
123.94868108795976,9,0,7.87501361195699,2702.549068126111,4,0.6649328715823329,0,A,False,True,False,False,False,False
47.57166455312955,13,0,15.66308861544451,586.9951151766991,2,2.076515929300523,0,A,True,False,False,False,False,False
107.78366015407742,21,0,1.2265760747304084,1835.6649734899365,1,1.0415880358604925,0,A,False,False,True,False,False,False
24.807671380726752,13,0,6.345713979712584,2062.017309388768,2,0.6928143222103667,0,A,False,False,False,True,False,False
51.48250097160316,2,0,42.34645060822953,699.2433536503055,4,1.0472042875773517,1,A,False,True,False,False,False,False
128.21296819765476,0,0,0.4667216266808185,1104.0875435518187,2,0.5120601432998496,0,A,False,False,False,True,False,False
2288.134741434022,19,0,20.89929398458423,4200.650080070487,4,0.5546121483547869,0,A,True,False,False,False,False,False
143.9755404672911,0,0,27.618182091944256,488.9043775554449,1,0.7363478547624406,0,A,False,False,False,False,False,True
19.73357070982076,1,0,4.866450768700878,1709.4801790710787,6,1.5645216973002172,1,A,False,False,False,True,False,False
121.60760062328865,3,0,0.6203688214271256,465.12399812547943,0,0.700406296685104,0,B,False,False,False,False,True,False
31.78774416005767,4,1,0.06976676423714069,1406.8648335009018,2,0.7159278593719793,0,B,False,False,False,False,True,False
22.202594402812572,21,0,30.356531394239564,3367.3650584615443,1,0.6321117084206,0,B,False,False,False,False,True,False
25.253663048343892,3,1,4.549686098350709,556.90147229536,3,1.3578936884479516,0,B,False,False,False,True,False,False
37.48856414678138,7,0,4.058716874295071,342.76767562574446,3,1.0995862988417728,1,B,False,False,True,False,False,False
65.78369337529607,3,0,11.970598920131279,1769.508176969638,6,1.7373175912999201,0,B,False,True,False,False,False,False
51.17102497156083,10,1,2.783952278317569,882.6664156019916,3,0.30074429988197465,1,B,False,False,True,False,False,False
27.756146524102157,12,0,5.1092630214529935,586.7763441979392,1,1.223021775551697,0,B,False,False,False,True,False,False
54.35053953771513,14,0,10.88796862001398,869.160062564476,3,0.7375535322276916,0,B,False,True,False,False,False,False
28.85644719716185,15,0,60.159916966712274,2001.9622059977871,1,0.7886458045846934,0,B,False,True,False,False,False,False
12.764767263214308,9,0,2.4941738532167546,2656.828741543762,2,0.8676242775915015,0,B,True,False,False,False,False,False
121.39166211075172,19,0,0.6427482753383164,618.4815870284086,3,3.256148699995532,1,B,False,False,True,False,False,False
51.07604755895889,9,0,18.46695200704726,1836.9885247495108,1,0.693154991394064,0,B,False,False,False,False,True,False
59.664928945892036,0,0,14.365159433247888,798.6298946735386,2,1.3381042607882927,0,B,False,False,False,False,True,False
73.42706103215998,5,0,5.6377391717921315,954.0257494587097,4,2.4328971308823593,0,B,True,False,False,False,False,False
45.22741304622768,11,0,4.915010501925437,866.0880688752013,2,0.5487118460426783,0,B,False,False,False,False,False,True
77.99307153329082,0,0,30.35797978281143,626.8944737884232,6,0.9744790009095979,0,B,False,False,False,False,False,True
564.2726840177606,4,0,5.814113319732241,3662.450551920028,3,0.518622442789303,1,B,False,False,True,False,False,False
213.65180773785482,17,1,13.483622004723056,275.843970980333,5,0.6816888891727464,0,B,True,False,False,False,False,False
23.07635813501648,23,0,8.31024344482678,1499.9863426128516,2,1.258757819822352,0,B,False,True,False,False,False,False
6.610247147956358,14,0,11.243273553377287,2975.950246887089,6,0.9754875818785819,0,B,False,False,False,True,False,False
177.67334260493513,3,0,32.85970097380758,298.5781320615206,4,0.4354872456079083,0,B,False,False,False,True,False,False
97.37760496395556,2,0,8.904260423697442,1327.435959128444,1,1.3231829493269471,1,B,False,False,False,False,False,True
103.57000232818375,3,0,26.182523010428614,1264.5856269986268,4,2.4528641727526272,1,B,False,False,False,False,False,True
27.585958454265825,9,0,13.826927677755991,3170.440264361197,3,1.3271967177232662,0,B,False,False,False,True,False,False
26.2415773192037,19,0,6.7771071329651305,347.4974548559562,2,0.7772568699028869,0,B,True,False,False,False,False,False
65.87060718345506,11,0,0.3776096046056164,6155.1228471717595,3,0.6063160901340661,0,B,False,False,False,False,True,False
83.12994294832748,8,0,16.51387955460368,1072.2895798744626,4,1.0272797725452134,1,B,False,False,True,False,False,False
636.798459408301,21,0,17.887603790532204,3509.838984090643,1,0.5890832869760951,0,B,False,False,False,False,False,True
145.2197607041517,3,0,74.32624758541985,3565.872813358343,3,1.856815879147806,1,B,False,False,False,False,False,True
74.04755761136697,1,1,18.621833510487356,270.3258378831891,1,0.8955859852500876,0,B,False,False,False,True,False,False
1.9609411706755782,6,0,25.70028771552183,711.779045872803,0,0.44779182426253894,0,B,False,False,False,False,True,False
74.04006536226923,11,0,2.746480516179935,2820.7653326241857,3,0.7893098068792772,0,B,False,False,False,True,False,False
65.07512437697955,11,0,21.591498304220966,879.4254975613103,3,0.7404870924000432,0,B,False,False,False,False,False,True
14.161529731927184,20,1,6.507612494830748,2243.4111336087967,4,1.4949829788186455,0,B,True,False,False,False,False,False
114.52111777851349,17,0,58.67979597000911,803.3630570879395,3,1.2499484582380758,1,B,False,False,False,True,False,False
263.7959398383018,0,0,9.014920601780553,1285.778316389144,7,1.0713601563713777,0,B,False,False,True,False,False,False
559.469426981731,6,0,9.377801011447579,408.1722833584346,2,0.7222834676910314,0,B,False,False,False,False,False,True
64.05723022768903,18,0,10.323131928457984,979.375250157249,2,0.4259624276352508,1,B,False,False,False,False,False,True
28.63401265980403,23,0,5.517718906179918,508.68023193041375,1,1.987433453608171,1,B,False,False,False,False,False,True
239.7706584178248,12,0,7.161359783045301,1172.4171922608425,2,0.9991367791952471,0,B,False,False,False,False,False,True
21.695279113637547,19,0,7.471773658252465,1406.5690974165082,3,2.118458018189903,1,B,False,False,False,False,False,True
67.90318044842479,4,0,10.79143870190907,5737.86310558945,2,1.1953533057210162,0,B,False,True,False,False,False,False
13.422288260318012,18,0,2.284792163601052,1102.4723529715934,4,0.610142614609901,0,B,False,True,False,False,False,False
212.59124504946004,6,0,13.652530007354123,447.78610223478444,3,1.2881861019482326,0,B,False,False,False,True,False,False
26.85377709628407,19,0,11.615981381698592,1650.2144387507628,6,0.5127101192837391,0,B,True,False,False,False,False,False
158.82788455863954,14,1,60.475536849052524,370.78904573374274,1,0.4029238421782948,1,B,False,True,False,False,False,False
59.730224444843905,16,0,31.12403192314241,765.7206721138953,5,1.4513795252474129,1,B,False,False,False,False,False,True
109.53903635189666,20,0,9.312404803651003,1316.2617157914226,3,0.7277363781641928,0,B,False,False,False,False,False,True
38.575362113244125,1,0,17.963900760021605,392.0219852947752,4,1.9281218987637854,1,B,False,False,False,False,False,True
81.14100199850256,6,0,15.98989343069158,684.0749497304216,5,0.5840036524719826,0,B,False,True,False,False,False,False
171.23244957169055,10,0,4.015245340027198,686.4421895226507,2,2.2718819520862064,0,B,False,True,False,False,False,False
30.80600580371883,17,1,6.073661439536728,385.7344751774698,3,1.6794622634930558,0,B,True,False,False,False,False,False
86.58474336434583,19,0,0.5098944655648099,4235.55256172652,4,1.4136036340851708,0,B,False,False,False,False,True,False
245.97832544265273,1,1,1.509236012731214,742.0829735699324,3,0.9078084247340384,1,B,False,False,False,False,False,True
19.238656993531855,6,0,5.55830725162993,404.3334575024942,2,1.0932237298513892,0,B,True,False,False,False,False,False
24.806349851681883,14,0,22.5829628013968,4725.501221831538,2,1.635964675210501,0,B,True,False,False,False,False,False
23.287975258465462,18,0,18.866456289995607,3550.1686343548135,4,1.1713017142808475,0,B,False,False,False,False,True,False
41.88460137381076,1,0,49.96239718175669,1056.185547453218,4,1.5499544296731873,0,B,True,False,False,False,False,False
9.542461799878733,1,0,6.848350823711426,345.98215610697554,3,1.1599439494698218,0,B,False,False,False,False,True,False
61.81346578118753,1,0,6.298018946423449,3716.4986802346016,4,0.7787683538970718,0,B,True,False,False,False,False,False
450.5794687993588,10,0,1.629674479782875,855.4252967197775,4,2.3962914780047067,0,B,True,False,False,False,False,False
63.57488061068419,5,0,23.241151142705675,685.8832184696313,3,2.5379803274705215,0,B,False,False,False,False,True,False
669.0832025767899,23,0,2.712545654760152,647.6861441564163,1,1.861701951987322,0,B,True,False,False,False,False,False
8.555853168463509,22,1,45.98451648417894,1623.8784825737246,2,1.1225345013883388,1,B,False,False,False,False,False,True
13.01846356751426,13,0,5.692358451107871,615.4319217204751,0,0.9709997757858266,0,B,False,True,False,False,False,False
7.265949806350712,9,0,15.630525232908836,780.4784979541454,2,1.7030962539553014,1,B,False,False,False,False,False,True
2.434768752186702,0,0,8.979735832622913,345.90804134582214,3,0.9489173225228997,0,B,False,True,False,False,False,False
61.470993907407646,18,1,3.807098565716493,378.7220658760575,5,0.5460436916270917,0,B,True,False,False,False,False,False
14.055160387366914,10,0,9.132042722223439,2284.7306888537314,3,0.9087009600997211,1,B,False,False,False,False,False,True
3.998916620215221,23,0,5.916865993603019,966.3616324698869,4,1.5360470355474836,1,B,False,False,True,False,False,False
36.29951172292556,23,0,14.730634135715398,496.57793542931165,2,1.1314083745213823,0,B,False,False,True,False,False,False
56.36628531913575,12,0,12.017247496247919,788.5893841571045,3,0.996141707044619,0,B,False,False,False,False,False,True
80.68939753978833,11,0,1.294828683937754,799.5580364991513,6,0.6823374309022485,0,B,False,False,False,False,False,True
45.10515810770115,22,0,1.123154728677178,380.718317105143,0,0.5062914149275582,1,B,False,False,False,False,False,True
108.21546478639377,4,0,50.3892233230566,760.6237864722161,1,0.7903095465558607,1,B,False,False,True,False,False,False
17.721124274172524,18,1,5.382208713283791,887.1211495482146,2,1.1907939653690376,1,B,False,False,False,False,False,True
16.247123981801188,7,0,1.4236040783141888,213.86635092626923,1,0.7415610266049941,0,B,False,False,False,True,False,False
245.48140772837905,11,0,3.0104340525646047,931.1073930700032,4,1.0540252724884673,0,B,False,False,False,True,False,False
393.1294853150541,4,0,2.517099376534803,765.6655845425704,5,1.3401240040596776,0,B,False,False,False,True,False,False
10.970468991952636,11,0,3.5339582774988445,890.125225883859,2,1.4697987206132048,0,B,False,False,False,False,False,True
71.99885016871949,10,0,0.7201840490515994,1628.3420577839393,3,1.119879185496538,0,B,True,False,False,False,False,False
18.569780350985557,4,0,3.3039822567758845,1872.6645983824988,7,0.5002054297993035,0,B,False,False,False,False,True,False
16.28516034356358,7,0,42.542959189124836,504.2814911782174,2,1.1864436365905433,0,B,False,False,False,False,True,False
72.10082739711376,15,0,12.731142725426247,1742.6155520464347,1,0.9175065588163752,0,B,False,True,False,False,False,False
75.25749591032202,23,1,5.901471474489917,805.919051504844,2,0.3264791810006324,0,B,True,False,False,False,False,False
32.170581767727015,23,0,23.37513541136483,3670.976422719263,1,0.8575174826429403,0,B,False,False,False,True,False,False
35.11819026936739,19,0,33.928485977461726,1963.0229225735413,3,2.510552254065182,1,B,False,False,True,False,False,False
14.33993589703655,2,0,1.1003753414576645,1076.1536877569329,3,1.0647500162924899,0,B,False,False,False,True,False,False
209.64180345609296,5,0,6.3309887095589845,850.9980734483984,2,1.3359659003681466,0,B,False,False,False,True,False,False
49.41235080595483,4,0,25.606592116234,603.7975547427195,4,2.1293369325830214,0,B,False,True,False,False,False,False
17.952178986683403,9,0,14.0141731589244,748.2352764665868,1,1.1205622955956687,0,B,True,False,False,False,False,False
51.41297420103813,20,0,17.198893348663688,262.6849017145785,2,1.0196233939957897,0,B,False,False,False,True,False,False
37.15067317486686,11,1,12.299934596458153,1236.8867143593222,0,0.48289936879753703,0,B,False,False,False,False,True,False
21.168837859422336,20,0,1.2866311097396417,574.7053373718314,6,0.9802810899678185,1,B,False,False,True,False,False,False
18.963662573995975,14,0,28.536300139348473,1172.0342665959547,4,0.8482277687530023,0,B,False,False,False,False,True,False
16.545432116709996,2,0,4.084135908519718,498.5282655976416,4,1.2134695578778354,0,B,False,False,False,True,False,False
14.480427145694907,22,0,1.6341791044901024,1459.0893968089495,2,0.798749570252241,1,B,False,False,False,False,False,True
58.00270538126595,20,0,6.221429406450283,1668.923591146368,3,0.7436914530158493,1,B,False,False,True,False,False,False
36.106123792014984,19,0,20.516763161021444,1445.8272790409876,3,0.3216805765578607,1,B,False,False,True,False,False,False
634.9873814097117,3,0,31.798216070650366,1323.751148801588,5,1.5573412836662983,0,B,False,True,False,False,False,False
119.00464794402971,6,0,15.76886805341508,176.77409183039896,3,0.5896764989699278,0,B,False,True,False,False,False,False
75.27271354105734,0,0,6.649683841212086,1167.6456228563488,0,1.359793764714583,0,B,False,False,True,False,False,False
37.51147287168314,7,0,19.539192998418756,617.6037030717645,3,1.8161258934051088,1,B,False,False,True,False,False,False
37.26919241471536,16,0,21.819870331088108,982.3673831959809,4,0.6727115349250017,0,B,True,False,False,False,False,False
9.47378672955158,21,0,38.46609093345367,783.1514956098486,2,2.232189815156606,1,B,False,False,False,False,True,False
13.064251082543025,19,0,1.8940747410791523,564.5029667724941,3,1.051383624290033,0,B,False,False,False,True,False,False
14.769161931676596,10,0,2.2665687226752915,689.2943318351291,5,1.2196862270294035,0,B,False,False,True,False,False,False
7.892637943714,6,1,8.601185943029721,1407.0472684699832,4,0.8180054670241033,0,B,True,False,False,False,False,False
49.393165889508225,10,0,6.244381500300237,2567.275477459883,6,0.7612694410537266,1,B,False,False,False,False,False,True
7.823036824601781,10,0,22.192402779392943,1022.5017565075243,4,0.41233346918933833,0,B,False,False,False,True,False,False
78.66107524482487,21,0,13.312756575008573,5560.879714082208,3,2.633806577096112,1,B,False,False,True,False,False,False
43.96749331922675,20,0,1.5141098971247486,621.9955963799118,5,0.33775152583003404,0,B,True,False,False,False,False,False
362.232885581405,20,1,11.47209643902541,3230.73459667599,2,0.46118687065270236,0,B,False,True,False,False,False,False
75.70362727087092,14,0,5.043852051166846,568.1819060592155,3,0.9223876624256548,0,B,False,True,False,False,False,False
14.120437679809562,5,0,7.846120616188119,999.7506022688073,1,0.9401969735236687,0,B,False,True,False,False,False,False
10.718381246224615,22,0,1.27418142949353,633.4721781496625,2,0.4390666695645373,0,B,False,False,False,False,False,True
328.93650247821734,18,1,0.5348932774559847,853.3090366431409,2,0.789715171726576,0,B,False,False,False,False,True,False
18.654103222897238,12,0,50.39497791629906,1950.8247004466375,5,0.7209601138082166,1,B,False,False,False,True,False,False
24.462332152418366,15,0,20.305680212852145,1070.5146821660771,3,0.8530624353891191,0,B,False,False,False,False,True,False
34.318536929850346,11,0,15.884645751296304,885.8929750732578,1,1.5936546795672586,0,B,False,False,False,False,True,False
51.447018341886526,18,0,16.920718260901637,3157.963365664197,3,2.042201704890641,0,B,False,False,False,False,True,False
330.6397511901429,22,0,15.22716713117094,475.52468742428505,3,2.292737037321832,0,B,False,True,False,False,False,False
66.31604537563832,18,1,7.15303891148422,413.1234955353028,5,1.326306571672525,0,B,False,False,False,True,False,False
59.36111079675371,6,1,10.331240225870472,301.3270323488514,3,0.4760389638274459,0,B,False,True,False,False,False,False
49.28388454591492,17,0,38.90783644802612,955.8978803233625,3,1.282605159095116,0,B,False,False,False,False,True,False
58.94862021764475,23,1,6.950427880329301,1011.3865509136883,3,1.2489056666296845,0,B,True,False,False,False,False,False
144.18833887906348,13,0,3.182789602893159,201.0513193688174,5,1.2235608881784337,0,B,True,False,False,False,False,False
29.32053868795072,13,0,0.8350793623711175,400.35140879169796,3,1.514751717927714,1,B,False,False,True,False,False,False
29.84191378341488,21,0,4.526074423006731,804.3926154390421,3,0.701308259995917,1,B,False,False,False,False,False,True
175.38521667478932,15,0,2.1080924724681007,2430.225821047005,1,0.5244115494372855,0,B,True,False,False,False,False,False
27.927818142576296,17,0,15.788116121543741,5126.429193222506,5,0.5524023855041044,0,B,True,False,False,False,False,False
24.932270041991533,8,0,4.048775891383717,2525.874853815719,0,0.7102141397709477,0,B,True,False,False,False,False,False
238.3626138147967,20,0,6.058057876965788,7847.4985712650805,4,0.8496842707871416,1,B,False,False,False,False,False,True
37.897967558658046,3,0,1.50898787741468,624.2774244052571,5,1.1685503031289268,0,B,True,False,False,False,False,False
47.463189304414136,6,0,8.57812235785422,1604.2595934240933,2,0.7262909064580284,0,B,False,False,False,False,True,False
35.98681993084558,10,1,46.460800499127906,1754.7008176817953,1,1.992720262683484,0,B,False,True,False,False,False,False
28.697097960295164,5,0,8.669107104124862,540.7787405832304,2,1.0147090515481767,0,B,False,False,False,True,False,False
37.675676004346165,19,0,20.865677222305386,1509.5622467806722,2,0.7280301138119335,0,B,False,True,False,False,False,False
39.04766498323715,11,0,12.660296515646728,652.9832830970876,4,1.777556865349847,0,B,False,False,False,True,False,False
159.01138474390413,11,1,5.733522989650419,610.4748010705156,4,0.8156133327396708,1,B,False,False,True,False,False,False
18.665388797427426,11,1,42.557882092756714,450.2397383896752,3,0.7141045937544543,0,B,False,False,False,True,False,False
569.2815206757472,13,0,10.95335163059812,889.8439754227398,3,2.006069390257715,0,B,False,False,False,True,False,False
24.577270795172964,9,0,22.178803887987193,1711.1651539696297,4,1.1129353638037458,1,B,False,False,True,False,False,False
154.92187364553405,1,1,1.9597524659403796,435.2857188567324,2,2.919862682508968,1,B,False,False,False,False,False,True
9.850320110067933,19,0,3.855286072196509,766.9852710893065,4,0.5395697574025861,0,B,False,False,False,True,False,False
24.537932532734388,11,0,9.050773758571372,709.1948877517187,3,0.483981865239439,1,B,False,False,True,False,False,False
41.877345231356244,16,0,22.01229402310867,1200.0051681188531,6,1.1460665281927969,0,B,False,False,False,True,False,False
19.273436625243374,7,0,25.376449606857847,719.3925962980338,2,2.615059066632949,0,B,False,True,False,False,False,False
109.39545732746556,19,1,57.135470005511536,370.173931493664,3,0.6993785458547964,1,B,False,False,True,False,False,False
107.37617270077376,1,0,45.15857755762352,1387.9530484963177,3,1.0642988901287345,0,B,False,False,False,False,True,False
23.339060740524584,20,0,8.244221813645881,756.3926878505238,0,0.7576391133714399,0,B,True,False,False,False,False,False
6.1827317716339065,11,1,11.38649371236024,1150.4063204002377,2,0.8151870344180254,0,B,False,False,False,True,False,False
115.84318803990428,12,0,0.3871545728032532,1779.4144979050463,1,1.2917532113886276,0,B,False,False,False,True,False,False
60.09017753596494,0,0,10.07884595030194,1544.5887877739497,0,0.622347686817521,0,B,False,True,False,False,False,False
30.494813678670894,17,0,0.56469573946666,532.3584705618487,4,0.44192103118092385,0,B,False,True,False,False,False,False
27.267053793576714,13,0,0.19913117393040397,1063.4787226147919,3,1.1922151727746284,0,B,False,False,False,False,True,False
23.463152469552337,23,0,12.18426358738975,622.4945361626591,3,0.8708921943541862,1,B,False,False,True,False,False,False
150.94297390164704,11,0,34.18141405397684,1584.1834683401169,7,1.569244436946725,0,B,True,False,False,False,False,False
36.47223143447643,19,0,50.260516874029676,1480.0491876616204,5,1.643322167447767,0,B,False,False,False,False,True,False
285.9252215959089,3,0,19.860509785285288,500.5739991328677,3,0.5893907742998343,0,B,False,False,False,False,True,False
939.6697923500052,13,0,20.640823749804948,615.7618787718528,4,0.9012331687352485,1,B,False,False,False,False,False,True
120.95719436750167,17,0,8.747473832702513,578.6526627915143,1,1.3095879976237057,0,B,True,False,False,False,False,False
819.1448656994006,23,0,12.539910853916593,1533.511880239505,2,1.5134619651160146,0,B,False,False,False,False,True,False
127.08605814985948,3,0,13.160030383018794,2156.0857898140707,1,2.0701837210769867,0,B,False,False,False,True,False,False
35.33017991802583,7,0,1.0864430270034062,2315.482636534527,3,1.368150055525057,0,B,False,False,False,False,True,False
390.31898048722445,17,0,0.7005429063669275,521.7783021009715,4,1.5043900550876241,0,B,True,False,False,False,False,False
45.153373845186195,3,0,2.357108128978572,317.71055009726916,3,1.535892940069293,0,B,False,True,False,False,False,False
1010.4245892877678,0,1,23.754301107754582,760.1441143576689,1,2.417392931660074,0,B,False,True,False,False,False,False
29.671148663212858,23,1,12.356122238220193,1737.6745382599509,2,0.3081813340111377,0,B,True,False,False,False,False,False
167.04247374087515,5,1,13.419244057609024,457.97558919086947,1,2.639496933046186,0,B,False,False,False,True,False,False
54.96242600516353,12,0,6.443843002456784,2022.6813949416803,1,1.0828827055961967,1,B,False,False,False,False,False,True
15.151132216237144,1,0,30.43609950675361,223.6994909036546,4,0.263648367602533,0,B,False,False,False,False,True,False
18.681653118724785,18,0,49.65401713801384,2987.749499558595,8,1.1233671440018518,1,B,False,False,True,False,False,False
3.0545980878092074,11,0,3.60567878106503,1064.1122399223452,2,0.7767849722378022,0,B,False,True,False,False,False,False
50.448777188975455,21,0,5.675030535103028,2653.521130024851,4,1.2230281179091773,0,B,False,False,False,True,False,False
102.04955901220019,13,0,5.96506945888442,1273.8257029467313,3,2.890052657586477,1,B,False,False,True,False,False,False
4.065674733048655,8,0,49.37797524738516,932.4536956136081,2,0.5149148249487701,0,B,True,False,False,False,False,False
1.2948865989913427,9,0,10.94212992085068,1471.4105764993817,2,1.381196768326341,0,B,False,False,False,False,True,False
18.663525457664306,6,0,12.572883767319933,3828.532776002545,2,1.1909087250172745,0,B,False,False,False,False,True,False
61.65717946688506,8,0,6.887773556092663,391.9451495130153,3,0.8634223618435971,0,B,False,False,False,False,True,False
16.482493949492543,14,1,34.4479855501227,1880.357554005745,2,0.5595979653501157,1,B,False,False,True,False,False,False
65.72766855149796,19,0,3.178459884983037,2095.1221123686546,3,1.1433451692506327,0,B,False,False,False,False,True,False
27.02491508996514,14,1,9.163316029963706,961.3818387476043,4,0.4691791564955891,1,B,False,False,False,False,False,True
10.199044126255027,23,0,3.832830836092309,591.340755930272,4,0.7239351637168795,1,B,False,False,True,False,False,False
129.67261271764846,10,0,13.19653161090096,532.0039163347889,1,0.6929008274929142,0,B,False,True,False,False,False,False
79.08671971571523,17,0,11.904270459761104,296.9471724057574,4,1.090724920560121,0,B,True,False,False,False,False,False
34.707338694182766,1,0,2.110263799533775,664.532216909814,3,0.6029267872054697,1,B,False,False,False,False,False,True
5.732972254499348,19,0,26.63445209644465,1112.6847342625326,1,0.8564176194726354,0,B,False,False,False,True,False,False
28.330997413789103,18,1,1.9600027355593892,662.2802272435626,2,1.1325815159579045,0,B,False,False,False,False,True,False
18.334522031929456,23,1,2.913376229373292,888.0150965616054,3,3.7945261708565012,0,B,False,False,False,True,False,False
27.840689999508204,1,0,4.735239345998075,284.40007291651364,5,0.42925782647718724,0,B,False,True,False,False,False,False
19.239004438846106,19,0,25.18960286542605,1903.1457711310195,2,1.4792279628176186,0,B,False,False,False,True,False,False
35.83378450739659,12,0,3.413636723059025,1479.296575275513,2,1.5045411898713466,0,B,False,True,False,False,False,False
35.66341399233005,3,0,3.712689625148602,278.6453121975225,1,1.084031198128364,0,B,False,False,False,True,False,False
153.66179746903163,2,0,15.834130245311748,1628.289931567897,4,0.6216322322498236,0,B,False,True,False,False,False,False
22.577018578274963,14,0,26.555228722763257,2138.998878187088,3,1.9170681071051145,1,B,False,False,True,False,False,False
60.1192277288555,11,1,18.01647036468929,1092.8398653611869,1,1.0053467646317267,0,B,False,False,True,False,False,False
17.990809218003314,0,0,11.564564571817238,1223.684369569824,1,1.199825897702411,0,B,True,False,False,False,False,False
22.635559934797577,10,1,15.751574861298295,657.5369598545849,3,0.6324540397938833,0,B,True,False,False,False,False,False
24.74761391665057,16,0,11.881143156978583,2275.7513963627844,2,1.0646052260542018,0,B,False,False,False,True,False,False
160.12736633125084,7,0,6.619743176533598,830.2935679004034,5,1.6041207957252648,0,B,False,False,False,False,False,True
34.38655276308353,13,0,17.59841301749324,644.9451897780465,2,1.3004865410015827,1,B,False,False,False,False,False,True
43.62968599229807,4,0,17.44162003151575,447.95196964539326,2,0.8428860759109718,0,B,False,False,True,False,False,False
30.23332210140739,14,0,15.014869427395407,1052.9424277224646,2,1.5099069179501174,0,B,False,False,False,False,True,False
45.501251439502,1,0,15.121776931614393,830.1469544047458,1,1.2316668588761641,0,B,False,False,False,False,True,False
43.76752352301081,6,0,4.042589832319577,429.03059575500566,3,0.6943350307523165,1,B,False,False,False,False,False,True
28.150851436872834,12,0,39.299773953871,1654.9100409157058,1,0.4925149469497135,1,B,False,False,False,True,False,False
5.229896813520886,19,0,72.89650660776996,3184.825947437038,5,2.0523131558817265,1,B,False,False,False,False,False,True
26.369625825731564,10,0,12.166125856954078,1980.4917951028867,4,1.3378761879379815,0,B,True,False,False,False,False,False
62.31930343929037,13,1,3.7999150401740907,1778.4009421971136,5,2.9574120569763824,1,B,False,False,True,False,False,False
122.6789533796636,9,1,5.725095527069155,612.4452710609048,1,2.5632590427144177,0,B,False,False,False,True,False,False
8.621542824208221,3,0,20.185831676714507,802.9803554376871,3,0.907116071389586,0,B,False,False,True,False,False,False
10.703622190347726,19,0,4.764521103847853,553.985705644076,3,1.1616624773934845,1,B,False,False,False,False,False,True
25.903847843028068,14,0,14.072685539526612,1740.6924049923587,3,0.968673142374815,0,B,False,False,False,False,False,True
30.722707450081238,2,0,1.6281389322580244,652.5088194694009,8,0.5393343982289817,0,B,False,False,True,False,False,False
3.6297059055455327,10,1,51.508547426345515,2821.087131652076,6,2.279835646896581,0,B,False,False,False,True,False,False
52.88171813039741,19,1,27.590834347711723,670.6359548139764,3,1.3000414486319312,0,B,False,False,False,True,False,False
165.91652951825716,17,0,25.858942388232474,1545.6091962218559,4,1.5992182414698448,0,B,False,True,False,False,False,False
20.960933935087915,22,0,22.46697913914816,6005.113749697646,4,0.5544674255299923,1,B,False,False,True,False,False,False
42.546688723185085,16,0,0.004194819286825305,5799.752383617302,1,0.9860992300303366,1,B,False,False,False,False,False,True
74.42992324917995,20,0,1.0595966003832649,686.3615479048542,2,0.4427902221012362,1,B,False,False,True,False,False,False
42.914409879958164,13,0,13.338338262866072,3777.1625479903937,1,0.9419088002237969,1,B,False,False,True,False,False,False
24.163232044718463,14,0,21.956569464550416,1058.72886078676,4,0.8574791746723239,0,B,False,False,False,False,True,False
25.403607896675467,17,0,21.11692844184946,947.9601552812529,5,0.6265182296505705,0,B,False,True,False,False,False,False
49.27889098572503,2,0,11.300250082086954,1291.515796568572,1,0.7728419493838764,0,B,False,False,False,True,False,False
116.70055584148281,12,0,11.037536863793903,1169.3770454726327,1,1.983755476128322,0,B,False,False,False,False,True,False
51.9118648318095,2,0,1.3740799585362078,310.93631024846906,5,1.430726793625548,0,B,False,True,False,False,False,False
146.84228282742183,6,0,39.60317727549818,808.2899711805114,0,1.0296324954327012,0,B,False,False,False,False,True,False
41.14588803343338,18,0,5.628879814352397,614.0901855692476,0,0.609179290263145,0,B,False,True,False,False,False,False
42.42899363799134,22,0,3.5339135354111226,1044.6834944294383,3,1.2248298097768207,0,B,False,True,False,False,False,False
218.29229168308768,23,0,13.620951700310181,563.0181367021659,5,0.44555094195040457,0,B,True,False,False,False,False,False
17.51510377078919,17,0,0.3586740805992896,888.5975061033054,0,0.5063517640205544,1,B,False,False,True,False,False,False
122.36496826588501,16,0,48.70615121077103,1094.611462709477,2,2.110285356300177,0,B,False,True,False,False,False,False
69.04105755926108,21,0,6.830258744214211,1113.2341964954915,0,2.204050743557367,1,B,False,False,False,False,False,True
25.01890104534061,8,1,5.254366261687185,1467.238584233838,3,0.3362370258299723,1,B,False,False,False,False,False,True
13.814008309286743,13,1,2.4666037133096843,2128.5340955255774,2,1.1329046578083188,1,B,False,False,False,False,False,True
51.05909844377172,21,0,10.6477435393172,312.53189831355706,3,2.7688541434802993,0,B,False,False,False,False,False,True
61.53540490195113,7,0,7.402949829362931,688.9886484797919,1,0.7873841149036692,0,B,False,False,False,False,True,False
272.0810092540112,13,0,5.490258213130177,848.8048663966548,2,1.1483436696056413,0,B,False,False,False,True,False,False
62.602305842477634,4,0,2.13116698805504,1872.6210811033754,4,0.7371794411447091,0,B,False,False,False,True,False,False
7.65592736463434,23,0,5.903731196807475,743.0961600547607,5,1.3290193747375147,0,B,True,False,False,False,False,False
69.42571768182292,19,0,25.732786941055085,720.789762520864,2,0.5984218436404256,0,B,False,True,False,False,False,False
233.41337489177008,13,0,23.735026850841077,333.3042062643435,2,1.1878350021249366,0,B,False,False,False,True,False,False
57.930860295455545,11,1,12.75582355549218,2584.689402000918,4,2.750180197766107,0,B,False,False,False,False,True,False
76.53592235266703,21,0,20.95336507668175,1229.8437235813506,4,1.0965839828073194,1,B,False,False,False,False,False,True
5.309872187408536,7,0,14.219758096383325,639.2887852673427,2,0.8076551515167293,1,B,False,False,False,False,False,True
168.04330484990052,0,0,1.8401985462141182,3460.6184577351178,1,0.5504383764700501,1,B,False,False,False,False,False,True
19.131770642859927,15,0,39.00422573766102,2243.8005285330355,2,1.1005316348453549,1,B,False,False,False,True,False,False
11.389222579808177,21,0,10.406251801233232,2378.5858588631027,4,0.6285345105215175,0,B,False,False,False,True,False,False
23.99184568648543,7,0,20.231977911137715,337.1237226304205,4,0.5327599125978548,1,B,False,False,True,False,False,False
58.12277854900477,4,0,31.207771127324488,1530.3089567960603,3,0.5121455427048078,1,B,False,False,True,False,False,False
20.94349713325433,2,0,31.716288991808213,509.54412933609063,3,0.4399400583153868,1,B,False,False,False,True,False,False
113.14950478364459,12,0,40.58125286437493,1117.5802972416582,3,0.8753026865438644,0,B,True,False,False,False,False,False
10.666305371912417,4,0,15.635559892448072,358.0242230502096,4,2.170462627213298,0,B,True,False,False,False,False,False
58.80402762011295,2,0,15.046951495135723,1051.7552520335125,3,1.6947337073396291,0,B,True,False,False,False,False,False
17.494809851262243,21,0,4.109471355504665,977.2094662932535,4,1.5039630880238894,1,B,False,False,False,False,False,True
35.947576165400406,13,1,5.6566136194254595,1875.3584625156648,2,0.6869247080497942,0,B,False,False,False,True,False,False
235.56221172104244,5,0,13.872583718944407,774.2121009114966,0,1.0691342161621293,0,B,False,False,False,False,True,False
70.29807482814228,20,0,4.329173844796198,959.5893930876882,8,0.8559033595145291,1,B,False,False,True,False,False,False
57.735663682233586,6,0,6.668264406476435,671.3806112866655,2,2.7171665762160924,1,B,False,False,False,False,False,True
15.221421808927598,22,0,2.7263727382595,1049.348527274366,4,0.5851784114768779,0,B,False,False,True,False,False,False
36.06104623850338,5,0,20.83202179988512,988.5279953099446,1,0.4398246702320878,0,B,True,False,False,False,False,False
23.911838482075357,13,0,14.956254682234647,3002.000638781409,3,0.5038933034584342,0,B,False,True,False,False,False,False
4.18303049621927,21,1,19.30251508972929,702.3611527406541,3,1.2477811435588373,0,B,False,True,False,False,False,False
74.77549403855937,3,0,8.82199464843184,2863.6906150418,1,0.6903328512241271,0,B,False,True,False,False,False,False
11.008344606066744,19,0,19.963777790490578,734.4238065180514,2,0.7370174059586926,0,B,True,False,False,False,False,False
33.77783126323243,18,0,9.401044372270402,3408.840556689888,2,0.41667773712014805,0,B,True,False,False,False,False,False
62.77109622116728,9,0,11.413174123530643,2888.4375429112333,4,0.6769502293675461,0,B,False,False,False,True,False,False
21.748364734945568,22,0,2.041897463325415,2388.313578017202,7,1.452167727465726,1,B,False,False,True,False,False,False
13.455801123666243,12,0,0.5566943159136643,684.9848245435205,4,0.3844835990438499,0,B,False,False,False,False,True,False
93.61843973214418,11,0,20.499331691527416,1222.219004513226,3,0.7708172196430978,1,B,False,False,True,False,False,False
8.127043854384578,13,0,33.19164229862138,3002.500646075417,1,0.9978865882153619,0,B,True,False,False,False,False,False
17.612048388261663,12,0,6.711073326172022,675.9728356381432,2,1.3807968623680271,0,B,True,False,False,False,False,False
51.16438870871454,18,0,28.144647039864356,1307.288441898628,2,0.7559520518022899,1,B,False,False,False,False,False,True
40.87628050229698,8,0,4.83298099242625,1745.8251882876534,1,0.8495758681878098,0,B,False,False,False,True,False,False
33.35256206874286,15,0,19.74648031159832,797.0410290861738,3,1.7516121694572802,0,B,False,False,True,False,False,False
259.7412194713654,8,0,13.080042468064203,558.7707531057015,1,0.8391477935820872,0,B,False,False,False,True,False,False
93.66711212273533,5,0,0.5119182953719575,501.4616615699807,2,1.7326191045489991,0,B,False,False,False,True,False,False
119.29610258263496,13,0,4.147618482682089,3915.5470784522568,3,4.232632258739591,0,B,False,False,False,False,True,False
21.03509662561723,6,0,14.873189723019953,3056.1585655787635,9,1.131988203590304,1,B,False,False,False,False,False,True
316.98836868290215,18,0,3.4934143985472286,2459.1479184116824,3,0.5702465693042397,0,B,False,False,False,False,True,False
22.92008467598286,2,0,13.36985136276151,3147.2310581732327,2,1.3174418133438053,0,B,True,False,False,False,False,False
73.19534144436226,14,1,18.40461315063731,1687.2865157523443,6,1.762470399004233,0,B,False,False,False,False,True,False
69.29393963108498,11,0,6.383110266816408,802.4563609369244,2,0.6913143955104409,0,B,False,False,False,True,False,False
22.81025147508531,0,0,17.636905166039323,885.7697788062752,1,1.3865174794234787,0,B,False,False,False,True,False,False
11.463979496466534,10,0,15.444273529679881,511.6169964914764,6,0.3656144947532617,0,B,False,False,False,False,True,False
36.871387911952574,21,0,65.50815306782339,2069.217004736194,0,1.6264794003737149,0,B,True,False,False,False,False,False
26.47685452262078,2,0,14.304080531901665,614.3076083773651,3,0.6594336273430187,0,B,False,True,False,False,False,False
10.481769302849596,16,0,4.831068303806509,1063.6510601678544,1,0.40052753914837325,0,B,False,True,False,False,False,False
22.01557993644874,12,0,4.2592339946341164,1269.8106111515172,4,0.7635967159914568,0,B,False,False,False,False,True,False
115.57706170060884,7,0,16.167814653760026,1154.8271885040351,4,1.8712948244664533,0,B,False,False,False,True,False,False
18.78857517772019,12,0,1.638154525593453,2213.30795411643,4,0.9704276243273909,0,B,False,False,False,True,False,False
106.94760910219443,7,0,3.8503859467315342,3566.0039545108016,3,0.8981496692274521,1,B,False,False,False,False,False,True
82.41566642916679,7,0,0.13516188733926587,1117.981358755461,0,1.546451760391639,0,B,False,False,False,True,False,False
71.6164090096627,23,0,10.744499605951756,2115.179291757396,4,1.2271746930499023,0,B,True,False,False,False,False,False
616.702819332982,12,0,23.10085256076941,1212.8278737733042,4,0.7465052906570705,0,B,False,False,True,False,False,False
20.461009688278487,11,0,10.720387945568081,1161.0051092963386,3,0.9797023441739869,0,B,True,False,False,False,False,False
76.53587605274757,4,1,5.044007664088614,1490.8935069496158,1,2.6555292377854123,1,B,False,False,True,False,False,False
45.39762083664169,12,0,27.296061288897814,6202.111812588544,5,1.0157004980498596,0,B,False,False,False,True,False,False
47.10921822271757,22,0,9.945031736039413,3509.0440905208056,1,1.0852499803664621,0,B,False,False,False,False,True,False
1.9902779229925487,11,0,17.554184136615262,1551.9057449368584,0,2.9252784844007937,0,B,True,False,False,False,False,False
21.045352245508088,18,0,64.5306184129038,976.612621286003,3,0.46515859475563315,0,B,True,False,False,False,False,False
25.967390792083215,9,0,25.207806467107286,810.6227704779026,1,1.4227580373644786,0,B,False,False,True,False,False,False
46.312697538909205,14,0,28.509508404037195,944.0555540038637,1,1.1672052354978963,0,B,False,False,False,True,False,False
8.53298884126297,1,1,1.9299426391242733,2035.3644413502066,7,0.8912889767598803,0,B,False,False,False,True,False,False
37.60780181113981,5,0,11.669014286845329,1112.4398145894322,5,1.6539564972341265,0,B,False,False,True,False,False,False
16.364053922276604,15,0,87.30891079774072,938.3827953989013,1,0.5752483351433563,0,B,False,False,False,True,False,False
14.130034944998403,0,1,5.866765646163413,1309.7647386722094,3,0.8672629195451506,0,B,False,False,False,False,True,False
5.026480984399594,1,1,0.6402762370373528,1028.9088871689019,3,0.525378274260538,0,B,True,False,False,False,False,False
7.764016552316395,22,1,0.5196646058000504,932.0120728011543,5,0.8044981971178841,0,B,False,True,False,False,False,False
27.814628523365467,22,1,57.729748765447795,3139.398309323998,4,0.6842989853643959,0,B,True,False,False,False,False,False
137.85722099396628,14,0,8.543880319370222,747.7807038459217,5,1.5641785670720387,0,B,False,False,True,False,False,False
40.18092482622027,15,0,5.02896284781021,409.7605563742912,3,1.1653599672526842,1,B,False,False,True,False,False,False
45.17637263547379,7,0,10.821148061783305,1273.5321170449913,9,0.6025535133058142,0,B,False,False,False,True,False,False
77.84620417728775,13,0,14.130855381605588,650.6540284347321,4,1.0499428944786902,0,B,False,False,False,False,True,False
15.74499233430577,23,0,31.90088801771269,941.6267407129909,2,0.15859657574406963,1,B,False,False,True,False,False,False
11.453012095639833,9,1,8.768093717322998,2595.3873686202883,5,1.2353410436510568,0,B,False,False,False,True,False,False
72.05851467985453,14,1,28.767469576922416,1958.8763471528905,2,0.3574335172977669,0,B,False,False,False,True,False,False
36.2648896930819,2,0,4.520456716358082,1068.460385401181,4,1.3982643424736512,0,B,True,False,False,False,False,False
100.11706460454197,5,0,11.928334012938619,659.0111657996767,4,0.8098622049654025,0,B,True,False,False,False,False,False
19.84014929080918,1,1,22.820402214611672,859.665600524193,1,2.7472971578728513,0,B,False,False,False,True,False,False
133.074426347831,8,0,8.769418461208708,19533.81767600121,5,0.416851789705926,0,B,False,False,False,False,False,True
14.752020511092642,6,0,4.876487785453925,4646.807627276111,6,1.3692959338618869,0,B,False,False,False,False,False,True
55.248651887996026,18,0,24.832296445189904,947.3023492665902,0,2.383939444553468,0,B,False,False,False,False,True,False
97.15562304922808,5,0,24.696437608462197,1498.3538861913291,4,0.7841165944085401,0,B,False,True,False,False,False,False
16.107619738042942,0,0,4.9757066495483775,145.2210200397737,2,1.0638133765185922,0,B,False,False,False,False,False,True
8.921357574152193,22,0,13.928232207329529,832.0083956372625,3,0.9225081858879667,0,B,False,False,False,False,True,False
17.645988499207512,13,1,4.242834953259331,2085.947626436931,7,1.212448072909219,0,B,False,False,False,True,False,False
38.47741670381826,20,0,33.99504284219807,869.5100958917396,1,0.9693100561663675,0,B,False,False,False,True,False,False
32.25964132008266,7,1,1.1713659438031416,1203.1384854319379,6,0.7097450612972495,0,B,False,True,False,False,False,False
218.97932714729907,7,1,7.22642233755132,1149.1733098850864,5,1.0244680862321354,1,B,False,False,True,False,False,False
16.82615644037188,5,0,15.75253197617842,2268.505141595261,3,4.736154084188627,1,B,False,False,False,False,False,True
166.82652261336443,14,0,29.516950309443505,277.5065315269899,3,1.8137890014186029,0,B,False,False,False,False,False,True
146.30163094745845,18,0,23.79821740985653,595.161075002373,3,0.6176043418932751,0,B,False,False,False,True,False,False
37.870587585881836,19,0,17.28512289695701,1551.8295304627025,4,1.2700816962278392,0,B,False,False,False,False,True,False
5.749861901077718,16,0,39.06936487943955,585.833324835849,4,0.30538633744579086,0,B,True,False,False,False,False,False
17.278617756010316,5,0,0.36861677639492735,2915.8745075152033,1,0.7827456329283097,0,B,False,True,False,False,False,False
122.73654730402868,6,0,58.31723086860535,913.1260821176991,3,0.8879559070683409,0,B,False,True,False,False,False,False
37.18325218018212,9,0,6.36543215278029,263.76796574391545,4,1.2754329264434658,1,B,False,False,True,False,False,False
181.70423155288736,8,0,20.68982082493258,770.2964106533674,6,0.9989163309378477,1,B,False,False,True,False,False,False
42.691528602647814,4,0,4.910720113171664,3289.863568434117,3,0.824915443087503,0,B,True,False,False,False,False,False
11.982703502658701,1,0,8.03391621621955,312.6988296922804,3,1.0540935016741821,0,B,False,False,False,False,True,False
55.29379272493982,12,0,31.30937908281804,1362.3243486942702,8,1.1866907825179096,0,B,False,False,False,False,True,False
462.80550114420777,22,0,8.918224957629405,1505.9013985497227,4,1.7820692102356657,0,B,False,True,False,False,False,False
22.358002008596948,10,1,32.4208476692406,962.1528026478181,5,1.1915904642052446,0,B,False,False,False,True,False,False
287.0551466270909,10,1,11.944836435024992,825.8715763312083,2,0.8107124852005926,0,B,False,False,False,False,True,False
1065.3790399515005,22,0,4.599886364845625,1025.369856692508,6,0.6097463889412573,0,B,True,False,False,False,False,False
18.238603078869563,14,0,9.992688043221088,950.990813544642,1,0.7774105937076102,0,B,False,False,False,False,True,False
6.96923453709493,13,0,1.3939632884144828,2001.4933492369562,4,0.5302635484572278,1,B,False,False,True,False,False,False
14.762370854148488,20,0,9.755301333512977,1162.3640568516053,3,0.9395538488900035,1,B,False,False,True,False,False,False
14.979887934378567,10,0,23.244058572760242,3385.346045165855,3,0.7342896688323124,0,B,True,False,False,False,False,False
23.420916693553394,12,0,1.0700448199252124,1254.0298672122688,3,1.1927230111110738,1,B,False,False,True,False,False,False
58.21861233135841,17,0,3.9873718466060373,1236.9192965643183,2,0.5981480741795447,0,B,False,False,False,True,False,False
4.787091772612126,6,0,8.234281160214099,2193.9701713855657,7,2.8156775594615024,0,B,False,True,False,False,False,False
42.14970113689491,16,0,21.271905089874835,342.96903046976416,5,0.885602349224585,0,B,False,False,False,True,False,False
92.49802836838015,10,0,20.859969255243286,975.813734444152,3,2.7914827741850528,1,B,False,False,True,False,False,False
52.48160605942441,21,0,32.74424448918594,830.1638211102311,2,0.6218500185521215,1,B,False,False,False,False,False,True
115.28666331985194,5,0,2.3584624246747468,591.8776819391816,3,1.0896948879103736,0,B,False,False,False,False,False,True
89.91320203953062,13,0,2.5392334550609914,903.3644056196132,3,0.7669105077154217,0,B,False,True,False,False,False,False
308.2545310489351,5,0,16.583261631568654,5153.694904346794,3,1.6491952426237064,1,B,False,False,True,False,False,False
18.526595435253192,13,1,2.978413519962828,545.9990909874527,1,1.1176481765464499,0,B,True,False,False,False,False,False
909.5460245908072,18,0,8.012316148940643,777.0726075636641,5,0.49492998262170673,1,B,False,False,True,False,False,False
18.77378441024493,2,0,11.628453299616465,6066.8022373797785,4,1.2355534695580852,0,B,False,False,False,True,False,False
15.205620839965706,16,0,4.4540073816617305,1324.5015769949628,2,1.4202583866161218,0,B,False,True,False,False,False,False
44.02306608624593,19,0,17.643147826537028,3047.0086574174484,1,0.652466312547204,0,B,False,False,False,True,False,False
61.70401499104206,6,1,29.276175344506296,2239.514463449686,1,0.9739997581574671,0,B,True,False,False,False,False,False
71.18063531095457,16,0,0.1838300428681675,988.8598931999443,4,1.8839204578339146,0,B,False,False,True,False,False,False
243.07372563245357,9,1,5.121828271996676,2413.941425999616,1,0.8070478778214172,0,B,True,False,False,False,False,False
646.5617644763706,17,0,18.681973299771126,2031.226570809153,2,1.2106786275983366,0,B,False,False,False,False,True,False
74.41609996268079,17,0,4.836062813086805,4169.003082833844,5,0.4025584247324607,1,B,False,False,False,False,False,True
455.1531868328811,20,0,11.102163621784696,936.7591732023268,1,3.7234883788690887,1,B,False,False,True,False,False,False
204.29387466022126,12,0,21.187321897385477,563.5498911496311,4,1.1065480275001314,0,B,False,False,False,False,True,False
4.829256732016488,7,0,6.3172760806263275,1499.5423961281112,4,0.6227203961435108,1,B,False,False,False,False,False,True
109.43722046623743,4,0,23.236803592686478,1230.6839099670697,1,0.7046456472332422,0,B,False,False,False,False,True,False
3.755045556726164,0,0,25.403431295105136,588.7434413581203,6,0.2794724676260673,0,B,False,True,False,False,False,False
192.54128145908587,16,0,70.81442975467623,1934.9132195529878,3,1.2761519250740787,1,B,False,False,False,False,True,False
106.76357331814987,4,0,8.492766295725886,1672.2186619475751,2,1.6110374763068176,0,B,True,False,False,False,False,False
168.97226385156787,15,0,9.688145037943226,865.8835832506804,2,4.18382497035771,0,B,False,False,False,False,True,False
9.894088598394644,17,1,22.910094042591584,1778.5994341078795,0,1.2045070298721832,0,B,False,True,False,False,False,False
105.71626933974787,2,0,30.371863596877603,1294.396701525597,1,1.1073448636345922,0,B,False,False,False,False,True,False
73.97313452592702,17,1,10.554935485283295,836.8790725323374,1,1.1131765628393702,1,B,False,False,False,False,False,True
25.103094097062176,8,1,0.3294466950675361,1817.4077105562972,2,0.6751364123954944,0,B,False,False,False,False,True,False
75.69985491420354,20,0,9.188298677845882,1009.2999999175311,2,0.8519034275073872,0,B,True,False,False,False,False,False
19.357073515766157,13,1,3.8281033927328103,1700.2012630216946,1,0.7921200182803115,0,B,True,False,False,False,False,False
26.46454271016568,16,0,1.5253448131975182,3190.0052173595504,3,0.6372252866721277,0,B,False,False,False,False,True,False
165.03629667905508,18,0,6.2154497837007865,591.1167216043285,6,1.07404933280446,0,B,False,True,False,False,False,False
45.26306405482782,14,0,7.4617543274642335,2284.713761113298,2,1.5681822723222603,0,B,False,False,False,False,False,True
73.61529135759491,7,0,59.97193100726416,1091.6109162399416,4,0.436138612705471,1,B,False,True,False,False,False,False
56.93563211228172,3,0,9.111297940265745,1034.2322542357579,4,0.9930888636374412,0,B,False,False,False,False,True,False
83.24651290788681,23,1,51.43143451073946,2500.2055496025578,3,1.4572191654299562,0,B,False,True,False,False,False,False
57.669885940756565,14,0,19.773404472499198,1540.2273471319509,4,1.1930705866783564,0,B,True,False,False,False,False,False
4.110384403420182,16,1,4.377079518956149,563.1901981107038,3,1.268524245020836,0,B,False,True,False,False,False,False
18.542226995633367,23,1,18.158161596295702,1564.5031052948905,4,1.3646932967381815,0,B,False,False,False,False,True,False
25.846427843016617,10,0,7.7289703699782635,1343.8710878861589,5,1.2526869777496281,0,B,False,False,False,False,True,False
5.5150409828437885,11,0,12.986689741415073,1523.602142201197,1,0.4679858686379002,0,B,True,False,False,False,False,False
57.012829605320746,13,0,10.986613242959976,1011.036187263344,2,1.3917277479485102,0,B,True,False,False,False,False,False
19.18927178777379,6,0,40.283383221301804,906.1699676712402,3,0.7413639063211099,1,B,True,False,False,False,False,False
16.081224118030544,2,0,2.083900092255921,902.9026046355909,5,0.8962373115816652,1,B,False,False,True,False,False,False
4.861637196080277,10,0,8.803034271980431,212.70006241308803,3,1.238579907164981,0,B,False,False,False,False,True,False
31.081072183817064,1,1,1.2697961945881422,2060.187659531022,3,0.9700419725882709,0,B,False,False,False,False,True,False
69.70945540931314,16,0,4.410369237629821,714.0870326100738,3,0.595332932211304,1,B,False,False,True,False,False,False
56.40689910532872,9,0,1.1992853073768703,857.887104111589,5,1.6006131997817397,0,B,False,False,False,False,False,True
106.78637087982048,22,0,41.879105397440235,1080.633756274211,3,0.627958988625939,0,B,False,False,True,False,False,False
30.531984014418857,0,0,5.672624005361836,3456.905141522798,1,0.8310744848013828,0,B,False,True,False,False,False,False
161.57363292147656,21,0,22.800301341696116,280.2295583195276,1,1.5715908233183284,1,B,False,False,True,False,False,False
115.04102693378984,12,0,20.70703403180034,626.2249334489287,3,0.6380612648645761,0,B,True,False,False,False,False,False
38.69943575777424,13,1,2.269185342704785,1367.9237552871027,2,2.258754304632161,1,B,False,False,True,False,False,False
36.95636256922079,16,1,2.2807034724613255,116.2322739219626,4,0.6709745478922965,1,B,False,False,False,False,False,True
525.3257345500039,9,0,7.120942965768237,1005.3056648872598,4,0.7574938262063924,0,B,False,False,False,True,False,False
29.12449849400811,19,0,12.610261148532741,777.3207519498436,1,1.1104644766123763,1,B,False,False,False,False,False,True
417.92012626004856,14,0,8.345846043090821,773.7796375672319,2,0.4583667711624594,1,B,False,False,True,False,False,False
124.44674974444168,20,0,21.912530255022546,1036.0719238282225,3,0.4797951473829181,0,B,False,True,False,False,False,False
18.113596098318137,16,0,11.516247398765362,1496.2616706417557,0,2.7196493716083023,0,B,False,True,False,False,False,False
50.717339715143744,12,0,32.03683304617131,425.92236654427234,4,1.0695681499683616,0,B,False,False,False,True,False,False
28.414258715153174,7,0,13.461991445022106,1722.6456670510072,6,1.5812802538630566,0,B,False,False,False,False,True,False
20.71318367074348,6,0,13.460913036413832,860.2628172979973,4,1.4775508746880641,0,B,True,False,False,False,False,False
49.652533115024305,16,0,16.168069796628725,3347.9722233399734,4,1.0790074192965087,0,B,True,False,False,False,False,False
20.797627769720098,4,0,13.857448571589998,2305.433575776907,4,0.9547648743753633,0,B,True,False,False,False,False,False
19.319088843751455,3,0,14.205808902458001,932.9600173695031,6,0.6374270578312253,0,B,False,False,True,False,False,False
56.70266223173622,16,0,8.959647508665487,2233.1732501172364,5,1.975261104597782,0,B,False,False,False,False,True,False
176.95512095831822,3,0,1.4236661451702182,405.58304696092796,4,0.7897041296460634,0,B,False,True,False,False,False,False
33.47397107116452,19,0,6.904510702983672,440.57028140123896,2,0.7658457700130004,0,B,False,False,False,False,True,False
65.87103947169045,21,0,21.93489113091418,3357.0342675990896,3,0.2672143937951311,1,B,False,False,False,False,False,True
65.19326049833694,19,0,0.5809215781859666,768.784586647997,3,2.0699032953342638,0,B,True,False,False,False,False,False
17.997771748809985,20,0,17.59834818126557,2367.477362297618,3,0.9312028273341731,1,B,False,False,False,False,False,True
265.2897666324374,10,0,59.33681603395904,843.7722805769915,0,0.6793722561238795,0,B,False,False,False,True,False,False
33.104846196062596,9,0,8.589525730854108,1770.1306735235912,3,2.488713321476798,0,B,False,False,False,False,True,False
22.74152653625792,2,0,3.5817330728494965,759.5178150541723,1,0.3704963028030834,0,B,False,False,False,True,False,False
236.8149353050553,15,0,0.3491305261735247,395.6415942152982,3,0.5340790600522823,1,B,False,False,False,False,False,True
79.9385637117726,12,1,28.939793027530214,2043.1809994956623,4,0.5112485346264761,0,B,True,False,False,False,False,False
157.3071108678598,6,0,2.39172898241449,3496.8514542669996,2,1.2572587217694295,1,B,False,False,False,False,False,True
16.684820792463366,10,0,0.6615871759163472,319.50596681702604,1,1.0311275923166903,0,B,False,False,False,True,False,False
519.938213816184,18,0,9.966601074002577,1256.6547692897034,5,1.0940450589572763,1,B,False,False,False,False,False,True
11.61184920132229,20,0,7.212510586884635,967.4888475882325,1,1.6514453458794982,0,B,False,False,False,False,True,False
141.28737189082992,1,0,48.21122178472602,2229.98057791514,3,1.07546451389114,0,B,False,False,True,False,False,False
117.69110318079626,9,1,9.313072765786469,1653.2659686996526,1,1.061263811288897,1,B,False,False,True,False,False,False
44.30790543832193,10,0,27.06637132792172,1365.0380797362434,4,0.35592439247513424,1,B,False,False,False,False,False,True
150.26661948177195,23,0,40.32242797595313,380.2413983768561,1,1.1646762383352343,0,B,False,False,True,False,False,False
9.306583904022958,12,0,3.0545789594996275,1767.0116871591274,3,0.5973896232918302,0,B,False,False,True,False,False,False
52.15942991449916,19,0,6.3772630536780595,913.1626188042017,1,1.1435188304150925,1,B,False,False,True,False,False,False
149.57523812808648,0,0,38.51350430502524,605.4795701323916,4,1.2416210524410263,0,B,True,False,False,False,False,False
196.31528311767698,17,0,12.174329276586068,1440.3051692519261,6,1.4497052309944716,0,B,True,False,False,False,False,False
149.3839174709878,6,0,5.84436054155069,846.4783301572257,2,3.7516089311943266,1,B,False,False,False,False,False,True
3.952244706728432,6,0,11.02552538096312,2704.0958158168887,3,2.288369413170663,1,B,False,False,True,False,False,False
142.09161044050236,1,0,19.705015408803252,1020.3933050417993,3,1.9247822310700469,0,B,False,False,False,True,False,False
72.51095505388518,7,0,14.44851452696736,2057.1099401213796,3,0.7121050863549483,0,B,True,False,False,False,False,False
275.08683233000653,10,0,40.67896155575794,2313.1281161441325,2,3.17466192503929,1,B,False,False,False,True,False,False
50.71366017876792,16,0,49.444254901433055,1541.7994904046577,1,1.2108631333832685,1,B,False,False,True,False,False,False
5.587165353189768,14,0,18.6438816080975,287.30161122338427,2,3.1674670457521787,0,B,False,True,False,False,False,False
52.145879437281906,11,0,16.346885178664795,827.7317528171399,3,1.4414263228554087,0,B,False,True,False,False,False,False
9.101404130814618,19,0,0.20478931387899862,429.54851926796374,3,0.2726155535057342,0,B,False,False,False,True,False,False
68.35916304239463,7,1,22.96611007165248,375.9941575388536,1,1.6027245100471554,0,B,False,False,False,True,False,False
15.52357264714236,4,0,10.380451810183203,115.93043192681981,3,1.1981248372286708,1,B,False,False,True,False,False,False
271.38783696678166,23,0,31.148392176602226,531.0265631642154,4,0.7900008783907951,1,B,False,False,False,False,False,True
61.235254035840036,7,0,40.57046261132503,1016.7423327091179,2,1.2961036091375637,0,B,False,False,False,True,False,False
4.5946460032608245,12,0,6.9068630448520185,1231.9884659372583,3,0.9730822498077975,1,B,False,False,True,False,False,False
277.1707799243651,13,1,35.3819334831641,1295.765468225517,4,1.2521963361381407,0,B,False,False,False,True,False,False
908.1721845488948,13,0,16.163100271288364,1767.2828464231739,5,0.8246725613275407,0,B,True,False,False,False,False,False
22.116732224345046,0,0,8.381830026638134,1019.8118254619035,6,0.9734950646447756,0,B,False,False,False,True,False,False
11.550847137813365,0,0,0.7816203003339192,633.2926798864374,2,0.7754424032488685,0,B,False,False,True,False,False,False
12.522753488347083,8,0,20.330802710975572,1154.4901898165983,4,0.7695779119378477,1,B,False,False,True,False,False,False
4.130662790862552,6,0,33.55328471578392,355.6152785764102,3,1.0635246856319691,0,B,False,False,False,False,True,False
95.95924800997643,8,0,13.095115172188866,881.7967644416394,5,1.3872218678891968,1,B,False,False,False,False,False,True
23.407965182558236,1,0,7.734138701139122,2610.845587218546,7,0.5476807364726919,0,B,True,False,False,False,False,False
21.614134600498083,7,0,9.007611154979866,427.11108651637056,1,0.8543131670251919,0,B,False,False,False,False,True,False
36.0373884992391,0,1,18.46852312406796,823.1614654880339,3,0.9099416502872479,0,B,False,False,False,False,True,False
262.96115801829933,3,0,3.314716949004587,893.694751547897,3,1.7066614639600202,0,B,False,False,False,False,True,False
35.66719152691854,23,0,3.429952346101491,2160.6007518347196,4,1.1468235908429323,0,B,False,False,False,False,True,False
29.08261830075037,11,0,6.393477212473501,901.7720601023645,2,0.5490491489077735,0,B,True,False,False,False,False,False
15.565071310708568,3,0,0.45401838296692415,3802.0387206551713,2,1.1564226119149754,0,B,False,False,False,False,True,False
93.10896287122499,18,0,16.5818711313208,1620.5523721088116,1,1.2560417858038884,0,B,True,False,False,False,False,False
16.188936368785733,6,0,8.919626902204488,1746.953492000473,2,1.4736409985513488,0,B,False,False,False,True,False,False
29.439472497196085,20,1,33.62453170743696,850.0018766687806,3,0.738925826699692,0,B,False,False,False,False,True,False
195.61273099345854,0,0,15.62053685267437,224.85015442203874,1,1.177133863204698,0,B,False,False,True,False,False,False
10.019066598675446,10,1,18.29699308107059,2119.715886804705,3,1.0824238779333843,0,B,True,False,False,False,False,False
6.570394519731524,3,1,16.71470940052951,478.17342922236793,4,1.0927755697598893,0,B,False,False,False,False,False,True
26.086444315176124,3,0,8.117110238541708,4374.354650038529,3,1.0225930952811626,0,B,False,True,False,False,False,False
45.75556147035646,11,0,40.48246705918654,2299.9903880917395,6,2.947249043470546,1,B,False,True,False,False,False,False
85.67524499536765,16,0,36.86452141628441,590.8336617529337,2,3.2973371345596174,0,B,False,False,False,True,False,False
46.27463109469873,10,1,9.881634214412093,1405.9331116336405,3,1.6953334334027668,0,B,True,False,False,False,False,False
56.1074704820215,4,0,22.666822251205883,605.1035712485317,0,0.9057743943151799,0,B,False,False,False,False,True,False
371.54679270742014,1,1,63.09850422954664,3919.357786642801,0,1.402273521350469,1,B,False,False,True,False,False,False
94.77874871623379,23,0,6.03487036907709,11900.873244522232,7,0.9135951257411304,0,B,False,True,False,False,False,False
33.84379039850226,8,0,14.706577908988892,397.5846775791077,2,0.9614048234252168,0,B,False,False,False,False,True,False
49.128348770431224,15,0,12.644013501127402,539.0078704570591,5,0.811719499097882,0,B,False,True,False,False,False,False
39.95750330244969,17,1,11.673175095249709,2361.9754630388907,2,0.4476879374634977,0,B,False,True,False,False,False,False
138.94631017327043,11,0,40.57379078515742,1754.0309720851083,3,0.29086408417151144,0,B,False,False,False,False,True,False
276.5651029820183,11,1,2.030397021341917,481.56521667172683,1,0.7858629085841861,0,B,False,False,False,False,False,True
45.816265040869595,3,0,10.896902121595696,842.9296889218621,1,0.6994646428846324,1,B,False,False,False,False,False,True
11.884594356318319,17,1,0.39291921285559567,1147.9629130777666,2,0.6903938396213783,0,B,False,False,False,True,False,False
222.03964856029899,20,0,5.52480881387429,833.4155280003594,1,1.869607484050171,1,B,False,False,True,False,False,False
18.60745304439263,22,0,16.861949541000527,720.6448915492035,2,0.6605842153786003,0,B,False,False,False,False,True,False
60.80927139110776,20,0,22.73983039519221,328.6883640006378,2,0.5416134601377377,0,B,False,True,False,False,False,False
2.2102715679721685,15,0,28.88938181768296,4284.629711355608,3,1.7438896946513092,1,B,False,False,False,False,False,True
23.524018310844127,4,0,1.1956283248079027,1554.8329226832025,5,0.9080077361864736,0,B,False,False,True,False,False,False
130.49946816437316,1,0,3.0605102342149455,4313.650712644093,3,0.716034570439824,0,B,True,False,False,False,False,False
116.16775622976924,12,0,7.699981804096337,653.9252322970871,0,0.9000760152971948,0,B,False,False,True,False,False,False
15.96308125714525,10,0,7.200033190548362,907.1367165503278,4,1.5664414812249323,0,B,False,False,False,False,True,False
83.16176747516093,2,0,4.39409449136009,1559.8723040729017,4,0.9498570455058246,0,B,False,False,False,False,True,False
2.745491587576731,5,0,41.39569626044311,461.6803163080101,3,0.9854420470665092,0,B,False,False,False,False,True,False
13.888656909446844,13,1,11.450948114708781,2615.427414165556,2,0.9751703893608912,0,B,False,False,False,False,False,True
18.35555777853652,5,1,16.051342141097223,580.2668780653122,1,1.122605373249782,0,B,False,False,False,True,False,False
169.85610025327045,12,1,20.773929735195207,1583.3051270236642,2,0.7279157132481475,0,B,False,False,False,True,False,False
36.93114434142384,0,0,11.775124729783174,1105.2526949714468,3,0.42977153597236517,0,B,False,False,False,True,False,False
91.60138317471967,16,0,26.90423514233782,1198.9145648653325,7,1.0992997916610427,1,B,False,False,True,False,False,False
124.14898056790504,10,0,62.83714703627662,2251.6383966162534,3,0.6670354294388657,1,B,False,False,True,False,False,False
52.96517342366689,1,0,7.4617155412010225,304.3930416210135,3,1.154038293935206,1,B,False,False,False,False,False,True
251.03642836194703,1,0,15.4790727172974,383.2266056443039,2,0.5373821437445208,0,B,False,False,False,False,True,False
19.2179912264084,15,0,5.718815522424418,1238.4133884311682,5,1.4926097047589277,0,B,False,False,False,False,True,False
68.06755934468805,11,0,1.0724787496948605,1280.2568423941316,2,0.6863807132092028,0,B,False,True,False,False,False,False
4.404712812165099,8,0,0.4116860734024038,653.7433669223495,4,0.8547073076144847,0,B,False,True,False,False,False,False
117.06137345105559,4,0,3.970673254152575,955.3555807896654,1,0.624759454733391,0,B,False,True,False,False,False,False
106.51515660761372,21,1,2.6567076004408747,98.3066907620145,2,1.6602738277702327,1,B,False,False,True,False,False,False
32.56495072927523,13,0,19.21618712330576,2018.4173113846891,6,1.2298758782089116,0,B,False,False,False,True,False,False
26.08552489838855,2,0,9.33641038163741,2584.897013616778,1,0.5761131778878016,1,B,False,False,False,False,False,True
195.58651470927373,6,0,11.65113955135351,1233.0415499094686,4,3.098045417682276,0,B,False,False,False,True,False,False
27.540474803858498,17,0,1.2798757928883802,581.0288677068598,5,0.6393524594689932,0,B,False,False,False,False,True,False
171.41272592013544,20,0,0.29396184266327663,1234.26311315965,2,0.6415191651418247,0,B,False,True,False,False,False,False
29.11764175000438,14,0,8.56740585570741,1343.5965157610237,5,1.224082449987169,0,B,False,False,False,True,False,False
93.34175055382974,3,0,4.429404967009069,500.257180509633,2,1.8792719538731344,0,B,False,False,False,False,True,False
11.439946904029071,23,1,14.591657029136936,3237.16435539243,3,1.0510209478476993,0,B,False,True,False,False,False,False
27.215898218310652,12,0,10.750872822175337,4506.512067082265,1,1.16070219183022,0,B,False,False,False,True,False,False
61.86368149490985,17,0,26.440814970308168,1804.7064946689368,1,1.0932002944445194,0,B,False,False,False,True,False,False
562.2879409957477,15,0,27.35248078905519,311.72732601309247,1,0.7721036722819552,0,B,False,False,False,True,False,False
231.75385835317599,0,1,11.554694977898373,1124.5842064653843,3,1.0846041895340077,0,B,True,False,False,False,False,False
35.7489356045989,1,0,35.59701317062966,1258.0489799249392,4,1.750453126692673,0,B,True,False,False,False,False,False
257.94751451157623,1,0,40.510516777605325,5504.688290596344,3,2.2040285672062203,1,B,False,True,False,False,False,False
41.86799289141156,15,0,4.2029305801258,1269.5227242791264,4,1.3781172040467307,0,B,False,False,True,False,False,False
127.95165024271347,7,1,56.91100043272189,293.5735155122165,2,1.7192222773759565,0,B,False,True,False,False,False,False
42.06763237690707,0,0,63.95316733279522,713.8258778196454,7,1.3782684868493935,1,B,False,False,False,False,False,True
21.32129138325792,14,0,1.0075687107441682,938.5048355091569,3,0.8301235607544925,0,B,True,False,False,False,False,False
29.649216939242155,16,0,0.03552318317275019,1635.6774042363436,0,1.5779276986941853,0,B,False,True,False,False,False,False
6.0001449296090525,16,0,0.9057850763215732,1071.0696529076733,2,0.5312185803212308,0,B,False,False,False,True,False,False
29.39273791850449,2,1,6.453936652283162,813.8493646002509,4,0.9112625092176394,0,B,False,False,False,False,True,False
13.00272328724843,20,0,24.75787457841997,308.55771320706475,5,2.5497541175164327,0,B,False,False,False,False,True,False
79.81944625762371,23,1,10.534700403290145,625.9066500443353,5,0.8612231101653308,0,B,False,False,False,True,False,False
142.89769785937614,23,0,5.270360230668235,850.325414361842,2,1.0442475183005886,1,B,False,False,True,False,False,False
32.2063598216326,11,1,0.8486312015201349,946.672844962137,5,0.6939244386292739,1,B,False,False,True,False,False,False
10.522028279284285,4,0,7.5588888654610535,4005.946173390119,2,0.5885796920935195,0,B,False,True,False,False,False,False
183.8593042873067,12,0,0.5524965194168074,1873.3330313677104,2,1.144283270024586,0,B,False,True,False,False,False,False
34.36608890134071,20,0,2.8442462652984277,533.0633275726524,2,1.0840561780749238,0,B,False,False,False,False,True,False
215.47199770924544,6,1,31.645246163493667,1753.1907411546708,5,1.9787286697020166,0,B,False,False,False,True,False,False
77.06268779099707,0,0,21.508690710977877,398.39862914903176,2,0.468274409514249,0,B,False,False,False,True,False,False
513.7275379522188,16,0,81.78747143708186,438.9724646394992,2,1.3106752871545677,0,B,False,True,False,False,False,False
42.697352120815864,12,0,33.72467594064778,629.1115041544232,2,1.242324664801944,1,B,False,False,False,False,False,True
4.650871349291126,10,1,29.039717423664605,1026.5408339608166,3,0.7708766366502411,0,B,True,False,False,False,False,False
64.53210994813533,16,1,2.8809296807501275,1961.3592017308983,3,1.483358959026276,0,B,False,True,False,False,False,False
17.125995849229383,23,0,15.675719215388824,1583.9818397873441,4,0.4708495155633509,0,B,True,False,False,False,False,False
16.835610840034605,23,0,13.764415469887373,1784.5156880066886,1,0.5088278569197823,0,B,False,True,False,False,False,False
256.94568098740604,12,0,37.498953491530465,2627.1868066146553,2,0.39793428941204295,1,B,False,False,True,False,False,False
75.95814460621547,3,1,22.781524116776133,2227.392205117164,2,0.7983233981297432,0,B,True,False,False,False,False,False
23.239422238609894,4,0,22.35720648142922,727.1987043389593,6,1.1508069553999414,0,B,False,True,False,False,False,False
56.75155270220244,22,1,5.889815239900371,639.812192565854,1,1.1387823791711669,0,B,False,True,False,False,False,False
56.34505810027433,13,0,1.9929391844036253,1885.35922770016,9,0.7455549378105805,0,B,False,False,False,False,False,True
5.663973724918336,15,1,6.9080642005636435,2693.7703263793433,3,2.315717582455918,0,B,False,False,False,False,True,False
152.96237480841938,5,1,3.5060964669493986,1744.0832889301512,4,1.073301346222665,0,B,False,False,False,False,True,False
132.53274491436,1,0,19.51278728737683,2388.277516240401,2,0.38600287673076644,0,B,False,True,False,False,False,False
35.197444219563955,12,0,9.223835037508545,1511.8978062045949,4,2.6993832213512734,0,B,False,False,False,True,False,False
71.76411126535287,22,0,3.9647121586598817,3321.282412343138,5,2.3702505291816434,0,B,False,True,False,False,False,False
12.517304593431914,17,0,16.09346988015448,705.6539579452079,3,1.5595060530337248,1,B,False,False,True,False,False,False
539.846903956438,3,0,1.0739923503935205,2421.281396938853,2,1.1959805110628206,1,B,False,False,False,False,False,True
165.42751846117173,15,1,37.48547520295539,1016.5708502468808,1,1.0815235706395216,0,B,False,True,False,False,False,False
29.050017522467105,3,0,12.952381484761876,421.9932620917785,0,0.584655009687394,0,B,False,False,False,False,True,False
14.565402456511988,15,0,9.270278736699025,873.0933577602063,4,1.063879635106786,0,B,False,True,False,False,False,False
30.2824380526449,20,0,4.297358621674836,1785.8775323130765,3,1.0256036860715259,0,B,True,False,False,False,False,False
21.7538297556237,16,0,11.90757109837992,3242.151184486513,2,1.1451809590688187,0,B,False,False,False,False,False,True
89.49372042437986,2,0,5.077644634849039,1162.8726290189297,0,0.7856804949700136,1,B,False,False,False,False,False,True
30.686937478876487,23,0,7.526195728816255,801.8887017004954,5,0.4072127868281351,0,B,False,False,False,True,False,False
6.437605459295196,5,0,32.91208287719817,1851.5223612546004,3,1.5997758812882066,0,B,False,False,False,True,False,False
32.36353859989486,18,1,3.2377335657152835,285.38894535006443,3,0.931835482096128,0,B,False,False,False,True,False,False
22.620837026639038,1,0,6.416435993555325,1247.3235244077498,2,0.8303892850646808,0,B,False,True,False,False,False,False
145.72037169363904,21,0,15.999829049412224,252.55404215605873,3,1.252620447781943,0,B,False,False,False,False,True,False
615.0316260484917,13,0,19.352528919007955,365.72155041767485,3,1.7253557900055354,1,B,False,False,True,False,False,False
48.27438187760349,2,0,1.831114781628441,444.1596593894899,4,0.685577826231698,0,B,False,False,False,False,True,False
61.437207764971006,6,1,41.2888015690422,1517.348081261205,2,1.3478053462883701,1,B,False,False,False,False,False,True
20.851672295237627,22,0,0.41169434659669596,800.493199064407,0,1.3307743386780866,0,B,False,False,False,False,True,False
121.43757500959538,10,0,1.0386109296915116,502.493682045087,2,1.2745424409529256,0,B,False,True,False,False,False,False
41.8531738363905,14,0,21.538438532504763,2015.4737722234997,3,1.2113908312097985,0,B,False,False,False,True,False,False
57.04182942608591,17,0,22.141641013597038,563.4909068381303,3,1.3453370202379484,0,B,False,False,False,False,True,False
148.00271824834238,3,0,16.453238364132474,1419.0603148078433,2,0.9997010045906112,1,B,False,False,False,False,False,True
113.77503058144282,2,0,11.061443147043985,1191.7903538351798,7,1.4847238373440093,1,B,False,False,False,False,False,True
39.011088241431764,15,0,5.108592702149255,823.021852168071,3,1.0132497596090961,1,B,False,False,True,False,False,False
140.57752097054845,7,0,27.48717228761362,1033.3952483042203,7,2.238663156279489,0,B,False,False,False,False,True,False
419.05452946089025,7,0,17.997472896298344,2049.7336147521187,4,1.98349762339273,0,B,False,True,False,False,False,False
79.1309079987071,3,1,51.6541027024144,361.77666805844626,5,1.9265222246347653,1,B,False,False,False,False,False,True
102.27401077036033,15,0,9.085743510831266,5011.776939197908,4,0.3550528783340344,1,B,False,False,True,False,False,False
111.24534026906196,3,0,9.538117752198739,809.0500422687003,4,0.7141626786920351,0,B,True,False,False,False,False,False
15.573657823331821,5,1,23.509232651686514,1464.8384337891735,1,2.677331592188257,1,B,False,False,False,False,False,True
97.35585965676364,21,0,74.53260496458905,388.77596953522516,1,0.45895126240725387,1,B,False,False,True,False,False,False
46.252103852348235,5,0,34.00920869851612,6658.51313107694,4,2.9874686722636206,1,B,False,False,False,False,False,True
246.38330056359843,17,0,5.296192480292696,424.1235555630957,2,1.2327553297563973,0,B,False,True,False,False,False,False
64.72790152167975,11,1,46.06247686007444,1178.4026312623917,3,0.9735597710176893,1,B,False,True,False,False,False,False
29.768025510055516,7,1,3.3091100365325308,2492.652960768378,3,0.7377726220449604,1,B,False,False,False,False,False,True
37.195386155397856,13,0,8.20834795491203,2206.4341287224784,3,1.0143916727239621,0,B,True,False,False,False,False,False
433.4209320932477,6,1,32.69753901887056,2186.627086435802,5,0.9762461337506997,1,B,True,False,False,False,False,False
2004.702299118299,1,0,5.641051424422465,922.8344498478316,2,0.6551186739933554,0,B,False,False,False,True,False,False
88.30570831775486,7,0,6.513366972871173,5916.591869809613,8,0.5289413657025471,0,B,False,True,False,False,False,False
23.689356942890534,10,0,78.78867551642864,684.9340294680369,2,0.5254619659552036,0,B,False,True,False,False,False,False
10.591753607140598,16,0,8.995406557566925,1146.5053328779782,1,1.9095357384918752,1,B,False,False,True,False,False,False
30.708083245448254,9,0,44.1909840616331,823.4029863378552,3,1.3928354755733205,1,B,False,False,True,False,False,False
58.55302075348174,6,0,4.803720502322544,681.6310452615372,3,1.2340965402720852,0,B,False,False,False,False,True,False
29.403125484388774,5,0,10.42202863355264,2735.8615732638923,3,0.6005513069027898,0,B,False,False,False,False,True,False
12.771646961249303,8,0,7.237051166080471,2824.944957314017,3,1.2251267142723485,0,B,False,True,False,False,False,False
85.86791305434976,18,0,12.457765606498986,1373.281345788864,3,2.321124891423017,0,B,True,False,False,False,False,False
36.32837131044409,4,0,34.301747409505666,2349.1392183947196,3,0.8330971278950746,1,B,False,True,False,False,False,False
40.446139731199466,4,0,70.45756874609134,539.4168959522286,3,0.9210379888627651,0,B,False,False,False,False,False,True
84.43274349706316,21,0,10.429225643350826,579.8856653826757,1,1.2532317022580617,0,B,False,False,False,True,False,False
37.20070106305392,2,0,2.8861639780612,173.95084476268397,1,0.4732631332064769,1,B,False,False,False,False,False,True
4220.9065741046115,3,0,0.7769282887485885,141.00737044559278,5,2.145203235969974,0,B,True,False,False,False,False,False
109.14001157153498,11,0,2.6068176814526813,3772.0408082464714,4,1.5439290344943433,0,B,True,False,False,False,False,False
9.850782771564928,5,0,20.583463471983812,1078.5071487656899,2,1.3979622783665007,0,B,False,True,False,False,False,False
137.43682428849564,20,0,13.532704999250361,2168.5006895691217,3,1.0398288353594112,1,B,False,False,True,False,False,False
115.69190453895656,9,0,20.72187765741322,1395.1991708129106,1,0.5304835269438093,0,B,False,False,False,False,True,False
84.71189621784782,7,0,46.177917135384575,2298.915594349731,0,1.3471333003021106,0,B,True,False,False,False,False,False
302.17190463744043,22,0,18.404802758536512,1991.5203422709649,1,0.8977989115247582,0,B,False,False,False,True,False,False
92.98465542000443,16,0,22.545780685787083,288.218389931486,4,1.6599128369586302,0,B,False,False,True,False,False,False
17.288187790843736,5,0,8.356830194625909,2685.0220703063505,3,0.8962569184890872,0,B,False,True,False,False,False,False
17.92283944999323,4,0,10.740785345793892,1763.1426115719905,2,3.13372762988298,0,B,False,False,False,True,False,False
35.666806206879784,9,0,25.998442101435632,187.7914366090664,4,0.6989460560703253,0,B,True,False,False,False,False,False
158.25008634417156,11,0,15.285902048205827,1702.57636448042,6,0.7324161122292631,0,B,False,False,False,True,False,False
20.286687767833417,13,0,11.501878385267219,273.83745978882143,3,0.6693131933792571,0,B,False,False,False,False,True,False
14.179127753107887,2,0,3.749986307966381,3496.6235642961574,4,3.285563629745818,0,B,False,False,False,True,False,False
1338.4181938912748,19,0,13.850972601491213,1994.9957037881118,1,0.6002339747540689,0,B,False,True,False,False,False,False
55.66711890676544,3,1,5.1609855140483605,1241.4951907404734,4,2.092369870291046,0,B,False,False,False,False,True,False
25.79969796727387,3,0,13.382111685232612,1358.8567667138623,1,0.2629158562851152,0,B,False,True,False,False,False,False
1.9647771157972511,7,0,9.351231693895365,351.3055077683131,2,0.9761130137869385,0,B,False,False,False,True,False,False
18.635609782202213,3,1,1.6091459167391238,1800.9753331017396,3,0.6608914708592022,0,B,True,False,False,False,False,False
20.88673195758989,18,0,29.188927427349757,871.0647720541994,1,1.1380570032638222,0,B,False,True,False,False,False,False
53.07832033254597,14,0,13.05958537112048,558.1456649261543,4,2.093734958346986,0,B,False,False,True,False,False,False
43.61045464294407,12,0,34.98760971741078,637.4131546235515,2,0.676740346325353,0,B,False,False,False,True,False,False
90.18690494950718,4,0,39.25849595539149,370.78001014289885,1,0.9799336858324549,0,B,True,False,False,False,False,False
11.857194732304844,14,0,10.934083304577412,5596.30231849429,5,1.0163434152498811,1,B,False,False,False,False,False,True
284.7525175751008,17,0,17.000431993980406,2198.968200971159,5,1.208160955892279,0,B,False,False,False,False,False,True
229.78697644235828,4,0,33.861876448287845,2623.4386294009537,2,0.678469412697113,1,B,False,False,True,False,False,False
18.191547917188366,17,0,17.098776409883683,419.8664864082152,2,0.9550281282286405,1,B,False,False,False,False,False,True
496.6864848158314,9,0,4.194440873183814,212.4039629527738,4,0.6377449479785657,1,B,False,False,False,False,False,True
11.614587129392056,17,0,4.4857748639630985,914.8098902247422,3,1.6070691524668148,0,B,False,False,False,False,True,False
17.590886451756727,6,0,8.142067217563334,925.7029742880351,2,1.1134397162284588,0,B,True,False,False,False,False,False
18.35104492593323,9,0,0.5760519828607316,1316.5174396046482,4,0.8146746927661493,0,B,True,False,False,False,False,False
25.628503521574487,3,0,6.953921894786331,5868.262715677052,5,0.7088918644442603,0,B,False,True,False,False,False,False
17.405600575029503,21,0,2.3245559147971298,542.1607944353735,3,0.9851538434888066,0,B,True,False,False,False,False,False
31.659550761695478,8,0,26.329246774074285,290.88824690802613,3,0.9161667659121405,0,B,False,False,False,True,False,False
130.79996700419315,12,0,22.86405359789385,441.7759709116023,4,1.789536359214802,0,B,True,False,False,False,False,False
38.22218026014652,15,0,2.887782731200311,1312.9266154019278,3,0.8148399632427553,1,B,False,False,False,False,False,True
2505.9279253380296,12,0,5.025202319541034,4149.237171217079,4,0.6364249595546663,0,B,False,False,False,True,False,False
299.7246287747377,2,1,12.657724552400335,1917.0465114489086,2,0.929457872168959,0,B,False,False,True,False,False,False
255.84848290946613,14,0,4.3027923568713256,363.0207518054427,0,0.44775868671623537,1,B,False,False,False,False,False,True
17.739332226829717,16,0,0.857207548134235,4247.116269461581,1,1.5415417601048367,0,B,False,False,False,False,True,False
36.28658513527429,2,0,21.744214820371283,648.8162665695087,5,2.00467876715964,0,B,False,False,False,True,False,False
30.922299806420327,2,0,1.4331987456567,229.8469374611391,2,2.3553322734311695,1,B,False,False,True,False,False,False
14.8248432289601,18,1,16.98744605657702,1201.6494988142351,0,0.3402466506811879,0,B,False,False,False,False,True,False
646.4688204348136,3,0,2.4352046426715237,906.1470861459102,2,0.8215587309124142,0,B,True,False,False,False,False,False
200.41024281161725,2,0,0.1156044636231699,5044.83626789777,7,1.5024571121540016,0,B,True,False,False,False,False,False
43.51561422429289,20,0,12.400124922764425,395.3946873350412,0,1.1460735676800078,0,B,False,True,False,False,False,False
90.34267537278213,15,0,5.025258839629723,4006.4276799858103,5,0.6596253724493344,1,B,False,False,True,False,False,False
61.14688193277096,23,0,2.0901980683031467,595.5637544979438,2,1.13161599999779,0,B,False,False,False,False,True,False
16.856323651695526,18,0,17.326463033670557,647.5604465965667,0,1.321339020319889,0,B,False,False,False,True,False,False
139.68462555241288,5,0,15.498172972981298,658.6130626165588,2,0.915090013714622,0,B,False,False,False,False,True,False
61.54724774706233,16,0,7.9496697024385234,3412.205672436916,4,0.7277118952630646,1,B,False,False,True,False,False,False
29.15625297726083,3,0,1.3915453884046818,341.6472319372207,4,0.6204660185430179,0,B,False,True,False,False,False,False
13.612485285301696,16,0,9.406037558718076,583.5316307126275,5,1.4984651308279477,0,B,False,True,False,False,False,False
111.41999813130668,1,0,1.6500112851152708,1149.327812288244,1,1.70516764537557,0,B,False,False,True,False,False,False
49.904744932222094,18,0,77.61054211361301,1421.0585557339543,3,2.4713927264532787,1,B,True,False,False,False,False,False
19.490640510240045,20,0,4.0126068121798735,1979.9502110889946,6,1.1384999638919742,0,B,False,False,False,True,False,False
231.81657010034198,8,0,0.046626848731929404,795.305037696271,2,0.8019707631024796,0,B,False,True,False,False,False,False
64.774344865968,2,0,3.727472813088073,2365.435699753521,4,0.5491881113464279,1,B,False,False,False,False,False,True
6.608378924315346,12,0,14.499594791647382,155.1206001134483,4,0.8954431208034986,0,B,True,False,False,False,False,False
319.21583963193297,23,0,56.2275825906388,1442.6119703684024,1,1.0635372568834336,0,B,False,False,False,False,False,True
9.08438376792896,17,0,11.180059129906379,1656.0445612561268,3,1.1131136012674585,0,B,False,True,False,False,False,False
29.365185182015583,19,0,8.83371850535054,553.3942789375452,3,0.8158337481799434,0,B,False,False,False,True,False,False
57.18158677011939,14,0,72.91156743557033,1836.5456688510512,1,2.358425361997849,0,B,False,False,False,True,False,False
13.47980500567949,1,0,2.704314313971299,546.3669817787,1,1.9487831088968168,0,B,False,False,False,True,False,False
45.19425592599181,20,0,3.30549136714684,994.3982931135148,2,1.977731342417483,0,B,False,False,False,True,False,False
361.36596061714135,11,0,7.187428038498356,372.59323446309924,2,0.8653482234369425,0,B,False,False,False,True,False,False
286.67680646994654,6,0,20.64529326325542,1543.662665222752,1,1.13489379683963,0,B,False,False,False,False,True,False
145.23319559572556,10,0,5.4041171946136854,2264.707153434126,4,0.7822619401349192,0,B,False,True,False,False,False,False
179.91258485308867,21,1,9.520843303108746,690.284461927998,2,0.903973540288604,1,B,False,False,True,False,False,False
209.88115262984775,14,0,42.03884223759018,1088.0697807820004,5,1.8910152722266518,1,B,True,False,False,False,False,False
168.16893849668057,6,0,30.9288250664257,1131.8748548520975,4,0.6510458624908572,1,B,False,False,False,False,False,True
68.98678991720413,21,0,44.06885833963288,809.0366401937214,3,1.0011517382956354,1,B,False,True,False,False,False,False
36.07573545080068,7,0,2.737500124949088,1398.6658905895995,2,0.9192027847070358,0,B,False,False,False,False,False,True
22.50699167848334,22,1,9.870807715083494,8425.546332010019,4,0.8187389242777382,0,B,False,True,False,False,False,False
27.277733804145388,22,0,18.7296645758166,3462.495948272567,2,1.4756790801434392,0,B,False,True,False,False,False,False
4.943954358598788,23,0,19.801727724185827,868.0727875300338,2,0.9535381540945671,0,B,False,False,False,False,False,True
130.62987766865584,11,0,11.980436232995359,1557.5399553261102,2,1.02423723963126,0,B,False,False,False,True,False,False
88.14342015561905,5,0,25.78520456042427,945.1520254634339,2,1.6734405888743213,0,B,False,False,False,False,False,True
63.48662700609259,13,0,0.6548563838747736,712.2812086226942,4,1.0812618868458865,1,B,False,False,False,False,False,True
35.40615720576581,4,0,3.289325291856468,3133.934453469493,4,2.385116712402414,1,B,False,False,False,False,False,True
88.44552058569363,3,0,5.961323970235622,1084.126262961464,1,0.5209910769767694,0,B,False,False,False,True,False,False
64.07414096271543,23,0,19.579295587749264,1103.2844299620149,3,1.9812855281414758,0,B,False,True,False,False,False,False
45.49789522366102,3,0,34.800803862050614,11996.034159135432,3,1.4850699233845233,1,B,False,False,True,False,False,False
139.44869913113868,8,0,11.289027549842316,1827.2963708908944,2,1.4531341488119784,1,B,False,False,True,False,False,False
50.83107607306958,14,0,18.4737176397665,749.6888880927715,2,0.6640428786702242,0,B,False,True,False,False,False,False
111.02125417664625,17,0,13.5361828968356,1536.8238964194848,6,1.3048601757513394,1,B,False,False,False,False,False,True
167.21979306544793,6,1,38.75288256483611,1028.493160645291,0,0.490073244338554,0,B,False,True,False,False,False,False
14.941222889375334,19,1,34.55231648902946,1784.9124803055981,3,1.2815290947345095,0,B,False,False,False,False,True,False
104.60386355511666,15,0,24.746594627850232,379.65058271922373,2,0.699866125535437,0,B,False,True,False,False,False,False
2.482473314043275,10,0,4.918858869081639,696.4238072287513,2,1.5960978192371682,0,B,False,False,False,False,True,False
140.58588798483754,3,1,7.004973881606006,1688.4077688334246,1,0.5185238930716562,0,B,True,False,False,False,False,False
170.78056066263792,7,0,8.078935609856572,1385.324717435645,2,0.7968805045714104,0,B,True,False,False,False,False,False
146.05347586607598,2,0,0.06524941789449576,1310.7235016315688,2,0.7480236402893169,1,B,False,False,True,False,False,False
184.00909407229054,20,0,3.9418947956255437,1943.4091349528503,3,1.0964945403807151,1,B,False,False,True,False,False,False
229.41957767880808,4,0,18.76642454278718,1397.4344761872928,4,0.8734739728931777,1,B,False,False,True,False,False,False
48.97463144764424,2,0,11.791788482034447,330.7828508071418,2,1.230900380980205,0,B,False,False,False,False,False,True
118.10280979503236,19,0,47.46148107595847,295.3400238714858,2,0.6617632788597377,1,B,False,False,False,False,True,False
165.55256192683478,8,0,0.44385073668656805,3411.9528221367896,4,2.1555132324942643,0,B,False,False,False,False,True,False
24.59845897191031,2,0,7.1292161474492755,3894.573872110854,7,1.3936914993535323,0,B,False,False,False,False,True,False
10.504013440552502,9,0,18.42776731568902,7256.367086324832,2,0.6123790214029823,0,B,False,True,False,False,False,False
101.86352458995587,16,0,2.152868760046715,801.4411473853298,2,2.037520702043342,0,B,False,False,False,False,False,True
136.09725782677216,20,0,10.38587730584893,476.24613491630254,2,1.0063318421103038,0,B,True,False,False,False,False,False
211.82610554933572,20,0,0.23968457180416092,664.9081256021506,1,1.401118797895536,1,B,False,False,True,False,False,False
55.99491242754599,10,0,2.9795715161355347,488.95049717166177,4,0.9605715066606079,0,B,True,False,False,False,False,False
63.24750662427689,8,0,41.755138915032674,565.4327027696351,4,1.172973356313331,1,B,False,True,False,False,False,False
61.250677774952756,10,0,13.719342728648915,3711.2925409560503,2,3.4981569184370507,0,B,False,False,False,False,False,True
28.687048603306593,23,0,21.358722975323687,784.8217521732986,5,1.5001410525506664,1,B,False,False,True,False,False,False
142.65683057926492,6,0,1.6168034195320546,443.3299613718241,5,2.6057937214559876,0,B,False,False,False,False,True,False
116.7075326303773,0,1,4.010171644706802,365.7803023214227,3,1.4544028575632528,0,B,False,False,False,False,True,False
48.64177251512473,13,0,3.196398633562952,1681.7335821117983,3,0.8536251517647634,0,B,True,False,False,False,False,False
58.83775487905438,10,0,4.81876223465055,1345.1650754986872,4,0.9252164397572712,0,B,False,False,False,False,True,False
45.32163080210722,13,0,4.4824515560685665,2223.5320105810533,2,1.1463156603727458,0,B,False,False,False,True,False,False
559.5346110476391,22,0,12.435526899989148,534.3258992634245,2,0.5047428636198845,0,B,False,False,False,False,True,False
111.46755444548576,17,1,18.346747824855555,1507.3052465520536,3,0.9606544770478832,1,B,False,False,True,False,False,False
10.279812547741628,8,0,11.925638761397853,6997.660096035089,2,1.7775942604193402,0,B,False,True,False,False,False,False
54.8495885506282,11,0,5.329790825210504,1057.1034258411823,1,1.7851395324476367,0,B,False,True,False,False,False,False
35.46911284067801,13,0,17.802627183005498,945.7286989200425,0,0.6387811344505211,0,B,False,False,False,True,False,False
59.90718129963765,11,0,12.040258510106478,785.8333628554327,2,1.8107114263285677,0,B,False,False,False,True,False,False
29.05303524416585,2,0,15.264016849906564,834.7451420497518,3,0.8243956947604822,1,B,False,False,True,False,False,False
171.70857331998633,8,0,3.5657754863028512,2216.9017461106746,2,0.2678092360544855,1,B,False,False,False,False,False,True
48.2320755596842,15,0,48.146758467575594,390.557404914608,2,0.7310063290658941,0,B,False,False,False,True,False,False
60.69180604325181,20,0,5.9567312627435935,165.8256802174364,3,1.5204236444174395,0,B,True,False,False,False,False,False
75.66528616631278,3,1,6.923221780559933,3470.7189643113143,3,0.730834332702175,0,B,False,False,False,True,False,False
61.65035185615011,20,0,11.664463040267101,1505.6352107230039,2,1.1214135133844303,1,B,False,False,True,False,False,False
10.77326652897702,12,0,0.7645359383817809,731.959750297204,6,0.8012535177958482,0,B,True,False,False,False,False,False
18.69949947385964,17,0,3.182448561763975,6363.335333775191,4,0.8690615957032543,0,B,False,True,False,False,False,False
19.911182113821923,7,0,25.125140927424155,872.5258312763171,4,1.536789219486257,1,B,False,False,True,False,False,False
75.18076259505278,23,0,23.68907049585611,193.37761357010174,5,2.9301308402406097,0,B,False,False,False,False,True,False
26.934465383684078,23,0,2.294145497946336,1349.522247657034,6,0.8021894573579506,0,B,False,False,False,False,False,True
22.73430915862782,7,0,13.362555352776425,1559.03214354134,2,0.6669489705066226,0,B,False,False,False,True,False,False
41.00544833537242,15,0,1.028363387990538,1585.9556882618826,3,1.2480324014868989,0,B,False,False,False,False,False,True
104.6339869188362,22,0,1.1632927702937863,688.5129567819591,2,1.0615095469497382,0,B,False,False,True,False,False,False
41.437099941444764,12,0,24.111798236939844,399.04359976746264,3,1.4538310820495295,0,B,False,True,False,False,False,False
59.35901763263444,1,1,9.538192049495006,1038.2872292125783,4,2.3294290944151164,1,B,False,False,False,False,False,True
43.3805575614921,23,0,39.165029739302625,4374.902255200975,6,1.8102867712470723,0,B,False,False,False,True,False,False
1172.5993832903216,21,1,9.754827879617459,1066.2285994646486,4,0.8260723914223124,0,B,False,False,False,False,True,False
56.35060141177323,20,0,24.67286596347205,822.8776620999414,3,1.2621883733672783,0,B,False,False,False,False,False,True
33.24632339886239,12,0,15.273405965750543,624.9630654453363,0,1.0357931050722589,0,B,False,False,True,False,False,False
2.9683620792236467,17,0,8.447567865995047,858.05573005947,3,1.0528785013554094,0,B,True,False,False,False,False,False
48.149034564448534,18,0,12.140867205421117,1911.0345644725285,4,1.3957631901696916,0,B,False,False,True,False,False,False
379.0233713544853,3,0,40.82359752270737,1143.4363900132555,5,0.734794626226728,1,B,False,False,False,False,False,True
9.788138350268097,3,0,1.1833095279590515,1253.7480864593315,5,3.942296823703514,1,B,False,False,True,False,False,False
21.15264123066057,20,0,11.308463632271009,2513.2303441209724,3,1.0817886901768383,0,B,True,False,False,False,False,False
754.9460798000912,1,0,0.7985751968726069,873.6770872337567,4,1.063706044611478,1,B,False,False,False,False,False,True
9.805153110742562,8,1,12.16006635425149,922.3973421201041,3,1.1269006419086487,1,B,False,False,False,False,False,True
141.91716738699705,8,0,14.006524164665233,518.7260756089581,5,1.9068602916454616,0,B,False,True,False,False,False,False
40.48728457530646,20,0,24.71456806072538,3918.3199848565982,3,0.6527433244185331,1,B,False,False,True,False,False,False
13.435290207392237,3,0,24.005761563358288,3717.244103861681,4,1.0330270696783488,0,B,True,False,False,False,False,False
108.67550619882093,15,0,0.15216780808365185,1207.5543197712489,3,0.4870167346056809,0,B,False,True,False,False,False,False
3.5934346463539204,7,0,1.1077740297155179,615.4079083672111,7,0.7677014510802016,0,B,True,False,False,False,False,False
155.5146084377702,6,0,17.305725984746662,1261.4942153391305,4,1.3330599695572833,1,B,False,False,True,False,False,False
22.07815727841575,12,0,3.029308644142942,1102.3040028492708,9,0.7555250934103176,0,B,False,True,False,False,False,False
12.6845536908627,4,0,11.265844498551091,1513.2183416844957,3,1.0378067751637532,0,B,False,False,False,False,True,False
267.24273524746826,7,0,3.9539794360130984,979.0454470147417,2,0.7990113742559634,0,B,False,False,True,False,False,False
42.46811979718341,20,0,26.990143178125802,2372.1798469389346,4,1.6567869836691547,0,B,False,True,False,False,False,False
155.06754996641178,1,0,17.13403232016969,781.1357806696865,0,0.5563378936616951,0,B,True,False,False,False,False,False
404.52193097388874,15,0,8.578243768071015,1894.3638549273367,2,0.6606452712427465,0,B,False,False,False,False,True,False
16.889496771075077,21,0,3.8164569956618424,2388.8823180302543,3,0.6648907414801207,0,B,False,False,False,False,True,False
2.8124908911698268,17,0,16.154164940918925,1981.4388929149234,2,1.3157924058023576,0,B,True,False,False,False,False,False
106.27507741015296,9,0,6.491390345916559,2691.9126603827717,3,0.8204918918387869,0,B,False,False,False,False,True,False
40.28807700163591,8,0,13.341484996559014,1096.2798523388446,3,1.0742651260107139,0,B,False,True,False,False,False,False
98.37509317156695,14,0,16.543981909497106,437.05843557816985,1,1.9363824206118307,0,B,False,False,False,False,True,False
429.6299996123182,22,0,2.2217081677340142,2717.08424359369,6,0.8547633913160824,0,B,False,False,False,True,False,False
5.561327895806956,2,0,0.7577163965879056,930.114881976809,2,2.1450401217051858,1,B,False,False,True,False,False,False
26.92670551276755,14,1,10.198126301161997,1705.9955413468913,4,0.3450066977664731,0,B,False,False,False,True,False,False
75.55623918129507,12,0,2.5849687002298203,2276.9084623331905,3,0.5379196352188453,0,B,False,False,False,True,False,False
60.07265098286083,23,0,1.4092234951599527,2633.2945250922935,3,0.8711508474984349,1,B,False,False,True,False,False,False
32.009152295529994,0,1,1.398980615544704,930.0030295717874,3,0.48646487178034065,0,B,False,False,False,True,False,False
242.8933924558492,14,0,18.16498078102555,472.2695909619037,1,1.4642129330466562,0,B,False,False,False,False,True,False
1.8494769248200469,8,0,35.35036017361914,390.9571894640884,6,1.2801969056772182,1,B,False,False,False,False,False,True
8.061486685761366,6,0,40.288363062825056,1399.8994183015063,4,1.3121359629832627,0,B,False,False,False,True,False,False
122.7685471850232,17,0,41.212706132339534,1193.9867434465723,0,0.5084967843218743,0,B,True,False,False,False,False,False
31.15460414302165,7,1,16.675253011047143,524.7471476937319,4,0.9084534856188676,1,B,False,False,True,False,False,False
147.2506062414743,14,0,39.02819530559562,1523.959847858966,2,0.9838809435989443,1,B,False,True,False,False,False,False
388.2068146101762,13,0,2.1207943007087313,737.9718688059301,2,0.7295321015362988,0,B,False,True,False,False,False,False
8.770180398310757,21,0,13.801072045602229,2532.8074572084884,3,0.8250628851394922,0,B,False,False,False,False,True,False
34.215803372415785,5,0,21.406618111826834,2279.9304188332517,3,0.7677359358478378,0,B,False,False,False,True,False,False
11.887223151517965,13,0,42.98741011741795,1235.3967272755388,2,0.8260920699960564,1,B,False,False,False,False,False,True
122.69276903481042,3,1,5.970527159488241,641.2489711401586,2,2.1051410245808952,0,B,False,True,False,False,False,False
17.62587219077196,20,0,13.184018083688937,1321.1746645200171,4,0.5120660573960308,0,B,False,False,False,False,False,True
327.4569702165734,15,0,7.7515329333952945,7253.654328110292,7,0.5000499259291784,0,B,True,False,False,False,False,False
24.979698414940543,13,1,11.591586448323564,461.36826393642747,2,3.2630882972747495,0,B,False,False,False,False,True,False
22.7421695778786,22,0,10.5045995529809,2099.9715208736707,2,2.704643205441815,0,B,True,False,False,False,False,False
163.77193610048042,16,1,28.42577260743081,1382.0247269924855,4,1.8139649926226236,1,B,False,False,True,False,False,False
53.78614564195212,15,1,26.06476694449801,962.6945293259242,4,0.5828161295351807,0,B,False,False,True,False,False,False
152.02882273070568,1,1,7.535723387344369,518.1362136347093,0,0.614750441243605,0,B,False,False,False,False,True,False
11.90449178866792,0,0,4.948608410827873,4039.3427891931456,1,0.6709719260951444,0,B,True,False,False,False,False,False
51.69899365712777,14,0,28.545033379197957,2793.5290075003536,3,1.032296863807921,0,B,False,False,False,False,False,True
262.39350485072526,8,0,46.402836741369136,2093.4486191032415,3,1.254819010775483,0,B,True,False,False,False,False,False
53.18203669183575,12,1,0.2818965468180352,1276.8329316418317,3,0.5225193654593686,1,B,False,False,False,False,False,True
8.725102740697304,16,0,10.427364478240964,237.65939861940305,1,0.8380097032919898,1,B,False,False,False,False,False,True
441.01286973155055,2,1,22.14441698585583,1331.1375452033535,6,0.8393902436309056,0,B,False,False,False,False,True,False
12.72965543944912,5,1,63.99966074804394,524.4421664783684,3,0.8517976539221519,1,B,False,True,False,False,False,False
21.069518344551735,21,0,11.341978877356873,2652.182944574069,2,1.012739071181561,0,B,False,True,False,False,False,False
10.744451472487471,8,1,19.04145461661944,2170.0801143664394,3,1.0826230750403296,0,B,False,False,False,True,False,False
185.9987993119212,8,0,40.62429295883355,2132.471500838657,3,2.9443329922971775,1,B,False,False,True,False,False,False
1721.4926910434951,19,0,7.0553474150006625,5248.478566070348,1,0.669620421548147,0,B,True,False,False,False,False,False
43.256506979202435,16,0,32.41896152782895,313.5601803564033,3,1.1622238985865871,1,B,False,False,True,False,False,False
598.4617732281524,8,1,4.6418098816772275,216.44866570396593,2,0.7209352630894834,0,B,False,False,False,True,False,False
755.2245048694587,1,0,19.389770278221143,2254.770085791807,5,2.888410331594316,1,B,False,False,False,False,False,True
62.32862952036546,14,0,46.82314142105966,339.00008868063304,2,0.8759686996774193,0,B,False,False,False,False,True,False
42.96468584073567,9,1,15.674828887141896,1123.1700614600234,1,0.6467361828076007,1,B,False,False,True,False,False,False
35.41808750248252,9,0,7.079053443611157,843.343460595975,2,0.6493399783160397,0,B,False,False,False,False,False,True
66.07974243680606,3,0,1.217188630722279,1175.3369872440926,3,0.8892626536045207,0,B,False,True,False,False,False,False
557.9200567176155,6,0,3.3597349354241195,956.4785537652327,2,1.6174526064109325,0,B,False,False,False,False,False,True
67.3057675139941,1,0,19.598677828735706,1392.7296028032185,1,0.773889460554451,0,B,False,False,False,True,False,False
40.15977721281247,8,0,68.60017208708122,272.03427500876677,3,1.1946009260865151,0,B,False,False,False,False,True,False
52.8047118282094,4,1,28.43183831852876,3234.6360537467162,1,1.286987748445982,0,B,True,False,False,False,False,False
97.86427696748606,9,1,23.515841754129482,1059.3136077383274,3,1.2527562795293454,0,B,False,False,True,False,False,False
31.389537930579706,8,1,0.28361159479892234,1235.1851615260741,5,0.5303295052303766,0,B,False,False,False,True,False,False
38.568151217617,7,0,19.84649066718369,474.62893855509077,3,1.238808463536313,0,B,False,True,False,False,False,False
25.207107706008593,2,0,26.365733933177268,1316.544755502716,3,0.9591071450122499,0,B,False,True,False,False,False,False
16.33215728061214,18,0,5.895565918177545,1740.4577341500449,2,1.985682405446343,0,B,True,False,False,False,False,False
109.14611525998838,17,0,121.84989220218732,947.5721882669222,2,1.1139787138818507,0,B,False,False,False,False,True,False
16.918023318440884,13,0,0.5478212083358623,1015.1499872905707,4,1.0278889143307153,0,B,True,False,False,False,False,False
50.56812068279615,10,0,7.441023679317603,493.7575386537501,3,1.5867053535592832,0,B,True,False,False,False,False,False
36.508242350891955,22,1,3.5858957256415698,155.02871209766136,4,0.8070294492872107,0,B,True,False,False,False,False,False
161.6245131698921,1,0,53.92557351669143,1045.4199510358546,1,3.5883904252915615,1,B,False,False,True,False,False,False
38.04058934527987,20,0,16.72457956703444,451.9020388770651,3,0.6708291637621095,0,B,False,True,False,False,False,False
109.6871923991523,1,0,8.08637704790511,877.6263844535358,1,0.8735534455069476,0,B,False,False,False,True,False,False
7.9755782275377385,14,0,53.96151367548654,5480.091920267727,2,0.5820188822027539,0,B,False,True,False,False,False,False
229.02722164432282,23,1,0.9520953376934751,1345.853098447879,0,0.41937888335250895,0,B,False,False,True,False,False,False
106.4144362513989,17,0,3.7169192491325647,529.7835126567904,3,0.832138574943628,1,B,False,False,False,False,False,True
257.02103724435034,15,0,8.237280768159026,520.9326471820941,3,0.8804182800784439,0,B,False,True,False,False,False,False
76.74560479270178,1,0,1.9907062330028091,2302.277441583029,2,0.7085375827987945,0,B,False,True,False,False,False,False
72.84324489452537,12,0,86.85198959117112,467.27261231567195,2,0.45628676612275976,1,B,False,True,False,False,False,False
30.89959063044212,19,0,12.77897389196842,218.6626126892521,7,1.9741614504437017,1,B,False,False,False,False,False,True
73.21667685424073,6,1,2.6535943809008957,1270.9772297519844,5,0.7032376031739667,1,B,False,False,True,False,False,False
14.192006335234709,8,0,4.285150200890819,6384.675990164642,0,0.7340219810000079,0,B,False,False,False,True,False,False
20.69199489686666,18,1,7.56817672592423,1144.581529414688,5,1.2361887039922048,1,B,False,False,True,False,False,False
24.05892475769291,1,0,19.439950231481628,1060.3321538868554,4,0.9589033051139572,0,B,False,False,False,False,True,False
36.27747436561402,21,0,5.438396430248941,379.7908550806473,3,0.6646867963991748,0,B,True,False,False,False,False,False
2.3840101287584443,0,0,5.305078195895466,322.21155935283554,2,1.1448763648874543,0,B,False,False,False,True,False,False
13.71096910293932,20,0,14.74818369494367,1253.1782657834256,1,1.1469594387248914,1,B,False,False,False,False,False,True
8.541433187786149,7,0,0.7034464091703514,3389.392976914544,3,0.5943823453386459,0,B,False,False,False,False,True,False
351.1585948056648,18,0,18.67031386010818,1271.6247411963882,7,1.403600355404809,0,B,False,True,False,False,False,False
14.562117716480476,20,0,11.90014270910457,996.3155641539103,5,0.7737008588611543,0,B,False,True,False,False,False,False
17.245533287500066,8,0,8.537200353275333,1527.435527725178,3,2.0393665684849425,0,B,True,False,False,False,False,False
46.96332311234164,0,0,7.487886813244596,3016.2598376062306,3,1.8460408459673145,0,B,False,False,True,False,False,False
68.09967945645232,16,0,3.7476276410585636,5608.239393393472,1,1.418784384290922,0,B,False,False,False,False,False,True
87.89325553471785,19,0,4.122435102600528,1227.274008530432,2,1.2258215212256027,0,B,False,False,False,False,False,True
25.236223897112485,16,0,10.39266315580324,3353.5957855482425,6,0.7250120108396376,0,B,False,True,False,False,False,False
44.08418220097759,23,0,3.3144242340159042,492.10181302210805,3,0.4800811408398829,0,B,False,True,False,False,False,False
323.093519391803,6,0,12.579266310609476,1011.5198940345733,3,0.4615091108318468,0,B,True,False,False,False,False,False
48.98793960987222,2,0,15.734247204422148,755.8314674548787,2,0.5389342859658124,0,B,True,False,False,False,False,False
61.65279236815737,15,0,9.18308999053124,3633.6947926393827,2,1.7492361033412955,0,B,True,False,False,False,False,False
161.57136875249287,20,0,1.6970712719575947,3494.526558978939,1,1.37450059488208,0,B,False,False,False,False,False,True
138.9246496277709,1,0,41.60682107123663,1262.9578500348748,6,0.9996591975217698,1,B,False,False,False,False,False,True
6.21809859897177,4,0,26.868756745794037,832.47871282182,3,1.0162728057433041,1,B,False,False,True,False,False,False
85.42303013948194,4,0,46.03663134768626,1289.5520521546773,7,1.0657931226408266,0,B,False,True,False,False,False,False
55.65654991232986,8,0,6.888319329277463,829.3061888811367,5,0.9322073839563279,0,B,False,False,False,False,False,True
413.1004605168809,14,0,0.49073686322048765,3796.184715812276,4,1.5252508494755055,0,B,False,False,False,False,True,False
14.80308549363532,20,0,8.599681266041042,1999.338421875094,1,1.464984578694639,0,B,False,False,False,False,True,False
18.065945477790116,15,0,9.384182795932325,667.288648063204,3,1.2763157358980255,0,B,False,False,False,False,True,False
33.03472494631439,17,0,18.389443241107543,382.3426156177212,5,0.7226952126586198,0,B,False,False,False,True,False,False
139.45630950640907,18,0,19.903669751054064,455.5803934722235,3,0.7504339543403968,0,B,False,False,False,False,True,False
218.1399809607059,5,0,8.294640554451393,2182.0540145578007,1,1.0608970077348356,1,B,False,False,False,False,False,True
37.38333062258329,16,0,56.72337960901609,4510.027590410788,2,0.617384722550606,0,B,False,False,False,True,False,False
115.98374749570371,21,0,1.7861408501249896,1031.4627304597918,4,0.698792519817295,0,B,True,False,False,False,False,False
26.0172164793197,20,0,34.9093155957336,407.07653868895784,0,0.6318759255598259,0,B,False,True,False,False,False,False
51.8528681915061,13,0,22.039204851978013,2751.9306083167457,2,0.7265999582306014,0,B,False,False,False,False,False,True
96.8062256216421,15,0,11.427105293028347,481.3114650984638,5,0.5115118453507079,0,B,False,False,False,False,True,False
539.7567504145359,1,1,21.56816556291884,804.1492904633928,3,0.7850791675276472,0,B,True,False,False,False,False,False
185.22265997855513,17,0,21.046640020145347,881.5990567995802,4,0.9018686123462248,0,B,True,False,False,False,False,False
221.00621183355173,17,0,2.735852777010864,477.52027897628955,3,0.9780460870696357,0,B,False,True,False,False,False,False
38.300774590217316,2,0,11.404387039845306,1830.7144913495813,3,0.6618534935313255,0,B,True,False,False,False,False,False
6.843563127865657,13,0,9.549519796070818,1071.5610189458794,1,1.8901276408520375,0,B,False,False,False,False,True,False
853.9644018759159,17,1,10.222651690386646,363.21836370192557,1,1.442589182665726,0,B,False,False,True,False,False,False
7.623313814337755,18,0,2.7638782252100698,1118.0395711655694,2,0.8049929950831979,0,B,False,False,False,True,False,False
32.83443478598315,2,0,7.291670604806591,749.8939354109407,2,1.3427545184930767,0,B,True,False,False,False,False,False
44.247415566556796,6,0,10.971887386075775,486.6736017997929,5,1.2236757634147173,0,B,False,True,False,False,False,False
249.72268003544946,2,0,17.29219419225375,1783.9284244387363,3,1.2103310591322292,0,B,False,False,False,False,True,False
218.0688089706705,5,0,8.25295297029094,1089.433848757256,0,1.3633593697854374,0,B,False,False,True,False,False,False
26.068172344538024,11,0,15.61473917185562,842.9122094865832,6,0.9531086679732402,0,B,False,False,False,True,False,False
68.97833273681518,21,0,14.417102130285034,349.41913847670475,5,0.9219207710723829,0,B,False,False,False,False,True,False
22.86906245062073,15,0,25.14734652951338,1307.3168028045216,2,0.4125740717948706,1,B,False,False,False,False,False,True
21.02008103476147,19,0,8.038958592461498,1099.4404169566583,5,1.46750659701619,1,B,False,False,True,False,False,False
127.66315722503728,4,0,30.91439646749877,199.6723839367461,2,1.3093000755272903,0,B,False,True,False,False,False,False
9.76065917136066,23,0,0.3995074367466145,5320.44924608496,3,1.7623521675541447,0,B,False,False,False,False,True,False
71.29600374654905,10,1,34.65588285971552,2986.4112684922143,2,0.5261622921549127,0,B,False,True,False,False,False,False
25.20389755319538,12,0,45.32842220539064,1009.2014217655171,2,1.9416742442562465,1,B,False,False,False,False,False,True
4.0319828515000875,11,0,7.97801695162783,2401.96206703916,4,2.1124170962957707,0,B,False,True,False,False,False,False
42.01643314083196,23,0,44.73517682069931,808.0052177326613,5,1.3763270963565322,1,B,False,False,True,False,False,False
175.16280483352602,15,1,29.978132471761214,834.1151733423882,4,1.19640573049911,0,B,False,False,False,True,False,False
75.58043619796734,14,0,0.8809868866712725,1809.2541801124883,2,1.0199602466438904,0,B,False,False,False,False,True,False
12.92744343993065,6,1,15.808223782004236,807.3833426522731,0,0.6754633078638498,0,B,True,False,False,False,False,False
65.63879708911804,4,0,37.45371316732248,1483.0225249739005,3,1.0848574034979095,0,B,False,False,False,True,False,False
6.8528431721480425,12,0,3.461506119636847,384.6233953796306,2,1.2221583073605788,0,B,False,False,False,False,True,False
725.7333488971833,14,1,38.006018781585276,364.7931299331226,5,1.593787675136298,0,B,False,True,False,False,False,False
64.12992828900218,8,0,3.4775997178172635,1085.0887157741206,1,2.1401337411975048,0,B,False,True,False,False,False,False
116.65493184987506,16,0,14.965633427906889,373.60379045285435,5,1.0477010718152941,1,B,False,False,True,False,False,False
305.47743029760767,3,0,7.185287564097395,1777.4276971504057,4,1.1577673649558373,0,B,False,True,False,False,False,False
65.95925180085166,13,0,11.913843090542622,1743.9446153352283,0,1.0640776667032947,1,B,False,False,False,False,False,True
64.78978211416997,9,0,4.957944540746439,232.60866500344235,3,2.4813440348557068,1,B,False,False,True,False,False,False
18.96014173480184,22,0,7.849172561560872,827.9989553188838,1,0.8568781361308024,0,B,False,False,False,False,True,False
4.378379197357436,4,0,10.501020793394137,2090.5752633051648,2,0.4159607310033747,0,B,False,True,False,False,False,False
22.82915171602909,11,0,10.454046234845066,506.05501890574277,3,0.8508698970855317,0,B,False,False,False,False,True,False
64.87856735975117,12,0,77.04331043020953,1180.7522894310164,4,1.5398079000782126,0,B,False,True,False,False,False,False
60.81822004789074,3,1,28.93700411755461,557.4334584659142,0,0.4288033968886204,1,B,False,False,True,False,False,False
74.98559081246573,12,0,2.3888549348211803,495.0738957269952,5,1.0113491440557825,0,B,True,False,False,False,False,False
12.737876063956044,4,0,48.50832943226804,1194.1029097957419,7,0.5122516705173139,1,B,False,False,False,False,False,True
24.063579471753673,0,0,12.595330623526316,294.08343059957014,5,1.1958151431147084,0,B,False,False,False,False,True,False
165.9290106214485,3,0,14.116792780561502,942.597480891509,2,2.5828895863352748,0,B,False,False,False,True,False,False
68.9015766949073,0,1,4.8462352789518635,1678.7825235668545,5,0.49084865410736,0,B,False,True,False,False,False,False
10.305164354031746,17,0,5.414604583143609,445.3261378230323,1,1.16738547896087,1,B,False,False,True,False,False,False
213.57781686801496,12,0,2.2257209675238583,536.8957897777417,8,1.6882491580276544,0,B,False,False,False,False,True,False
373.06674036923374,20,0,26.54466445605797,2004.981755961537,2,2.3337876821317196,1,B,False,False,True,False,False,False
17.299293344558002,14,1,9.906395100320895,237.3531135716804,6,2.5763973766700277,0,B,False,False,False,False,True,False
52.085945511891154,8,1,1.5400045385019514,2641.5682190915454,2,1.175149785270436,0,B,False,False,False,False,False,True
41.7695530712692,8,0,8.81304245172634,302.6541282916322,1,1.6977407292988724,0,B,True,False,False,False,False,False
14.008368499788967,9,0,6.244113090128805,1354.1274949794768,2,1.7402484568466579,0,B,False,True,False,False,False,False
52.3209059844883,20,1,17.56977718099586,996.0250394295756,1,1.1408009173327551,0,B,False,False,False,False,True,False
85.88152685025307,2,0,3.0976003281354028,852.06211406325,1,0.5874199532224514,0,B,False,False,False,True,False,False
70.59935216017485,3,0,41.069236893239356,1634.5558865139878,0,1.5311988644046666,1,B,False,True,False,False,False,False
606.0764291788051,4,0,22.791191539765357,615.1692250087094,2,2.184815573279403,0,B,False,True,False,False,False,False
16.725890299351153,11,0,7.451635345424296,860.7580610993246,2,0.5134485930467592,0,B,False,False,True,False,False,False
14.030105494997743,5,1,3.1266433434964576,1249.6089782128477,3,1.2952880829182625,0,B,False,True,False,False,False,False
202.20795023953067,5,0,21.88339970225875,573.9537792108417,2,0.8468932580116756,0,B,False,False,False,False,True,False
173.3982086326109,23,1,1.8932518992111005,930.552181137744,6,1.1861735832548481,0,B,False,False,False,False,False,True
4.1665156278001625,23,0,1.3713712799328852,433.0397580777746,5,0.7989825081240788,0,B,False,False,False,False,True,False
19.062731131738225,7,0,17.08535619473233,929.1928699820563,3,1.2489570295803984,0,B,True,False,False,False,False,False
6.371336072880674,18,0,3.3525836758461263,448.9584936668906,8,1.544644036104921,0,B,False,True,False,False,False,False
182.40570290736193,19,0,15.453634862900888,1834.9018682314731,1,0.765388081660092,0,B,False,False,False,True,False,False
167.70075955940558,19,0,6.584810182207263,930.6889732857053,2,0.8546848386378207,0,B,True,False,False,False,False,False
51.15513004522082,10,0,1.5116538845045926,412.02239012933046,4,0.8365779250396042,0,B,False,False,False,True,False,False
210.2515766190907,10,0,14.691421895365382,317.1121519626047,2,1.9378696301821952,0,B,True,False,False,False,False,False
122.85957199582731,22,1,15.593723311786503,1087.9617337492734,5,2.150925285267528,0,B,False,False,False,False,True,False
85.50036852127342,14,0,11.652778848423038,1223.7496243035864,6,0.4485010977607879,0,B,False,False,False,False,True,False
29.661617263614623,20,0,6.435747847509276,569.493261615035,5,1.135831523235308,0,B,False,False,False,False,True,False
9.683133484257228,3,0,36.77827885338712,1347.5382966793525,8,0.9715590434365485,0,B,False,False,False,False,True,False
38.87777107254178,12,0,17.102617614983064,2868.2813159169327,1,0.7646351655898301,1,B,False,False,True,False,False,False
53.54951956582191,9,0,12.124172394256972,2910.2065522705593,4,1.4310895184099575,0,B,False,False,False,False,True,False
107.11126323054353,13,0,9.838798821581989,4475.009198665843,3,1.0045653934361594,1,B,False,False,True,False,False,False
69.14345571950027,4,0,27.774479658834384,433.6139911372308,2,2.156834279665267,0,B,False,True,False,False,False,False
51.16881208873018,16,0,48.763918826822355,977.9250792075449,7,1.208214099727532,1,B,False,False,False,False,True,False
75.95288119012484,19,1,12.22111851342828,671.6141564429897,5,0.6648152978647159,0,B,False,False,False,False,True,False
16.198996069396372,6,0,0.7602685674321037,470.00378685729146,4,0.9448304073071258,0,B,False,False,False,True,False,False
29.312685669751602,14,0,10.136617914722152,1282.7109766512576,4,0.7248223040903061,0,B,False,True,False,False,False,False
146.4189781468074,18,0,15.556307702143604,246.09698451313983,2,2.204277081009351,0,B,False,True,False,False,False,False
32.20127656660212,15,0,25.51782073775955,4846.0978064639285,3,1.1924835450589337,0,B,False,False,False,False,True,False
39.867509424744924,6,0,5.577166965407041,464.2349715479014,2,1.6229230890251667,0,B,False,True,False,False,False,False
102.40759889333256,4,0,16.92812294467125,336.1429887861136,7,0.5242827616033532,1,B,False,False,False,False,False,True
21.99598252834058,16,1,0.7105961995738261,937.9229497219544,2,0.9291383073395071,0,B,True,False,False,False,False,False
30.55883864998477,3,1,6.49514330356602,1182.6786931443348,8,0.7690473320365818,0,B,False,False,False,True,False,False
6.656864516225061,15,0,5.327747367626858,2202.000569400505,2,0.5920000689753249,0,B,False,True,False,False,False,False
200.6706906177901,18,0,1.3422236230910707,1436.9992262012586,5,0.970762991720366,1,B,False,False,False,False,False,True
245.15022129840543,3,0,18.157177648158985,2017.689910499426,2,0.93257965732448,0,B,False,False,False,False,True,False
167.7877276332121,5,0,6.894011801073548,2702.630479824629,2,0.6537458446308134,0,B,False,False,False,True,False,False
67.1184660042731,13,1,3.686387175693961,557.7646740471054,3,1.081966102125642,0,B,True,False,False,False,False,False
13.302519246028629,19,0,2.3871382759803432,4480.922469653936,2,1.4317551481113053,0,B,False,False,False,True,False,False
30.548140515077993,12,1,35.1028694076314,1154.8997868463466,5,1.6914516618960849,1,B,False,False,False,True,False,False
18.878635727957494,13,0,2.2409715617346246,2050.0762289418035,1,0.7614639555972382,0,B,False,False,False,False,False,True
20.674165975102373,6,0,30.113445367072288,1141.7185970574617,3,1.0693033995162646,1,B,False,False,True,False,False,False
34.27675888802273,23,0,11.000204781844184,617.1461751373422,3,0.5955673350085117,0,B,False,False,False,True,False,False
32.43942915903121,2,0,0.47453986928567926,1111.2594972883442,4,0.49911336922402383,1,B,False,False,False,False,False,True
196.7292123117171,2,0,47.63763885158497,1630.513098881653,2,0.8841298168512284,0,B,True,False,False,False,False,False
57.28117355388219,17,0,12.079937742986333,1053.0716259830165,2,0.722135154006299,1,B,False,False,True,False,False,False
274.02421636822066,21,0,5.7324113212817185,1711.331761049988,2,0.39754681833336586,0,B,False,False,False,False,False,True
22.866791430524724,21,0,4.684265694912056,2921.171935504486,2,1.409961548397568,1,B,False,False,False,False,False,True
84.91140510123641,15,0,5.723820722146067,843.5981448074682,2,0.9160006772803568,0,B,False,False,False,False,False,True
41.39454719322571,0,0,3.628230716217548,821.6393438911412,3,1.193071721079917,0,B,False,False,False,True,False,False
99.32143664120863,13,0,4.225696289876686,2364.9555147952515,1,1.3075668342601827,0,B,False,False,False,False,True,False
149.0334149188406,17,1,7.148794406383928,2300.3782090096747,4,2.845863433048523,0,B,True,False,False,False,False,False
212.65802108100854,19,1,11.02972521508345,1847.3022826609204,5,1.1822453907211645,0,B,False,False,False,True,False,False
35.475091758385396,15,0,19.402465028488354,1412.4685458461595,2,0.9564077095336466,0,B,True,False,False,False,False,False
54.055918625126615,22,1,5.416872165226724,1217.0816521846432,3,0.8466883929379725,0,B,True,False,False,False,False,False
165.8899657231248,18,0,2.1789660415634775,748.0053392091038,5,1.2208539118494246,0,B,False,False,False,True,False,False
527.1014431799318,1,0,0.3119340947388982,2031.743150915716,4,0.5178030648458257,0,B,False,False,False,True,False,False
60.196995036847426,8,0,6.9809528284528914,1839.9434591942404,2,0.49486912427886354,0,B,False,False,False,True,False,False
43.98956795778245,12,0,23.475565702218383,2432.44656095794,1,1.1916165621177146,1,B,False,False,True,False,False,False
47.91482653123415,17,1,5.981695016473556,4010.2917313276043,5,0.9323038826139601,1,B,False,False,True,False,False,False
5.03631756230441,19,1,3.672405391136251,581.6874061563664,6,1.0230558556410572,0,B,False,False,False,False,False,True
79.88679268894694,1,0,36.39199035798902,2794.0383007759715,2,0.6002071084346648,0,B,False,True,False,False,False,False
25.47785702473745,6,0,16.28360047436302,2014.5098370568874,2,2.0931428939272765,0,B,True,False,False,False,False,False
14.175744311141841,21,0,55.73512489280456,1944.7875398934834,1,0.3878526608073327,0,B,False,True,False,False,False,False
107.58067870886792,12,0,12.343262452652235,2361.1868184917575,2,1.1632992741039583,0,B,False,False,False,False,True,False
49.70830838774561,7,0,11.676953206354483,494.58520385157794,2,0.6684980141424012,1,B,False,False,False,False,False,True
155.12152916355606,2,0,53.61355877017756,2870.195906713425,5,0.6224682030733537,0,B,True,False,False,False,False,False
52.599257323278785,13,0,14.149671732180465,527.2675615148387,3,3.8143276597725952,0,B,False,False,False,False,True,False
12.825088545092237,22,0,10.845858522063432,391.6691744281228,5,0.7875952302523447,1,B,False,False,True,False,False,False
66.41727572189605,7,0,4.091308352492026,1474.3809526061639,2,1.0217403633388102,0,B,False,False,False,True,False,False
5.426421212522648,0,0,7.24175940882822,3861.04112316559,3,1.5074844112021337,0,B,False,False,False,False,True,False
138.41218913511958,23,0,12.385597600847998,2171.823704292157,1,1.6857131303077884,0,B,False,False,False,False,True,False
286.76816020822116,10,0,12.461538168473039,2263.925023789557,3,2.023944865635726,1,B,False,False,True,False,False,False
38.69086148369729,0,1,9.117252926616684,2017.6793551018284,1,0.7452977513174173,1,B,False,False,False,False,False,True
68.99671253921144,10,0,17.54034748556512,962.200687313513,0,2.1429504440911553,0,B,False,False,False,True,False,False
272.88380596340346,5,0,2.560361528049363,740.7744244135629,3,0.6988831243918492,0,B,False,False,False,True,False,False
53.572910131230465,10,0,30.3153936561299,406.5980450317625,2,1.0350849386766863,1,B,False,False,False,False,False,True
7.055767761121704,17,0,20.055888800081362,1846.1043826766158,7,0.9926395431470326,0,B,True,False,False,False,False,False
295.47921654618546,8,0,26.065684960398354,845.4379247976382,4,1.1409708793453537,1,B,False,False,True,False,False,False
29.662250534089658,12,0,0.5401124383437074,2811.938112894727,4,0.6330952172199861,0,B,True,False,False,False,False,False
41.39403921103557,9,0,22.860824909795404,1394.7827673312102,4,1.0701423307282651,1,B,False,False,True,False,False,False
374.5341822076851,9,0,20.186004890379003,1329.4302891680177,3,1.3007637543024964,0,B,False,False,False,False,True,False
1044.3477683529368,2,0,0.30739116364596064,318.5450845594129,3,0.7599875181520859,0,B,False,True,False,False,False,False
22.770950992346506,3,0,8.990376211001793,981.3896281754271,2,0.7477344311706351,0,B,False,True,False,False,False,False
179.90185746157636,9,0,5.451743614733502,1086.0961761403728,3,0.9622532973975106,1,B,False,False,True,False,False,False
76.83998366319247,20,0,4.428684135165548,161.16983673207235,4,0.8821704984846717,0,B,False,False,False,False,False,True
461.44712822895787,18,0,2.5623960692538805,976.1645935032218,0,1.8976674497732031,0,B,True,False,False,False,False,False
39.82736152263175,22,0,4.382197053367946,1085.1754320298323,3,1.1912405364831888,1,B,False,False,False,False,False,True
82.83674043484444,17,0,21.54002855311479,1021.4875657063835,2,1.5047054381246303,0,B,False,True,False,False,False,False
30.30517985109411,6,0,35.7601070778893,558.7350172641022,1,1.0854813029412427,1,B,True,False,False,False,False,False
492.36097131129424,20,0,6.486914902974563,2359.849424458776,1,1.2918015274029202,0,B,False,False,False,False,False,True
29.354446900891844,1,0,5.0403043834356,968.7142020362437,2,2.52477650289244,1,B,False,False,False,False,False,True
29.664936282254985,8,0,5.204460241303834,249.78648802156778,5,1.3648964139768092,0,B,True,False,False,False,False,False
125.34373603359037,7,0,11.463537314278184,446.43431514481256,2,0.7256292781353563,0,B,False,False,False,True,False,False
20.778560721375126,20,0,0.7003832380533457,5134.64589016398,1,0.5862966394568776,0,B,True,False,False,False,False,False
83.69771822145702,2,0,12.822120001174643,886.6535518793235,4,0.555804698369987,1,B,False,False,False,False,False,True
36.58409497693607,11,0,37.91705052219774,197.567289806441,2,0.5942725037715526,1,B,False,False,False,True,False,False
26.61513922574511,9,0,10.17263693147709,1338.7685625655427,4,0.9401695087728794,0,B,True,False,False,False,False,False
46.28923301916378,13,0,7.624467645722176,429.85166042657784,4,1.6247447293490513,0,B,False,False,False,True,False,False
14.9653608676871,0,1,0.6079206268886239,2958.521798390947,2,0.7930155950204958,0,B,True,False,False,False,False,False
12.944622468673229,18,0,11.901464377620513,375.91060103774083,1,1.7148706359808563,0,B,False,True,False,False,False,False
27.855024470780513,13,0,2.1995948051037457,400.9031434693828,5,0.46624000259682225,0,B,False,False,False,True,False,False
724.2080065783077,21,0,9.28674928914923,2618.111281262819,0,0.9404266487566013,1,B,False,False,True,False,False,False
24.68023738186198,19,0,5.542851189400717,468.4309528896343,3,1.063367939966692,0,B,False,False,False,False,True,False
469.6072604157179,5,0,4.5336800168649045,1660.80716034468,3,1.0440327862649021,0,B,False,False,False,True,False,False
118.2345160940166,15,0,47.38234919421378,670.6780083832338,4,1.3765993540582562,1,B,False,False,True,False,False,False
40.967119840975464,3,0,23.245730913186605,936.0850849469682,6,1.3876018446148428,1,B,False,False,True,False,False,False
27.954510162160467,8,0,1.9094000757556855,1478.8080173861745,4,1.240495216829222,0,B,False,False,False,False,False,True
62.12863328146412,7,1,5.7025311510028285,2083.484908295635,1,0.7010234510646287,0,B,False,False,True,False,False,False
540.1319577317608,5,0,18.22858026344833,3864.7245543161334,5,1.4666024396356871,1,B,False,False,False,False,False,True
10.841335223787267,9,1,26.021517630817844,484.256161363113,3,0.6980600367647422,0,B,False,False,True,False,False,False
36.892910899552405,23,0,11.214325853462743,589.0123172573296,2,0.7571221950757538,0,B,False,True,False,False,False,False
162.20526552164114,6,0,34.58377397216677,1225.1039895694173,2,1.3135080520719962,0,B,False,True,False,False,False,False
46.75650257945654,10,1,6.731386529498156,1407.3433351537635,1,0.7611703122585366,0,B,False,True,False,False,False,False
64.14645686042232,4,0,1.1877511439723412,412.1536771758239,4,0.5906950131636197,0,B,False,True,False,False,False,False
3.800369260719681,13,0,42.58479445918462,646.0671819373212,6,1.0893946931668506,0,B,True,False,False,False,False,False
69.80742832110808,8,0,8.010224371784785,504.696581461394,1,0.7789847869341779,0,B,False,True,False,False,False,False
94.71603543614908,19,0,0.350256064930289,734.7339087618991,1,0.8932755308354761,0,B,False,False,True,False,False,False
47.9728608528083,19,1,19.051685673704114,1302.362620831218,8,1.2217625651574175,0,B,False,False,False,True,False,False
38.33808372404608,19,1,4.350910663867865,1589.397096452087,2,1.766487576201556,0,B,False,False,False,True,False,False
243.61485704010707,19,0,1.4314081317520868,2971.9660242804316,3,1.1713471113870262,0,B,False,False,False,True,False,False
111.34431578138346,23,0,27.874790380717553,1542.7324102121497,2,0.8543616763715252,0,B,False,True,False,False,False,False
87.44076685674663,5,0,4.167406396802974,362.8041383108907,4,1.1663326062000139,0,B,False,True,False,False,False,False
696.5510567934953,6,0,11.758282979399045,1160.5798721928709,2,1.346175068874928,1,B,False,False,True,False,False,False
37.24081604322908,3,0,14.211519280539271,1168.2711608778113,5,2.1800755162865113,0,B,True,False,False,False,False,False
55.45578118859886,16,0,43.51007076443414,417.00353546015685,1,0.9932214731675717,0,B,False,False,False,True,False,False
437.0346910693324,3,0,7.57480841620898,685.1286927573648,4,0.6186030312444778,0,B,True,False,False,False,False,False
34.0476881159672,19,0,10.439474392442614,1837.6197298014438,5,0.34518256090232896,1,B,False,False,False,False,False,True
541.5587486666018,13,0,5.386346982965661,484.40671046830363,5,1.2196620164932754,0,B,False,True,False,False,False,False
49.06570185735292,17,0,9.42212603409953,2141.3495403917254,3,0.9709590967718419,0,B,False,False,False,False,True,False
225.00067191618675,7,0,0.10641193747297938,635.684484585314,1,0.9789917685862872,0,B,False,False,False,False,True,False
139.2527280558086,4,0,29.35281467337964,1008.8123478250919,2,0.3536825096564154,0,B,False,False,False,False,True,False
20.2174465791946,13,1,1.0234094497049988,392.07059841386285,7,1.646423379745038,0,B,False,False,True,False,False,False
89.1902924572639,8,0,4.237179254041167,1107.7505089047008,2,0.6585835040568392,1,B,False,False,False,False,False,True
95.24899075669099,20,0,19.04653307356979,1158.6486150523822,5,1.216724777052213,0,B,False,True,False,False,False,False
102.37110432833275,19,0,15.389455850998976,557.1374206289261,4,2.27345015136668,1,B,False,False,True,False,False,False
735.754126092892,2,0,20.90017842139089,819.6932607843057,8,0.5787262290742942,0,B,False,False,False,True,False,False
117.79211829812921,16,0,10.55537214447384,1257.2599834316954,4,1.6354633370061447,0,B,False,False,False,True,False,False
47.27945450950185,22,0,39.59143089528846,1935.020043561326,3,0.8104553819600033,0,B,False,True,False,False,False,False
15.189806021625172,17,0,43.504916931906564,1175.905307217302,3,1.0712136474500247,0,B,True,False,False,False,False,False
60.58532996484067,3,0,21.276806355680804,6947.595419813441,3,1.32804537457393,0,B,False,True,False,False,False,False
29.36665324956652,23,0,5.822562726246066,1643.6514783138755,4,0.6629755903907991,0,B,False,False,False,False,True,False
19.807765450394914,8,0,0.6304058190307215,2524.2205006943327,4,1.1837590827452669,0,B,False,False,False,False,False,True
48.51753941073424,10,0,11.955299906609683,314.7065003085571,6,1.0519219459408102,0,B,False,False,False,False,True,False
9.844850520371848,8,1,0.13649742077369148,844.0401285632812,4,0.8872110141738833,0,B,False,False,False,False,False,True
4.808886748239099,5,1,24.863045993692502,1988.6340666789943,4,0.9446574404144482,0,B,False,False,True,False,False,False
75.72196698484844,17,0,13.302600259536325,1487.746517373619,3,0.8504950203825866,1,B,False,False,True,False,False,False
986.4094721057251,0,0,14.471332510911369,3550.1313386543975,4,0.5318823436182802,0,B,True,False,False,False,False,False
168.7775619157591,3,1,0.9349436446594744,652.4832092556632,4,1.4815639562244152,0,B,False,False,False,False,False,True
19.310820539229944,5,0,13.222963945928939,343.64603383274056,3,0.6543384757447741,1,B,False,False,True,False,False,False
155.87205316869364,17,0,2.971958413622548,745.7903248005301,0,1.3324832216214895,0,B,False,False,False,False,False,True
1405.280811910516,21,0,7.728115348356788,193.40728630624392,4,0.4019392638698193,0,B,True,False,False,False,False,False
30.47182920293587,16,0,5.766649283069933,2509.627644409828,2,1.2963317856760375,0,B,True,False,False,False,False,False
11.843470413206699,15,0,4.24127285583898,216.02380811890407,2,0.4165932940759462,0,B,True,False,False,False,False,False
113.50644060918196,21,0,8.88788269722026,2020.1252098519108,5,1.713692446645802,0,B,False,False,True,False,False,False
589.9007791029961,20,0,21.528095645586568,1307.1173714119006,4,0.6766724230481637,0,B,True,False,False,False,False,False
81.12510361956939,17,0,3.9833534635048222,4077.89622051502,4,1.5027539586224483,0,B,False,False,False,True,False,False
51.572470317131184,11,0,10.714908426194317,1626.0162736425718,2,1.403690411961828,0,B,False,True,False,False,False,False
30.86493451983368,19,0,6.616022968896118,9117.163368117228,4,0.8160778421269794,0,B,False,False,True,False,False,False
16.773410291926325,8,0,15.927187322171086,209.13899971584743,4,1.7543579337906876,0,B,False,False,True,False,False,False
24.41684365695803,17,0,12.557179227596196,1801.9557256645598,4,0.5938156564302108,0,B,False,False,False,True,False,False
44.99538554773973,4,0,15.749854137913456,8245.722592127126,4,0.7020169695621746,0,B,False,False,False,False,True,False
553.9573259328048,2,0,60.50128040188631,320.11304301147334,2,0.35392416762321915,0,B,False,False,False,True,False,False
2.663706815081349,1,0,10.608365301862786,2836.177565842088,3,0.6230848254938627,0,B,False,False,True,False,False,False
986.0239818521661,23,0,1.626767921043843,742.8075669708143,1,1.2059805251394136,0,B,False,False,False,True,False,False
190.59539133370595,9,1,0.6878557717822227,1549.958278752135,4,0.9828484026587854,0,B,False,False,False,True,False,False
37.67290700943407,5,1,0.7753316871387925,2013.7091140855975,6,1.0814672052220302,0,B,True,False,False,False,False,False
104.30178783242866,12,0,6.512060426041188,378.2010848214779,3,1.041821476850368,0,B,False,False,False,True,False,False
21.141908351511983,4,1,19.34420152353432,1656.2471300803943,6,1.1790572435467677,0,B,False,False,False,False,False,True
670.6221105066401,6,0,27.498837182213187,569.578615886414,3,1.0001075689023213,0,B,False,False,False,True,False,False
10.11869821065646,18,1,13.522770701802761,1770.3003665580973,6,1.1287021185432138,0,B,False,False,False,True,False,False
9.343802739344017,5,0,9.808447307313926,1557.1226260295168,1,0.5007649555795073,1,B,False,False,True,False,False,False
125.68824843807533,13,1,28.124305502499116,11149.308296318728,3,0.6529948609277809,0,B,False,False,False,False,False,True
64.39627736879979,6,0,0.8759187733450956,646.0427225723327,2,0.6863988880059579,0,B,False,False,False,False,True,False
60.79922260670061,16,1,5.864298002147105,1171.3142035220299,5,1.0625912092093917,1,B,False,False,False,False,False,True
38.94220403786139,3,1,0.8862189824782344,331.56380689923475,3,1.4115750055595053,1,B,False,False,False,False,False,True
23.254670527499353,12,0,40.12763294763816,3285.314375454738,1,0.8947579169965169,1,B,False,False,False,False,False,True
36.506778537934,6,0,1.4013539244922666,1227.721145198656,5,0.7049524023645218,1,B,False,False,True,False,False,False
231.63604900119466,9,0,48.115599459194314,2462.5095699119397,5,0.7849154574958599,0,B,True,False,False,False,False,False
253.49455820488944,21,0,19.68568233940849,2596.0244142639945,1,1.1076460710499507,0,B,False,True,False,False,False,False
162.6203564277228,1,0,10.234265740572862,1138.2369681767248,4,1.0428555977370741,1,B,False,False,True,False,False,False
26.0064035222363,7,0,5.622672931378554,751.5603072269131,2,2.2750752282184585,1,B,False,False,True,False,False,False
13.465010860307427,6,1,11.553034521371876,1075.5361485466715,1,1.623636116036856,0,B,False,False,False,False,True,False
477.63307730207924,17,1,15.437407183011514,3019.3531495992274,4,0.4548401146329085,0,B,True,False,False,False,False,False
7.738125559859144,8,0,9.846523475511665,1514.9962728487296,4,0.6941077779685543,0,B,False,False,False,False,True,False
41.88908444894286,21,0,37.42415416304516,1538.4061868786127,0,0.8034654243184219,1,B,False,False,False,False,True,False
66.97954376468859,17,0,2.2500814597604517,8268.6131029362,0,1.8357289365204446,0,B,False,True,False,False,False,False
2525.463756098098,4,0,2.0613610273040828,2661.245393312278,0,0.9769925026717342,1,B,False,False,False,False,False,True
55.560963681686246,14,0,22.679148147684906,791.2865618987379,0,1.685246648522526,0,B,False,True,False,False,False,False
125.43833227961917,0,0,12.33933901053462,602.0303864354831,4,1.4028854635086252,0,B,False,False,False,False,False,True
104.86653091662454,15,0,7.815359443166408,552.2659922274013,3,1.0099359284958658,0,B,False,True,False,False,False,False
266.6240556881513,12,0,25.759820783061723,2547.2911055649465,1,0.6677392461017951,0,B,True,False,False,False,False,False
168.43304134273393,15,0,41.96928404469291,415.29349290318896,2,1.8749539928444254,1,B,False,False,True,False,False,False
115.86037169130125,1,0,11.157599795883415,1113.7772779644893,4,0.41845509909416845,1,B,False,False,True,False,False,False
85.49867243242856,16,0,12.611262570669108,2480.9214285546823,4,0.8270661990354897,1,B,False,False,False,False,False,True
136.3442320097586,3,0,0.8485488632397328,530.3888916828668,5,0.6551114146973266,1,B,False,False,False,False,False,True
37.18593521452222,8,0,10.350712661034818,3746.116612479784,6,0.6159436696365612,1,B,False,False,False,False,False,True
1.837260737711496,19,0,0.2987269226300474,223.6013877334352,0,1.2135274172536716,0,B,False,False,False,True,False,False
24.271108650744747,9,0,7.81057981202891,1760.105841339671,2,1.1643895253598695,0,B,False,False,False,False,True,False
105.18671389867765,16,0,50.883569290710525,937.2370395067359,4,0.8246710548668427,0,B,False,False,False,True,False,False
24.868581888367043,4,0,21.567618756457925,1364.090274805968,6,1.373303273385763,0,B,False,False,False,True,False,False
50.23054779301763,5,0,19.887156215582227,1529.6166633341136,4,1.6787258916091228,1,B,False,False,True,False,False,False
40.92480317568122,16,0,23.047093875073276,1023.147739342816,4,2.156510771170809,0,B,True,False,False,False,False,False
35.77786030235272,7,0,28.42480855214402,1209.82690785764,1,0.3932549492905725,1,B,False,False,True,False,False,False
124.14155135338125,16,0,0.6546489877153531,714.4355911353802,5,2.176198181685506,0,B,False,False,False,False,False,True
70.40602477013176,21,0,31.741162146600534,996.8012091432101,1,1.64767270866556,1,B,False,False,True,False,False,False
54.98557751283417,8,0,22.349191890049987,1061.1802048470415,5,1.0474940248017435,1,B,False,False,False,False,False,True
3.505531581445566,18,0,17.27615850675872,229.09655624566,2,0.45334305044776363,0,B,True,False,False,False,False,False
7.179809959091636,4,0,7.806403623197734,945.2956698802707,2,1.6722963386879386,0,B,True,False,False,False,False,False
106.06936399525772,0,0,5.361712959457429,737.1600388546245,3,1.3138177745797384,0,B,False,False,False,True,False,False
16.08248662782841,16,0,3.1968409242413114,1651.341096820579,3,1.6342816038528194,0,B,False,False,False,False,True,False
122.3075842114722,17,0,6.269351654680176,1819.6522229099592,5,1.5316356963244713,1,B,False,False,True,False,False,False
28.46461942555344,5,0,31.59057820537389,3671.9103322507144,5,0.7625210834746652,0,B,False,False,False,True,False,False
27.44361516845085,22,0,0.8717746292654351,4282.021029136866,3,1.7937082858997762,0,B,True,False,False,False,False,False
7.481420561531621,13,0,19.429167907196444,415.1232939600385,4,1.6009107439883898,1,B,False,False,False,False,False,True
46.30029726264163,20,0,1.334984687691495,3741.2615635923166,3,1.023511356421737,1,B,False,False,True,False,False,False
5.055972690322714,0,0,1.8632971685750417,148.34399584155636,2,0.830499477938033,0,B,True,False,False,False,False,False
15.010307772606756,16,0,3.34229065506538,1104.6184245911554,0,0.8625301091109596,0,B,False,False,False,False,True,False
30.45886775609344,0,0,16.806036671020607,1236.3842350740354,3,2.4435944873650506,1,B,False,False,True,False,False,False
108.59321105202415,11,0,28.598478033491883,1911.0161261112646,4,1.554747157723511,0,B,False,False,False,False,False,True
72.0116682627493,2,0,2.293356500897627,815.7392756743018,2,0.8214641901376312,0,B,False,False,False,True,False,False
48.48933661896588,12,0,3.9962665877858545,1349.5154522253843,5,0.9562496738164454,0,B,True,False,False,False,False,False
134.2105592988097,3,0,15.103837902689724,931.9617025475894,2,0.8884308296127914,0,B,False,False,False,True,False,False
25.18878296301688,23,0,9.136702891126301,3800.6982331485938,1,0.8113390901032739,0,B,False,False,False,False,True,False
74.54596790499842,8,0,15.055361552761784,1152.3638287235847,3,0.705566492033533,0,B,False,False,False,False,True,False
15.072909536057058,15,0,2.5851663791077297,3102.568928249623,3,0.5903439100878317,0,B,False,False,False,True,False,False
43.85684153054974,13,1,9.23173149309487,539.7958576698368,6,0.7136454394019484,0,B,False,True,False,False,False,False
20.225097938819506,4,0,6.243157118589611,2983.2033890733055,1,1.029847585369199,0,B,False,False,False,True,False,False
63.693088954575494,19,0,8.609606784785031,525.2624447844915,2,1.4009546378431366,0,B,False,False,False,False,False,True
89.31644560411354,14,0,5.272295796307509,2316.7112708582035,3,0.7353881526865815,1,B,False,False,True,False,False,False
110.09160270331233,9,0,2.319076112947174,1208.499642564676,4,0.7700939016542346,0,B,False,True,False,False,False,False
28.111246455339725,11,0,16.484422341999377,1420.80683173085,1,0.6494851565944036,0,B,False,False,False,True,False,False
109.41294555594236,5,0,16.585469998478143,7632.14385710917,3,0.5406030504352602,0,B,False,False,True,False,False,False
70.18100599566569,18,0,4.605741682246641,739.3932310658118,1,0.9247547273676262,0,B,True,False,False,False,False,False
32.490699728516645,13,0,12.911553003279716,2494.68968203844,3,2.069718663564548,0,B,False,False,False,False,True,False
37.64743756702261,13,0,48.93225684677638,1436.3606042074982,3,0.3287308300726453,0,B,True,False,False,False,False,False
127.89443160605254,6,0,11.554591458247497,5236.2199042580305,1,1.2052432036772804,0,B,False,False,False,True,False,False
72.0715388598023,9,1,5.6530436991473225,4600.767924413281,5,0.6882566133845209,0,B,False,True,False,False,False,False
31.911567308103386,14,0,5.534637709595377,3421.485665670757,1,1.064864892838018,1,B,False,False,False,False,False,True
292.46459015964507,14,1,26.689919313971426,1574.0064402919352,0,0.6374290563344241,0,B,False,False,True,False,False,False
5.805215284396151,17,0,10.055258506880161,333.18297465425263,3,1.86831162190756,0,B,True,False,False,False,False,False
21.882037745182675,8,0,4.583059036177922,1057.16522581225,2,1.146533428301181,0,B,False,False,True,False,False,False
18.749722248369604,15,0,14.949779951647471,252.06152303975045,1,0.6252118832820667,0,B,False,False,False,True,False,False
13.646580189178406,1,0,30.009919857442384,416.6837722038085,2,1.8793673315112425,1,B,False,False,False,False,False,True
29.963864769808485,20,0,19.499690219727576,729.1147458029693,3,0.7057365254074414,0,B,False,False,False,False,False,True
363.91100140186666,14,0,1.3545390483247803,1977.8024003623136,3,0.983856538785081,0,B,False,False,False,False,True,False
14.851123764032263,12,1,6.270489135605879,425.3682996536628,4,0.8928265622608554,0,B,False,False,False,True,False,False
82.64918773538845,0,0,25.126554224707643,432.28211116737646,3,1.6163712960555343,0,B,True,False,False,False,False,False
70.93280568667478,1,0,8.125880378773807,112.94494914833247,1,1.006825401716049,1,B,False,False,True,False,False,False
248.78597520111794,15,0,98.86844961494866,3900.8566115261515,2,2.6058293319293244,0,B,False,False,False,False,True,False
105.42156517293368,22,0,6.276898346595155,1081.9801623071662,3,1.556484636953721,0,B,False,False,True,False,False,False
148.04704136535352,3,0,35.707381336044904,2465.8871978398565,5,0.6114386649720716,0,B,True,False,False,False,False,False
479.68666694795195,22,0,9.227423415471499,1710.1934536764836,4,3.5127930905277833,0,B,False,False,False,False,True,False
23.231660310174213,19,0,41.232860734343696,615.0852743188366,1,0.8882414958851934,1,B,True,False,False,False,False,False
48.52698921456718,0,0,8.204695050360215,1385.868900909942,4,0.8152065696740282,0,B,False,False,False,True,False,False
24.222289498139848,5,1,9.479501070029396,2409.8824880981297,3,1.1240478886679555,0,B,True,False,False,False,False,False
5.193446453258575,15,0,11.674164594762493,602.564841465969,2,0.7117664475367393,0,B,False,False,False,False,True,False
8.147659319757471,15,0,0.6090728967456793,1948.915757515635,2,2.42744327202299,0,B,False,False,False,False,True,False
52.338755262678035,5,0,1.3169124745065435,886.2242096991258,2,1.5145367514205241,0,B,False,False,False,False,False,True
15.790469518006223,14,1,28.922066020347234,2048.693567910099,0,1.5680651645779433,0,B,True,False,False,False,False,False
21.95686694236507,6,0,4.621373083427388,989.7001061738462,6,1.1107168352991512,1,B,False,False,False,False,False,True
210.00438318400808,6,0,14.803212377112384,3761.829966209743,2,1.1463797149075312,0,B,True,False,False,False,False,False
81.53900512864425,11,0,4.5166062840732994,4928.289307482534,2,1.841178617323278,1,B,False,False,True,False,False,False
243.47634899813656,0,0,6.509883794012251,2551.7043423828627,0,0.5910172465944444,0,B,False,False,False,False,False,True
102.59113555774047,1,1,13.907096700685317,6009.970703749922,3,1.140763333064143,0,B,False,False,False,True,False,False
77.9029185697917,16,1,6.20161550145731,2256.0098126670414,3,1.1680881161353216,0,B,False,False,False,True,False,False
234.59395625243587,16,0,19.40915264229315,407.9130610150988,2,1.0356135463178855,0,B,False,False,False,False,True,False
50.64903057378935,7,1,10.901939983531088,617.5277734499539,1,3.2696018780775997,1,B,False,False,True,False,False,False
85.81966334741595,3,0,21.20482900470196,6121.868906112003,2,0.8838400245981005,0,B,False,False,False,True,False,False
30.44215125348229,12,0,3.610809966528838,508.90614007709655,3,0.7508894023809263,0,B,False,False,False,False,True,False
54.94137028172244,12,0,15.533139438044385,1093.4805338712742,3,1.99229781855676,1,B,False,False,True,False,False,False
32.5908552758453,10,0,5.638842672079383,222.75199016334716,2,2.5342216661236376,0,B,False,False,False,True,False,False
77.64094582687666,11,0,6.534344767104312,856.0559794088969,1,1.3053679121908826,0,B,False,True,False,False,False,False
11.071482860535372,23,1,3.0979030549821536,3054.8999756892567,1,1.1934428668190933,0,B,False,False,False,False,True,False
37.347644136311416,13,0,2.063530111423093,2000.2517613083855,2,2.6954383776558233,0,B,False,False,False,True,False,False
129.17621012934714,20,0,31.976066626943418,1224.871419640205,1,1.536256948987754,1,B,False,True,False,False,False,False
12.531669666760145,0,0,43.85864052651233,331.81721750628867,6,0.720079671719375,0,B,True,False,False,False,False,False
99.5783929874389,8,0,7.502264077815651,2388.29515207091,3,0.946315907063282,0,B,False,False,False,False,True,False
179.29902983553401,2,0,21.62886920306694,2621.635871727403,2,1.2545186968293325,0,B,False,False,False,True,False,False
305.5398806260149,6,1,24.406907392455288,1297.974556182882,3,0.3706965166187951,0,B,False,False,False,False,True,False
11.912278046623825,14,0,2.294676027845842,1407.0515340559743,8,4.167333197639052,1,B,False,False,False,False,False,True
28.961979583777122,6,0,41.974241511094924,839.2539365826008,3,0.8534182404839586,0,B,True,False,False,False,False,False
130.44523817388705,10,1,24.77062097586532,994.7483629828926,1,0.7294528314547155,0,B,False,True,False,False,False,False
27.04394027115484,15,0,23.382311871360955,411.2451192967216,2,1.0961413082383928,0,B,False,False,True,False,False,False
23.287962499619866,11,0,38.75261396837965,3156.254713179395,3,0.358337474586533,1,B,False,False,True,False,False,False
51.981909788300236,19,0,6.528416516784885,2062.8810262642255,3,1.2772100382237692,0,B,False,False,False,False,True,False
33.77422361060964,23,0,32.664183198652786,1184.6794202296744,2,2.504190370189264,0,B,False,False,False,False,True,False
92.63215341689661,7,0,93.23208846114012,750.757028715391,4,1.7208637235761886,1,B,False,False,False,False,False,True
21.499706774050136,12,0,3.946713101614365,3358.0299808065047,1,1.1766400902152483,0,B,False,True,False,False,False,False
36.115494491534974,1,0,1.9419751167463826,2072.710708255975,0,0.5447240638423054,0,B,False,False,False,False,True,False
54.75530463328056,7,0,1.727772862386601,2220.9264001851548,4,0.5620489008547305,1,B,False,False,True,False,False,False
38.44851173478717,14,0,7.10982800524943,2340.1886921729592,1,0.7517957689835906,0,B,False,True,False,False,False,False
18.63081127491389,11,1,24.81407102124046,1666.6061336539544,2,1.118513910797504,0,B,False,True,False,False,False,False
10.532287549370299,4,0,20.84429128100696,875.8304439127268,3,1.1980885783341815,0,B,False,False,False,False,False,True
92.126321110196,1,0,3.297081482065602,177.45893349107672,3,0.691069462615672,0,B,True,False,False,False,False,False
31.02908214950751,11,0,11.477040146535463,472.24074959042605,2,0.5613633065156717,0,B,False,False,False,False,True,False
59.308230845555634,5,1,6.730356533257064,238.18030507035004,1,0.3741521986565036,0,B,False,True,False,False,False,False
11.451073635797965,7,0,26.74219065910581,1503.7405711849403,4,0.5369401726241964,1,B,False,False,False,False,False,True
147.48494960164408,3,0,24.45789131469432,2357.4986444534884,4,2.090957726516402,1,B,False,False,True,False,False,False
50.780527301783216,9,0,24.92178198715961,1335.586834575353,5,1.46107551390115,0,B,False,False,False,False,False,True
30.59940841108369,15,1,11.174966318134631,387.21062291776906,7,1.9408896148891255,1,B,False,False,False,False,False,True
384.17445128281037,7,0,24.7121638157706,756.382670651728,3,0.6999909111406794,0,B,True,False,False,False,False,False
23.996666253781893,15,0,19.82776949966867,1609.8410807828072,2,1.3616171350030541,1,B,False,False,False,False,False,True
88.4838821675879,22,0,11.159053919726656,562.5433564351023,2,1.1640387679147208,0,B,False,False,False,False,True,False
74.59224444128488,6,0,22.22600078785003,1182.1038535390437,2,0.7262822265542982,1,B,False,False,False,False,False,True
26.114234363233248,23,0,7.094786008223616,1349.18701041516,2,1.1901183198690244,1,B,False,False,True,False,False,False
48.73889304271189,11,0,22.698829168297184,1624.2836773047113,3,2.5801770231840098,0,B,False,True,False,False,False,False
64.13797083429301,6,0,14.647514395216996,436.2969072267005,4,1.4121022854784577,0,B,False,False,False,True,False,False
95.46241942078059,16,0,29.69432123307826,3415.8886978764317,4,1.2011805792644663,0,B,True,False,False,False,False,False
49.11296001013619,14,0,33.430720727682036,1511.140506488909,5,1.808342558551394,1,B,False,False,False,False,True,False
63.47451384778982,13,0,7.383327892541525,867.915279239747,4,0.6040772145297912,0,B,False,False,False,True,False,False
76.5631865023548,4,0,5.092051223373303,1056.8572372377223,2,1.2162949927379054,0,B,True,False,False,False,False,False
3.556059726666665,1,0,4.929319756646127,4722.500688982111,4,0.8617044582781911,0,B,True,False,False,False,False,False
31.267190520461707,4,0,5.92050088286404,694.4871006614057,2,0.4685325092792244,0,B,False,False,False,False,False,True
62.3363431685853,4,1,0.7805484420349095,645.6086269592179,3,0.45608967497710773,0,B,False,False,False,False,True,False
2.8332730123788985,5,1,40.15523997131917,1163.7699877765804,0,0.6546283078489974,1,B,False,False,True,False,False,False
62.65224264904255,13,0,1.985524546246164,349.96132593665396,1,0.9028092892707863,0,B,False,False,False,True,False,False
583.8485017891891,21,0,31.55035772951414,5112.983068312884,2,0.5713910819352022,1,B,False,True,False,False,False,False
134.15835454695232,5,1,10.028812942815536,448.2833629821564,6,0.9967868201816875,0,B,True,False,False,False,False,False
20.90452744301256,12,0,34.591506235036015,1881.4978196083252,4,1.2979465095885145,1,B,False,False,True,False,False,False
787.1171250063884,6,0,40.45475584507935,1248.7541218034862,1,0.7014301620584991,1,B,False,False,True,False,False,False
9.788679748713816,17,0,25.82311331544721,1050.327541266206,1,2.058569446168967,0,B,False,False,False,True,False,False
28.05860523160498,3,0,7.83749867019919,1615.1928311695735,4,1.6344433547375816,0,B,False,True,False,False,False,False
266.232835755135,4,0,7.977322989878439,651.8773897448804,5,0.5691423500529267,0,B,False,False,False,False,True,False
55.80514776085654,14,0,50.91099449823914,1841.8327601851322,1,0.6135677165443146,0,B,False,False,True,False,False,False
138.667662305087,22,0,6.159135386577403,535.4412171298457,3,2.004769348373107,0,B,False,False,False,False,True,False
185.7271127847032,1,0,7.944093686469503,555.7253554559655,1,0.9406185492619761,0,B,False,False,True,False,False,False
145.14074245182044,7,0,5.155332450042771,419.9183482900056,3,1.3174359405637648,1,B,False,False,False,False,False,True
10.951539263924564,17,0,10.814663787022145,858.2920033685342,5,1.9152974075761209,0,B,True,False,False,False,False,False
22.160893334311204,20,0,14.140689255733857,1181.115852063589,3,0.754558135264704,0,B,False,False,True,False,False,False
41.69096347197206,1,0,16.317071732279008,1762.561208543586,6,0.7472083816422138,0,B,False,False,False,False,True,False
100.70784820963897,1,0,2.58830357442161,783.2322308818108,1,1.5413797279904273,0,B,False,True,False,False,False,False
53.89467364162352,17,0,6.383191140018246,1302.2175474830747,3,1.674521422668099,0,B,False,False,False,True,False,False
16.55726452981651,6,0,82.70247380838312,1021.3937636878497,1,2.0137922068632874,1,B,False,True,False,False,False,False
28.130603345830046,13,1,1.114007607205392,1560.157239878413,3,1.4956047041538012,1,B,False,False,True,False,False,False
146.6100750718687,4,0,6.983504617055811,621.4968166726845,1,0.8096610963058882,0,B,False,False,False,False,True,False
3.6119595776390825,8,0,3.5703003419426516,1618.9545658118507,1,1.0831822216402425,1,B,False,False,False,False,False,True
48.307589179071925,13,0,4.962409779517124,666.8597538972776,3,0.8265098545789585,0,B,False,True,False,False,False,False
168.45630804681957,3,0,9.445074806679612,1539.204802982714,4,1.0598690966528759,0,B,False,False,False,False,False,True
213.65865983759605,0,0,64.65987747397422,840.8257128943266,2,2.267903419345544,0,B,False,False,False,True,False,False
5.8956926779825105,7,0,25.10064356243662,2242.215538970032,1,0.9376523476501611,1,B,False,False,False,False,False,True
21.65752742109417,21,1,4.130376012025079,1384.5233355846913,2,1.398627513965643,0,B,False,False,False,True,False,False
428.23264866150316,14,0,2.217830721330863,2818.239923238496,4,1.0519998012510556,1,B,False,False,False,False,False,True
8.899303449760549,18,0,13.978596011816146,1626.4801679355571,3,0.7816434287385948,1,B,False,False,True,False,False,False
92.34466104792051,9,0,31.351600626920817,1019.2867796058608,4,0.7638205771279123,1,B,False,False,False,False,False,True
169.9478200595472,22,1,3.3520794640293365,2618.039207805096,1,1.5120864379527674,0,B,True,False,False,False,False,False
127.43744030261722,16,0,3.256943410034952,333.58725589892214,3,1.7663218268368646,0,B,False,True,False,False,False,False
102.14558240798198,1,1,17.28504972889698,1080.2510455281629,2,0.5456171207166836,0,B,False,True,False,False,False,False
54.4661390940836,4,0,5.290246343148047,1039.1077383426377,4,0.8645412610238915,0,B,False,True,False,False,False,False
68.20829028177978,14,0,0.6355929475543947,1391.872119019593,4,1.9585592116129353,0,B,False,False,False,True,False,False
17.270285109873704,9,0,5.403123447381791,536.9306487780672,4,1.1114676923741555,0,B,False,False,False,True,False,False
61.70400386381578,17,0,3.5486529164414704,2132.9012010424462,5,0.8384801317316879,0,B,False,False,True,False,False,False
209.34924818382905,23,0,5.954456974670064,3593.8480547849917,2,1.5223030849827843,0,B,False,False,False,True,False,False
8.148454539846558,12,0,25.268449467671932,1054.3177524903865,0,0.9274874556417445,0,B,False,False,True,False,False,False
36.01205958640855,20,0,16.78139619936345,809.3628670043892,5,0.8845871800011926,0,B,False,False,False,False,False,True
21.136031162943286,13,0,4.922138216286328,1553.9945114567704,5,0.43844202253308795,0,B,False,False,False,False,True,False
200.32934592163824,2,0,7.880267668990022,540.2244783435706,0,0.6058994553399756,0,B,False,True,False,False,False,False
29.022812603101944,5,0,3.6103706045777537,738.0131912441364,1,1.5056571966103416,0,B,False,True,False,False,False,False
904.1040686605903,19,0,12.098903125386384,792.4309158977574,4,1.453232991463872,1,B,False,False,True,False,False,False
380.3133395219993,22,0,3.8476433638503855,738.5880675074324,3,0.639822571845245,0,B,False,False,False,True,False,False
17.036888518108753,22,0,39.31285658529693,902.3021032997382,1,0.9470103564537306,0,B,True,False,False,False,False,False
14.027441355233574,20,1,4.716374169276708,1960.335398313045,7,0.9552752686041488,1,B,False,False,False,False,False,True
265.3689570954332,11,1,18.673070248371744,857.7722242849611,4,1.4558050919424814,0,B,False,False,True,False,False,False
42.79943906018677,4,0,7.5120210532276745,1095.3170344876012,6,0.7538125081416557,0,B,False,True,False,False,False,False
13.84375232740551,19,0,33.60471356122639,565.5803921232045,3,0.9851712534636645,1,B,True,False,False,False,False,False
13.367322095269683,8,0,5.684641317665378,2421.8237942032924,6,1.4000596849465237,1,B,False,False,True,False,False,False
226.56285486393654,6,0,0.24068384032965134,519.7872855844398,5,1.0380641568143145,0,B,False,False,False,False,True,False
72.90596543682469,21,0,1.682553311996358,1819.468139752226,1,0.32311539090612373,0,B,False,False,False,False,True,False
14.77293024561291,18,0,1.0541922941529784,1433.4524795826683,2,2.0715798252225426,0,B,False,False,False,False,True,False
55.349644671246146,4,0,5.566098227834563,169.17871303189582,5,1.2074676141930243,1,B,False,False,False,False,False,True
50.839974324729646,3,0,16.739848073023097,466.7682290888849,4,1.3249877128930476,0,B,False,False,False,False,True,False
152.0894854810197,20,0,10.88907171369436,1532.391701303728,4,0.21165474014153746,1,B,False,False,False,False,False,True
19.240730411485412,17,0,4.295536822738249,906.8873237610998,2,0.9387705064705025,0,B,True,False,False,False,False,False
22.63397762713151,4,0,100.44801525576786,1068.1308607133096,4,2.3480611137491434,1,B,False,False,True,False,False,False
29.655363608039004,6,0,1.0193632239971855,804.0664459793575,8,0.9120067574793996,1,B,False,False,False,False,False,True
89.70024677130847,12,0,14.641047086276872,564.9000339355824,3,0.864278418598892,0,B,False,True,False,False,False,False
11.861169045290591,15,0,24.26455514090564,7602.772267481426,2,1.027740898903693,0,B,False,False,False,True,False,False
143.27069041618375,10,0,47.55653516058442,1706.4219083164796,4,2.7664741250031137,0,B,False,False,False,False,True,False
34.57715306271138,2,0,6.564177035676127,2398.419530162208,2,0.7921685961508285,0,B,False,False,False,True,False,False
194.98325375526025,3,1,12.665862748945546,413.4636833769379,1,1.9031165190652815,1,B,False,False,True,False,False,False
14.197395001086267,16,0,4.348748678196384,1008.4885296699503,1,0.8450081867755845,1,B,False,False,False,False,False,True
42.275933905303766,8,0,0.5133536129937601,1522.2018610174064,5,0.756618693282783,1,B,False,False,False,False,False,True
29.042204999382065,18,1,10.937734549690212,516.8458639948008,7,0.9754531198539631,0,B,False,False,False,True,False,False
825.6621699322953,12,0,13.398207205794355,1144.518537353124,3,0.6086780790389749,0,B,False,False,True,False,False,False
59.80831187324056,11,0,4.829019629602353,2298.8122800780347,3,0.6721826667398819,0,B,False,False,False,True,False,False
14.926140590170604,21,0,3.9659453622152756,1153.1470219761964,0,0.9762153921339176,0,B,False,True,False,False,False,False
5.881928227235699,16,0,4.947239710202525,1293.1456145688917,4,0.8551681006688513,0,B,False,False,False,False,True,False
84.27105329864482,12,0,11.145490649118875,2437.37591394405,1,0.8365977309382097,0,B,False,False,False,False,True,False
22.613035972389138,20,0,17.113805929474324,815.9168328079735,3,0.9355608675987664,0,B,False,False,False,False,False,True
15.36420172474192,10,1,19.129779841087778,2385.07822770584,3,0.5006454735192409,0,B,True,False,False,False,False,False
120.20121623476643,9,0,4.867025814277872,840.0919111225887,1,0.6738839042266194,1,B,False,False,True,False,False,False
45.36137309367565,20,0,29.09650882025473,385.46952294435357,1,1.2785093974794453,1,B,False,False,True,False,False,False
68.09868825314469,4,0,9.961582235293285,1776.7044007427824,3,0.6691142452901684,1,B,False,False,False,False,False,True
59.16478515422235,16,0,11.915525634641744,2257.998907015745,1,0.9226373114110413,1,B,False,False,True,False,False,False
41.60976501927644,22,0,3.887792520840814,313.63447437375413,1,0.5720691249841299,1,B,False,False,True,False,False,False
236.3770970126673,20,0,7.247467216986718,440.95087576888716,4,2.6654948179559175,0,B,False,False,False,False,True,False
5.4954551320535625,0,0,0.7952506089694745,472.9291434878502,3,1.1463578241464156,0,B,False,True,False,False,False,False
7.087599287920697,15,0,12.915295279066317,381.19621980965826,3,1.1130554209945362,0,B,False,True,False,False,False,False
27.09485168155003,7,0,20.72685662727849,1641.0217609325882,4,0.7570011580074768,0,B,False,False,False,False,False,True
80.82021269088715,21,0,11.762967716797986,1518.8792713391767,3,0.4862153267388824,0,B,False,True,False,False,False,False
114.94373516365701,22,1,5.929906576572965,766.2516266131149,0,1.0899310523650063,0,B,False,True,False,False,False,False
8.980568780314062,19,1,27.00417815893218,366.87224440665636,0,0.9995363277957146,0,B,False,False,False,False,True,False
224.83823760321596,16,0,0.8904491738748477,793.518713047987,6,3.1066213902376685,0,B,False,True,False,False,False,False
719.0249326739462,7,0,4.289940991428512,2067.47862109308,5,0.5252714077467303,0,B,False,True,False,False,False,False
82.68977748683355,13,0,0.7698862055596616,2861.168069634269,2,1.2106451034220056,0,B,False,True,False,False,False,False
29.55891953417434,16,0,7.4886218506791264,196.64633022955312,3,0.5622052446692135,0,B,True,False,False,False,False,False
180.61864124983464,8,0,4.32231113929036,362.8806800482866,3,1.7368627827805132,0,B,True,False,False,False,False,False
220.510370243243,5,0,17.213044633672332,2432.1630180919005,2,1.667765335704802,0,B,False,False,False,True,False,False
36.80028165597757,20,0,1.2272499767736413,4064.3734737165014,3,1.7994297344450096,0,B,False,True,False,False,False,False
32.334431081756144,1,0,0.5137881263564167,1707.6422682235204,3,0.7919158753525491,0,B,False,False,False,True,False,False
52.20291709723351,23,0,12.075418657950525,412.12687563748943,3,0.9732973006379981,0,B,False,False,False,False,True,False
157.7157755144744,18,0,20.59268075695652,516.6351572883701,3,1.2586345054239936,0,B,False,True,False,False,False,False
184.78631101076772,12,1,9.47655252772258,1098.1756916209497,0,1.1246013942986555,1,B,False,False,True,False,False,False
41.74074477794945,9,1,4.954015074323131,780.5871917445618,6,1.244578826023408,0,B,False,False,False,True,False,False
154.05036436240852,23,0,10.354101315334166,1034.7269033874816,4,0.8479523588266565,0,B,False,True,False,False,False,False
28.431101240468017,9,1,6.1940438028038,1038.2883641653218,5,0.6652238398443976,0,B,True,False,False,False,False,False
648.9351231489563,14,0,5.269903486439199,1874.8738596159305,2,0.8388653768728127,1,B,False,False,True,False,False,False
16.578534074763482,4,0,8.890291484880084,603.2519134597675,2,2.256360613469595,1,B,False,False,False,False,False,True
125.50319006894566,19,0,14.280635516460096,1419.1218639158617,2,1.8345987520235811,0,B,False,False,False,True,False,False
41.67034039102537,6,0,12.96454624683894,521.0863263996173,3,1.440058975541583,0,B,False,False,False,False,True,False
42.705778143668766,12,0,1.7181699843017932,817.6076391399974,1,1.7354189040092833,0,B,False,False,False,False,False,True
38.782465593425236,19,1,3.6936740995984065,951.1467777248623,4,0.7530623021398317,1,B,False,False,True,False,False,False
24.989453921768103,20,0,0.10608076124690341,1123.3971910044647,1,2.082131878684861,0,B,False,False,False,True,False,False
20.70792032804414,10,0,8.647940188028688,344.9728692082526,4,0.5276795774121115,0,B,False,False,False,True,False,False
16.230048465720884,20,0,22.05348014308048,433.484142838738,1,1.009614006705042,0,B,False,True,False,False,False,False
47.258966516790565,1,0,8.022982087660044,797.3839086054506,1,1.1283173595182872,1,B,False,False,False,False,False,True
59.762409131743475,20,0,109.6890283637804,2767.2980369870916,2,0.4414125710139007,1,B,False,True,False,False,False,False
29.019420352997564,14,0,20.81467352955982,742.9155917257322,4,0.8016208056696345,0,B,False,False,False,False,True,False
4.19472015780843,14,0,7.047990734963699,162.9411153412434,4,1.1476994231672186,0,B,False,False,False,False,False,True
56.49129821638489,18,0,54.29400053792555,1757.941102637022,2,0.2813101581133061,0,B,False,False,False,True,False,False
44.96992404805477,4,0,15.353114328323693,1276.0206950244417,1,0.5361240424035307,1,B,False,False,True,False,False,False
172.79979516684907,16,0,37.776215341366196,665.5059606925134,5,0.9594453916958524,1,B,False,False,False,False,True,False
46.962346740066394,7,0,1.3709390240833965,1200.8398612558497,3,0.8731980290949819,0,B,False,True,False,False,False,False
80.65464126196053,15,0,12.232855011849185,3171.799845407366,2,0.5759234952513482,0,B,False,True,False,False,False,False
227.23428832748382,14,1,35.86273071173042,974.411402076058,1,1.4918029492180456,1,B,True,False,False,False,False,False
590.2196533809258,23,0,15.781551135684188,713.3222914132941,3,2.3084562174805257,0,B,False,False,False,False,True,False
53.11109799518088,17,0,66.6098948703823,662.7411336044273,4,0.8865449930923978,1,B,False,False,False,False,False,True
12.12933868011048,17,1,81.91655853860946,767.324453801753,3,0.7949443590769038,1,B,False,False,False,False,True,False
301.22534115008716,14,0,23.5559606943095,602.5348278918269,2,0.4143005373071534,1,B,False,False,False,False,False,True
1.0,9,0,4.901868396518979,1095.4833369189366,7,0.6384474255077744,0,B,False,False,False,False,True,False
15.64326063658733,4,0,28.817111520314146,3859.2840742895764,4,0.3608206056839909,0,B,True,False,False,False,False,False
20.845198042628365,21,0,18.23574755809323,755.444572112801,2,0.41288802476178366,0,B,True,False,False,False,False,False
133.86235011443537,15,0,1.6864543752354166,435.2969329519983,3,1.186125783426472,0,B,False,False,False,False,True,False
45.15639218046157,20,0,7.357445891075828,376.4015795763798,2,1.1852853277896886,0,B,False,False,False,True,False,False
14.060845124972772,11,0,31.13301659814763,268.8884369319813,4,1.0192768910439904,1,B,False,False,False,False,False,True
1096.4484799362028,16,0,18.45283337751845,654.6649896898463,2,1.4263651600345584,0,B,False,False,False,False,True,False
34.72725080641482,11,0,8.3624988955123,595.8880018293211,5,1.6058954648930828,0,B,False,True,False,False,False,False
13.917766189164249,0,0,14.240073352554266,1193.1117123904914,3,0.5760182164645586,0,B,False,True,False,False,False,False
12.570837304514521,10,0,41.41668039416874,4425.529875074654,7,0.7047304789803718,0,B,True,False,False,False,False,False
12.62624557876548,7,0,13.655408836831,1594.7395280807737,4,1.8431312745248059,1,B,False,False,False,False,False,True
57.37197310297688,4,0,3.8752218999839663,1968.7969298083997,4,1.3116138233765355,0,B,False,False,False,False,True,False
29.704138706865958,7,0,16.601032222572115,3961.643581042206,3,1.5739696264790164,0,B,False,False,False,False,False,True
29.316654081150293,10,0,4.6426316723095615,313.8810529321066,4,0.9692775647009475,0,B,False,False,False,False,True,False
63.39768437882918,10,0,14.474946877080395,2593.8904454097424,1,1.0994978650092808,0,B,False,False,False,True,False,False
41.485536445783,13,0,15.5163473912631,2737.421339237843,5,0.8948722533835342,0,B,False,False,True,False,False,False
77.43002317162853,13,0,6.730330675594272,581.6632039869235,2,1.3607302214979344,0,B,False,True,False,False,False,False
38.134808371508285,18,0,20.245240145418588,1761.5788956207557,2,0.8226210787081367,0,B,True,False,False,False,False,False
36.7654211903347,10,0,5.198955134606919,322.12040306331306,3,1.5154823511287514,0,B,False,False,False,False,False,True
21.08112260537536,20,0,0.22249857945546064,618.0979274228582,2,0.7532109069360384,0,B,False,True,False,False,False,False
45.67514459172202,1,0,6.476752578803442,4154.162386741086,2,0.9419640924950337,0,B,False,False,False,False,True,False
103.36839782822142,7,0,29.740183736185493,844.7263578080223,0,0.4634653515365162,0,B,False,True,False,False,False,False
172.1692989879367,10,0,12.900845907081013,680.9241436020454,4,0.4030859924486456,0,B,False,False,False,False,True,False
59.77137721444264,0,0,28.394106927521243,484.88465770945913,3,1.4460769411111691,0,B,False,False,False,False,False,True
1.0,4,0,2.0648093978463766,1133.2361128609703,5,0.7734884713600934,0,B,True,False,False,False,False,False
368.9241351327104,22,0,3.216283454857404,451.54187101333986,2,1.324510057135076,0,B,True,False,False,False,False,False
23.74122397559193,20,0,2.698023550861728,552.7906498291599,7,0.628095615146257,1,B,False,False,True,False,False,False
59.44461886083438,14,0,23.065619586643358,3264.53638215738,6,0.9133830308844183,0,B,False,False,False,True,False,False
112.22251244751553,18,0,14.208737181934021,468.80549530788926,3,1.219242283256954,0,B,False,False,False,True,False,False
168.69992825321364,15,0,6.15121559489223,173.43452969097117,5,1.0357899442042173,0,B,False,True,False,False,False,False
1349.2111933493202,3,0,22.75623698713719,769.2757414590626,5,0.893744851807052,1,B,False,False,False,False,False,True
72.85189847899761,11,0,8.5742914749483,2319.687312688837,3,1.0702991352996396,0,B,False,False,False,False,False,True
130.43937747914143,4,0,14.341168434702425,448.3647515487923,2,1.5438529268285743,0,B,True,False,False,False,False,False
71.61825833398873,18,0,28.93529555821758,684.5684925247826,4,0.9479144067145706,0,B,False,False,False,True,False,False
181.9148441571712,10,0,8.307253767919361,5093.920072030304,6,1.10362342758083,0,B,False,False,False,False,True,False
186.20082666516774,6,1,20.932189573735876,2168.123122111684,1,1.2716706126625443,0,B,False,False,False,True,False,False
260.4402511213554,5,0,12.508274611324724,673.1058643500941,0,0.9117759316702314,0,B,True,False,False,False,False,False
14.67523360611659,12,0,35.73774169220704,1243.2349544627464,4,0.465141038175112,1,B,False,True,False,False,False,False
44.0469963439849,14,0,9.117285008097898,1245.9288467983142,0,0.8550258962567409,0,B,False,False,False,True,False,False
186.74444795260078,2,1,5.32122853164494,344.76994277172093,5,0.40694272866044656,0,B,False,False,False,False,True,False
42.17480792316794,2,0,4.708197539349212,661.6889188210414,3,0.5993334556875856,0,B,True,False,False,False,False,False
95.76851938313318,3,0,3.1760342575200973,1654.7568517916527,2,0.8103300407828137,0,B,False,True,False,False,False,False
66.51824286790311,9,0,6.613643491087088,435.4650787890002,4,1.9744673738024265,0,B,False,False,False,False,True,False
41.56764064746133,18,0,8.545142196793197,955.8519110693375,3,1.0938060616061596,1,B,False,False,True,False,False,False
6.431403481339686,5,0,2.184916233704933,210.22985964786423,4,0.6982494207031932,0,B,False,True,False,False,False,False
26.829234021374045,0,0,19.962553035218487,3027.5623657826077,3,0.8514110613542122,0,B,False,False,False,False,True,False
87.38892726379979,0,0,41.68559897587958,7310.116118942058,4,0.994145182117744,0,B,False,False,False,True,False,False
73.13705246108933,6,0,7.962189961156481,1345.056056524613,2,0.6837131052151312,1,B,False,False,True,False,False,False
34.31525935549833,15,0,38.894192363226146,691.7529682773796,7,3.2785551669306274,1,B,False,False,False,False,True,False
40.88978825237301,23,0,8.222731285891212,156.9076298313829,4,1.087339301786321,0,B,True,False,False,False,False,False
665.7751527059777,3,0,3.731273689870655,1700.1800582020692,1,1.1256524236312608,0,B,False,False,False,True,False,False
67.77744235431423,15,0,29.39648712261673,2040.598602768022,1,1.2650427362898464,1,B,False,False,True,False,False,False
26.20185748801062,6,0,34.772241685626504,1423.3486530969549,4,0.4631592274085266,1,B,False,False,False,False,False,True
12.455325686916357,17,0,15.270661571267375,2814.7092064960625,3,1.2319175764762338,1,B,False,False,False,False,False,True
190.2150230794902,14,0,38.37177031240457,1518.223659359039,2,1.2866604765243432,1,B,False,False,True,False,False,False
55.19233234445266,8,0,6.431828545000834,713.7862789669571,6,0.9555990074937801,0,B,False,False,False,False,True,False
18.76644329908111,10,1,5.75689292424748,267.712650730041,2,1.9266624055764767,0,B,False,False,False,False,True,False
5.705276645504545,6,0,28.952754720039934,1368.2549894040253,5,0.9219046417940839,0,B,False,True,False,False,False,False
46.94848364123242,20,0,4.944982576725964,406.1862011129214,4,0.9573424428390711,0,B,False,False,False,False,True,False
620.0598723930079,6,0,30.173637456943226,1662.6021610058249,1,1.1793641450421026,0,B,False,False,False,False,True,False
227.6693004484945,22,0,4.083820442807761,3851.77715918738,5,0.9386988168039269,1,B,False,False,False,False,False,True
29.755751499302445,2,0,17.808525280603583,4370.255744728751,1,1.1397131326809813,0,B,False,False,False,False,False,True
99.18100244957529,6,1,25.588042129296234,258.00947642067905,2,0.9318052052889908,0,B,False,False,False,False,True,False
9.732588161344562,2,1,30.3851846079704,2680.185177527765,3,0.7760516867660646,0,B,False,False,False,True,False,False
42.651017842388285,11,0,50.336677919138886,1681.2570055123253,4,0.5278105368259125,1,B,False,False,False,False,False,True
56.18157303522184,2,0,5.358636265770472,1239.8557764049503,1,0.9190322462183129,0,B,True,False,False,False,False,False
10.563479093876504,6,0,11.784568254580117,860.649297915737,3,1.0826482601226155,0,B,True,False,False,False,False,False
18.389257449950982,22,0,47.01991256452801,309.88955086219664,4,0.4606636134343936,1,B,True,False,False,False,False,False
23.60686197307674,5,0,0.15520757152913683,928.1332927507568,3,1.1971221107441707,0,B,False,False,False,False,True,False
89.0930973874357,14,0,14.329277811635373,1931.284273447639,4,1.3515755815121175,0,B,False,False,False,False,False,True
74.41698648743437,22,0,2.4298796739518744,1504.5867843752067,5,1.959318925287629,0,B,False,False,False,False,True,False
18.159662750935198,9,0,8.703826326705387,767.0471942376271,5,1.4424818397856294,1,B,False,False,True,False,False,False
113.80397123750265,4,0,1.3169897745554842,1610.2542926397516,1,1.1091331645360814,1,B,False,False,False,False,False,True
55.57640875741681,8,0,6.151334337722177,4080.9680031313205,2,0.6428232806002208,0,B,False,False,False,False,True,False
436.96366251951565,16,0,17.647007503800754,2536.771538005138,4,1.2411533015185932,1,B,False,False,False,False,False,True
12.055211679702072,20,0,25.04268883917203,975.1930807476316,5,0.7602887251039093,0,B,False,False,False,True,False,False
380.79213881470065,18,0,12.358514489612466,807.6380118713943,2,0.6726957545102605,0,B,False,False,True,False,False,False
30.6381412196162,23,0,8.596053245363809,942.3323574730265,5,0.9468238427504305,0,B,False,False,False,False,True,False
365.1342267548318,22,0,6.2905495779866465,533.01291807359,3,0.8293874389705389,1,B,False,False,True,False,False,False
118.22091323405114,16,0,35.609975113636416,2144.016470723082,2,2.1124667223243456,0,B,False,False,False,False,True,False
10.794635860168443,8,0,3.301422487706132,1806.4839373770444,4,0.6583232018043953,1,B,False,False,True,False,False,False
64.81634592846115,20,0,17.286261071491083,584.0926521051789,8,1.545844074208008,1,B,False,False,True,False,False,False
311.2688193921869,16,0,2.276229571343658,2267.131022331752,3,0.8106681092246278,0,B,False,True,False,False,False,False
22.642172208245672,0,0,34.486068963686655,2179.672994550194,4,1.6520593959337335,0,B,False,False,False,False,True,False
227.04655513245427,7,0,5.039771648878839,2106.1116799750216,3,0.9682183624159424,1,B,False,False,False,False,False,True
225.54759311967646,18,0,6.961759190566271,1654.69888943149,2,3.8552184797459645,1,B,False,False,False,False,False,True
354.39333722874414,8,1,3.0346903365912903,296.9038813886275,3,3.272600565658886,1,B,False,False,False,False,False,True
104.74776335645458,7,0,40.79609515549966,2763.596521804627,2,0.8388806435629867,0,B,False,False,True,False,False,False
22.358397828897832,5,1,32.800838442690434,234.5427532548588,2,0.5165686154063301,0,B,False,False,False,True,False,False
130.84038921992575,14,0,9.61586926643019,529.4015812636844,4,3.0361747483858292,1,B,False,False,False,False,False,True
233.10341953119263,14,0,0.4588451644107706,2156.4983284366617,3,1.148015614721418,0,B,True,False,False,False,False,False
148.40116068242398,5,0,35.235189085200346,1888.9059865942556,3,0.596169412489107,1,B,False,False,True,False,False,False
4.022184549047832,20,0,49.29992060152233,958.2024215222389,2,0.6366182716454446,1,B,True,False,False,False,False,False
71.88454037401584,14,0,1.0883282337910996,681.842980282033,6,0.9912242142694753,0,B,True,False,False,False,False,False
129.62307398961184,17,0,14.074979914848718,2585.229906789843,1,1.8584018809239906,1,B,False,False,False,False,False,True
336.1627190014719,21,0,46.79461897390405,2111.739398557712,1,1.1042073074887673,0,B,False,True,False,False,False,False
8.421862597424049,23,0,17.885674888015096,894.6860478389195,3,1.2626742206483736,1,B,False,False,True,False,False,False
14.459669310842381,5,0,10.89125923169729,162.71604695861828,4,0.8564149248328862,0,B,False,False,False,False,True,False
51.28364716455327,22,0,6.279499665371267,596.0000360017455,6,1.218931173001068,1,B,False,False,True,False,False,False
1157.455739396846,17,0,20.208384162177975,1055.333890887116,3,1.0674850048007378,0,B,True,False,False,False,False,False
139.10442215607935,17,0,65.93612716407735,4366.248783508171,2,1.2151012039521722,0,B,False,True,False,False,False,False
23.06251903777777,18,0,15.292584841037014,2457.6144441810766,2,0.733412766787103,0,B,False,False,False,False,True,False
52.559567234377454,22,1,10.54036870866949,638.4569438327388,5,1.0719441802024567,1,B,False,False,False,False,False,True
128.14430768161174,23,0,2.7565961109974397,1947.9392193262522,1,0.33076619590145806,1,B,False,False,True,False,False,False
82.27138000614381,19,0,29.624132686205918,1956.4959880814438,2,1.722510897684252,0,B,False,True,False,False,False,False
73.2989796064446,12,0,7.262773867107418,778.970470064694,5,0.6215600738144741,0,B,False,False,False,False,True,False
32.153260920839635,10,0,22.004633179471174,3406.259782027881,1,0.7963659088922069,0,B,True,False,False,False,False,False
34.280351833889824,14,0,6.410771049882145,481.46062934382604,4,1.2677889649882468,0,B,False,False,False,True,False,False
85.09771420896736,5,1,1.9318877987506051,1430.7256602236068,0,1.713405048812411,0,B,False,False,True,False,False,False
117.11707706172572,22,0,16.570674662197494,625.3902745100286,0,1.1274783299500015,0,B,True,False,False,False,False,False
6.327285551520998,10,1,11.834412567528435,456.0774994294533,3,0.6661093417927797,1,B,False,False,True,False,False,False
44.48985001355554,3,0,2.45147887376189,371.9384386679108,2,1.1073914482692675,0,B,True,False,False,False,False,False
265.19566721407205,14,0,26.53559017909618,1147.773550362309,2,1.9335323525179349,0,B,False,False,False,False,False,True
754.5069716704558,15,0,5.404947016482071,1395.779325244094,2,0.5644783982621457,0,B,False,False,False,True,False,False
152.82577993696307,23,0,8.774433694608767,2308.808429311866,5,0.730199814438369,1,B,False,False,False,False,False,True
109.99228225988057,13,0,10.299014986514582,832.8333322242244,2,0.7459889018668854,0,B,False,False,False,True,False,False
220.59411229633702,23,0,4.242924922845733,1119.9547474944527,2,2.0711881362717333,0,B,False,False,False,False,True,False
83.29522490141575,22,0,10.458865046480868,2118.994524467141,4,1.287158247031244,0,B,False,False,False,False,True,False
13.524339298367144,4,0,1.0527182679191207,1210.522342648798,4,1.3732419913479812,0,B,True,False,False,False,False,False
37.32072533363887,14,1,3.105207498316254,626.9087006570543,2,1.4668829469053715,0,B,False,False,True,False,False,False
9.91544548926087,9,0,4.838256011452346,630.9321361576611,2,1.3895873651199915,1,B,False,False,True,False,False,False
158.9802381869768,5,0,6.678345167707252,2749.618205023891,5,2.0858001461089883,0,B,True,False,False,False,False,False
4.966669944461145,15,1,4.292212867746315,2234.0628249204865,1,1.1574821167749707,0,B,False,False,False,False,True,False
81.0248524428205,15,0,9.544585336819685,1743.8864045823807,6,0.8323059294957784,0,B,False,False,False,True,False,False
92.26418489826906,18,0,16.146009233552874,2846.801582962835,0,1.4181123360223038,1,B,False,False,False,False,False,True
52.98319198095635,2,0,6.352718933086577,1705.379824982472,2,0.8730304169770634,0,B,False,False,False,False,True,False
2.026381134575299,19,0,0.5719146933608779,9668.418104252085,4,0.4415412779841364,0,B,False,False,False,False,True,False
10.021464434748252,17,0,15.066469063138047,308.1050652912691,5,0.7977381156671807,0,B,False,True,False,False,False,False
64.13137545422154,21,0,31.779726799574007,1169.7631955880506,1,1.025605354338376,1,B,False,False,True,False,False,False
141.8551024089171,18,0,1.9952611721345617,684.4712066179758,3,2.1105107661690443,0,B,False,False,False,True,False,False
54.37154119684916,1,0,3.0703384492336774,1053.7922202202797,3,1.1853027073450306,1,B,False,False,False,False,False,True
275.121270229445,8,0,0.45090669024108326,449.25199246587607,1,1.1195239403191217,0,B,False,True,False,False,False,False
105.07081894625543,0,0,3.698173000790487,334.5701115374244,5,1.8788664309574488,0,B,False,True,False,False,False,False
55.46976640345003,3,0,5.25786737572753,820.4195703211004,2,1.0513717478491216,0,B,True,False,False,False,False,False
51.58683839714537,20,0,9.131173063253836,2170.883241772464,2,0.7761822070226467,0,B,False,False,False,False,True,False
23.915089121184742,21,0,18.041239098639416,969.3679364828306,2,1.722140137010469,1,B,False,False,True,False,False,False
999.7815231535777,3,0,8.508090346788554,2475.8697463224566,8,0.8548548975233745,0,B,False,False,False,False,True,False
146.60226343997772,5,0,6.8086153560859755,722.0260210659862,5,2.210978602297723,0,B,False,True,False,False,False,False
88.83427834979167,22,1,17.268378091538192,572.44407790117,3,0.7119378106407818,0,B,False,True,False,False,False,False
47.61077238500601,5,0,15.53204473203264,909.5267245188018,4,0.9690368865267289,1,B,False,False,False,False,False,True
69.52530669924255,21,0,8.27376206290714,1328.1778719530785,4,0.9525344772812399,0,B,False,False,False,False,True,False
5.443944998740972,18,0,6.201826306682363,3553.7912918816883,5,0.8132453602175692,0,B,False,False,False,False,True,False
57.742717219635956,7,0,7.167256227063235,1997.8895399372348,1,0.7997958214920752,0,B,False,False,False,True,False,False
52.10343027756198,7,0,7.782175435998543,2415.226897383446,4,0.653016231594502,1,B,False,False,False,False,False,True
2.152510325796038,19,0,1.4106277696471219,672.9226047699464,2,3.552529354884428,1,B,False,False,True,False,False,False
270.891974919715,23,0,3.009515426111537,446.34930956734866,6,1.5900349047985225,0,B,False,False,False,False,True,False
77.46839559771183,12,0,16.026383943837843,524.49325060556,3,1.4031624383931263,0,B,False,False,False,False,True,False
68.04649375141027,8,0,40.171272675962406,1235.5907026073924,3,3.564131065117963,0,B,False,False,True,False,False,False
23.821335279450373,20,1,1.3233028678613952,606.0964442017569,4,1.2564754067545572,1,B,False,False,False,False,False,True
300.28938846789504,18,0,1.9338177843214435,5704.077824427993,2,0.9140868963933652,0,B,False,False,False,False,True,False
86.77584833290187,6,1,1.5574177345673532,1524.5679697419607,3,1.0622546400552817,1,B,False,False,True,False,False,False
15.166622098178753,19,0,4.421695412329202,346.7414601986394,3,1.7342259058296081,0,B,False,False,False,True,False,False
10.715882752500859,7,1,23.594960946103406,967.6142717414671,4,0.2782435719930181,0,B,False,False,False,False,True,False
15.729785298981692,10,0,27.108884639806472,1095.0192921219639,4,1.640279180432286,0,B,False,False,True,False,False,False
31.490035313962373,2,1,33.357326435649995,507.2859428160481,5,3.1267372050734346,0,B,False,True,False,False,False,False
26.615182680262354,16,0,22.987762471171905,1999.123268467071,2,0.5155785224455596,0,B,False,False,False,False,True,False
27.276509048125085,4,0,9.211016339209335,1154.9047024293914,1,0.628019307494076,0,B,False,False,False,True,False,False
89.38740544175096,5,0,12.603342869606724,2014.3593777915457,0,0.696113380814003,1,B,False,False,True,False,False,False
28.66137839056696,14,0,17.31968801232351,1088.3836932369957,1,0.9517086990774354,1,B,False,False,True,False,False,False
241.33211278258736,8,0,4.268541230206161,492.5971195787339,3,1.30006331954391,0,B,False,False,False,False,True,False
576.4979077305924,18,1,11.81585988269908,1494.7235514278336,1,0.9838843011356225,0,B,False,True,False,False,False,False
13.787560949410743,5,1,10.84590029199108,687.9574947955483,4,2.0445628391501685,1,B,False,False,True,False,False,False
261.50455454041173,7,1,21.83495870335813,442.7423694507782,2,1.5675565784924588,1,B,False,False,True,False,False,False
17.933948803173717,11,0,4.003018874350334,1039.3244733700155,0,1.5276861503485804,0,B,False,True,False,False,False,False
169.22476872842435,15,0,37.91054795934996,6310.186065346151,3,0.9751739256453588,1,B,False,False,False,True,False,False
91.1979653775938,19,0,7.337551829620801,2213.912268326277,5,0.6094768531628072,0,B,False,False,False,False,True,False
223.9066129753608,21,0,10.221079016576743,1965.3638260652876,5,0.9770822639177311,0,B,True,False,False,False,False,False
13.97841150093114,2,0,6.120539339416696,483.73832437336705,3,2.687846519968096,0,B,False,False,False,False,True,False
127.02488053261797,15,0,1.841704126207476,1771.0681417704595,3,0.2437901511538332,0,B,False,False,False,False,True,False
15.228487675211582,14,0,2.9327365957416456,3195.6055558821927,4,1.5063315339034065,0,B,False,False,False,False,False,True
38.601407793612864,10,0,69.47194735144835,3713.4265391048216,4,0.9320181741052116,1,B,False,False,False,False,True,False
20.178232317555796,5,0,6.457281622384932,388.56512627264084,7,2.6341382370971647,0,B,True,False,False,False,False,False
14.2197527700729,1,0,1.8414357912510857,1578.9605327062347,1,0.9007429665500337,0,B,False,True,False,False,False,False
60.87502294298619,22,0,8.838261613452271,1322.736294977822,3,2.4321095585980257,0,B,False,False,False,False,True,False
140.3105737533836,6,0,2.214589679476523,5861.485842292467,2,1.0344997710470558,0,B,True,False,False,False,False,False
62.69868490700801,15,0,14.313615735144422,904.3815975600561,3,0.4592231615355899,0,B,False,False,False,True,False,False
55.63323804322873,0,0,0.3662474721183823,935.7949260230014,5,1.5720460776477032,0,B,False,False,False,False,False,True
41.534051767899754,12,0,12.332017339885315,2271.98400926354,3,1.4707762691067279,0,B,False,True,False,False,False,False
169.68208460148057,3,0,17.41136716063723,1728.3098693387315,1,0.6486893522369481,0,B,False,True,False,False,False,False
20.804758358501573,0,1,1.2624376346944046,3335.7684055828095,2,0.8312967965590472,0,B,False,False,False,True,False,False
158.24803214343484,21,0,2.4011407779246494,335.6225558178204,2,0.43130121971602614,0,B,False,False,False,False,True,False
53.10163124697117,4,0,22.34887431381499,1803.3051862411317,3,1.6599909497690652,0,B,True,False,False,False,False,False
2525.663905543447,15,0,8.195451180462099,2165.4064707013627,0,1.1797848170910796,1,B,False,False,False,False,False,True
62.71057331860782,18,0,1.4514396575378614,1537.5416833895542,6,1.28299007478473,0,B,True,False,False,False,False,False
47.60757636565809,11,0,29.74983579476519,4197.200425235116,4,1.6339902140003695,0,B,False,False,False,False,False,True
6.110020205411658,8,1,20.03013617625083,632.4206575342855,2,0.6963798205310863,1,B,False,False,False,False,False,True
252.8422844039175,5,1,3.106641756917838,832.540512353055,1,0.7775977260294646,0,B,False,True,False,False,False,False
17.871059503575236,21,0,6.3978429533952035,1138.28901216302,3,1.6646742462022275,0,B,False,False,False,True,False,False
55.49497589129837,8,0,12.58842309552765,2568.740507656053,3,1.0625792894043096,0,B,False,True,False,False,False,False
38.242045665468716,1,0,0.32738867393945764,2353.658045903944,2,2.153935599462167,0,B,False,False,False,False,True,False
107.74579587641091,0,0,10.095154035806113,687.0655281589759,5,0.7431922811216861,0,B,False,False,True,False,False,False
38.91586337507687,9,0,6.246287648760153,936.5824149295611,3,0.7695280001943196,1,B,False,False,False,False,False,True
12.329077122399719,2,0,39.02301687506832,1397.8740423308504,3,1.4424112627783447,0,B,False,False,False,False,False,True
17.039515690017215,23,0,3.840346554467952,1732.7208012615688,3,2.3814610876818696,0,B,False,False,False,False,False,True
14.516519133537534,17,0,7.6253654011796685,1693.277539391974,3,1.586644484641789,0,B,False,True,False,False,False,False
68.27776884252481,23,0,2.656060804257294,244.8361107532327,2,2.8748663568132025,1,B,False,False,False,False,False,True
255.45095366063893,11,0,2.060318549983022,4840.410632371475,4,1.5848427263323854,1,B,False,False,False,False,False,True
37.7200857651114,14,0,4.923398145895131,614.6011800464152,7,0.7949873201196672,1,B,False,False,True,False,False,False
111.55487465941903,13,0,25.4142884219061,593.8536357121408,5,0.8300081504689197,0,B,False,False,False,True,False,False
160.2484642896993,9,0,7.113864300007109,433.9767115202672,1,1.0181892608958365,0,B,False,False,False,False,True,False
78.91226857115596,5,0,3.09617024744736,1089.7276090251678,5,0.9228540319131856,0,B,True,False,False,False,False,False
19.951926397687554,19,0,0.2559065864046834,1105.5017171046234,1,1.1184461830193069,0,B,False,True,False,False,False,False
252.60563779836227,19,0,11.919011054068074,753.8783743619053,4,1.3004668452725479,0,B,False,False,False,False,True,False
21.003617082515866,11,0,10.24933937807089,959.8125776708506,4,1.2567252037884273,0,B,False,False,False,True,False,False
80.13508612256305,22,0,3.5476229368433065,274.9757518095082,6,2.8845504879055386,0,B,False,False,False,False,True,False
54.681096071658075,22,0,6.771334954275022,250.8316890097074,3,2.076071381435655,0,B,False,True,False,False,False,False
96.7280669466468,8,0,5.103372895108339,1721.9334000671565,5,1.4721061301661367,1,B,False,False,True,False,False,False
86.23987208751497,3,0,18.657862241722377,1087.2864313460636,4,1.262632750875917,0,B,False,False,False,False,True,False
143.76158492144538,3,0,6.874645660695725,2544.6812026443245,2,0.7024921333764294,0,B,False,False,False,True,False,False
60.989300228437656,1,0,9.51481343946767,1195.5508670280294,2,0.7866000983038374,0,B,False,True,False,False,False,False
110.9752455702927,6,0,68.1710511577325,715.5024521051555,1,0.6686779100327749,1,B,False,False,False,True,False,False
161.80967132934546,10,0,33.849557618852145,3410.2207964995637,2,0.5314896920519657,0,B,True,False,False,False,False,False
8.559411013279423,15,1,16.09798329462078,753.444116948659,3,0.6226726661180971,0,B,False,False,False,False,True,False
267.45132469736734,9,0,9.885041376240846,3124.7403217338137,3,3.7730576121485977,0,B,False,True,False,False,False,False
43.54969527930295,14,0,6.511470391091234,4050.8658563476806,5,1.8079330404147407,0,B,False,False,False,False,True,False
81.53594450676201,1,0,43.01404855796612,800.3304318595077,3,1.1641362699588098,1,B,True,False,False,False,False,False
65.72062359811224,11,0,36.558405845894605,2046.0487588047092,1,1.8765509966972813,1,B,False,False,False,False,False,True
33.92347446330305,21,0,2.7058084753344955,1932.7735715243186,1,1.4066586661992952,0,B,False,True,False,False,False,False
47.46570242131136,21,0,4.357803083330429,1118.9602888010947,1,0.5388314004003814,0,B,True,False,False,False,False,False
64.08615694918011,14,0,7.426690107704107,1794.421947505175,6,0.3519096976917453,0,B,False,False,False,False,True,False
42.614545029122304,10,0,9.16826595526507,671.7226655526089,5,0.44560215743478593,0,B,False,True,False,False,False,False
204.2095806832276,9,0,11.720093495877729,1980.0269710589253,3,0.6939957761457521,0,B,False,False,True,False,False,False
160.95572785057917,2,0,0.5910963641196212,916.946683015123,6,0.6029538238749148,0,B,True,False,False,False,False,False
29.5935957866939,7,0,1.0580701863770585,790.1485054231206,3,1.071110155943786,1,B,False,False,False,False,False,True
598.6595472058922,20,1,9.507727280343094,362.9961506014829,4,1.3095794713341042,0,B,False,False,False,True,False,False
9.039435217738824,19,0,37.55136349427505,2372.7475995841537,2,0.563820505182929,0,B,False,False,False,False,True,False
15.14826922666286,19,0,20.345193756621217,535.6082490592876,5,2.493733885289874,0,B,False,False,False,True,False,False
50.386154372915925,4,0,11.746997783777882,967.0948450359909,2,0.579147137446221,0,B,False,False,False,False,True,False
78.48559928362153,10,1,0.4334327142415261,1152.015471736756,5,1.2036617330771047,0,B,False,True,False,False,False,False
22.598237549768285,11,0,1.0608459434860145,3016.813011316978,3,0.8066979147702247,0,B,False,False,False,True,False,False
35.83554379258149,19,0,14.91318302022501,738.5732061518843,3,1.3694098850968284,1,B,False,False,False,False,False,True
15.764755609653175,10,1,3.192840769040274,422.4490240554195,2,1.2069559434307193,0,B,False,False,False,False,True,False
38.36069739706017,5,0,12.866456037405852,607.3582664365475,3,1.4239516911968235,0,B,False,False,False,True,False,False
8.625624640787548,7,0,9.064897503506005,2348.3304431264787,2,1.393378813471673,0,B,False,False,False,False,True,False
35.31751128913668,12,0,3.0603159188907547,3120.758123278198,4,0.777978667152286,1,B,False,False,True,False,False,False
33.52384682113952,14,0,9.39651005877089,2766.3805504046813,3,1.1386172672990598,1,B,False,False,True,False,False,False
14.057016867395712,1,1,32.67612012831854,1058.9153329466665,0,0.7830183387083066,1,B,False,False,False,True,False,False
324.63220396517085,22,0,3.8174386792747477,309.820273163076,3,0.5280534760647739,1,B,False,False,True,False,False,False
112.63179965893369,5,1,47.16112616652315,361.96800104180187,1,1.3151128511004337,1,B,False,False,False,False,False,True
237.68613114394563,19,0,3.9055869615861614,1331.4418308026388,4,0.6135872455684576,0,B,False,False,False,True,False,False
58.5701633974501,1,0,9.14709397505046,857.362110407822,3,0.9591101119361147,0,B,False,True,False,False,False,False
97.677375376031,14,0,19.253903559147286,1279.2908502107673,4,1.671085273144742,0,B,False,False,False,True,False,False
46.115105830309986,0,0,22.34024360941546,803.9035809296638,3,1.4445527055864409,0,B,False,True,False,False,False,False
45.273748399452025,10,0,5.571324889772078,502.5595022310048,1,2.1522015854424614,1,B,False,False,True,False,False,False
133.86424701868685,7,0,0.24933377601251663,2715.7571332444713,6,1.324301191613629,0,B,False,False,False,True,False,False
21.722000978649465,23,0,14.74745448237964,480.57457854949735,0,1.2851518007277787,0,B,False,False,False,False,False,True
45.97590665985821,8,0,5.834493828290967,2128.198541423179,2,1.11918475226481,0,B,False,False,True,False,False,False
474.9897832084007,14,0,11.046666397225657,2410.2779784229283,4,3.901125319991295,0,B,True,False,False,False,False,False
50.07173470774379,4,0,1.0027965020590135,680.5391322585366,2,0.4677880900545145,0,B,False,False,True,False,False,False
68.31602408015985,8,0,7.442117080090796,2164.686244250096,2,0.4806204647472706,0,B,False,False,True,False,False,False
181.01625971998934,3,0,14.960199522960014,1985.9612841102564,2,0.529146017719384,0,B,False,True,False,False,False,False
218.42394737811375,9,0,1.3033279698580955,665.0742777493216,1,0.6928966279977863,0,B,False,True,False,False,False,False
182.1172595841704,3,0,9.612383548783908,855.6524880863764,4,0.4208409923754118,1,B,False,False,False,False,False,True
14.786399869047356,4,0,8.616927090752133,9148.377891540493,3,1.6062384872736533,0,B,False,True,False,False,False,False
30.956142096050808,18,0,5.6106430889779295,4713.115098673902,3,0.8209110203397633,0,B,True,False,False,False,False,False
433.51504557163804,20,1,63.670679883285906,491.97601205844614,2,1.0312506791131473,0,B,False,False,False,False,True,False
43.09443263685653,12,0,54.92285606525492,261.98504182330555,2,1.6193080672267388,0,B,False,False,False,False,True,False
104.79757608210656,20,0,10.089516777940156,1388.3115934461982,2,0.5185519471908235,0,B,False,False,False,True,False,False
144.2975081315994,10,0,3.1318550438849444,646.6099524517172,5,0.42128237603326807,0,B,True,False,False,False,False,False
392.9484799676831,11,0,9.414277146602325,2184.1981007341865,2,1.2524652513765158,0,B,True,False,False,False,False,False
18.436864272345616,13,0,28.24557386757299,611.3042607103741,5,1.2632412745487287,0,B,True,False,False,False,False,False
74.38036786424992,12,0,6.341436665099437,1606.0826180891738,4,1.1659325653930348,1,B,False,False,True,False,False,False
52.286338954258085,3,0,6.257658480452433,3407.2690568916105,2,1.1558458712975765,0,B,False,False,False,False,True,False
1329.9347055106011,12,0,24.827731236707976,357.33385375150704,5,0.48890738678551454,0,B,False,True,False,False,False,False
27.22956664588399,4,0,14.836026193565587,868.3711693468777,8,1.3801714723483574,1,B,False,False,False,False,False,True
17.379549554546383,20,1,7.795423024035864,1353.0664811284046,4,2.3198154215929603,0,B,False,True,False,False,False,False
578.3355152170748,8,0,10.967524911222863,1244.758586174775,3,1.5274185760313326,1,B,False,False,True,False,False,False
1334.705652660508,0,0,13.541680339224811,1143.6340501797235,2,0.3860550112580284,1,B,False,False,True,False,False,False
228.3844753383208,11,1,2.636736281012701,2333.849531528982,2,1.58275950818007,0,B,False,False,False,False,True,False
8.266367877145107,22,0,9.727171400000085,668.889577657385,4,0.8674463820410596,0,B,False,False,False,False,True,False
16.809421043871552,16,0,11.107633607521999,675.4887768589562,3,0.9159248408160225,0,B,False,True,False,False,False,False
19.08006298474711,0,0,80.56908582540234,4580.955046475764,9,0.9207969648478366,1,B,False,False,False,True,False,False
627.6030670124534,18,0,4.367908091922257,1077.076382958636,5,0.7805297391242006,0,B,False,True,False,False,False,False
49.686294536738856,4,0,4.273108561897447,299.5727526636606,4,0.984016588736057,0,B,True,False,False,False,False,False
78.10509482089063,11,0,21.460325139929754,302.60326476062863,3,0.4492673129639097,0,B,False,False,False,False,True,False
37.14013292005134,11,0,6.121941644709392,1695.602033150873,5,0.36485717693344405,0,B,True,False,False,False,False,False
11.051596884086011,10,0,0.8678841272039141,610.3297383607628,2,1.7042159271150128,0,B,False,False,False,True,False,False
22.805758841869896,15,0,47.53123774891328,1780.8673594777144,3,2.0031057240153762,0,B,True,False,False,False,False,False
574.8348982726881,16,0,0.6370432175351596,1524.3170199127055,2,0.7152179774950654,0,B,False,False,False,True,False,False
51.98157093584509,2,0,37.76469233915092,150.6367870512344,6,2.81053192254923,0,B,False,False,False,False,True,False
6.000739220326387,10,0,25.129682307957452,1692.4639157833017,5,0.4967871640205583,0,B,False,True,False,False,False,False
120.95318879618527,16,0,14.154022842530624,1260.8202939058904,1,0.6845548876155877,0,B,False,False,False,False,False,True
49.65394544374207,0,0,32.002548741717106,1070.9987277749863,3,0.7156351839370166,0,B,False,False,False,False,True,False
51.254275942449304,14,0,3.2681618997768793,707.7098706087136,2,0.3255236615480035,0,B,False,True,False,False,False,False
40.87606184657679,8,0,3.112989426429181,264.411180772643,3,1.0667517342061865,0,B,False,False,False,False,False,True
13.534424551690446,17,0,8.79943712682499,634.676787313459,5,1.1312396617313893,0,B,True,False,False,False,False,False
24.48473645922363,0,0,84.84138609333327,141.48982498912625,1,2.1750916653494414,1,B,False,False,True,False,False,False
760.001643276772,5,1,0.1387259500672176,611.1786881699925,0,1.3404329313944332,0,B,False,False,True,False,False,False
158.80183198864367,1,0,2.29891428262274,535.5211180639708,2,1.5858177200250787,0,B,False,False,True,False,False,False
125.74050752614447,4,0,19.03514234274438,3745.9959781286693,2,0.7401722339779653,0,B,False,False,False,False,False,True
43.32009402459241,2,0,4.482762791677226,916.9214855773984,8,0.9093965272847164,0,B,False,False,False,True,False,False
61.258965152340735,4,0,12.12580165897873,601.7439549870052,3,1.5302038267286646,1,B,False,False,True,False,False,False
415.7696191348732,7,0,18.788649686895234,1746.1108026237366,4,0.7679841173175074,1,B,False,False,True,False,False,False
62.68658699225428,5,0,27.53758546731748,4826.002462383709,4,1.9241989136143474,0,B,False,False,False,True,False,False
76.15975745849708,10,0,12.205009426106184,8859.01601430068,0,0.9244401296644623,0,B,False,False,False,False,False,True
105.67367258209866,10,0,1.5956724891650482,260.63013164494436,3,0.5843558425106608,0,B,False,False,False,False,False,True
12.468469660132032,10,0,17.75559592955719,1898.623251887572,5,1.7438384177038115,0,B,False,False,False,True,False,False
46.824580214635034,7,0,10.429075475464344,499.7395298869097,2,2.6625000900452673,0,B,False,False,False,False,True,False
12.462196200221412,5,1,17.767580263033828,2394.174532799168,1,0.692530057625356,0,B,False,False,False,True,False,False
1.9555287550065772,15,0,0.883091343274526,479.7386803380603,4,0.8281031737681778,0,B,False,True,False,False,False,False
9.134420863625598,19,0,0.053389711102422306,693.0732835396881,0,0.6612906684114893,0,B,False,True,False,False,False,False
51.834062610065814,19,0,35.63498934006877,3418.64884464629,4,1.1868488508689774,0,B,False,False,False,False,True,False
267.05164264143,2,0,12.604699356631933,684.1826439730831,8,1.9778721444658403,0,B,True,False,False,False,False,False
82.9035433125223,7,0,2.952473740576181,1531.2200234987042,2,0.8809516839909441,0,B,False,False,False,False,True,False
95.86178626969148,12,1,18.29068721467472,3708.449641287935,2,0.6430497376373259,0,B,False,True,False,False,False,False
185.3561412884543,9,1,18.431899748277797,1296.5402634992622,3,0.7274499271326673,0,B,False,False,False,True,False,False
508.9211580300888,7,0,36.94728090468612,934.4857515790694,5,0.5503881408634738,1,B,False,False,False,False,False,True
133.52288365069586,9,0,21.84759888664662,1112.9535075982744,2,0.586692585656495,0,B,False,True,False,False,False,False
22.34770477145731,12,0,27.368274060724186,1972.9795411463429,3,0.5009112355238616,0,B,False,False,False,True,False,False
51.47744183706179,2,0,27.061585687079408,556.0341106768808,0,0.6671809188367981,0,B,True,False,False,False,False,False
295.4206907182229,3,0,5.21516589059466,1606.385563481695,5,0.80621287827577,0,B,False,True,False,False,False,False
127.55212899422985,15,0,11.068086085390249,2787.8355502673885,7,0.8134124130632634,0,B,False,False,False,False,False,True
21.92875320074526,2,0,0.5397324096785021,3200.057783832894,7,1.5170782510885672,0,B,True,False,False,False,False,False
78.66246837577812,20,0,0.6555298940288031,1311.246821673084,2,0.8316469347466591,0,B,False,True,False,False,False,False
279.43825408277814,8,0,31.957305701725783,857.0707882123448,0,1.2273188968747935,0,B,False,True,False,False,False,False
185.26106606646985,18,0,0.7864694088930302,240.15265641124432,2,0.6479304609877802,0,B,False,False,False,False,False,True
131.65545707159745,11,0,11.941438115565404,994.1150877823775,6,1.380948214839847,0,B,False,False,True,False,False,False
15.902382806993915,5,1,39.60170685194672,611.8466152232595,7,1.9060934578776112,1,B,False,True,False,False,False,False
16.722604059158233,3,0,3.450173173906758,865.5516075811151,0,0.5636246268505359,0,B,False,True,False,False,False,False
62.40940875993639,13,1,8.769582562043938,446.66048472599135,3,0.43019150571380477,0,B,False,True,False,False,False,False
513.6027292956591,0,0,15.646194272514482,975.2152014505751,5,1.1895531929937793,0,B,False,False,False,False,True,False
110.25251660308874,7,0,12.37738638917763,1785.7944751008415,5,0.9634002527136765,0,B,False,False,False,False,True,False
55.63838647197912,18,0,6.779602474788807,1639.2495069682752,2,1.6766399225912538,0,B,False,False,False,False,False,True
25.26336790508487,15,0,23.2415123391067,1288.7575834071768,4,1.2423456788887342,0,B,False,False,False,True,False,False
140.55131491361323,7,0,7.900042047378568,1036.8222092723688,4,1.1886803412255036,0,B,True,False,False,False,False,False
225.24391408592928,4,1,7.318667704397796,733.8618611289244,5,0.37404888643386014,0,B,False,False,False,False,True,False
36.52384601157869,7,0,0.3274272915257213,1131.4026907049085,4,0.744633304486243,0,B,False,False,False,False,False,True
42.17735649330194,16,1,29.989320473067497,2869.16998031299,1,0.6626778544323058,0,B,False,False,False,False,True,False
29.501301839289304,5,0,111.18215373363984,625.3129389318376,5,1.054088539281784,0,B,True,False,False,False,False,False
14.60868162618093,2,0,20.39668450299099,832.311677964704,1,1.7388627144780662,0,B,False,False,False,True,False,False
7.960956166385131,20,0,53.10007071354291,875.2111495779909,3,1.4915015895392074,0,B,False,False,False,False,True,False
138.22726368666025,19,0,10.262818075810026,322.6946554786659,0,0.8527949742827365,1,B,False,False,True,False,False,False
11.282678618235408,10,0,13.070448176228833,2191.99129735717,5,0.7350535126677362,0,B,False,False,False,True,False,False
162.83169087024865,12,0,32.39420209899356,315.4969990302959,5,0.6886228537018064,0,B,False,False,False,True,False,False
3.618438370801093,18,0,11.134115690451534,2360.92336791406,2,1.7207408112399734,0,B,False,False,False,False,True,False
122.41381067685731,22,0,1.1124514097476028,783.8288517842725,2,2.0596836969413896,0,B,True,False,False,False,False,False
32.845770703725556,19,0,20.11452198803378,3504.865856349156,4,2.2609930390761392,0,B,False,False,False,False,True,False
81.20829312312287,2,0,2.244980669038763,1482.6290831338313,3,1.5333355758222798,0,B,False,True,False,False,False,False
40.061232336137955,18,0,6.300859519687805,498.2640355485325,4,0.6789896852292095,0,B,False,True,False,False,False,False
31.630370686301564,19,1,27.912555335360558,548.6908648310598,1,0.5920876726229042,0,B,False,False,False,True,False,False
14.169955620723792,6,0,4.878627518543758,3036.368655695362,3,0.9917917350443681,0,B,False,True,False,False,False,False
52.0303020072099,10,0,40.89267196163404,581.3289992772908,6,1.6223012501636371,0,B,False,True,False,False,False,False
340.7126695120797,8,0,25.328799890912453,2935.092753851544,6,0.34774384112017315,0,B,False,True,False,False,False,False
131.34501685611224,14,0,51.710138309849675,1460.549361777437,4,1.964531712628931,1,B,True,False,False,False,False,False
13.307993757757455,11,0,1.6615153662863806,1081.5106827725424,4,1.5289156200248104,1,B,False,False,True,False,False,False
37.688977610620306,11,0,5.236978566337998,6376.218180221809,3,0.8361223997979081,0,B,False,True,False,False,False,False
33.625783301360954,5,0,23.494338519638113,6283.7499654395815,4,0.2704349501173919,0,B,True,False,False,False,False,False
103.66587855973523,16,0,16.787399121679254,927.3271787498684,4,1.5385020449488112,0,B,False,True,False,False,False,False
8.61172151217699,23,1,21.650858032262306,946.072580322186,2,1.8759140981233824,0,B,False,False,True,False,False,False
189.67522075327759,17,0,30.886499004085096,2367.9959843439406,1,0.4812079161906162,0,B,False,False,False,False,True,False
1523.9391732337328,8,1,4.766899849493931,3854.595137076728,4,2.1543517610496217,0,B,False,False,False,True,False,False
66.04441608995748,10,1,53.83548765084297,2003.9192620568306,6,0.8388761030895326,0,B,False,False,False,False,False,True
41.531412786791265,18,0,21.374306606938127,866.8392978021158,6,0.7300601406594371,0,B,False,False,False,False,True,False
193.93510235880598,9,0,44.30021034045553,393.7626012574501,0,2.0295299081563556,0,B,False,False,True,False,False,False
15.139153416190661,10,0,1.7299554198990865,1253.4087509892074,2,0.37439039032976273,0,B,False,False,True,False,False,False
238.3950274211227,22,0,12.242609071738654,2323.5103772156676,3,0.9078616484712363,0,B,False,False,False,True,False,False
17.86214595708745,5,1,25.424696541977838,880.372718688259,4,1.0419693599554596,0,B,False,True,False,False,False,False
1393.9746816220631,8,0,1.402062260239642,981.4534700565395,2,0.7513807763627545,1,B,False,False,False,False,False,True
5.578042559519219,15,0,9.965991959642402,1595.613477088928,3,1.0109287438833132,1,B,False,False,False,False,False,True
23.817445499324027,2,0,23.96919263634369,575.7992930379235,2,1.133150230717021,1,B,False,False,False,False,False,True
89.12121232151782,15,0,0.7599186482579167,724.2750793120542,2,0.6742459580100348,0,B,False,False,False,False,True,False
129.60965105537554,17,0,18.96433087612813,1175.6016818876221,1,0.7069436250628451,0,B,False,False,True,False,False,False
30.180048388938218,18,0,51.8339991834661,914.8745255535636,4,0.8039560028482023,1,B,False,False,False,False,False,True
248.90821468673232,15,0,0.8670560089206257,1573.335146480977,0,0.8527779951587698,0,B,True,False,False,False,False,False
15.238762654038323,3,0,37.50286518702487,1060.2168927582704,5,1.0463814957413513,1,B,False,False,False,False,False,True
14.632608671268809,4,0,8.14978388126838,335.5831102187216,2,0.670927490657518,0,B,False,True,False,False,False,False
11.281828409695503,21,0,0.36767807331474167,164.7350497410233,4,1.1438476041757786,0,B,False,False,False,False,True,False
70.37711693562322,22,0,6.418595953193186,2500.6844850556104,2,1.8043735529949594,0,B,True,False,False,False,False,False
46.111560380470955,9,1,5.436969012363624,874.8961691172692,2,0.5289607595962152,0,B,True,False,False,False,False,False
12.734593163957994,18,1,4.294349527589938,1300.3691179002483,3,1.6224699900094262,1,B,False,False,True,False,False,False
66.91420668933853,18,0,26.463380586975596,1003.2378606099884,4,0.6680964706381775,0,B,False,False,False,True,False,False
13.575239126209672,2,0,9.032038699561392,2096.638150672097,4,0.4374063443425976,0,B,False,True,False,False,False,False
76.40365556738529,7,0,5.525029735001314,535.8199431987532,1,1.0632954239277206,0,B,False,True,False,False,False,False
166.50387948383016,18,0,5.568310652048446,2535.385264919567,3,0.7788043630624377,0,B,False,True,False,False,False,False
14.92086024002635,22,1,72.62872500501388,4588.411190260614,4,1.0308016934166464,1,B,False,False,False,False,False,True
33.87453853295215,16,0,14.467182772163724,8048.195985135002,3,0.3900419425013735,0,B,False,False,False,True,False,False
344.37690201802536,0,1,0.6372676751977575,363.5009037498876,3,0.7192842360991364,0,B,False,False,False,False,True,False
31.192975399287498,20,0,32.82812620494666,2425.3517470913844,3,2.4985798715620926,1,B,False,False,True,False,False,False
28.620090577303337,12,0,19.456919873772076,3447.3319066044687,2,0.5115326120664613,0,B,False,False,False,False,True,False
901.8330871908087,10,0,3.568631549528878,510.11679283321763,1,2.1212873628540625,0,B,True,False,False,False,False,False
190.34379106216824,11,0,1.8081757897313837,518.5045084824162,2,0.34875657598698234,0,B,False,True,False,False,False,False
33.956808906405115,23,0,7.102223604746318,504.23196394487167,3,0.8459927296444872,0,B,False,False,False,True,False,False
116.17057380758692,1,0,3.496993015132567,1530.543929500598,6,0.710520467600239,0,B,False,False,False,False,True,False
3.0714660989049234,23,0,18.151343925041985,3377.3307606329035,4,0.7336898915004669,0,B,False,False,False,False,True,False
24.23667865589541,9,0,2.8730203439708326,132.4071017182777,2,0.9477580350743391,0,B,False,True,False,False,False,False
37.68862519919146,8,0,11.126961804766562,500.460119657897,0,1.7604242464049336,0,B,True,False,False,False,False,False
29.389587170747408,15,0,15.204295493123144,789.2486774514567,2,0.47679172579524404,0,B,True,False,False,False,False,False
21.420650174402205,3,0,16.586829575696772,1231.6404402933606,2,3.676579836555442,0,B,False,True,False,False,False,False
108.3893558182393,15,0,21.770360333131457,1120.720192526953,3,0.577901715228616,0,B,False,False,False,False,True,False
37.56795669187071,3,0,10.484977801062746,1219.577649945906,7,1.0601382585176855,0,B,True,False,False,False,False,False
45.80077069659563,23,0,3.5567349137672037,406.76363628846764,3,0.5952963153820446,0,B,False,False,False,False,True,False
34.55699949001699,22,0,6.221482105009628,581.3481889905953,7,1.3803209428203027,0,B,False,False,False,False,False,True
30.217930443416407,6,0,7.163309527769446,1073.9244528357058,2,0.4891125451107982,0,B,False,False,False,True,False,False
116.66758150791448,14,0,17.443434841298,2141.8004741230466,4,1.1680174187315997,0,B,False,True,False,False,False,False
120.474047418051,23,1,14.746000810303775,482.37722228438963,4,1.1088948017046323,1,B,False,False,True,False,False,False
135.78233995621628,10,0,10.24864434805636,1280.85304161629,3,1.0133354972456117,0,B,False,False,True,False,False,False
54.55590414218895,9,1,9.618865367842718,675.3180451972352,5,0.7703295706158885,0,B,False,True,False,False,False,False
54.38568832479514,9,0,0.9306556983601522,385.83281766143233,5,0.4966540014069556,0,B,True,False,False,False,False,False
36.75614059127663,5,0,17.550887413281878,932.3771085897441,3,0.7916514541791373,0,B,False,False,False,True,False,False
148.84389394322295,19,0,24.454381371407344,1390.2407373899853,0,1.4633650174565285,0,B,True,False,False,False,False,False
21.24304868491007,4,0,32.91413512986959,652.5160892086218,1,0.7574323477570922,0,B,False,False,True,False,False,False
62.149344442050435,19,0,0.30967058315910634,1180.35470518824,3,1.2481388672727076,1,B,False,False,False,False,False,True
48.77161353841384,0,0,31.169132697868903,384.2730644212664,5,1.1394797312813263,0,B,False,True,False,False,False,False
15.815331181262884,21,0,31.31516294856072,5673.174756177207,0,1.1799773940306926,1,B,False,False,True,False,False,False
39.58171913579584,14,0,16.320066866987087,1026.5746440623575,1,0.6985930911649101,1,B,False,False,True,False,False,False
38.935629553297765,22,1,4.897206936412681,2109.982346892351,4,1.4605320608198897,0,B,True,False,False,False,False,False
171.6880337800325,13,0,33.45146174234981,984.1673249984375,3,1.165508381714618,0,B,False,True,False,False,False,False
74.42150399318818,3,0,6.404299434647195,1402.0980964355851,1,3.5749916709181324,0,B,False,False,False,True,False,False
130.9695644443457,11,0,13.049562649388433,1440.5111020342665,3,1.568836893079359,0,B,True,False,False,False,False,False
8.643625678122085,14,0,8.722755418492055,1548.2785146353174,1,2.7208787894497615,0,B,False,True,False,False,False,False
18.300286953344074,16,0,32.56638920688674,1115.9748884030255,2,1.1333958761628975,0,B,False,False,False,False,True,False
237.02130073571692,15,1,4.4773875518049975,1140.8664880746255,1,2.2176857506970875,1,B,False,False,True,False,False,False
19.589435345669152,14,0,6.03287857380089,1137.9091645006456,2,0.47976549291740683,0,B,False,False,False,False,True,False
65.01457191512482,7,0,7.861356060304559,550.3291533072938,2,1.4019766346456015,0,B,False,False,False,True,False,False
26.36116814255342,11,0,28.94316101072826,1694.3000601062106,1,0.9930394319669013,0,B,False,False,False,False,True,False
140.8255048644855,17,0,5.745090012052817,1005.7576470857462,1,0.6002815177309622,0,B,False,False,False,True,False,False
36.42412760451364,13,0,5.1085671704052205,1631.172682447718,2,0.8952354228164123,0,B,False,True,False,False,False,False
46.97576030893313,1,1,23.849830436850166,325.9363108806037,4,1.0084767439255784,0,B,False,False,False,False,False,True
20.870186997293754,22,1,7.35742743032227,1576.8281202942244,5,1.9389198493920328,1,B,False,False,False,False,False,True
32.82540218651029,11,0,16.40040976524188,1464.7885269502533,4,1.526661679349198,0,B,False,True,False,False,False,False
151.42144817161505,23,0,31.262690358184038,1894.2477824855382,1,0.5299417264662274,0,B,True,False,False,False,False,False
50.5783854983675,1,0,3.83429138156154,1956.2961673283692,5,3.3727635903157496,1,B,False,False,True,False,False,False
15.373319678313953,17,0,9.363873359727659,1356.6488770031644,3,1.783016292087965,0,B,False,False,False,True,False,False
132.80686495389236,3,0,10.011016456523262,666.837786095603,3,0.9774187671377221,0,B,False,False,False,False,True,False
22.284054504820595,8,1,12.599678636289253,846.2319475728159,4,1.3750370651626436,1,B,False,False,False,False,False,True
72.77412684773455,7,0,37.60214009740278,521.8303391090793,4,1.0627256702469925,0,B,False,False,False,False,True,False
36.233915809025845,6,0,59.13967293097132,694.5759528309454,2,1.1266041450762416,0,B,False,False,False,False,True,False
201.63215982192423,12,1,24.226852241814477,1538.751869880361,5,1.164672976434732,0,B,False,False,False,False,True,False
312.58471309932196,23,1,0.45567199234433226,309.7623811903746,1,0.8514657059252876,0,B,True,False,False,False,False,False
59.26249022749675,11,0,1.8671792263227986,1474.1786197932306,2,0.7141960176256856,1,B,False,False,True,False,False,False
1.7896618576692362,11,0,1.877761883947656,1066.933774853466,5,1.0736914413961378,0,B,False,False,False,False,False,True
38.830542274640365,22,0,11.376868547000907,445.01545250665237,6,1.948254368168334,0,B,False,False,False,False,True,False
30.211184545514072,12,0,0.6615105510218893,887.8819409134849,1,0.7589721948337235,0,B,False,False,False,False,True,False
47.38372398698222,18,0,10.752647311699103,810.7407512980675,2,1.3129502014267118,0,B,True,False,False,False,False,False
149.85090348921983,3,0,20.904204955982618,1819.5107421894418,6,0.7808680441609848,1,B,False,False,False,False,False,True
28.476859450673714,1,0,5.391471789532219,1401.7500831000862,2,0.4847465774636919,0,B,True,False,False,False,False,False
47.48022275984035,23,0,9.506724588851862,598.2158367587131,1,2.9863949485495396,0,B,False,False,False,False,True,False
79.82157881445211,12,0,1.5235392129600356,703.8090147535772,2,0.7766994208779643,0,B,False,False,False,True,False,False
97.12416113163492,10,0,1.0704267612119815,1299.4756955146945,0,1.0048140952962203,0,B,False,False,False,False,False,True
82.44609424660746,23,0,11.446696533721656,3296.780911861143,3,0.6998923664614386,0,B,False,False,False,False,True,False
19.83659288594933,6,0,0.18344838268104843,925.8116041955794,1,0.7739176685266126,1,B,False,False,True,False,False,False
190.27341925603562,8,1,18.232690986752065,1132.48663317392,2,2.421236598469805,0,B,True,False,False,False,False,False
69.9968901458174,6,0,2.295873792178051,399.9048987905798,0,0.46330497516311625,0,B,False,False,False,True,False,False
5.869913156650505,2,1,33.70491051641142,917.4951687356893,5,1.8984169616596565,0,B,True,False,False,False,False,False
15.316344146336505,23,0,28.48358857756712,513.6343478011457,3,0.8848761378339208,0,B,False,True,False,False,False,False
46.416692826157735,2,0,3.8543412699993103,3177.6821471790963,2,1.2241997626660903,1,B,False,False,True,False,False,False
85.98162791973812,0,1,4.019309115191235,362.974674448456,2,0.5716769572945576,0,B,False,True,False,False,False,False
143.90228032202435,0,0,0.561291360315003,360.063979993943,3,1.1571179820108977,0,B,False,True,False,False,False,False
415.7356500395701,19,0,61.644389053162215,1936.2594497510647,1,1.685049600004995,0,B,False,False,False,False,True,False
48.586829611593004,13,0,0.8531841911168934,1323.6138584473217,4,2.301342984288014,0,B,False,False,False,True,False,False
58.143674322226595,1,0,9.798278315748462,1545.1079726586627,3,0.8380623764100777,0,B,True,False,False,False,False,False
12.540945192928932,10,0,28.379972783284426,1239.1253800814268,2,0.579328183103586,0,B,False,False,False,False,True,False
69.28635382542086,9,1,2.6192385178813793,1735.5480700277221,2,0.744947892353323,1,B,False,False,True,False,False,False
83.53442538591925,14,1,22.115039067303815,1398.6654139692048,1,0.8239810411372526,0,B,True,False,False,False,False,False
158.60757205622693,10,0,2.7731234443183927,1537.932915781304,8,1.9952946856206344,0,B,False,True,False,False,False,False
156.41756239977374,7,0,5.4494280068522745,2098.8923181020805,0,1.186797897537513,0,B,False,False,False,False,True,False
76.62322107002498,0,0,4.427991310027221,564.8804495252572,1,1.1598125940104207,1,B,False,False,True,False,False,False
84.05996415711301,5,0,0.7231170218072258,439.25121812922254,6,1.4162635087039326,1,B,False,False,True,False,False,False
69.26654248737016,19,0,1.9675128607759316,1484.8833988943557,0,0.8475786050212772,0,B,True,False,False,False,False,False
47.34150603462837,7,1,16.875032680054634,899.6029989154804,2,0.49228903759631704,0,B,False,True,False,False,False,False
83.15379067161179,18,0,1.3501613881407626,600.1232123513487,3,1.0694820014429756,0,B,True,False,False,False,False,False
31.114300463307732,20,0,55.693872229826816,3328.986228466002,3,1.354615196454051,1,B,True,False,False,False,False,False
12.391240033410645,22,0,4.5347086380872526,5875.694600374861,3,0.5518433968355738,0,B,True,False,False,False,False,False
21.308748895532172,16,0,1.7417591874579004,144.3429874224475,2,0.9876976806227471,0,B,False,False,False,False,True,False
67.09999271401021,13,0,6.987093947450811,181.47736478848788,6,1.50574486240255,0,B,False,False,False,True,False,False
98.2501608488735,3,0,4.846024535710937,1535.18548626526,3,0.34406881517365356,1,B,False,False,True,False,False,False
174.39413292029332,1,0,1.2255120539392126,141.95187133071357,1,2.1610613157085523,0,B,False,False,False,False,True,False
838.4698180276479,15,1,16.03322437769318,2797.8951248962853,6,0.8789842179693588,0,B,True,False,False,False,False,False
86.88746242635298,19,0,22.555296322308127,2966.537403035205,3,0.522671246305477,0,B,False,False,False,True,False,False
16.45712116031661,1,1,0.03185457274719298,1067.5958618366924,3,1.6042014390641788,0,B,False,True,False,False,False,False
30.58780485982915,10,1,12.725322594776896,1236.8422367412752,2,1.4876066401712835,0,B,True,False,False,False,False,False
231.9754043305835,13,0,15.558879334113765,806.0425467197756,2,1.1196580380175523,0,B,False,False,False,True,False,False
170.13331725416768,17,0,61.433028985827896,615.6198060708442,2,1.2731235498854847,0,B,False,True,False,False,False,False
80.26160061550766,9,0,16.19469286491628,596.3245732045845,0,0.40794205211992146,0,B,True,False,False,False,False,False
15.185047828748427,22,0,5.324548462510431,2067.262753141744,2,1.6383947206739355,0,B,False,False,True,False,False,False
131.13181032875886,23,0,16.608424850229284,1625.4539201893042,5,0.7376664695540937,1,B,False,False,False,False,False,True
52.770868062846375,11,0,4.862394254011982,1649.5159803254382,1,0.7301658728751775,0,B,False,False,False,False,False,True
74.25006553861026,10,1,2.2550618423462345,4399.22251214975,2,1.934620937732533,1,B,False,False,True,False,False,False
663.9441633062833,22,0,20.289305207879604,910.5912249973525,1,0.5813156105517943,0,B,False,False,False,True,False,False
37.38152611373453,8,0,9.921173753564402,1828.607779031029,4,1.9230869156391912,1,B,False,False,False,False,False,True
6.398393425530434,23,0,45.50723309374379,2165.733154205705,3,1.2545668827901777,1,B,True,False,False,False,False,False
142.32824144845702,15,0,0.9634897162636963,528.1045161626503,7,1.7832072406015493,0,B,False,True,False,False,False,False
14.036595840846887,7,0,9.792742168407779,724.5141018804748,4,0.611816419761819,1,B,False,False,True,False,False,False
7.765685417771566,21,1,4.334342997908148,989.3352993536953,3,1.5963600845325756,0,B,False,False,False,False,True,False
134.3823908834463,4,0,10.5469157084792,541.2317499693406,5,1.2371771998537013,0,B,False,False,False,False,False,True
59.25981780597468,14,0,0.6521647818140527,1199.4462539489343,2,0.9759977207849846,0,B,False,False,False,True,False,False
25.05233640313567,14,0,0.619462548535404,971.5558420666827,0,0.6451098869304115,1,B,False,False,True,False,False,False
83.42814191330903,16,1,11.522875036284699,394.27710183176697,5,0.9560237891487849,0,B,True,False,False,False,False,False
187.29898973282386,1,0,6.535774046040251,1296.748627467226,2,0.4041402419015867,0,B,False,False,False,False,False,True
383.6978195376037,12,0,0.34836021171089326,1294.8242004804179,3,0.593496617854035,1,B,False,False,False,False,False,True
120.06263787303995,10,1,14.074061912548043,899.8074248999934,4,0.9831267795724573,1,B,False,False,True,False,False,False
18.538311092540997,0,0,8.803105828686496,1569.1903481921156,2,0.7785611847702507,0,B,False,False,False,False,True,False
8.347749455393034,8,1,56.57466702322671,1726.843582134554,1,1.489459463285616,1,B,False,False,True,False,False,False
140.36326881081555,3,1,26.80005804497859,394.5395876757502,2,1.041112054098455,0,B,False,False,False,False,True,False
26.91054845095219,15,1,19.64922235720194,587.0002839335892,2,1.3158956735906662,0,B,False,False,True,False,False,False
16.18909907802332,15,1,9.78708080279214,169.57420892223297,3,1.9780336636981135,0,B,False,True,False,False,False,False
79.53984721036032,2,0,9.950569001719664,6676.190125478845,3,2.099231033670783,0,B,False,True,False,False,False,False
36.63979410468453,17,0,42.2143966826127,284.5170386231524,4,1.517774499100894,1,B,False,False,True,False,False,False
51.3649355639894,6,0,19.729958695708216,4343.296136467035,4,0.8284907135838645,0,B,True,False,False,False,False,False
44.00147695710567,21,0,1.4181468978725387,1439.1496434232179,4,2.1824608184985994,0,B,False,False,False,False,True,False
291.4443291927221,9,0,8.586114538282843,357.8848447231623,4,0.15573475832827696,0,B,True,False,False,False,False,False
165.1764781392506,9,0,8.122366641582566,2228.763932902364,4,0.838590528355277,1,B,False,False,False,False,False,True
21.733823518725817,6,0,1.7886578932022443,1170.591254318231,3,2.043626964549332,1,B,False,False,True,False,False,False
49.539892602771616,0,0,28.019829537827857,3032.3190473015943,3,0.5745188242835201,0,B,True,False,False,False,False,False
87.5723329941243,16,0,4.959562408254263,1826.8292831039878,2,2.0044344157940683,0,B,True,False,False,False,False,False
22.298510431456624,19,0,7.019324001957126,2992.7989177129743,1,0.9677527786726664,1,B,False,False,False,False,False,True
206.42034242149614,4,0,58.46646788686326,874.1077617357643,6,0.700189924843522,1,B,False,False,True,False,False,False
12.424430299883237,10,1,17.188365986365778,1244.985040651339,2,1.4401809995152772,0,B,True,False,False,False,False,False
128.0704389087383,1,1,24.587497027431358,3167.0461347345044,3,1.8776728674728915,0,B,False,False,False,True,False,False
152.6303347068441,9,0,1.668411523348432,639.2311447678444,4,1.5412869154656845,0,B,False,False,False,False,True,False
96.27208922051436,13,0,11.648278538035482,1506.6638046563678,4,1.0278714091348378,0,B,False,False,False,True,False,False
418.418969154658,5,0,18.858443640536503,603.0628945988352,1,0.325445215949214,0,B,True,False,False,False,False,False
10.944369958312949,1,0,25.169910205655132,1818.1794874579894,5,0.8619256470246986,0,B,True,False,False,False,False,False
38.12240881792846,6,0,32.41857616706549,1015.4949604422361,0,2.1439243495740636,0,B,False,False,False,True,False,False
7.719327701807426,9,0,1.4126038524500553,1263.33799984937,6,0.7020566433881811,0,B,True,False,False,False,False,False
81.16248461699524,17,0,20.164507162715555,3225.929796278472,6,1.7727937322608767,0,B,True,False,False,False,False,False
36.78809826997203,0,0,1.5496362701567354,961.0686835788816,0,0.4973358200403583,0,B,False,False,False,False,True,False
998.9101868348426,11,0,7.766457815378195,1380.8768485854428,4,1.8752347005406684,0,B,False,False,True,False,False,False
183.5051395674382,3,0,8.864310809612796,2487.733099201411,1,0.38744958783784017,0,B,False,False,False,False,True,False
116.21774481276292,0,0,5.066825452519353,845.5271370545524,1,0.7102424002049383,0,B,False,False,False,False,True,False
234.57762251525043,13,1,29.850874868045548,854.3444528056112,0,0.7356104885573036,0,B,False,True,False,False,False,False
23.969625684929984,23,0,13.241370007826804,364.20696460829055,5,0.42518851778629857,0,B,False,True,False,False,False,False
97.59087195267216,8,0,2.2715124899492007,951.5599402891689,3,1.1606747460099531,0,B,True,False,False,False,False,False
4.739741081999239,21,0,6.995408406596592,2721.2762067814847,2,0.8743097414739258,1,B,False,False,False,False,False,True
21.99398599467073,9,0,1.2314930708046985,683.2989143554182,2,0.7954957911194306,0,B,False,False,False,False,True,False
137.26621399187124,11,0,10.235534863723368,850.6035991908404,3,0.4460476609570595,0,B,False,False,False,True,False,False
390.3002028929829,13,0,6.573789541227387,658.3966120268419,2,0.6265345815198887,0,B,False,False,False,True,False,False
546.483762247298,11,0,5.825349952467174,365.4333616574832,3,0.4456077498287644,0,B,False,True,False,False,False,False
39.88533579382635,19,0,27.791426473601817,722.7923796563502,2,1.8452918266456542,0,B,True,False,False,False,False,False
121.14673380026346,1,1,28.425034821006385,879.8982768905275,7,0.48416147166238566,0,B,False,False,False,False,True,False
42.64372182173363,23,0,17.062526672966197,4773.635360306203,4,1.2327558890638515,1,B,False,False,True,False,False,False
26.143705009904213,2,0,37.755433890399,969.0894030584404,5,1.468487191211826,0,B,True,False,False,False,False,False
930.5234083013529,12,1,15.950292054337712,1548.1643084146795,2,0.39535619469650984,0,B,False,True,False,False,False,False
19.004272484545023,21,0,14.474564843015688,1209.1792520017161,2,0.8610344485577393,0,B,False,True,False,False,False,False
37.84291520097677,5,0,1.475450221673595,2016.1609631998774,4,0.619210992095311,0,B,True,False,False,False,False,False
221.47289678835148,16,0,0.15742653780904528,314.070618703976,7,0.7829586664525392,0,B,False,False,False,True,False,False
5.292688612502861,22,0,3.533412992904787,1316.444443316592,1,0.5675112970917714,0,B,True,False,False,False,False,False
16.673095469799247,15,0,23.18132715781629,981.2878969359504,4,2.285185851548107,0,B,True,False,False,False,False,False
26.59411155902783,22,0,39.71764778880596,1442.194996226949,2,0.34499935449752633,1,B,False,False,True,False,False,False
36.28747460465983,4,0,3.91329871940894,1918.3390252341148,3,0.8781147447781492,1,B,False,False,True,False,False,False
126.62785966736153,17,0,2.769715040614067,1163.6661883585152,4,1.3104547401639832,0,B,False,False,False,True,False,False
56.48030721703215,3,0,27.079807128779994,762.7377321308147,2,2.4291016685789355,0,B,False,False,False,True,False,False
36.43587203233797,22,0,7.159594897071259,2134.13031702097,7,0.7071242076369584,0,B,False,False,False,True,False,False
22.51628161001586,14,0,57.17312516002598,1768.5636277815906,6,1.6745387250963637,1,B,False,False,True,False,False,False
36.17983126339503,12,0,48.59450258828487,2456.9001626454556,4,1.1796502706415297,0,B,False,False,True,False,False,False
25.874243643647784,13,0,6.104666584804317,1089.6061831521993,5,2.5831162593534134,0,B,False,True,False,False,False,False
208.43612327797302,21,0,12.309255063355886,720.4492642765982,3,0.9426378141588818,1,B,False,False,False,False,False,True
86.69892882489312,8,0,17.078782280250266,4749.938863701468,2,1.4221391486990784,0,B,False,True,False,False,False,False
198.34587524864236,7,0,15.323764699625979,536.1874221012657,3,1.4375013396709584,0,B,False,False,False,False,True,False
5.209687689509023,13,0,55.60361846391614,2549.5871271409183,1,1.1950023941596954,1,B,True,False,False,False,False,False
409.31424092029147,20,1,6.673173602226649,2531.3318627906306,5,0.5900083246073461,0,B,True,False,False,False,False,False
69.51423243743102,6,0,19.414402425643054,1848.6753982344396,4,0.5867699354520814,0,B,False,False,False,False,False,True
35.72569415292269,2,0,13.04785002174613,1046.5165539499683,1,0.7479217037433812,1,B,False,False,True,False,False,False
14.837108529852937,3,0,11.02830580532727,1290.6199974987135,2,1.2267624786923272,0,B,True,False,False,False,False,False
27.441485885131705,22,0,2.4088859083272487,685.7978505349444,2,0.8177633138936101,0,B,False,True,False,False,False,False
244.32338828197874,16,0,21.012962545437684,327.42817791038914,0,0.5239292610273069,0,B,False,False,True,False,False,False
48.94449097508428,8,0,7.601655620205799,832.8446438908007,3,1.1319221126875185,1,B,False,False,False,False,False,True
57.50410639288226,22,0,2.076386115130892,1000.0917140943766,4,0.9164393616129438,0,B,True,False,False,False,False,False
14.782251326324772,22,0,0.17216326758570386,449.53307831083515,0,0.4688802423928011,0,B,False,False,True,False,False,False
131.64621578483943,10,0,2.412033368197106,487.17043909044224,3,0.8744571105070141,0,B,True,False,False,False,False,False
3.7981388010041117,20,0,17.586713018154015,624.7586062021929,2,0.7964036551639566,0,B,False,True,False,False,False,False
58.32017951828906,0,0,20.719961236407254,1156.8761005104764,1,1.3636471724345114,1,B,False,False,False,False,False,True
23.81798930412998,11,0,0.7043545527739559,2001.002043866013,2,0.4230829850557944,0,B,True,False,False,False,False,False
197.33273886986908,6,1,2.5221270767746287,1190.240669362116,2,1.040844132310462,0,B,False,True,False,False,False,False
64.94084206088327,8,1,107.19290703892361,6293.069808888861,3,1.1075837852584474,0,B,True,False,False,False,False,False
104.2686753474127,2,0,8.013005967536285,920.3759642935028,2,0.542576982941171,0,B,False,True,False,False,False,False
29.438792602343607,10,0,33.807885629438864,1109.3414777359146,5,1.6829481839611213,1,B,False,False,True,False,False,False
78.33946160126078,20,0,7.833470920945081,3156.0269677976385,2,1.1951304588158351,0,B,False,False,False,False,False,True
67.9668177661742,9,0,11.294879372882116,809.805673370636,5,0.7303613728558619,1,B,False,False,True,False,False,False
64.88263948391852,18,0,31.26491621688313,946.2230987293086,5,0.8427432083637825,1,B,True,False,False,False,False,False
71.36223478895765,0,0,68.87105766490498,1021.2539326633737,3,0.7841035322422084,1,B,False,False,False,False,False,True
45.69667178745968,13,0,1.104636109647591,2145.560419557689,3,0.9523853929912399,0,B,False,False,False,False,True,False
74.73767666890913,7,0,15.004391594891782,1315.1132119975755,1,1.9394748262108332,0,B,False,False,False,False,True,False
30.557903294094967,6,1,9.479710451931037,1006.4636094046044,1,0.4417907762629194,1,B,False,False,False,False,False,True
21.976839919580367,9,0,11.621860735818242,1541.871630978676,3,0.8567377637112772,1,B,False,False,True,False,False,False
30.497416416615007,23,0,3.379436304245358,583.438621649826,5,0.6043688331215549,0,B,False,False,False,True,False,False
157.8113108038762,11,1,33.71491765214202,1851.6084818812765,4,1.1798857490374817,1,B,False,False,False,False,False,True
31.549948567797795,18,0,5.0697098025872,2855.9371120626256,1,1.0832165007275758,0,B,False,True,False,False,False,False
213.79060968312112,20,1,2.2510647678674798,2873.57255828624,4,2.039295488548521,0,B,False,False,False,False,True,False
93.20853000589278,6,1,18.508959170303605,774.7652111855303,4,0.9901591203784813,1,B,False,False,False,False,False,True
86.6088304226916,8,0,59.00186818755129,273.42822843833665,5,1.8384628077999947,0,B,False,False,False,False,False,True
18.33924828216554,21,0,4.123992856552272,4574.35186930236,3,1.3521573163166434,0,B,False,False,False,False,False,True
146.3354742332783,18,0,9.494133320510105,499.3273486487514,1,0.9420193409401795,0,B,False,True,False,False,False,False
35.60186216200292,6,0,1.0044913055650846,1146.1528164662166,3,1.2265958607532086,1,B,False,False,True,False,False,False
1.8142109711922465,15,0,6.085175748427085,1481.2149498842555,3,0.6008200650870854,0,B,False,False,False,True,False,False
136.80975888512012,6,0,24.581700806754924,218.79270791963881,4,1.4685913993913557,0,B,False,True,False,False,False,False
143.3555655261114,11,1,31.999639496905097,1705.4059850475696,2,0.8620115464121221,0,B,False,False,False,True,False,False
30.855360877878145,2,0,4.005683717711476,2236.5560494821416,3,0.7868704109870789,0,B,False,False,False,False,True,False
115.67506542429386,4,0,11.892246420664843,1581.5259417987559,5,0.8115031746878884,0,B,False,False,False,True,False,False
9.28786440149164,5,0,23.044663633274716,910.3472776559889,1,1.3010083738324467,0,B,False,False,False,True,False,False
48.435099152080156,16,0,0.28002616577363815,821.4917943000016,4,0.7393601980662544,0,B,False,False,False,False,True,False
557.1792904141546,16,0,3.5796519429572746,587.758350065136,4,0.6187270936132996,0,B,False,True,False,False,False,False
19.719578777796972,3,0,0.5708084725323248,1260.814798866015,1,0.7093662858717439,0,B,False,True,False,False,False,False
7.4798306075094505,9,0,2.0342748109680926,869.8983372141411,4,0.44454477648830065,0,B,False,False,False,False,True,False
51.189181240780236,22,0,2.93409464130752,195.9421113640755,2,0.7399879880569585,0,B,False,True,False,False,False,False
299.5224364415734,22,0,0.45042820235720293,1208.1563490293838,4,0.6185076989839874,1,B,False,False,True,False,False,False
7.131928704246377,7,0,8.640607729444904,3338.8340136321135,1,1.2667899718119957,0,B,True,False,False,False,False,False
44.367097358503514,13,0,7.979418422217949,481.993702523966,2,0.8055624265435258,0,B,False,False,False,True,False,False
161.08228074097656,10,0,5.172839018566384,829.1564067922523,5,1.0194780347979864,0,B,False,True,False,False,False,False
148.6896588376501,5,0,5.745984572057412,1176.0892734983554,3,0.29558087211021505,0,B,False,False,False,True,False,False
65.5335660730634,12,0,11.5547415445478,347.7857514376742,2,0.9200470734896973,0,B,True,False,False,False,False,False
35.00093634710131,14,0,24.50669997861604,784.4471904107089,5,0.8997853528119317,0,B,True,False,False,False,False,False
88.40623099497779,22,0,55.404048340824794,3014.8423907421848,4,1.4097347864218823,1,B,False,True,False,False,False,False
231.6853172942927,11,0,25.461914889139898,686.9142328182586,1,1.5932949947925663,0,B,False,False,False,True,False,False
27.328344046508704,21,0,7.410004974803949,382.9304357590847,3,0.3851864668290365,0,B,False,False,False,False,True,False
159.19783271227664,20,0,31.2557926819335,1138.512986598365,3,3.571887201618387,0,B,False,False,False,False,True,False
137.7171791782802,21,0,26.07470957457225,638.5360555649107,4,0.9181244060948841,0,B,False,False,False,False,True,False
45.98851936065738,9,0,36.49429122344094,2047.5499845325228,5,0.8246631740562372,0,B,False,False,True,False,False,False
12.627092858078653,11,0,1.017100793485681,2461.1818881360587,4,0.5509079114529281,1,B,False,False,True,False,False,False
21.050182079142303,3,0,6.54258453788767,330.8119074555914,2,1.6349102167027894,0,B,False,False,False,False,True,False
394.1480703372661,22,0,0.7147145333578834,5351.428518061569,3,0.6950428226629523,0,B,False,False,False,True,False,False
344.41670053351584,23,0,5.816795282864074,535.9353345830666,1,2.2751957159860656,0,B,False,False,False,False,True,False
86.26437542826653,7,0,4.9400888085148225,664.1568475003954,4,0.8880332160250809,0,B,False,False,False,False,True,False
1042.1575116105926,19,1,36.19126764173616,857.4918684764693,2,0.9146592281902741,0,B,False,False,False,False,False,True
60.17491317848416,2,0,43.48479511747425,2179.530067251935,3,2.8015011588330645,1,B,False,False,True,False,False,False
12.552783095258285,6,0,17.81516873485619,4499.269713691032,3,0.9643116881805563,1,B,False,False,True,False,False,False
9.88406923662116,22,1,4.985936963582875,777.8990748763874,4,0.627442645125362,0,B,False,False,False,False,True,False
12.266815850286262,2,0,0.10419909289865661,1704.7144019914258,1,0.9621488166685223,0,B,False,False,False,False,True,False
92.11221007485709,0,0,16.655175212198955,2998.41826436524,4,1.3288021786869777,0,B,False,False,False,False,False,True
30.609426780437012,18,0,10.37920180468699,635.2400370573822,1,0.9612565076260795,1,B,False,False,False,False,False,True
26.695457858752235,13,0,3.4855593291510463,991.5097588433513,1,0.8282715720604176,1,B,False,False,True,False,False,False
53.9519998769278,2,1,2.8994310938736874,2587.740399249427,3,2.3302380747502056,0,B,False,False,True,False,False,False
486.79491697635166,21,0,12.310386994491102,1446.5311769840862,5,0.8926266525289973,1,B,False,False,True,False,False,False
525.8799345261592,1,0,2.0932546726428574,986.9317396243885,1,1.2414825540177696,0,B,False,False,True,False,False,False
82.33322577932016,3,0,11.94636456792011,791.3356674430328,4,0.4865679457182464,0,B,False,False,False,True,False,False
165.12485709137312,4,0,37.159063564373454,1348.5685728354263,3,1.224684053229495,0,B,False,False,False,False,True,False
152.53846911164314,5,0,23.515190936852072,300.54504256011984,2,0.5652169947189555,0,B,False,False,False,True,False,False
93.97247452322723,8,0,42.562798290357776,928.0703106790085,1,1.7713724942705402,0,B,False,True,False,False,False,False
14.711606050112009,9,0,4.280851533126603,1240.1405491710334,2,1.035562117085401,1,B,False,False,True,False,False,False
113.6563765946602,4,0,45.57947016049744,1345.5806340543138,3,0.4074240573841391,1,B,False,False,True,False,False,False
29.45659932576164,17,0,9.670610059475091,1480.730665678621,3,0.8538699524481197,0,B,False,False,False,False,True,False
25.020614408032856,6,0,14.940682306387645,768.6706669531414,3,3.513501265212847,0,B,False,False,True,False,False,False
103.23632850058364,9,0,5.22154603099974,1290.637483097056,4,1.9260387134057664,1,B,False,False,True,False,False,False
436.16786838771264,10,0,77.3561357802586,595.0024671318737,2,1.0766787528469675,0,B,False,False,False,True,False,False
87.4656729726345,16,0,8.6375184500582,1597.3089100170655,1,0.6513314651322526,0,B,False,True,False,False,False,False
39.880758750890124,7,0,3.114925271559654,782.119308016961,2,1.4112976153411803,0,B,False,False,False,True,False,False
40.6994370592729,6,0,12.797569311297796,4096.719087031492,3,1.1900569409895876,0,B,False,False,False,False,False,True
127.3508661992137,13,0,4.427241136689409,1295.355855816566,5,0.8945586951918276,0,B,False,False,True,False,False,False
42.46162877291984,10,1,8.59008524473197,467.37062374183483,2,0.48180683817387726,0,B,False,False,False,True,False,False
43.396490504453254,7,0,3.498918314395229,654.9633256104044,4,1.021804006701278,0,B,False,False,False,False,True,False
27.024732009888176,0,0,7.335109732325186,2459.1882903472338,4,0.7496843363124612,0,B,True,False,False,False,False,False
28.049088716973085,5,0,1.4563534435600878,527.152690573447,6,1.234280972636405,0,B,False,True,False,False,False,False
202.3460433095633,13,0,5.02777430185418,220.57506630480253,4,0.6886659780825642,0,B,True,False,False,False,False,False
65.80739459923865,4,0,4.290561974231556,1855.033931307913,5,1.1699733006413335,0,B,False,True,False,False,False,False
29.18017680232704,15,0,44.270522266816926,2539.3371818986498,0,3.2183913755342,1,B,False,False,False,False,True,False
61.01884204449201,12,0,13.468591745919905,184.9980597215929,3,3.2736170360335217,0,B,False,False,False,False,True,False
103.45571886786676,15,0,0.40360078644106845,4450.771161582353,1,1.2233992077258806,1,B,False,False,True,False,False,False
17.82600165523102,13,0,36.74560614999028,856.0718544908831,2,2.2955617477651997,0,B,False,True,False,False,False,False
91.3651014289936,1,1,15.507394262297376,296.3276719372849,3,0.8075423807176676,0,B,False,False,False,False,True,False
114.78341325694878,23,0,6.168171323855609,875.1376724013224,5,0.6183041654722603,1,B,False,False,False,False,False,True
447.8896729995595,17,0,6.845154791472769,3613.0077578670916,5,1.8760294318127735,0,B,False,True,False,False,False,False
91.45029116524722,1,0,0.4788374494312384,205.45064831304109,3,0.6345537939278353,0,B,False,False,False,False,True,False
10.089787546118293,21,0,54.93263588239932,1405.2098933757702,3,1.8927262946099501,0,B,False,False,False,True,False,False
120.63174137450383,2,0,29.543639901432783,3986.2140718627184,1,0.5066941476938923,0,B,False,False,False,False,True,False
77.26743107640205,8,0,1.01449877002078,1020.4334493415199,3,1.2309696501312757,0,B,True,False,False,False,False,False
65.01639822879552,17,0,17.164865196778628,1089.5633813433192,5,0.5906726151054885,0,B,False,True,False,False,False,False
234.93455562118817,23,0,8.946413426826933,2118.264570174118,4,0.7085403534329529,0,B,True,False,False,False,False,False
95.61377168361092,19,0,24.7772124623324,1528.3197362378055,4,1.7469965322558638,0,B,True,False,False,False,False,False
131.67581063275455,12,0,14.647158240952528,716.2938264420861,4,2.0279109926576533,1,B,False,False,True,False,False,False
23.847832807780886,9,0,7.986083217028618,2029.67634039075,2,0.7189876011084636,0,B,False,False,False,False,False,True
96.5869678000101,1,0,8.601523070878224,2713.8084016206926,1,1.781321719208469,0,B,False,False,False,False,True,False
31.976414732378384,20,0,15.814869973078928,271.12049653179014,2,0.8208953828978288,0,B,False,True,False,False,False,False
31.941409338905974,18,1,15.950613902357494,2096.884974207832,5,1.0368242700710246,0,B,False,False,False,False,True,False
34.39605681036173,8,0,12.234230595857024,405.5341463453034,6,0.7390500138007199,0,B,True,False,False,False,False,False
10.597793670476724,7,0,32.333258320880205,1001.4721564602766,4,0.7538755128080288,0,B,False,False,False,False,True,False
38.194794522831586,21,1,22.66616284132338,608.4019795759508,6,0.7108188276708126,0,B,False,True,False,False,False,False
47.168371217287564,12,0,1.8943047911617414,562.637095187048,3,0.4942764513531009,0,B,False,False,False,True,False,False
24.389404930388032,5,0,30.821623138836248,3041.5537809946345,2,0.7089725958036264,0,B,False,True,False,False,False,False
352.81296333994914,8,0,3.3807025956802588,1844.7529114416643,4,0.699797385535661,0,B,False,True,False,False,False,False
57.58307705975257,13,0,45.058295692521405,3080.456731359165,0,2.647443996688599,1,B,False,False,True,False,False,False
35.61504140553065,1,0,24.700403970136275,560.3340311875986,2,1.5804710746472792,0,B,False,False,False,False,True,False
24.68556484520697,6,0,35.97389626630937,2310.638212520347,1,0.8007015909717734,1,B,False,False,False,False,True,False
271.0341640019663,11,0,16.931209069981804,3222.836341352567,3,0.906957533338829,0,B,False,True,False,False,False,False
26.468840352941758,10,0,15.814239236801056,1124.643280682062,3,1.1538110596730753,0,B,True,False,False,False,False,False
61.51995407593998,18,0,4.297431357778127,618.0413783983979,0,0.9923152824230935,0,B,False,False,False,True,False,False
131.29854760611232,18,0,14.757056475528113,961.5123588343477,8,0.7226871140207533,1,B,False,False,True,False,False,False
13.323511963481673,14,0,8.177342134059568,483.4754402398413,4,1.47366815030277,0,B,False,False,False,True,False,False
38.11654758440556,19,1,2.4977734023313816,857.7316809520692,2,0.7972850676193305,0,B,False,False,False,True,False,False
71.56139651321472,12,0,6.696678524542649,866.959826143818,1,1.3837621244125184,0,B,False,False,True,False,False,False
48.800296656882885,14,0,16.277025356215663,285.74396061890263,1,1.8140141342720701,0,B,True,False,False,False,False,False
89.677301982109,20,0,31.274476915798054,1719.1097918557787,5,1.1549170227616368,0,B,True,False,False,False,False,False
59.68754442016897,4,0,8.645369509849603,601.3151572114393,4,0.833103825816924,0,B,False,False,True,False,False,False
141.6329656189976,0,0,5.136772108242895,2117.607205724193,3,1.560996998846383,0,B,False,False,False,True,False,False
15.099991754577905,15,0,2.633352511956378,2372.311925131976,3,1.7194408388517413,0,B,True,False,False,False,False,False
96.67132412896834,21,0,7.737736845729913,275.57988655884157,1,2.2732013051743163,0,B,False,False,False,True,False,False
53.51607612364263,10,0,5.022381666029629,1884.0794798344837,4,2.1470210235085996,0,B,False,False,False,True,False,False
59.758882586857,14,0,8.89121843168892,1795.7164608195528,4,0.8083755430995587,0,B,True,False,False,False,False,False
83.72207889535248,12,0,1.5928250249771632,2570.9239831682926,2,0.42155511873733215,0,B,False,False,False,False,True,False
14.057587433513856,14,0,19.94757820901249,1559.469829580905,1,0.9000972284545953,0,B,False,False,False,False,True,False
38.833413705189436,17,1,0.0664903499799498,190.78858526830092,2,0.7231043259306702,0,B,False,False,False,False,True,False
183.24868032499535,14,0,18.038555083585624,431.6368139372572,4,1.1932946063667385,0,B,False,False,False,False,True,False
19.791098388188672,1,0,5.492956930640102,719.7086703613464,4,0.9368736900361126,0,B,True,False,False,False,False,False
66.86611573208602,8,0,6.67660649418261,604.7661403523842,1,0.4697463645094649,0,B,True,False,False,False,False,False
66.42971775970156,16,0,2.8160108550034884,544.2583460962481,2,1.7570092805917756,0,B,False,False,True,False,False,False
73.07586403876749,17,0,51.71444220919663,934.5502620000287,2,0.7191135506719236,0,B,False,True,False,False,False,False
2.8550840408034928,9,0,0.8162484981979136,1767.281254125956,5,0.9955443382078998,0,B,True,False,False,False,False,False
333.51272145278926,8,0,4.991327763942087,3379.818214902986,4,1.9271133011883768,0,B,False,False,False,False,True,False
17.83758919206526,19,0,2.383477908091376,2799.464374445592,2,0.8381363378160175,0,B,False,False,False,True,False,False
290.33561403729794,19,0,9.874442132173824,1797.9834747384077,2,0.8284835191882287,0,B,False,True,False,False,False,False
17.482228854313007,20,1,12.314658429279788,1677.314487753375,4,1.4859860391151494,0,B,False,False,False,False,True,False
90.48225600420399,19,0,3.2783138420987825,1107.1229732338493,2,1.4588052326766026,1,B,False,False,False,False,False,True
32.57482270480785,8,0,15.976417710829072,1122.7743191569866,4,0.4496916149033065,0,B,False,False,False,False,False,True
20.544563952879503,3,0,12.066511113333949,701.1371346094901,5,1.1769709195378935,1,B,False,False,True,False,False,False
1302.979103374278,14,1,27.68938480627473,375.6620518911595,6,1.2531295136124887,0,B,False,False,False,False,False,True
40.73947629492008,19,0,35.5537264485235,727.9662385429428,2,0.5311775789111646,1,B,False,False,True,False,False,False
9.870085344988098,22,1,17.787798279448452,857.2887088644269,0,1.9099789873230433,0,B,True,False,False,False,False,False
305.2576714952267,9,0,14.92485650868891,2129.3503753265636,0,1.407906358933016,0,B,True,False,False,False,False,False
149.14732295231642,9,0,13.947959175975235,2561.323383401266,2,1.9441731942799707,1,B,False,False,True,False,False,False
354.51901575096895,15,0,2.74295052872242,423.31287049189365,3,1.552841536398698,0,B,True,False,False,False,False,False
10.951483852109206,0,0,32.2145135932864,985.2225503551574,3,0.9312288289826676,1,B,False,False,True,False,False,False
18.493401320110976,18,0,6.699323183236766,670.7702304744961,4,1.0345940991560119,0,B,False,True,False,False,False,False
85.48950625351867,3,0,17.635932480076242,908.8256836738035,3,0.6705968514714765,0,B,False,True,False,False,False,False
35.275919786647584,7,0,8.714911270506075,128.46920652586263,4,1.2815071473199693,1,B,False,False,False,False,False,True
26.990633852201906,16,0,34.98061863449074,81.64573677579742,2,0.43274098178221376,0,B,False,True,False,False,False,False
126.24851765283735,2,0,7.85218160310864,1042.0665853072685,3,1.0024897954969447,0,B,False,False,False,False,True,False
12.596342475948024,2,0,12.314308576530019,1906.0963841114208,6,0.5579310002603628,1,B,False,False,True,False,False,False
12.943677884231743,11,0,3.1141014007322694,1978.4990787558208,2,1.7002357582395586,0,B,False,False,False,False,True,False
77.65668573852487,7,0,12.112869608135178,578.0559135702425,4,0.2795521612809156,0,B,False,True,False,False,False,False
16.891672751325306,20,0,3.3956280214966026,2767.223468360486,7,0.6139874927880002,0,B,True,False,False,False,False,False
31.31219998274857,4,0,23.735643047818193,1215.9777174761193,2,0.7950434001851971,0,B,False,False,False,True,False,False
70.30314679738817,14,0,6.866723789576417,1989.0087074058933,1,0.8437777199392668,0,B,False,True,False,False,False,False
24.219406875268973,7,0,8.283436501888906,1521.5797002968982,2,1.1782564971404654,1,B,False,False,True,False,False,False
19.479478640700364,12,0,15.337859051607186,2246.5808784894193,2,0.8662985876178461,0,B,False,False,False,True,False,False
253.7326232405473,21,0,1.3481640172430072,616.5244966610799,2,0.7068359714984421,0,B,False,False,False,True,False,False
42.26674505649585,5,0,5.670385685175388,687.8098436618801,3,1.242988143053902,1,B,False,False,True,False,False,False
119.19795481995718,22,0,40.62118591358216,483.50539708128036,1,1.4418241730784709,1,B,True,False,False,False,False,False
27.1126486491266,9,0,29.720380270694516,451.80870748877595,6,2.352438480881223,1,B,False,False,False,False,False,True
45.127226111123726,0,0,3.944108683816112,600.3093564701737,3,0.7832489300387214,0,B,True,False,False,False,False,False
69.96599611772945,8,0,10.787283669543601,674.6949001613158,2,0.9347262939855872,0,B,True,False,False,False,False,False
55.1229522713023,4,0,13.131484500375686,5831.187498520966,3,1.1454508106128258,0,B,True,False,False,False,False,False
72.34331386518642,23,0,5.385405354574987,4070.0807836760205,3,0.608576550289119,0,B,False,True,False,False,False,False
709.5763817413856,11,0,6.407336908251791,1825.2131970115333,2,0.584968204847681,0,B,True,False,False,False,False,False
171.55421694009038,12,0,57.22166808694837,708.0905675402882,5,1.3678671164915441,1,B,True,False,False,False,False,False
107.19502621714395,5,0,2.2367884575166994,1104.904817094349,3,1.6864004669070176,0,B,False,True,False,False,False,False
207.05435367695594,15,1,36.344545725439446,4007.7423945423625,5,0.9295652013148676,0,B,True,False,False,False,False,False
32.86193533998849,11,0,6.560035118614962,855.4582979476177,4,1.2815705344377786,0,B,False,False,False,True,False,False
394.4887348717709,21,0,4.0980617235163646,376.74168745379615,1,0.8423151160316331,0,B,False,False,False,True,False,False
9.17617905399832,3,0,4.527457197988818,9102.89660721835,1,1.4464792839895226,1,B,False,False,True,False,False,False
102.96298791215497,2,1,4.996410331138399,1276.1856472742008,5,0.8042416323525371,0,B,False,False,True,False,False,False
280.8426596181289,1,0,5.072042891855649,6643.130141957345,1,2.1404640590589543,1,B,False,False,False,False,False,True
9.951929665891724,9,0,4.396279499285452,1225.8826059112478,2,1.2635180095280145,0,B,True,False,False,False,False,False
60.829417129914184,11,0,27.72352284374811,1302.0901280946982,3,0.6408285372963975,0,B,False,False,False,True,False,False
29.054196496068673,3,0,4.675361110534333,2742.7612797867746,1,0.821433677538948,0,B,False,True,False,False,False,False
11.054021089161184,14,0,29.69016503189912,1235.1245439811585,6,0.88887898009123,0,B,True,False,False,False,False,False
70.70966911365862,13,0,52.236932343948375,1287.566154652854,3,0.8839276679078787,0,B,False,False,True,False,False,False
36.294672174393604,12,0,4.90317865609705,2767.433168687662,6,1.1451993575986597,0,B,True,False,False,False,False,False
208.34986334366607,16,0,12.489444037208825,4788.033899180723,2,0.8995399995469104,0,B,False,False,False,False,True,False
50.898495090824774,21,0,9.13618009451942,2446.4712187015,6,0.4666529437850365,0,B,False,True,False,False,False,False
15.152045622600962,22,1,28.12991834396192,950.1976535462653,4,0.9717806910907235,0,B,True,False,False,False,False,False
45.37388921017453,4,0,5.5286490549399,849.103275322769,3,0.7011846609803878,0,B,False,False,False,True,False,False
30.536231373330963,9,0,21.708059834401876,1047.134649132464,5,1.1149149765846085,1,B,False,False,True,False,False,False
316.49710334592737,9,0,9.683619836186859,1350.5586167062659,8,1.1180382990610078,0,B,True,False,False,False,False,False
85.08134625169711,16,0,14.950676568895902,831.5569278853502,3,0.5183483632587335,1,B,False,False,True,False,False,False
55.004242661997715,18,0,12.893333591541204,1257.0298901673568,4,0.46529247842028865,0,B,False,False,False,False,True,False
572.5802948213717,21,0,0.9663923727460296,2783.508551748741,3,0.9584629068057453,0,B,False,False,False,False,False,True
78.85256809312011,22,0,13.32229907013025,763.3729567663217,3,1.0616427720771529,0,B,False,True,False,False,False,False
32.86743103268419,11,0,26.358163820238325,1927.2722686563893,5,0.7664973811549102,0,B,False,False,True,False,False,False
37.22682074335726,1,0,5.1043964914922295,553.3836208076441,2,1.152846318872034,1,B,False,False,False,False,False,True
104.03039683885196,2,1,7.730948582467675,755.4771512886944,2,1.2263057148888523,0,B,True,False,False,False,False,False
22.323785854606648,14,0,3.4433246392974692,2560.6742788991073,1,1.3752592358492433,0,B,False,False,False,False,True,False
2194.315150210667,12,0,3.5291183320407695,3130.7305369364353,6,0.6175186820665738,0,B,True,False,False,False,False,False
78.17704785342055,3,0,5.502660771363044,392.7612692210468,2,1.451983369388261,0,B,False,False,False,False,True,False
66.45019367808986,20,0,21.018674230548335,4562.209762663656,3,0.6849949587378814,0,B,False,True,False,False,False,False
6.15652371630104,13,0,9.845824960811571,1577.4439315303168,1,0.6774775828593713,0,B,False,True,False,False,False,False
3.5659709338132717,12,0,17.62595551394346,180.3304997158926,4,1.428556403221487,1,B,False,False,True,False,False,False
25.721058259939316,6,0,41.144939269663816,459.9767294370605,4,1.0094522150449432,1,B,False,False,True,False,False,False
28.709733989333493,13,0,19.660223188651138,2270.543301203944,4,0.8205489121567662,0,B,False,True,False,False,False,False
23.271056073689618,5,0,7.005923099041303,2018.2205010398452,1,0.4983990576232631,0,B,False,True,False,False,False,False
44.922179657698,4,0,10.721507780270333,1988.317689282983,2,1.4966092541298435,0,B,True,False,False,False,False,False
5.12948547818327,12,1,4.898257917740356,129.7384771489128,4,0.556877548070278,1,B,False,False,True,False,False,False
113.81964335125939,5,0,1.0201301582181164,1121.2143589557566,3,0.31226740562139016,0,B,True,False,False,False,False,False
51.38739751319082,16,0,16.449933830912265,817.057353166993,1,0.6589087800277348,1,B,False,False,True,False,False,False
94.38811631567336,7,0,16.26380229725653,1100.1013901180415,4,1.3663891166519584,1,B,False,False,True,False,False,False
75.79909567549925,6,0,29.094339531580644,601.0973234684893,2,0.8816450051898768,0,B,False,False,False,False,True,False
21.270490423286965,13,0,2.6103680885764224,195.82285016079678,3,0.7999716369335884,0,B,False,False,False,True,False,False
85.74081235297385,2,0,32.34820912607659,91.74264721862744,1,0.5653118035364337,0,B,False,True,False,False,False,False
278.33224046206857,17,0,23.72399089622608,1777.2507055330036,4,0.9966541905368856,0,B,False,False,False,False,True,False
22.70031576942735,20,0,1.7019511542239563,618.8453193750048,3,0.9877654470527971,1,B,False,False,True,False,False,False
182.03787068660608,14,0,60.59855507781026,589.5848906589032,2,0.45754410726749883,0,B,False,False,False,True,False,False
256.8145098903956,14,0,0.5975495349914516,1559.9548179924454,4,0.37745775673150306,0,B,False,False,False,True,False,False
63.31095449054542,18,0,23.758135844822803,1165.4219668534506,5,1.8117766253882088,0,B,False,False,False,False,True,False
45.48215411334236,18,0,8.393487607013213,1097.2341051416536,0,2.6992200890092124,1,B,False,False,False,False,False,True
39.543302585180136,12,1,30.078750635357896,3533.115113256469,4,1.5528160082892812,1,B,False,False,False,False,False,True
62.40418353811001,13,0,19.547668137728678,4513.270990759932,3,1.0226525182862756,1,B,False,False,True,False,False,False
903.3414631806447,18,1,0.9387154267173993,4507.72061129709,1,0.7633452929130818,0,B,True,False,False,False,False,False
25.307081350044726,22,0,4.1164847108406155,485.3009969081172,2,0.9469920797295289,0,B,True,False,False,False,False,False
103.976709373258,18,0,45.680272435981955,3010.155284703922,3,1.3681088850774874,1,B,False,False,False,False,False,True
84.02431655151999,16,1,2.388357896473069,435.85953552145014,5,1.1850470916749667,0,B,True,False,False,False,False,False
193.0694303431741,11,0,1.0642077119301634,2124.5502671277377,5,3.2539771228224397,1,B,False,False,True,False,False,False
52.03777002999751,15,0,2.513139870200863,600.9151616814775,3,1.4161458736205983,0,B,False,False,False,False,False,True
82.52579417946328,18,0,19.109605629582095,1194.5952125346644,5,1.388626404322089,0,B,False,False,False,False,True,False
21.302587278160786,20,0,0.6065434211905909,1496.1669607044432,1,1.5099839815765823,0,B,False,False,False,True,False,False
27.544588845954042,12,0,8.50603808176044,1279.1382447790738,4,1.179709529252575,0,B,False,True,False,False,False,False
50.46528115394126,9,0,1.437356532654208,2095.4480456377005,6,0.9117640240298219,0,B,False,False,False,True,False,False
7.674757159607517,7,0,17.43048388087633,1209.7605761625148,0,0.8200474168449063,1,B,False,False,False,False,False,True
34.66648019376114,22,0,4.374862807768515,638.8247901304411,4,1.1909739812840798,0,B,False,False,False,True,False,False
94.62145590091755,16,0,17.31158900896713,771.264024087987,8,1.6461207518662186,1,B,False,False,False,False,False,True
230.22372466968113,12,0,2.890480107475497,735.4102421863166,2,1.123287859412688,1,B,False,False,True,False,False,False
28.845688176125545,1,0,7.568570129815467,1074.990388713737,4,0.6288225097091789,0,B,False,True,False,False,False,False
49.711224266862786,11,0,38.94518118050545,1260.8610502094791,4,0.6492388323117039,1,B,False,False,True,False,False,False
56.41349773082338,23,1,7.267666661649156,612.8144367245178,0,1.1395639749885123,0,B,False,True,False,False,False,False
28.30047319340012,17,0,1.815858086587818,600.8274805535406,7,1.1661821053532953,1,B,False,False,True,False,False,False
35.15037372658822,18,0,6.929525642943911,1540.3475215199962,4,0.545934066103694,0,B,True,False,False,False,False,False
136.23166008982892,23,0,9.09382405279308,2596.630968742283,2,0.48753732314175136,0,B,False,False,True,False,False,False
771.2856264123604,15,0,9.200373067223591,703.236486466176,4,0.7925531169977238,0,B,False,False,False,True,False,False
75.34262313449258,19,0,18.528533015589066,1289.6237375158762,4,0.6546863004830693,0,B,False,True,False,False,False,False
193.97086886831622,1,1,1.9976899684862905,968.6324974086355,3,1.1481214315583732,0,B,False,False,False,True,False,False
10.845573532900339,19,0,9.28629261841364,5622.250847188022,7,1.3220001128137675,1,B,False,False,True,False,False,False
83.19633555045547,5,0,4.3944627235655975,3223.623817060623,2,1.1048342855014468,0,B,False,False,False,True,False,False
341.5842114816702,13,0,8.818465345304281,602.7878737690042,6,0.9710207575919011,1,B,False,False,False,False,False,True
203.14713950956968,23,0,2.8501139625408944,895.4026123352379,3,0.8662940296121107,0,B,True,False,False,False,False,False
43.31599028919451,2,0,4.027279390371985,1010.2087082875661,3,1.2703054139871026,1,B,False,False,True,False,False,False
178.11539411162823,20,0,12.072724364399638,610.7744708472603,3,0.5878924074530957,1,B,False,False,False,False,False,True
80.28601959590681,18,0,5.37756250284179,570.8877864213606,3,2.9483507247503646,0,B,True,False,False,False,False,False
10.506079255536493,7,0,2.6082668264601137,2382.708651467637,6,0.5309605440436669,1,B,False,False,True,False,False,False
20.57605520187866,7,1,14.499038125808752,180.36310051259298,1,1.1274169145452069,0,B,False,False,False,False,False,True
128.13919972220444,5,0,27.161066841414847,1066.1705916922538,3,1.807775822008078,0,B,True,False,False,False,False,False
41.691514397117146,9,1,25.83896265030359,2053.5252337718866,2,0.5629341063424236,1,B,False,False,False,False,False,True
9.019288328880718,10,0,26.94575824776583,3710.6419024027477,3,1.0595475843671684,1,B,False,False,True,False,False,False
70.97145436214139,16,0,0.2607031457232035,2428.9388347377817,6,3.0122040457824144,1,B,False,False,False,False,False,True
26.401748220075753,10,0,17.380282443775094,345.73976049582427,1,0.7212141918515634,0,B,False,True,False,False,False,False
2.1443696944970463,18,0,100.72418749064116,1797.3050564298003,3,0.788961330064247,0,B,False,False,False,False,False,True
47.64259256447636,22,0,19.44497753952817,5406.209710986506,4,1.1241987360697183,0,B,False,False,True,False,False,False
6.535321674759463,12,0,4.635168122491929,541.0118381308861,3,0.607696913559871,0,B,True,False,False,False,False,False
49.876022634787915,23,0,12.451826043697482,659.8870692452796,6,1.3535894156545643,0,B,False,True,False,False,False,False
47.79415561367306,2,0,9.752956234434022,1075.899411140062,4,0.533571237048496,0,B,False,True,False,False,False,False
913.755424139205,5,0,9.215627868965823,1762.793143458834,1,1.5826799515150045,0,B,False,True,False,False,False,False
110.62482716622466,1,1,19.237079879962145,2840.779533688227,2,0.5698251475989855,0,B,False,False,False,True,False,False
79.67076682873717,0,0,2.0349853719172297,977.0328661280502,3,1.1597408041830324,0,B,False,True,False,False,False,False
252.26014804040184,15,0,1.9065898532566303,2898.5464171000176,2,1.4226046862891095,0,B,True,False,False,False,False,False
33.23618612006458,8,1,10.592501178243754,755.2800052415346,2,0.7704088815244707,0,B,False,False,False,True,False,False
33.22645030620535,20,0,54.71427567277793,356.1932235210585,5,1.0277602839115256,1,B,True,False,False,False,False,False
22.58339271930238,0,0,0.9526896267281401,1425.954935304912,3,1.338102768745812,0,B,False,False,False,False,True,False
218.24874520902702,17,0,6.9433986117029685,1063.247656448974,3,0.5789945617247608,0,B,True,False,False,False,False,False
68.54139657207497,16,1,10.664829252693975,1086.0760775015463,1,0.766846206434196,1,B,False,False,False,False,False,True
24.704235805387153,15,0,0.018829079063940362,1925.449015058265,2,0.49863643884010567,0,B,False,False,False,True,False,False
140.43548987946943,5,0,5.236496788879671,1014.9126755803153,1,1.387283572230216,1,B,False,False,True,False,False,False
12.910722277515369,17,1,1.7621908249142961,2656.3096585539165,4,0.8464838049345857,0,B,False,True,False,False,False,False
19.624222186387048,13,0,18.33933335840768,4906.112943139899,4,1.3274093900916824,0,B,True,False,False,False,False,False
37.929068964140455,16,0,8.67133694800326,1838.5298745765945,2,2.214263261264685,1,B,False,False,True,False,False,False
61.74176543746439,5,0,14.618713367524082,2380.8661100710906,5,0.5655597857406244,0,B,False,True,False,False,False,False
81.23823171811112,10,0,13.835318872827685,170.86109895639876,2,0.6385759269502058,0,B,True,False,False,False,False,False
42.06714934723849,1,0,6.641890840757796,1766.8188842306677,5,0.6566406770961867,0,B,False,False,True,False,False,False
72.70869348459551,2,0,0.5410663849138728,1189.1795581790832,6,1.7765506657049879,1,B,False,False,False,False,False,True
137.12279023052366,7,0,4.673708866635909,797.1981807973411,4,0.8912617382908504,0,B,True,False,False,False,False,False
349.4356003615934,8,0,9.842285085797622,282.42587088251804,5,1.6616502836180116,1,B,False,False,False,False,False,True
57.238384374719445,9,0,3.3975524770343335,1697.204903770803,0,3.733848796265423,0,B,False,False,False,False,True,False
412.36968769784926,20,0,41.63314337264439,556.9975845756784,2,0.49709212333382596,0,B,False,False,True,False,False,False
63.38989806913202,21,0,8.006740367308518,375.1625725670906,4,0.7282263402837967,0,B,False,False,False,False,True,False
39.57893701757129,12,0,6.512525437201133,3996.059786565008,3,1.5771114576587368,0,B,False,False,True,False,False,False
29.67057728604164,11,0,1.7067940726900908,763.7738475832359,2,0.7839516201933037,0,B,False,False,False,False,False,True
11.649656349889478,9,1,4.847424420526252,421.9719829830304,2,0.5279530515548655,0,B,False,False,False,False,True,False
31.393905766573262,20,0,12.959878949584425,1134.1508588903835,1,0.5704991713847154,0,B,False,True,False,False,False,False
133.42244641656944,13,1,25.691077013920168,1051.6763127601678,1,0.6591209615877481,0,B,True,False,False,False,False,False
21.744932581275272,5,0,22.270357685057725,2412.3089245255046,5,0.44257266204819,0,B,True,False,False,False,False,False
21.609520759740388,1,0,17.33234207357063,1327.8927059198331,5,0.7626859288884467,1,B,False,False,False,False,False,True
29.999642160333675,14,0,40.43025179113366,2148.8870368846187,1,1.445627913306412,0,B,False,False,False,True,False,False
114.08444018086732,22,0,4.176371282449263,246.1674855749806,2,0.5766378886957638,1,B,False,False,False,False,False,True
25.198327604661603,21,1,4.013241221889155,2045.2742003959681,1,1.2164225729007159,1,B,False,False,False,False,False,True
5.181785289372534,14,0,0.7165926619488682,2877.412209709505,3,0.7780789667427302,0,B,False,False,False,True,False,False
6.647578490153423,3,0,18.243723879203788,694.4103481014016,2,1.3697183721221933,1,B,False,False,True,False,False,False
18.98376464465363,10,0,24.225426811489648,1957.196990317346,1,0.4389208145564117,0,B,False,False,False,True,False,False
58.20142356054403,6,1,4.509889176969486,339.98016137993676,4,0.8347419303354673,1,B,False,False,True,False,False,False
39.658127508922995,14,0,23.459394360661506,2463.2165187542255,2,1.5182211359849396,0,B,False,False,False,False,True,False
47.017751136279564,19,0,18.51528041371119,477.15419125632775,5,1.843242555706777,0,B,False,False,False,False,True,False
278.653629257971,18,0,11.680090122818527,2296.735624474755,3,1.1055530071540218,0,B,False,False,False,False,True,False
435.3479889407432,13,0,12.09378534969996,629.6270092520385,3,0.8805592174063844,0,B,False,False,False,True,False,False
15.010684857324344,9,0,18.316597591372993,873.1638262611293,3,1.027072080214084,1,B,False,False,True,False,False,False
11.710485661165873,23,0,94.43808544103483,556.0833959224335,4,0.9854492447197338,1,B,False,True,False,False,False,False
191.34319830992544,5,0,5.7650654091769304,2026.2582654233133,3,1.6614970994176161,1,B,False,False,False,False,False,True
59.45553008370817,1,0,1.131960973097573,1024.4451956838798,1,0.6943927682366421,0,B,False,False,False,True,False,False
56.256341562040745,6,0,18.037040707937265,331.7111679930076,5,0.4998404283803947,0,B,False,False,False,False,True,False
16.604833391069597,23,0,0.4390996575384906,1165.1642002660592,1,1.2599529344983615,0,B,False,True,False,False,False,False
11.29139324837904,20,0,33.78540209091349,1256.165633978228,3,0.984958015175997,1,B,False,False,True,False,False,False
2.8458487044711545,2,0,54.01608261866282,423.01310480014934,3,0.8920505932612414,1,B,False,False,True,False,False,False
61.16108300636825,7,0,19.443700063443654,1285.3687441562486,5,2.475274548985482,1,B,False,False,True,False,False,False
155.84332014145144,17,0,6.302260882305096,1683.250023551016,4,0.6308967013468763,0,B,False,False,False,True,False,False
105.16991652930717,14,0,3.837349834882986,245.2945252429953,2,0.3746415204536666,1,B,False,False,False,False,False,True
74.4154707660639,10,0,1.7518987619258357,398.6829505671789,6,1.291850593363038,0,B,False,False,False,False,False,True
16.674421495353634,21,0,0.08951337171295475,1324.409356667373,3,0.6881105186945631,0,B,False,True,False,False,False,False
10.395066527290075,22,0,8.443416717548752,1425.6942827662895,1,0.9797549640922215,0,B,True,False,False,False,False,False
121.28609663560084,9,0,15.62408747971459,973.677592138547,3,2.441901509030343,0,B,False,False,False,False,True,False
12.97305180472668,20,1,7.08271113281522,2613.6303687659647,1,0.3449651213903733,0,B,True,False,False,False,False,False
20.086876341120718,16,1,8.649037659452517,586.7627713007782,1,0.6834809783758062,0,B,True,False,False,False,False,False
21.587001421114056,17,0,17.338589582432306,1652.5564796546585,0,1.665860861826171,0,B,True,False,False,False,False,False
53.627065387059815,23,0,7.88994037658746,635.4769899906622,4,1.912978949532573,0,B,False,False,False,False,True,False
57.43490243936291,0,1,22.26955984613102,7243.4025289666115,5,0.6922720762591948,0,B,False,False,False,False,True,False
144.72433310128466,1,0,15.422695184949253,1724.3059239596178,4,1.015926541230705,0,B,False,False,False,False,True,False
57.00765800761682,4,0,16.693674159644672,326.59158803982626,2,1.1870059346636144,0,B,False,True,False,False,False,False
48.287898884055934,9,0,14.48658326384284,5036.003413468622,3,1.1474457258796982,0,B,False,True,False,False,False,False
215.59624119758297,11,0,1.9126750915360982,250.0112774310061,1,0.6651438168290944,1,B,False,False,True,False,False,False
25.62468224750032,12,0,17.283956959585687,2504.581204284883,3,0.961565946639073,0,B,False,False,False,True,False,False
56.16530340923554,15,0,13.455865322379093,513.3875877127531,7,0.7295806400753483,1,B,False,False,False,False,False,True
15.83484295794267,2,0,12.809081202214546,3086.6743624709475,1,1.2582061671162872,0,B,True,False,False,False,False,False
65.57387716552728,3,0,13.683702058169482,860.5108470959439,4,0.5114324974755844,0,B,False,True,False,False,False,False
143.9524919198585,15,0,65.22811020357618,354.8437806280746,1,0.7036375760897771,0,B,True,False,False,False,False,False
25.719780219676228,9,0,8.592098384099907,1764.0904522094036,4,0.6121900793022483,1,B,False,False,False,False,False,True
398.0908969424673,13,0,1.6819067635665836,396.17722495861227,2,1.0954939269041333,1,B,False,False,True,False,False,False
56.64862706151831,20,1,10.78846886008758,513.0553756353112,6,1.3009210365294868,1,B,False,False,True,False,False,False
106.52947500391352,18,0,2.4368120636367108,467.6137524699284,6,1.1014145858316844,0,B,True,False,False,False,False,False
8.602210755691098,4,0,24.625987289659697,761.2316485526565,6,2.1275696767752343,0,B,False,True,False,False,False,False
294.0686732030686,18,0,4.307736094957734,658.492212605637,7,0.9330564015792238,0,B,False,False,False,False,True,False
202.1986114142331,10,1,81.6104084998033,1066.7815412709892,4,0.6195261304167503,0,B,False,False,False,True,False,False
5.123176162606111,16,0,2.9328462638605823,532.4246210312964,5,0.7092067813594682,0,B,False,False,False,False,False,True
10.423731338165457,6,0,7.122877935719353,243.9364783271245,6,0.6582373938866916,1,B,False,False,False,False,False,True
142.0335654017846,3,0,2.3702026140146724,1680.431003761384,1,0.8586322822415503,1,B,False,False,True,False,False,False
169.91129535187625,14,0,8.151107777840924,1496.548754592752,2,0.47646523145070374,1,B,False,False,False,False,False,True
5.836023829361835,23,0,9.926306424368729,1041.7409110916365,2,1.0451128425890783,0,B,False,False,False,False,True,False
131.37180288588414,3,0,20.40118549849912,1134.0208778707845,6,1.2027068707322406,0,B,False,True,False,False,False,False
24.523647625120525,15,0,0.020914537744323992,2282.70712963536,0,1.092969157885578,0,B,False,False,False,True,False,False
48.33598881108097,22,0,3.936141145175818,1535.8469623060482,0,1.9829170948757613,0,B,False,False,False,True,False,False
42.1439905828359,18,0,4.719065512476908,1975.5442922947336,2,2.439013841877895,0,B,False,False,False,False,True,False
21.751572779259153,1,0,13.76724632231545,1140.3202091099824,0,0.9523258627688459,1,B,False,False,False,False,False,True
40.66783312708074,10,0,4.869227445742279,2643.399317208663,1,1.7250720554430086,0,B,False,False,False,False,True,False
17.982195064148456,18,0,10.007537987085662,2094.488645996882,5,0.5009545402478749,0,B,False,False,False,True,False,False
26.196082453412377,22,0,10.03489918415076,267.14459843826,3,2.4226071665989317,0,B,False,False,False,False,True,False
13.418229603662798,13,0,24.946240131949217,435.43495439041936,0,1.0745772917483511,0,B,False,False,False,True,False,False
242.9964880426855,11,0,31.29958248513277,487.6512196055053,2,1.224134739978681,1,B,False,False,False,False,False,True
29.58972530462553,18,0,56.60485932103177,1413.3396103299947,3,0.6576609529186593,0,B,True,False,False,False,False,False
173.66079881963654,9,1,27.563551868115816,2953.4153748076174,2,1.4580031719081985,0,B,False,False,False,True,False,False
107.99617114445654,7,0,31.550899778014603,1248.5193826397674,5,1.138218231501099,0,B,False,False,False,False,True,False
202.2442059973801,23,0,53.094746970592595,1833.2011440604101,2,1.658577702466506,1,B,False,False,True,False,False,False
31.721731072787353,16,0,26.353998276398677,130.36488894783446,1,0.8372797314890124,0,B,False,False,False,True,False,False
42.71667313845834,22,0,3.4343487317276646,1651.2143062600585,4,0.8924821936212299,1,B,False,False,True,False,False,False
61.639751700395514,7,0,23.579575004195064,614.2562885446096,3,0.8310067220416457,1,B,False,False,True,False,False,False
12.639264358993056,8,0,18.54439154246017,4390.375817082704,3,1.7579731938556709,0,B,False,False,True,False,False,False
59.716497209759716,23,0,12.174224210866264,5743.324874919727,4,0.46384875651420693,0,B,False,False,False,False,True,False
37.85824085459676,13,0,2.8764023324444943,1147.5183682463519,0,1.592278960057401,0,B,False,False,False,False,True,False
226.41026765965682,14,0,0.7380977709877033,1064.4123963992304,1,1.752833137898393,0,B,False,False,False,False,False,True
301.95353164728994,15,0,3.6721721088881027,1406.0990746791692,2,2.342760156953985,0,B,False,False,False,True,False,False
478.4759901442549,21,1,31.42678310640941,1008.4223453214217,4,1.377938518814199,1,B,True,False,False,False,False,False
6.3446588851879655,7,0,4.712898703927273,1950.3035092755943,2,0.6409274330750735,0,B,False,True,False,False,False,False
125.47383594878633,2,1,8.885414495856487,873.3552774800904,2,1.4030090616659203,0,B,True,False,False,False,False,False
36.55073013348754,1,0,90.32960994348474,621.4938696989732,6,2.456727144493702,1,B,False,False,True,False,False,False
24.028738834297098,0,0,10.684709498194241,1183.5051792256913,1,1.1395635073586345,0,B,False,False,False,True,False,False
338.9175583601695,7,0,21.88291449055478,993.099560969803,6,0.8301620332346823,1,B,False,False,True,False,False,False
16.21865502356905,22,0,23.77368189839283,1435.2751905882735,2,2.765735989375968,0,B,True,False,False,False,False,False
70.0448849575399,5,0,31.71258886222788,1364.1966935743,1,0.4552405648357832,0,B,False,False,False,False,False,True
17.60579538440213,10,0,6.0710991947718504,3112.927240997454,4,0.7971307476612932,0,B,False,False,False,False,True,False
2.9718731478070137,2,1,2.482464101743344,691.9463092753759,1,2.1947260872247707,0,B,True,False,False,False,False,False
8.992387031291587,13,0,32.92196872908735,790.4652346039426,3,0.5744366943012721,1,B,True,False,False,False,False,False
3.4362886229829654,21,0,14.10752132066243,1353.0892550584604,2,1.9679233005368006,0,B,False,True,False,False,False,False
32.30714078433673,4,1,13.588725866484314,317.0615459720568,0,0.3836584866369949,0,B,True,False,False,False,False,False
11.636401672357122,20,0,12.652618549807094,268.1941051675299,0,1.5088439473942807,0,B,False,False,False,False,True,False
218.61059292199369,19,0,0.535219356268906,1152.3551749756032,2,1.5837099584497558,1,B,False,False,False,False,False,True
109.31498211249655,12,0,4.290290363935869,777.2022832000611,3,0.5552246541368464,1,B,False,False,False,False,False,True
18.067732469750904,20,0,16.742119477186616,497.45029607946327,1,1.0076892001531002,1,B,False,False,True,False,False,False
15.862500966961031,4,0,0.5032562641875186,1116.4860583511884,5,0.5026887908952897,0,B,False,False,False,False,True,False
27.365799130414604,4,0,13.999631242524405,407.7465136431936,4,0.5955879487376062,0,B,False,False,False,False,True,False
34.77240020998158,9,0,0.7730579045843471,297.78818364781915,2,1.012229653469015,0,B,False,True,False,False,False,False
236.4996537678082,12,0,0.1276888570769987,201.5133902719878,4,2.5226927541392605,0,B,False,False,False,True,False,False
29.00146101085768,9,0,33.34517219780793,785.3343310955714,3,1.9164045006444415,0,B,False,False,False,False,False,True
61.40562896566706,7,0,36.27820486169012,901.4027622587946,3,0.5053642276757988,0,B,False,False,True,False,False,False
28.12405630583147,1,0,5.13875036485583,1485.171470289283,3,1.4651658599960002,0,B,True,False,False,False,False,False
108.05378571104285,1,0,30.028567445428468,1158.8562709832768,7,0.518838474477923,1,B,False,True,False,False,False,False
129.92309348999623,21,0,1.168120358431883,1997.0668165930447,1,2.003090682245664,0,B,True,False,False,False,False,False
227.03146846015693,18,0,7.954878573666402,1423.488770909676,3,0.5543285101191232,0,B,False,False,False,False,True,False
165.79283902645096,9,0,9.70664462198555,888.0837061488359,4,1.6736658352677236,1,B,False,False,True,False,False,False
3.003489044966316,14,0,7.877575310208455,3783.7783089099466,1,0.788789950388226,1,B,False,False,False,False,False,True
8.797143347618672,15,1,6.424345726774522,1031.6554666361005,2,0.3721517095909274,0,B,False,False,False,False,False,True
70.10782528284776,9,1,14.174983804658659,3099.708495551421,4,0.9472318892432948,0,B,False,False,False,True,False,False
72.49311029120707,9,0,16.918140858006534,1024.2864360820952,1,0.7503758945119894,0,B,False,False,False,False,True,False
38.901753922790625,19,0,47.72058999532121,585.2876420343771,4,1.4608650681202926,0,B,False,False,False,False,False,True
172.83949797316714,18,1,2.0313844408974373,1294.8926824168693,2,0.6340992395440265,1,B,False,False,True,False,False,False
331.94758434664885,3,0,34.597778695170476,5812.207523730954,1,1.817673540362803,1,B,False,False,True,False,False,False
23.919212290845746,1,0,23.945975989634213,1428.8133400349752,2,2.8584129425910283,0,B,False,False,True,False,False,False
8.426712253352129,8,0,4.984629411140768,5722.360317507746,5,0.6447394160349522,0,B,False,False,False,False,True,False
92.23186600131221,10,0,3.3519585650014374,7270.469241695295,2,0.8011580532262159,0,B,False,False,False,False,True,False
26.392341905880063,2,1,1.8579499647642947,719.3201525377652,1,2.86302346381293,0,B,False,False,False,False,False,True
4.225821744458642,6,0,8.267509098957433,238.0555425476467,2,1.2382951218476754,0,B,False,False,False,True,False,False
77.03703146611724,5,0,11.982157923295086,826.8258276984243,3,0.7403950896771719,0,B,False,False,False,True,False,False
92.85586422510887,0,0,12.65163593983463,411.7111809701322,2,1.1540878367779275,0,B,False,False,False,True,False,False
23.383384204007566,11,0,8.087101353203458,769.0784765037222,5,0.7684513013012292,0,B,False,True,False,False,False,False
45.04079894233612,17,1,17.344459318650664,1932.5261947958916,5,0.9088635475331258,0,B,True,False,False,False,False,False
79.76533591096579,8,0,18.45716773097529,1778.6880183617632,3,0.9323234477856033,0,B,False,False,False,False,True,False
317.63954552860395,4,1,10.854947534847659,885.3189016962967,3,1.0942460571557544,0,B,False,False,False,False,True,False
114.24108854118398,12,0,12.034238776005283,4291.665404195159,3,1.4362761240709103,1,B,False,False,False,False,False,True
9.042885579766022,17,0,3.2517382431345285,1957.1212177697646,3,1.851726542071698,0,B,True,False,False,False,False,False
323.5029520458841,14,0,12.10965048119341,1936.0272368597166,2,1.226833405548706,1,B,False,False,True,False,False,False
421.96793472368535,14,0,1.173981742795933,345.969309702452,4,0.7360813313023191,0,B,False,False,False,False,True,False
90.5983998229825,5,0,12.683159777496705,2119.938621154361,5,2.0192552107024495,0,B,False,False,False,True,False,False
210.72793492560203,6,0,15.445312347193514,439.5286930348113,2,1.7971776908585164,0,B,False,True,False,False,False,False
12.762323016643736,12,1,60.08370076032229,1558.4471987500524,5,0.6619652820540991,1,B,False,False,True,False,False,False
57.207263706886444,11,0,8.30009413430136,2735.5249290082593,7,1.141196810993068,1,B,False,False,True,False,False,False
151.98544528013701,9,0,10.269381469471956,767.2161792425801,2,0.981210577622312,0,B,False,True,False,False,False,False
74.5221981787578,21,0,9.026529775245356,487.60299954711775,1,0.8268067212597214,0,B,False,True,False,False,False,False
22.394510298172467,0,1,4.512191887523104,530.1843375951067,2,1.2355595696639665,0,B,False,False,False,False,True,False
16.338540220337407,10,0,1.4864870610395946,1259.0796044884335,0,2.5679584619998765,0,B,False,True,False,False,False,False
77.20307492898068,15,0,15.349644153967532,4674.702601948204,3,1.0636036264359998,1,B,False,False,False,False,False,True
135.34108868833832,0,0,1.1225399831611704,472.86355921429737,1,0.6149191050532771,1,B,False,False,True,False,False,False
13.801797322385449,17,0,8.433462303311423,1263.1277763950666,4,0.7830680086458814,1,B,False,False,True,False,False,False
28.61326982755224,10,1,0.16612808256972128,549.2494891673708,3,0.5972783389827782,0,B,False,False,False,True,False,False
915.0104581475422,8,0,42.332199879374315,352.6648155707841,3,0.9217168806393374,0,B,False,False,False,False,True,False
117.95562106316277,13,0,17.932407331453597,2138.035114058113,5,1.4789495925955578,0,B,False,False,False,True,False,False
40.522100926109786,10,1,3.7873473553737944,715.2323991310321,2,0.6251339030164285,0,B,False,False,False,False,True,False
177.14246818041926,0,0,4.847654160826237,3262.5606436037424,4,0.5158381703883191,0,B,False,False,False,False,True,False
132.43146964095752,10,1,5.834515878860044,386.0201303456938,1,0.3586415381433397,0,B,True,False,False,False,False,False
71.87233583530319,8,0,10.980753383758222,4356.077884581204,4,0.5000742559930801,0,B,True,False,False,False,False,False
73.70175593327417,21,0,14.9862118967587,2043.833476682809,2,2.124223321144245,0,B,False,False,False,False,True,False
24.6639204276518,1,0,1.1951699152891555,705.7706030735919,1,2.2066776243968715,0,B,False,False,False,False,False,True
169.23487732838888,9,0,16.197529104077624,2231.1959856423273,5,0.8440512971780134,0,B,False,True,False,False,False,False
20.917483030381653,2,0,1.160251134899701,1939.8259846172027,2,1.8720236409752693,0,B,True,False,False,False,False,False
155.4308402848468,12,0,36.78235421695378,4867.070780934597,3,1.045856709310113,1,B,False,True,False,False,False,False
169.0483422901406,10,0,10.317034498180554,369.21024172243386,1,0.789276414882592,0,B,True,False,False,False,False,False
27.718319312918354,17,1,40.698315505957474,681.3604041096305,4,2.79677138065516,1,B,False,False,False,False,False,True
7.205792898713268,13,0,15.426352320091807,536.7527056532709,2,0.9200905446111042,0,B,False,False,False,True,False,False
128.98797209277095,4,0,7.692270972920081,804.4065978356767,4,1.5069492565816551,0,B,False,False,False,False,True,False
139.25476443737475,7,0,22.906073333834748,330.9874746620245,7,0.8540905040621933,0,B,False,False,False,False,False,True
92.0659276322378,9,0,1.0576366518345557,341.5585631453259,1,0.4103308461375346,0,B,False,False,False,True,False,False
9.477771143200897,5,0,13.265604162924994,1180.4641358578638,3,0.9594096014214899,0,B,False,True,False,False,False,False
78.13855313924897,14,0,4.469457981108875,466.7981827594273,3,1.0566474212221593,1,B,False,False,True,False,False,False
453.14375500331124,7,1,27.746644137461157,1015.3591135172811,5,0.5571683671736242,0,B,False,False,False,False,True,False
392.2847087756683,21,1,33.19519411930168,989.3267508434178,1,0.9601109292967666,0,B,False,False,False,False,True,False
245.91591490846184,3,0,13.209048715598971,511.6432264854022,3,0.6966237587790918,0,B,False,False,False,False,True,False
110.12882602784723,23,0,4.534310109886617,2608.2504177331775,2,1.8542684409164336,0,B,True,False,False,False,False,False
100.36746484946086,8,0,7.389173417751588,427.06541425105746,3,0.7083196392723322,0,B,False,True,False,False,False,False
30.081128076341532,4,0,14.533006586354645,1759.9950535264522,4,0.8636076706606614,0,B,False,False,False,False,True,False
403.3334230373565,18,0,8.307218011298724,511.8191630633985,6,0.8392785331492668,0,B,False,False,False,False,True,False
69.10554678178153,16,0,22.515145908348803,1159.7713893072864,4,0.9210212024425295,0,B,True,False,False,False,False,False
220.55936702972397,1,0,6.905195495599065,1153.644433987067,3,0.5192938252901361,0,B,True,False,False,False,False,False
38.62426020524616,12,0,10.56242103740032,690.8518901147459,2,0.9713122097647033,0,B,False,True,False,False,False,False
114.16756518723147,16,0,3.1427271737117644,1950.585275285236,7,2.1629243045777895,0,B,True,False,False,False,False,False
47.933597022448104,13,0,17.949739289141302,2409.2204540067,6,0.9798946982141037,0,B,True,False,False,False,False,False
8.863673174563136,10,1,30.062143297687317,1022.8365429699959,3,1.7787610645578693,0,B,True,False,False,False,False,False
22.060677314915672,6,1,6.850386504243889,3794.3811649903523,1,0.3901425909988068,0,B,False,False,False,False,False,True
33.89089688863671,1,0,46.42174528089155,730.9155490917299,4,0.33259388376106536,1,B,True,False,False,False,False,False
340.5767404312611,2,0,0.587201970035085,1326.845525680806,2,1.735677350487764,0,B,False,False,False,True,False,False
14.464296517610936,10,0,3.7335099731551935,752.0048092696466,4,0.966030310418477,1,B,False,False,True,False,False,False
16.71212929580673,2,0,7.97704829664448,2404.045130315557,3,1.1071913803505717,0,B,False,False,False,True,False,False
22.80208298817504,0,0,8.286486900235488,1299.0755028620927,7,0.9872040094112916,0,B,False,True,False,False,False,False
235.31226305320436,18,0,23.654464166390866,2472.349124558829,5,1.4693156613627845,0,B,False,True,False,False,False,False
45.90400336600246,13,1,32.73006051026669,950.160813186932,1,0.6079160657113792,0,B,False,False,False,True,False,False
47.4721156172941,16,0,5.4161912614008925,541.0427697369344,3,1.0930045162333228,0,B,True,False,False,False,False,False
144.37301261814258,18,0,15.272990728203272,670.986946755599,2,1.3433925059786842,0,B,False,True,False,False,False,False
402.0916815899287,18,0,12.031946005258261,1960.945294293139,2,0.7267407186226552,1,B,False,False,True,False,False,False
578.0859154488874,20,0,2.9312463798025297,499.44492001905985,3,0.7625028884648767,0,B,False,False,False,False,True,False
352.2447177035735,18,0,5.918671538974851,3604.1069079416525,4,0.5171267989792885,1,B,False,False,False,False,False,True
43.814250444013,18,0,0.29962785616416304,1472.0108241241494,3,0.6207453557392456,0,B,False,False,True,False,False,False
34.68309683853851,0,1,5.431873891858871,424.8878574399543,3,0.36110989282577144,0,B,True,False,False,False,False,False
45.330985697889396,10,0,1.6719757968984241,1561.7128651449996,2,1.4270842738262426,0,B,False,True,False,False,False,False
6.844447709732375,0,1,34.297914332283405,626.0022018626235,3,0.2743241974402991,1,B,False,False,False,False,False,True
10.102624348746316,22,1,34.37616192097741,328.0731703339993,4,0.4663815926121281,0,B,True,False,False,False,False,False
115.19294699532873,6,0,17.100969798827144,1631.6091732353202,1,1.0887635314848108,0,B,False,False,False,True,False,False
8.6873749352656,7,0,74.05713137839462,1250.3590087258292,0,0.8485172577320171,1,B,False,False,False,False,True,False
15.54593920164611,6,0,13.0084001510694,2519.647078732621,4,0.8325384310449093,0,B,False,False,False,True,False,False
68.65090853217478,14,0,3.356256780621486,1500.7061609373154,1,1.3115689065131944,1,B,False,False,False,False,False,True
15.325399447711906,15,0,32.40005864148569,644.1350934101571,0,0.7789274968144968,0,B,False,False,False,False,True,False
27.853077275444402,21,0,3.505386624875994,2565.5757209411554,5,1.0633589577409992,0,B,False,False,False,True,False,False
28.38696940238433,7,0,4.658674026998588,617.9473894602935,4,1.11692608696996,1,B,False,False,False,False,False,True
2.995823012735913,9,1,16.1260941202474,615.1940938779935,1,1.055015688854112,0,B,False,False,False,False,True,False
50.895666488448256,3,0,2.082061295818849,958.949876256636,1,0.7811872385842281,0,B,False,True,False,False,False,False
34.9913170637242,12,0,14.116941793567023,342.99435590921604,3,1.0596307224254622,0,B,False,False,False,False,True,False
41.473315619339104,3,0,5.410488321434097,2435.1140751835896,1,2.128793377231044,0,B,True,False,False,False,False,False
10.335246375039125,18,1,14.755091656768359,957.1353706222371,3,1.0120115864344326,1,B,False,False,False,False,False,True
19.464518870971975,23,0,24.003610782379678,1051.5890277653477,8,0.659079269246419,0,B,False,False,True,False,False,False
32.229452678486716,5,0,7.520284420664368,5986.222589172839,2,1.6329491384250143,0,B,False,False,False,False,False,True
14.71224821323585,15,0,6.030137723440268,1699.372941580552,3,2.633138393399422,1,B,False,False,True,False,False,False
29.298121192459284,23,1,6.023757823257743,455.00014178251143,0,0.6179003602034984,0,B,False,False,False,True,False,False
1063.4830382504902,23,0,6.640414837289807,3187.6229513832645,6,1.5814164756489941,0,B,True,False,False,False,False,False
81.49094533610241,6,0,22.95773048780416,1271.3387459359838,2,0.5921272063546277,0,B,False,True,False,False,False,False
31.989730061978793,12,0,8.446491862950902,449.48422664533217,4,1.8590259861544447,0,B,False,False,False,False,True,False
48.237069996779525,2,0,18.754541575797933,1301.9481158133315,5,0.9511729891464388,1,B,False,False,False,False,False,True
235.7110761961073,20,0,20.19481427648976,1091.8693361905107,1,2.513242117946009,0,B,False,True,False,False,False,False
25.738826410068416,17,0,11.417367354443078,397.34310442114105,4,1.0066964053759533,1,B,False,False,True,False,False,False
74.76116572364265,16,0,9.113086320631487,1391.435103260945,4,2.1267427563798336,1,B,False,False,True,False,False,False
271.39119980403683,2,0,7.132379016169006,1628.250815102304,1,0.7613917046490403,1,B,False,False,False,False,False,True
51.54539233569828,19,0,15.96665176840966,190.33782802145552,1,0.4858192995811032,0,B,True,False,False,False,False,False
41.64888370994965,3,0,10.83775165537335,1036.5168765053436,4,1.0511556977290561,1,B,False,False,True,False,False,False
331.96988190520534,10,0,5.1736485183715075,2978.1404782639174,3,2.1592434916920533,0,B,False,True,False,False,False,False
186.71881983221692,17,0,11.418051641795376,763.7779235625085,4,0.9364452997319102,0,B,False,True,False,False,False,False
103.29027713532882,18,0,16.095184438908333,1503.699673832303,2,2.7158530013289304,0,B,False,True,False,False,False,False
48.249470022153204,7,0,11.797134981415427,1488.8079977181665,5,1.1446157364128895,0,B,False,False,False,False,False,True
13.549315284630703,12,0,0.22703666028548625,165.76183433481597,0,3.3827003877150763,1,B,False,False,True,False,False,False
626.4669757198975,17,0,74.81328179166456,735.2615605051527,0,0.9567129487105921,1,B,False,False,True,False,False,False
206.0929545418668,21,0,21.219479953435897,2333.7547727097585,0,1.6295934530923577,0,B,False,False,False,True,False,False
49.514262795317244,0,0,4.185571818610102,1608.8823269115899,3,1.6401197548515547,0,B,False,False,False,False,True,False
230.03164266703658,19,0,21.447531421135455,2479.105810362407,3,0.8533823787824928,0,B,False,False,False,False,True,False
183.14268269932194,16,0,21.89799893678204,1020.793891917445,2,1.5009182827484515,1,B,False,False,True,False,False,False
26.27203370348355,2,0,13.775427628338853,2837.9533640857203,5,1.0063830033608183,0,B,True,False,False,False,False,False
39.12570503542132,22,0,14.696809689601432,2611.070031810496,4,1.8745203997232436,1,B,False,False,True,False,False,False
139.1763356928731,23,0,2.6376596980539717,4832.536916830848,1,1.2155666267230787,0,B,False,True,False,False,False,False
19.060238927699,6,0,6.980777245355459,3849.097017579028,1,0.6431904467836624,0,B,False,False,False,False,False,True
124.81452798931099,22,0,13.304257434676156,1140.3998733096716,5,0.9474332124036593,0,B,False,False,True,False,False,False
41.56665767400636,5,0,1.2124206630624719,255.15344784690694,1,0.7827926237764397,0,B,False,False,False,True,False,False
22.078185258032047,14,0,57.30379348906212,685.6460639268251,1,0.8323728767136777,0,B,False,False,False,True,False,False
17.808595344780006,6,0,1.6109440704423947,714.0869351516353,4,0.6943031949991478,0,B,True,False,False,False,False,False
41.67727578870622,6,0,7.751486316427034,776.5880564809413,1,0.5762787882627445,0,B,False,False,True,False,False,False
78.72880335952412,11,0,36.72032835302433,625.6471004689226,5,0.7996350202603293,0,B,False,False,False,False,True,False
26.952301821059905,8,0,0.2303031405593438,2991.4402561116194,2,2.236546203082192,1,B,False,False,False,False,False,True
35.55576189766527,8,0,17.244330291479333,1131.0642837989055,5,0.7481237754428556,0,B,False,False,False,True,False,False
68.00145353556336,10,0,7.3746494875631345,1300.9307337674343,1,1.6418917850276225,1,B,False,False,True,False,False,False
1757.7118989003209,9,0,18.947342643163466,888.3703046857894,3,1.878348956084274,0,B,False,False,True,False,False,False
80.87234698218823,9,0,16.355380680267864,587.9121918154682,6,1.05340668057745,0,B,False,True,False,False,False,False
89.55142971916592,14,0,13.630979852524593,1696.9825376269143,4,1.9063373317156753,0,B,False,False,False,True,False,False
54.51882577444157,15,0,30.072991039869173,1186.8526086861336,2,0.5037748857584036,0,B,False,True,False,False,False,False
688.697316270655,7,0,0.07544691534724493,2842.6815776180706,4,0.5136699617910218,1,B,False,False,False,False,False,True
5.117697459304022,12,0,2.3686102895851637,3106.4589235228805,4,1.9306700858895782,0,B,False,False,False,False,False,True
14.764136030850345,8,0,23.180492501730605,1358.840787408294,3,1.1032160230095707,0,B,True,False,False,False,False,False
20.042866857420137,13,1,15.117964378900341,1306.7656197134552,2,2.312313112173063,0,B,False,False,False,True,False,False
157.66778519339584,21,0,39.000264361275335,804.9761550204945,4,0.4293240938479147,0,B,False,True,False,False,False,False
31.7014321883377,19,0,8.67011782294231,3110.571796842393,2,2.0678203247200426,0,B,True,False,False,False,False,False
143.2447107390806,17,0,11.968183624656909,2322.6329594607646,5,1.1421977782622552,0,B,True,False,False,False,False,False
2.511049231149597,23,0,14.682220333012703,1722.7353203482367,3,0.7596847642108003,0,B,False,False,False,False,True,False
80.52241492799793,1,0,2.9072042672388365,970.4255436459584,2,1.7471413985143374,0,B,False,True,False,False,False,False
12.411570019841001,22,0,2.3234052969777963,1524.0371913887184,5,0.4459854467913975,0,B,False,False,False,True,False,False
156.86555405600896,8,0,4.389800237550686,1858.9830678728067,5,0.526070638546292,0,B,False,False,False,True,False,False
14.938067420337202,9,0,7.3131236804482205,600.6637849110926,7,1.3561198042408227,0,B,False,True,False,False,False,False
21.237377302023695,19,0,10.033027364055355,1225.921206416959,1,0.3124039895569635,1,B,False,False,True,False,False,False
10.441567903925103,10,0,9.366332377517155,536.4851519035773,7,1.1639603467893156,0,B,False,False,True,False,False,False
14.33239863635401,23,0,23.553502425968112,811.8411718815856,1,2.1767034276494384,0,B,False,False,False,False,True,False
52.08939390900027,22,1,2.154627334979017,1621.4746763874712,2,1.3581961578222799,0,B,True,False,False,False,False,False
35.11089160540552,9,1,6.900898974504718,2775.091409007437,5,0.9385472573983804,0,B,True,False,False,False,False,False
22.663046686133455,18,1,43.778212393054346,795.8065767985746,3,1.0329202570149667,0,B,False,False,False,False,True,False
8.185028529307807,0,0,22.172335299208623,379.69213016025543,5,0.5053011287209607,0,B,False,False,False,False,True,False
22.422168759463084,23,0,8.378906855847926,1104.6040172212288,4,0.4539275497755115,0,B,False,False,False,True,False,False
195.24324981967047,13,1,13.056323022347422,1201.174941235259,2,0.9712751376270018,0,B,False,False,False,True,False,False
64.9245146357704,8,0,9.529352976497178,565.7124283744014,2,0.5047274687647942,1,B,False,False,True,False,False,False
86.07470836793468,4,1,7.264560378449926,731.843159835566,3,0.6387948228637919,0,B,False,True,False,False,False,False
287.37095374452116,11,0,2.1370717884758563,1013.7207675898794,3,0.5226876860234276,0,B,False,False,False,False,False,True
161.1401690018042,19,0,2.746116800714719,2296.513860935917,2,1.773539072566338,0,B,False,True,False,False,False,False
243.28449072671768,17,0,5.099368237499376,404.45001156729865,1,1.127174924894299,0,B,True,False,False,False,False,False
68.02219245359208,16,0,6.816695540161047,956.2411420348564,3,1.9277543936749635,1,B,False,False,True,False,False,False
26.886818512904615,19,1,4.348562309410528,3341.865140302414,3,0.30950022054035364,1,B,False,False,True,False,False,False
61.31761308892598,7,0,12.917821430904613,669.8053864556149,2,0.8490536049108022,1,B,False,False,True,False,False,False
62.23078330259687,0,0,13.674233017242805,1642.6999818988286,3,1.9885344146238222,0,B,False,False,True,False,False,False
4.891270944185275,3,0,0.7038077826352964,1094.1136558341743,5,2.196273446022607,0,B,False,False,False,True,False,False
36.05270886160538,11,0,15.732524373443958,1775.6791810567984,2,0.5829315454442635,0,B,False,False,False,False,True,False
198.02922587962044,15,0,9.454506888015889,1112.9356393443106,0,0.8148438630133699,0,B,False,False,False,False,True,False
4.991243504041406,4,0,11.87892443919726,1437.4121369421084,2,0.7164611011076089,0,B,False,True,False,False,False,False
6.661657361752247,17,0,33.56343382745911,2283.2331237494323,3,0.7571763380139329,1,B,False,True,False,False,False,False
15.56678841354588,17,0,3.0379296278374825,1831.287298577669,1,1.3460984718839997,0,B,True,False,False,False,False,False
25.777467563524503,18,0,7.7740319344242295,1883.4756789386045,1,0.47061514671237037,1,B,False,False,True,False,False,False
42.8969775102936,12,0,9.958357841884263,2132.682703645429,3,1.6112497968048534,0,B,False,False,True,False,False,False
500.73907202355286,0,0,13.404463941593901,889.516887801584,7,0.396768827296252,0,B,False,False,False,False,False,True
128.56292398002122,7,0,16.983520654336523,476.25683761923386,6,1.043424321240347,0,B,False,False,False,False,True,False
73.9902804965369,0,0,2.076440742194244,4681.001613288598,5,2.4795755720121013,1,B,False,False,True,False,False,False
43.78091994362321,19,0,20.733329665743835,1467.0700117129302,3,1.2507701515296799,0,B,True,False,False,False,False,False
48.828845182986896,6,0,3.746910921162574,2759.8971498143233,2,1.5025087624715985,0,B,False,True,False,False,False,False
159.81073678765392,18,0,45.296723420858385,204.01002514659407,4,0.5521437732660051,0,B,False,True,False,False,False,False
229.235024086681,2,1,1.6753323209506688,4188.999675532757,4,1.049183262203108,0,B,False,True,False,False,False,False
22.47277840347679,20,0,64.81684863704201,679.8213130034501,2,0.7635534878985323,1,B,False,False,False,False,False,True
89.99494221879594,17,0,39.46308421622192,1304.764514093428,1,1.1772467869213024,1,B,False,False,True,False,False,False
66.33919662740334,20,0,33.0003445310424,779.49135270442,4,0.6268833603452668,1,B,False,False,True,False,False,False
199.46092135150377,17,0,0.46184533010388784,295.11300389701404,3,1.971405739603047,0,B,True,False,False,False,False,False
310.499656890944,23,0,3.374564313163024,1315.3398978460016,5,1.1600883516219995,1,B,False,False,True,False,False,False
83.98746449152705,20,0,12.583141827592716,3893.285747279907,8,1.2867738480585904,0,B,True,False,False,False,False,False
44.75274604981268,5,0,19.16220939651278,774.0204470335609,2,1.252870912358355,1,B,False,False,False,False,False,True
8.209366051560929,19,0,19.90686220541783,739.3490236959133,4,1.0729749066204313,1,B,False,False,True,False,False,False
14.093977132500216,13,0,0.7085551288412866,3306.0314973197083,4,1.4034385867416788,0,B,True,False,False,False,False,False
70.68011354642113,6,1,17.506365345947177,1299.2693960751365,6,0.4383723479395785,0,B,False,False,False,False,True,False
227.8488909517827,10,0,10.288223241252478,582.5679458471747,3,1.9517630186457273,1,B,False,False,True,False,False,False
416.94381344867134,20,0,5.644286236775973,676.3696913960121,5,1.67338679031048,1,B,False,False,True,False,False,False
3.9236803637685016,4,0,17.543748479717866,830.358958913898,6,0.6871333309320004,0,B,False,True,False,False,False,False
32.064933484298955,12,0,4.329518501472925,2011.5366340198982,1,0.6671989232444375,1,B,False,False,True,False,False,False
72.0341564550423,12,0,15.535574012152537,270.98875777931124,1,0.7949902327046703,0,B,False,False,False,True,False,False
155.46126111403186,0,0,14.207380976008661,1031.7491982069253,1,1.123204022433846,1,B,False,False,False,False,False,True
33.6891549372058,1,0,13.415172971822045,1196.9937644904335,2,0.4492818487633292,0,B,False,True,False,False,False,False
38.066441176036065,17,0,11.417372563493497,1681.6749685452182,3,0.6787278123482036,0,B,False,False,False,False,False,True
66.46867171246299,3,0,4.773272504853713,1497.402134022719,3,0.5310056146578073,0,B,False,False,False,True,False,False
5.6197345126767955,13,0,3.366873353070117,854.0342102792931,4,2.4039525814552882,0,B,False,True,False,False,False,False
34.11300083714015,4,0,7.247260135092544,437.7235369476536,2,1.4073031827773577,0,B,True,False,False,False,False,False
32.2298609444455,15,0,53.02382844859254,1610.9125958087816,2,0.9298325823434562,0,B,True,False,False,False,False,False
84.22390620717891,19,0,23.234343291020444,2541.5817749177595,2,0.7023203300452509,0,B,True,False,False,False,False,False
92.41866809138321,2,1,7.276519162272096,669.9222052179448,4,0.6163335850574505,0,B,False,True,False,False,False,False
25.18888347714981,19,0,17.265051211548293,582.7479082915324,9,1.8275315093637186,0,B,False,False,False,True,False,False
53.61506872690964,13,1,4.9438118116973975,996.9671578060111,1,0.6901547485781665,0,B,False,False,False,True,False,False
59.173314245413465,4,0,3.6250844153590305,1734.7434460826653,7,1.8330638721787003,0,B,False,False,False,False,True,False
38.729278541506226,11,0,13.137921019977277,1031.0292126319532,1,0.16921903726438856,0,B,False,True,False,False,False,False
185.8675502567864,12,1,4.438980126433293,2581.5210342792966,4,1.533487874384328,0,B,False,False,False,False,False,True
43.91571483578032,15,0,11.860986392008668,1584.5595230107997,7,1.370673900281547,1,B,False,False,True,False,False,False
714.4043915651197,15,0,1.25477603943165,1256.9567321889385,3,0.9892325566323068,0,B,False,False,False,True,False,False
20.739565039700068,18,0,27.02186314348905,254.67757471224112,8,1.278456593854058,0,B,False,False,False,False,True,False
134.6564682083804,21,1,7.217923180275878,2534.8834523966007,1,0.7058713058437706,0,B,False,False,False,True,False,False
202.2469275553994,3,0,0.23465652856066585,163.31657021538166,4,1.652733029935306,0,B,True,False,False,False,False,False
14.224231431346453,12,0,47.6466544250425,208.97426271279096,4,2.0539780361310958,1,B,False,False,False,False,False,True
100.07770056369105,17,0,11.822631855625206,683.0313029203595,3,0.6500934834626643,1,B,False,False,True,False,False,False
287.7115102698988,12,0,37.1320042881154,2603.7907354087397,2,1.769302709565878,1,B,False,False,True,False,False,False
111.56255839734092,11,0,3.122243232768215,1194.5668363113532,2,1.0426594342726418,0,B,False,False,False,True,False,False
3.559775788382955,18,0,5.355341971957732,874.9564826073453,3,0.4565333412620029,0,B,False,False,True,False,False,False
148.09303688778613,16,0,7.247542137182548,1100.350413109829,3,1.6686478808140093,0,B,True,False,False,False,False,False
96.82285570907082,9,0,3.2607135336800255,2796.198289280193,2,0.7201825178321596,0,B,True,False,False,False,False,False
101.21395295493076,6,0,9.076629654646778,207.56189784560988,3,1.0415142992207824,1,B,False,False,True,False,False,False
39.49852697418822,20,1,4.957530149452951,1128.3295539810915,4,1.5932678680979246,0,B,False,False,False,False,False,True
16.993747405471307,13,0,2.0102444017025047,582.8302623655853,0,1.7394039677551738,0,B,True,False,False,False,False,False
395.4679002219122,6,0,1.274958999738901,710.88859462141,2,0.5052277441542865,0,B,False,False,False,True,False,False
244.4037889709566,20,1,4.476680371852719,2574.7822419247145,8,1.014420764889563,0,B,False,False,False,False,True,False
246.12012590216412,0,0,59.63211715143727,496.56051180830303,1,0.5606860201231773,0,B,True,False,False,False,False,False
41.36109908466361,13,0,4.4411235466948,594.9831963447922,6,0.668884753594181,0,B,False,False,False,False,True,False
73.97126487709323,2,0,29.012445398677084,1265.232407421084,6,1.5503211536607007,0,B,False,True,False,False,False,False
116.74137004945207,8,0,9.217481290558858,612.5219413285255,3,2.2462842893442643,0,B,False,False,False,False,False,True
73.05692908394289,10,1,4.362456282007412,3029.444442770486,2,0.5674244012178533,0,B,False,False,False,True,False,False
63.57810973283575,22,0,25.960513915614012,1774.3524400339923,5,0.5033311003716612,1,B,False,False,True,False,False,False
145.97785037443322,14,0,21.091626048569385,714.3493060297245,2,0.6496018292641054,1,B,False,False,False,False,False,True
23.048139778135283,22,0,14.41272004369438,3300.8281674838786,5,0.7286073317397387,0,B,False,False,False,True,False,False
336.7972124941362,4,0,5.063690353027306,2150.4999557996775,3,0.6743390319093312,0,B,False,False,False,True,False,False
58.15154667475573,18,0,21.54429974189995,2578.7489391575577,2,1.9887901171047515,0,B,False,False,False,False,False,True
21.364663855208224,3,0,0.29393426350852003,562.5638681650229,4,1.6857127195126842,0,B,True,False,False,False,False,False
19.409438956174842,19,0,4.924193658341592,2306.924420930546,2,3.0283576515705515,1,B,False,False,False,False,False,True
7.231032813674456,12,0,29.68393659890161,433.7133721791248,1,0.9489258328033092,0,B,False,False,False,False,False,True
105.14234188736341,5,0,3.9982926080961025,1756.7100150235976,7,1.452108235031164,0,B,False,True,False,False,False,False
21.99734515090688,21,0,14.898773683406986,406.54909505837253,4,0.5565527497836157,1,B,False,False,True,False,False,False
62.24157655717967,6,0,9.787870311517803,419.07735483516484,2,0.7551023885629179,1,B,False,False,False,False,False,True
73.15460316002539,15,0,8.406086623243311,970.8655473977726,4,0.728797450655053,0,B,False,True,False,False,False,False
2.175163458725387,7,0,17.385240340032613,980.2047886213404,4,1.1898300879172021,0,B,False,False,False,False,True,False
40.11307810019927,23,0,0.583386679770454,1120.5281179369656,4,1.064824915529157,0,B,True,False,False,False,False,False
620.2240342468971,8,0,10.333763836709196,1430.309209900462,5,0.3691722024651602,0,B,False,True,False,False,False,False
123.83530231177802,8,0,8.698355124980889,1228.3760818470953,6,1.4185506136252786,0,B,True,False,False,False,False,False
77.23409031638532,18,0,20.84225944394702,2964.0091472772233,4,1.2976193380239636,1,B,False,False,True,False,False,False
34.97296971612377,22,0,8.336878542757542,910.1272876613288,1,1.6327804148557157,0,B,False,False,False,False,True,False
1.7856206804092465,18,0,35.27000409387583,935.7450963423701,1,0.8703965638068482,1,B,False,False,False,False,False,True
61.58067848497898,20,1,73.67728435624203,420.8065815259692,2,1.1994652851293908,1,B,False,False,False,False,False,True
70.92472786322674,10,1,31.287573179649023,959.537693721736,0,1.2780683266772424,1,B,False,False,False,False,False,True
16.813506865444026,15,1,23.85510921033152,410.27485198010174,1,2.970068561149461,0,B,False,False,False,False,False,True
18.854087330969627,8,0,18.934781937891714,607.7102459490842,4,0.41156837562589915,0,B,False,False,False,False,True,False
28.73173842712186,14,0,12.342812986457183,632.9669699079334,6,1.7967322459202535,0,B,False,True,False,False,False,False
71.03526599451624,10,0,23.187065072720266,1132.4076782075056,0,1.40792928731585,0,B,True,False,False,False,False,False
7.577600886167945,7,1,13.852970509152339,2137.557214666854,3,1.219165735717541,0,B,True,False,False,False,False,False
5.353407694222592,2,0,49.014495102566364,510.54383561918286,0,0.9692127199213932,1,B,True,False,False,False,False,False
129.2621206213667,13,0,33.03698949917635,4098.820545037184,4,1.1759620478058896,0,B,False,True,False,False,False,False
28.78741060599939,5,0,12.8855510832364,1657.1636217285286,4,1.0927708826318945,0,B,False,False,False,True,False,False
247.62544738535516,4,0,8.29930962529509,575.1082538745732,1,1.1415309260349231,0,B,False,True,False,False,False,False
15.359185539092405,10,0,3.28996119540734,2857.4456787807985,2,0.6722966549882422,0,B,False,True,False,False,False,False
44.0724242674165,9,0,4.210451597021271,936.0499951494479,3,0.7837521859484574,0,B,True,False,False,False,False,False
210.73307661620723,19,0,3.7037767994103574,933.4119712152307,7,1.061576178228275,0,B,False,True,False,False,False,False
233.3710086644513,10,0,33.330371594393554,614.6408190274011,3,0.4976333808953355,0,B,False,True,False,False,False,False
58.979353032562436,5,0,37.29909371048535,1628.9280672101409,2,1.2749904850691953,0,B,True,False,False,False,False,False
13.402691525525114,7,0,5.787918406769594,549.7746214074891,4,0.9470710629157818,0,B,True,False,False,False,False,False
5.956344471090304,23,1,18.154995688177358,526.1331302675735,1,0.6495176464445487,0,B,False,True,False,False,False,False
48.50485293940938,13,0,1.9972059099415516,263.34122018517013,4,0.9132980851153238,0,B,False,False,False,False,True,False
161.2167389916223,12,0,12.363338843497504,2426.2712748666754,1,1.4027348162054194,1,B,False,False,True,False,False,False
21.145873008586015,2,0,5.337516831591069,772.2117474386835,3,1.0138258690835422,0,B,False,False,True,False,False,False
134.4071983252439,5,1,45.10985697172024,4421.872635526471,1,1.2841728801063006,0,B,False,False,False,True,False,False
7.645586608851621,16,1,2.193780101064634,1677.7775870840462,3,1.0691791907024617,0,B,False,True,False,False,False,False
56.44367584233836,0,0,2.176858373930697,2213.4182683796107,8,1.3721639687099751,1,B,False,False,False,False,False,True
148.96919455528652,10,0,22.128842385026946,2481.169598207582,4,1.67509877106187,0,B,False,False,True,False,False,False
173.58275807137997,0,0,5.6081544839447846,1247.8638530396524,5,0.4806241069470824,0,B,True,False,False,False,False,False
75.22618818800885,13,0,4.420921618564432,1598.83390430199,2,0.673749431098075,1,B,False,False,False,False,False,True
32.05184846615414,8,0,3.5272187184978745,2653.8724865347544,5,1.0580212570417395,0,B,False,False,False,True,False,False
24.06956851266476,9,0,4.374511767766561,1677.8788054631132,4,0.9172402879185134,0,B,False,False,False,False,False,True
7.431587279594886,11,0,67.80414642032252,618.0841257103646,2,0.7113369953177661,0,B,False,True,False,False,False,False
29.375789943860703,20,0,9.069982394980697,697.1012570473692,1,0.3165050931604909,0,B,False,True,False,False,False,False
322.147674683496,22,0,4.320387688184247,1264.9452581774158,4,1.941129525938434,0,B,False,False,False,False,True,False
42.877328559762475,3,0,0.9794633583334688,427.5440064068351,3,0.6294304613622719,0,B,False,True,False,False,False,False
59.65030111537218,17,0,1.9368326739921908,782.553773219882,7,1.5775301612419297,1,B,False,False,True,False,False,False
75.46259848393572,10,0,16.041028066519598,796.4055733183247,1,0.5834997806699552,0,B,False,True,False,False,False,False
35.28423595748379,21,0,4.5253398511004415,397.03303442372635,5,1.5452607212063627,0,B,False,True,False,False,False,False
153.5459047589193,15,0,12.175330543427227,1384.112448476249,7,0.44040827086144224,1,B,False,False,False,False,False,True
66.47298164213868,17,0,12.068080780015993,2222.9443494394854,2,0.7566746233041121,0,B,False,False,False,True,False,False
44.05229969012384,6,0,6.7403944106206275,1518.9606688966064,0,0.5340402744668684,0,B,False,True,False,False,False,False
22.614295178652146,19,0,18.74675077920797,231.32184027959653,6,2.6414738617857476,1,B,False,False,True,False,False,False
135.33074423658317,3,0,0.5077655148672683,563.5787500449912,5,0.7623683512076902,0,B,False,False,False,True,False,False
68.84801688561137,1,0,8.095237441049743,2393.1784447952523,4,0.7326323979165272,0,B,False,True,False,False,False,False
55.59636999548949,8,0,8.541397432966848,1779.3663369707574,6,0.5510561839258031,0,B,False,False,False,True,False,False
51.64523437293116,11,0,1.994871772949567,2313.223427911293,2,1.3550133750800286,0,B,False,False,True,False,False,False
94.51097892957486,18,0,0.2310810322762402,683.7616275200018,3,1.2125021348677827,1,B,False,False,False,False,False,True
16.647439264635253,21,0,11.458676818913652,1011.2312739780766,5,1.7210757028622021,1,B,False,False,False,False,False,True
15.71984586552896,8,1,5.2368317487339855,3880.4414596927445,4,1.3803075865823975,0,B,False,False,False,False,True,False
83.51481531584561,23,0,40.36187784158887,511.9504307916274,1,0.8445245787702333,1,B,False,False,True,False,False,False
141.3125026662528,22,1,18.346768701548964,1011.404342487907,3,0.4391600753449208,0,B,True,False,False,False,False,False
8.811591352747573,9,0,1.383641876433797,1289.274759072813,2,0.6681352550706142,0,B,False,True,False,False,False,False
119.18537693369807,8,1,15.982371582769332,837.8231417369864,6,1.152567813866105,0,B,True,False,False,False,False,False
257.28517636865024,4,0,31.222333254878958,838.0240880816167,1,2.1797422223636844,0,B,True,False,False,False,False,False
4.419673445114563,22,0,47.16075509882912,9023.875303521032,4,2.446269773540868,0,B,False,True,False,False,False,False
24.635427816283173,20,0,5.624566309035709,1318.7443807667842,4,0.5779888779798917,0,B,False,False,False,False,True,False
56.68912213052977,0,0,8.643053380043312,1776.6544097683864,1,0.9698241131543871,1,B,False,False,True,False,False,False
1013.1249940998551,15,1,15.546354841118932,3729.359873996472,2,1.0560091324051222,0,B,False,False,False,True,False,False
38.49289929092484,22,1,36.03334764794108,545.8283257689202,3,1.125773161996404,0,B,False,False,False,True,False,False
33.986082002679765,8,1,16.907395300478775,694.9541369647281,2,1.0900201094264015,0,B,True,False,False,False,False,False
78.81782190048706,4,0,7.273364091258785,324.766095922973,4,0.6385801227419224,0,B,False,False,False,False,False,True
19.394072410042593,3,0,1.4180380413668325,741.4508852526628,5,0.9507614330272345,0,B,False,False,False,True,False,False
54.511027321323056,4,0,2.335941569418736,1062.2135109011624,2,0.7838835467374801,0,B,False,False,False,True,False,False
45.50107100043575,3,0,11.905392653920428,1174.4745756893883,2,1.072406740926217,0,B,True,False,False,False,False,False
269.36573326154024,13,0,4.083937102789697,1361.9524830202706,4,1.990581375533097,0,B,True,False,False,False,False,False
53.17569290112267,7,0,8.956059169586284,1013.7349159292963,3,0.9879909755921429,1,B,False,False,True,False,False,False
955.3416955944815,12,0,7.847430220422439,1619.1873531461215,3,0.6697042038819604,0,B,True,False,False,False,False,False
11.1007984206173,20,0,12.677201164538948,1509.166434879658,3,2.1697234749610224,1,B,False,False,True,False,False,False
44.91775502204667,10,1,6.085041012163407,556.8688570933848,3,1.0399276252229508,0,B,False,False,False,False,True,False
57.423832846808914,20,0,9.259930294776497,1923.6311354390693,2,0.9820394367758308,0,B,True,False,False,False,False,False
60.21159091501919,20,1,13.08320679399894,2940.3340989538146,3,1.0909518972053722,0,B,True,False,False,False,False,False
10.341338338900838,22,0,13.524154802133703,3179.3158444681217,4,1.1735676693196762,1,B,False,False,True,False,False,False
79.6668862020668,13,0,9.46319487055927,1254.8986085871113,3,3.033417334385288,0,B,False,False,False,False,True,False
7.275912484598313,9,0,18.782175909828474,2386.1604630245197,5,3.3432859048675048,0,B,False,False,False,False,True,False
15.296797747611237,6,0,7.4199481739010205,3716.541352265597,4,1.2934346125273943,0,B,False,True,False,False,False,False
22.78236451665016,18,0,23.26672474123739,2004.530575872302,6,1.3739271040587624,0,B,False,False,False,True,False,False
112.976061499196,16,0,62.6094249017634,818.3406972254201,7,0.8836554725090797,1,B,False,False,True,False,False,False
124.07229351137647,23,0,21.36101039018888,1809.915375952607,2,0.5910035181535241,0,B,False,False,False,False,True,False
76.79350740703852,3,0,22.706006649769574,1394.934279087952,5,1.9923997288698838,0,B,False,False,False,True,False,False
31.411014049118613,19,0,30.865968509748363,3024.14452154363,2,0.3783706849587439,1,B,True,False,False,False,False,False
175.0857464132513,13,0,1.6387178812913157,1570.3149271292334,3,0.9841472413907424,0,B,False,False,True,False,False,False
33.99600681787115,22,0,12.353579174805702,1196.717875246801,5,1.7673546207836102,0,B,True,False,False,False,False,False
16.431698934522373,11,0,16.71557916405569,2456.2773702328113,4,1.2918306600799903,0,B,False,False,False,True,False,False
145.27136069918015,10,0,37.02355648035652,1763.0818288656164,3,1.6896500750080152,0,B,False,False,False,False,True,False
3.4285269193869214,22,0,26.88506275276299,4166.785760945731,1,0.7719834208995572,0,B,False,False,False,True,False,False
55.56094557435977,23,0,7.393779845234906,1272.4209283006962,5,0.9178990831101268,0,B,True,False,False,False,False,False
26.108551880204764,0,0,5.60893120669339,4604.788334247913,1,1.4167850590873141,1,B,False,False,False,False,False,True
112.5733095145969,8,0,5.268628121840586,1713.5790694480493,2,0.987384567485171,0,B,False,False,False,True,False,False
64.84337704034954,0,0,4.319310574444837,1695.554058779048,6,0.712272768396818,0,B,True,False,False,False,False,False
48.500023376705016,9,0,5.549127778155608,684.7507765543214,6,1.6717492180168967,1,B,False,False,False,False,False,True
11.398775609919738,10,0,19.87183668769177,486.4850077113844,2,1.2371605527417542,0,B,True,False,False,False,False,False
59.286057556660275,4,0,1.8413300168110975,4352.738837935179,3,0.5909581520315479,0,B,False,False,True,False,False,False
80.43990292162188,8,0,19.90061439139675,954.6687432543544,3,0.5711688023018912,0,B,True,False,False,False,False,False
34.51908458588986,2,0,3.241992079954518,2450.644810906646,2,1.027917998573932,0,B,False,False,False,False,True,False
51.401613696998155,1,0,14.674318071714898,379.7156018668381,3,0.7775313281068962,0,B,False,False,False,True,False,False
131.63096323209464,17,0,13.59513867145807,963.8278884678527,5,0.9131053868176506,0,B,False,False,False,True,False,False
26.80418283931803,13,0,13.470080575896203,2665.7398536709566,1,0.5950766554255442,0,B,True,False,False,False,False,False
9.54826984976116,22,0,5.5806747058317425,2339.6969228722055,3,1.5071985866968602,0,B,True,False,False,False,False,False
145.1337075091381,4,0,2.4367774169038063,1545.1508881284872,0,1.7824444607323873,0,B,False,False,False,True,False,False
98.19480180993132,23,0,23.54987776028157,718.4767924061522,4,0.5716293739557899,0,B,False,False,False,False,True,False
128.19145177604616,13,1,4.15184424134785,1393.8356663252832,4,0.5564127401955423,0,B,True,False,False,False,False,False
26.30100079435788,4,0,1.2429550815275938,843.3162501041635,4,1.9020902301658755,0,B,False,False,False,True,False,False
54.74862539844441,1,0,2.58968971431917,1165.4185623193985,2,1.6302450964562853,1,B,False,False,True,False,False,False
75.89335445441012,6,0,1.8177817797093505,816.0450215245238,2,0.6852747690943175,1,B,False,False,True,False,False,False
120.47531847455853,22,0,18.821028900787773,100.19189883081592,2,1.2796542382240308,0,B,False,False,True,False,False,False
88.77163630344222,17,1,20.50967960236066,402.0207638096938,0,1.0039321189658972,0,B,False,False,True,False,False,False
27.241324782697237,15,0,6.185628690060458,1919.879310591648,3,0.6884006423674107,0,B,False,True,False,False,False,False
58.31717298784091,21,0,21.708358393563113,1107.8678260501615,2,1.4114877716983312,0,B,False,True,False,False,False,False
12.731054342094064,4,0,27.342179516816255,2661.1836397283614,5,0.9218760908394401,1,B,False,False,True,False,False,False
66.03022235516703,19,0,9.726881074634214,468.21369051032605,3,1.1279213969768689,0,B,False,False,False,True,False,False
454.28283942218053,11,0,26.31418592258137,3138.93704664232,2,1.6866650995623502,1,B,False,False,True,False,False,False
6.252329919661775,12,0,10.516755367300295,1728.2793162045707,2,0.5745653406910596,0,B,False,True,False,False,False,False
41.4881148541275,7,0,24.85420788335036,310.617177629765,6,2.2887883392686716,0,B,False,True,False,False,False,False
41.23845430223642,13,0,8.727568946724032,1404.5527211712456,1,1.0179430967912833,0,B,False,False,False,False,True,False
65.57448058816412,23,0,0.9110725206282956,1720.2623120319001,1,1.4080676386203392,0,B,False,False,False,False,True,False
36.00643638881897,4,0,3.7328028434583085,1046.2351457700354,2,0.5312808914399494,0,B,False,False,False,True,False,False
12.735636083687295,3,0,5.4285109039837955,5092.189393077405,1,1.2912463193137358,0,B,False,False,False,False,True,False
81.24545539356296,8,0,8.711327533185354,964.1012531038854,2,0.48035331195513825,0,B,False,False,False,False,False,True
119.20066307102826,14,0,9.651365127847901,302.83443033699643,0,1.1648838340254761,1,B,False,False,False,False,False,True
264.44201995412084,13,0,55.70919720322868,1655.487786545241,1,1.0200607446040681,0,B,True,False,False,False,False,False
90.37581230121347,4,0,9.675016369113171,732.9812677219584,4,0.6011174540062376,0,B,False,False,False,False,True,False
174.95153072949304,14,0,6.967112228366292,1170.5402032987627,1,1.1416941361667954,1,B,False,False,False,False,False,True
19.076359245384012,3,0,6.710925992199059,902.7949403810401,3,0.6460865234659933,0,B,True,False,False,False,False,False
25.16489199306578,17,0,32.55880691642809,2034.32753262004,2,0.6469013271246893,0,B,False,True,False,False,False,False
5.447690572093812,21,0,7.290085576749408,403.38924444691764,2,1.1283576260418744,1,B,False,False,True,False,False,False
152.62595445446772,4,0,23.066405764623727,2418.0207627759414,5,0.7023126415793658,1,B,False,False,True,False,False,False
44.41403723273219,21,0,4.299244068260904,1491.9592455966604,3,2.3013683781653347,1,B,False,False,False,False,False,True
78.49732096765578,16,0,8.403571632253898,1961.516056617418,2,0.8786797286312161,0,B,False,True,False,False,False,False
142.99720065738367,21,0,12.795236992117921,158.34603904397207,5,0.8994220504421435,0,B,False,True,False,False,False,False
176.50907658333654,20,0,12.466926968832766,3849.652301112358,3,1.374030258616907,0,B,False,False,False,False,True,False
28.834071023919602,13,0,12.996509061975537,434.33538380125196,3,0.6994715037935976,0,B,True,False,False,False,False,False
24.02607786594732,22,0,20.282177361048145,2504.604036568848,1,0.920606223344974,0,B,True,False,False,False,False,False
32.37364445151667,16,0,10.703718963591873,359.42839517898886,3,1.0556509489758634,0,B,False,True,False,False,False,False
15.226379582418764,18,0,3.0366384457291917,709.4723365354266,3,2.6643556251509115,0,B,False,True,False,False,False,False
65.1131348365531,12,0,13.051029144556908,1477.4731110838907,3,1.0680709273164701,0,B,False,True,False,False,False,False
188.45715398033997,12,0,5.307317500217099,803.7082202778105,0,1.7642760042631898,0,B,True,False,False,False,False,False
5.9585347103684425,12,0,5.361568620455042,1011.9242578527866,0,1.8361522908813426,0,B,False,False,True,False,False,False
33.87406471688349,1,0,2.0648159014618996,306.9703793923096,5,0.39751360431146565,0,B,False,False,False,False,False,True
10.815367996528103,14,0,36.11576359486679,2655.5531806972863,4,0.4636831467628732,0,B,False,False,False,False,True,False
19.748198142497404,21,0,1.006228052272621,1137.958303775143,5,1.1906529368502026,0,B,False,False,False,False,True,False
31.043654889349675,0,0,0.5769254683742489,3812.575601790598,5,0.8018657511416067,0,B,False,False,False,False,True,False
246.01870865977403,14,0,19.358865992012507,3252.227573639169,2,1.1380953356020058,0,B,False,False,False,True,False,False
407.834742175277,15,1,18.303837601799856,566.1925706607648,2,0.6618668038211154,1,B,False,False,False,False,False,True
132.40658795110255,10,0,6.4739290804164416,1189.1633284663983,6,3.107956443050251,1,B,False,False,True,False,False,False
61.635250948776445,2,0,20.2392710725026,1632.9219078611584,3,1.1670638933044994,0,B,True,False,False,False,False,False
63.60835056095383,19,0,10.03394213440143,1251.1265414074708,1,1.6247966577953723,1,B,False,False,False,False,False,True
134.31832731189115,21,0,19.543469550253544,732.1986921211286,2,1.6072441167180886,0,B,False,False,False,False,True,False
141.91843097578516,20,0,11.836922595633379,1108.4123040760826,8,1.8392846509613445,1,B,False,False,True,False,False,False
115.32767757488756,13,0,19.776787183522018,505.90921410949005,5,1.3428773088756463,0,B,False,False,False,False,False,True
182.70458353885516,20,0,22.22027976431997,1775.1635275866788,2,0.6763330724978852,0,B,True,False,False,False,False,False
24.976484127431732,4,0,5.001984796654003,1652.1712891749655,2,1.991421422108148,0,B,False,True,False,False,False,False
44.20174429167973,16,1,7.297898714850381,374.7354077425329,3,2.0599323668994387,1,B,False,False,False,False,False,True
132.05763503675072,23,0,10.531097013789653,7697.3541563592335,4,1.1339251811958209,0,B,True,False,False,False,False,False
31.039546757385605,1,0,3.1708388393792597,1363.6818100063256,7,1.3336801814924382,0,B,False,True,False,False,False,False
809.7011101046145,21,0,52.76873305508351,668.918275842432,3,0.5423988347878093,1,B,False,False,False,False,True,False
122.42818899325106,6,0,38.68255887025592,655.7372455898992,2,1.5214683541907315,0,B,False,True,False,False,False,False
33.657959905670296,9,0,22.507265292967446,3464.324812672809,3,2.059283592470631,0,B,False,False,False,True,False,False
420.1462494528075,9,0,3.315082566038453,293.21153691774623,2,1.2499498673547615,1,B,False,False,True,False,False,False
139.33225477177268,19,0,9.052012577228911,1344.9489145938655,3,0.785268766968598,0,B,False,True,False,False,False,False
22.598510685183847,7,0,39.317880962696165,3438.1999037115834,2,0.5071049584262523,1,B,False,False,True,False,False,False
69.99916426294243,0,0,14.209452165872507,282.7246837549694,4,0.7902038348002502,0,B,True,False,False,False,False,False
20.79185287876839,15,0,7.302562621830116,585.9076446953667,4,0.5309461107559437,0,B,False,True,False,False,False,False
91.23899819211285,8,0,1.440848375238737,1086.7069627828378,2,3.0237980260285275,0,B,True,False,False,False,False,False
15.281857070138392,15,1,1.5827872817834696,1357.9085721738109,3,1.1456371087726038,0,B,False,False,False,False,True,False
64.19631935534127,19,0,17.01173491821259,2015.0187720428173,4,1.458725340574334,1,B,False,False,False,False,False,True
50.47542014400441,14,0,5.599268099940531,685.267742298025,4,0.363862328112901,0,B,True,False,False,False,False,False
94.24112961446781,8,0,10.299448350774085,1074.3636765255121,2,0.8670122240023608,0,B,False,True,False,False,False,False
112.89837222115565,11,0,20.888577216168397,6655.648267064748,2,0.572493874714972,0,B,False,False,False,False,True,False
111.99565100288851,1,0,3.0284128179468386,1625.3584772854722,2,1.7415377442159379,0,B,False,True,False,False,False,False
67.49931076300253,9,0,1.212259692053836,287.0011112458197,6,1.3749253578581524,0,B,False,False,False,True,False,False
16.243615546567586,23,0,7.089578347273685,662.2363460453392,0,0.25601563675842803,1,B,False,False,True,False,False,False
69.6022933296285,20,0,2.658808707138859,194.5380916639128,6,1.3605345498385153,0,B,False,True,False,False,False,False
37.65914513815719,22,0,10.711159968148971,1374.3998000807208,2,1.5197051439329694,0,B,False,False,False,False,True,False
370.1473162143516,15,0,12.070141546449838,543.4670936364581,5,0.6689199740682604,0,B,False,False,False,False,True,False
126.54549928845523,4,0,1.7576687888670144,380.7411563808184,0,0.8838354080548855,1,B,False,False,False,False,False,True
6.845137173350995,12,0,23.616833706812884,373.05819288568546,2,0.9945884565106694,1,B,False,False,True,False,False,False
72.8352938452557,21,0,0.35420079171547303,4502.938710576966,1,0.9586482268897539,0,B,True,False,False,False,False,False
1024.0239483070138,6,1,6.326986255269593,1566.8495824485958,5,0.9760338349192115,1,B,False,False,False,False,False,True
18.299440010415005,8,0,0.7188776941037409,442.2313302461933,4,1.377574085591607,1,B,False,False,True,False,False,False
108.2872326039587,21,0,18.418390655097873,770.5330070484267,1,1.1093374464522443,1,B,False,False,True,False,False,False
32.864535347183,16,0,31.619495603870945,1563.7908212230122,3,1.5449474213337402,1,B,False,True,False,False,False,False
380.3105866083278,16,0,6.419566395448569,738.2458602723535,4,1.8371699498136667,1,B,False,False,False,False,False,True
24.567498064887243,16,1,5.967158226198698,1573.089141664972,2,1.2772261102505051,1,B,False,False,False,False,False,True
47.34959440884764,4,0,17.777975904946135,1040.3207125449646,6,1.1363180519277505,0,B,False,False,False,False,False,True
115.42361590507565,5,0,30.781486671737998,1793.5780400870112,5,0.4015017996488608,0,B,False,False,False,False,True,False
11.039421406408719,5,0,32.7246870342755,1219.4739965050096,3,1.0046329390585622,0,B,False,False,False,True,False,False
44.91252648840294,8,0,13.165984585987122,783.2039441953385,3,1.033048739094037,0,B,False,True,False,False,False,False
103.7928566195729,9,0,13.521823306673419,1407.588352941429,2,3.1823010612270894,0,B,True,False,False,False,False,False
3.5505915745011705,16,1,14.48873111275388,590.0834593979127,0,1.2798968931437642,0,B,False,False,False,False,False,True
151.61472211116282,2,0,10.642496791123454,850.3189847481669,2,0.6407975280764564,0,B,False,False,True,False,False,False
14.0839646724764,19,0,11.354611770909111,1215.531844320354,2,1.8315206335455099,0,B,True,False,False,False,False,False
13.16302750992534,8,0,1.4920034555706052,876.6297625054809,4,1.573988843777064,0,B,True,False,False,False,False,False
251.41611573555738,0,1,60.80444634493026,2312.3585647772843,1,0.768964483740916,0,B,False,False,True,False,False,False
26.671530633292043,23,0,0.9582353624833364,2732.3389483492842,3,0.7470924738596383,0,B,False,True,False,False,False,False
6.570000035427287,18,1,9.819339880936711,387.5818772862056,1,0.7087614621314131,0,B,False,False,False,False,True,False
71.38004189731734,13,1,23.085077663546155,1636.0941841863057,1,0.43019974076237116,0,B,False,False,False,False,False,True
187.2377712340347,7,0,13.1227706664754,1795.0065863757493,5,2.1355735086235494,0,B,False,False,False,True,False,False
20.04342272857711,17,0,1.515871343928925,5140.998115431398,2,1.0267191636652253,0,B,False,False,False,False,True,False
78.7031573047844,5,0,12.159804268420421,6298.1649300804565,3,0.9985882295722617,0,B,False,True,False,False,False,False
55.0233409571831,1,0,35.36278422044386,1267.1873973460133,3,2.0734585402892334,0,B,False,False,False,False,False,True
15.46799160274705,6,0,14.592197613016932,1133.5386537797222,1,0.8830376656690148,0,B,False,True,False,False,False,False
19.148296233431584,5,0,22.665872409272595,1068.9031530779098,2,0.5990448248466345,0,B,False,True,False,False,False,False
115.74054782637432,10,0,9.312307216476011,723.3143070273554,3,1.8241865168607747,0,B,False,True,False,False,False,False
148.596908396512,22,0,5.611563619929686,1614.5086738262742,5,1.0520734304454462,0,B,False,True,False,False,False,False
61.24803305274998,9,0,3.349101805665952,385.66081025123026,5,0.8614136870486975,0,B,False,False,False,True,False,False
1.6304381132647248,21,0,28.378674911034587,1890.6223936777876,3,0.9175730288561562,0,B,False,True,False,False,False,False
555.1647675652439,10,0,18.388769458452625,1218.1071056525384,3,0.8325409512856158,1,B,False,False,True,False,False,False
420.258979513803,7,0,2.9383212826593454,2829.6759562484262,1,1.1087348441379834,0,B,False,True,False,False,False,False
134.87958390084583,12,0,12.03539100735233,651.5599537560927,2,0.6211647433304135,0,B,False,False,False,True,False,False
15.6087731271122,5,0,18.55241094507848,762.7103014026566,2,0.7836019483965825,0,B,False,True,False,False,False,False
12.203170697132999,9,0,12.591156016876651,4232.995874808674,5,2.4649802893889263,1,B,False,False,False,False,False,True
51.198257149397215,17,0,44.78176767712728,146.50540365158494,1,1.0055990731384339,0,B,False,False,False,False,True,False
26.016739901744373,14,0,3.06478808076712,4512.550581005076,5,1.0328116839503825,0,B,False,False,False,True,False,False
217.06904369874823,4,1,18.794530089060927,274.2224963384631,4,0.44251843667901203,0,B,True,False,False,False,False,False
181.64077683121732,10,0,14.377035845053237,3268.368138911605,2,0.6902686962362846,0,B,True,False,False,False,False,False
9.170000041573482,20,0,37.68567352391371,918.7506899970972,2,1.2528299147354012,1,B,False,False,False,False,False,True
224.39841113177,3,1,29.770382525986204,828.7117702277164,3,1.3682831295912197,0,B,False,False,False,True,False,False
41.40168961723034,12,0,15.681481438597393,3399.0259672323537,2,0.8737440521782511,0,B,False,False,False,False,True,False
24.199455342083727,14,0,8.589393138027866,1839.1698790079718,7,1.521389439978563,1,B,False,False,True,False,False,False
50.77287394969262,1,0,2.688456755018882,6004.890844221375,3,1.2931354634050631,0,B,False,False,False,False,True,False
12.932143406863748,6,0,24.358265829656453,13472.116120816918,3,1.239961573224951,0,B,False,False,True,False,False,False
239.83795795906644,5,0,26.097473274573733,504.7881558691714,4,0.8062677514000733,0,B,False,True,False,False,False,False
44.554471262736726,18,1,6.7436774504915045,1508.6416663550458,3,1.4825956640654223,1,B,False,False,False,False,False,True
201.55892980790975,14,0,3.8475461547965,1079.6687576996133,7,1.8220547078417881,0,B,False,False,False,True,False,False
198.0808904417334,22,0,40.25623901860079,1108.9090916484322,3,1.8785669727286625,0,B,False,False,True,False,False,False
28.070197567383985,23,0,9.491932225990084,598.5295037926247,1,1.2728186504598178,0,B,True,False,False,False,False,False
62.38702870046999,13,0,19.989168374717938,197.15561323751234,3,1.0443785836836632,0,B,False,False,False,True,False,False
22.333133993579544,15,0,14.580335646609052,952.9959432387358,1,1.6789444370546251,0,B,False,False,False,False,True,False
260.4944857098616,19,0,18.041215223793344,1614.8672202276487,1,0.8901483372827937,0,B,False,True,False,False,False,False
29.99008905532916,23,0,0.28081297962822,654.4077149467678,3,0.9393555110150353,0,B,False,False,False,False,True,False
120.89652811468282,21,0,14.762455400459142,3242.4187936959406,6,0.7353721768884839,1,B,False,False,True,False,False,False
181.03059963532036,20,0,11.966261380205049,3041.7375542834916,3,1.0819395277260277,1,B,False,False,False,False,False,True
389.6892836961298,23,0,21.005395432011653,924.4680485675549,1,0.6994534505988357,1,B,False,False,True,False,False,False
198.3023377851143,21,0,41.644146238048315,704.9880872323065,3,0.4197185782224178,1,B,False,False,True,False,False,False
39.029200056230344,9,1,26.572663719500483,4160.736187429244,7,1.6873352223806528,0,B,True,False,False,False,False,False
312.85045675008496,23,0,8.755711460626522,1539.6334057870936,2,3.2895450638725983,0,B,False,False,False,False,True,False
195.75235918987624,5,0,13.579536551957556,527.1826582519504,1,0.6234979999837684,0,B,False,False,True,False,False,False
9.918604002412534,14,0,4.088406099619283,1133.4402640394371,1,1.2987507604125288,1,B,False,False,False,False,False,True
203.97566102947422,3,0,0.0360435970836589,2449.0639268420955,5,0.7811199522772057,0,B,False,True,False,False,False,False
93.50858879559316,1,0,2.354876301353494,2808.334310622616,3,2.016661564563419,0,B,False,False,False,False,True,False
46.66986588004199,18,0,1.12472805477872,1287.6174519505992,4,0.26054947386453786,1,B,False,False,True,False,False,False
47.555876573794926,6,0,20.786465479124153,1153.5296327972371,5,2.3225887558836384,0,B,False,False,False,True,False,False
52.73569428160953,10,0,3.117291773484517,1868.384851352716,1,0.47545551759952204,0,B,False,True,False,False,False,False
35.346105520096984,21,0,1.7710990299298293,729.147757753024,5,0.7615528538641317,0,B,False,False,False,False,True,False
89.88630087680781,14,0,5.032903468685385,6422.734059029474,2,1.6804359153738595,0,B,False,False,False,False,False,True
198.75737567379272,21,1,40.686306618171905,716.2196913431221,1,1.3154493272105034,1,B,False,False,False,False,False,True
15.36400689117456,15,0,4.818752112532431,1008.9819862620402,2,0.8778997798886193,0,B,False,True,False,False,False,False
5.788961099585842,4,0,16.04536608333612,846.9975568094436,3,0.7798776271787475,1,B,False,False,False,False,False,True
57.776512854617714,8,1,26.899706703664478,2332.142201700258,1,0.8188563892543456,0,B,False,False,False,False,True,False
184.24805098217269,0,0,26.48428541074545,10397.46003626237,3,0.983686284925099,0,B,False,False,False,False,True,False
127.72374360680135,12,1,43.15959428580455,3355.810366212294,3,0.39131258494520177,0,B,True,False,False,False,False,False
31.138956592371798,2,0,6.751363791422869,788.422856093209,3,1.1131427933819809,0,B,False,False,False,False,True,False
40.81589400113758,4,0,10.040866972390072,1585.8310401521007,2,1.8292064727639308,0,B,True,False,False,False,False,False
5.591614498314913,22,0,4.068623795643054,1773.615485212749,0,0.8536734855163051,1,B,False,False,True,False,False,False
280.7719092662743,13,0,1.0065731473951933,1068.121405490757,3,0.4296145922668168,0,B,False,False,False,False,False,True
31.80987530518991,4,0,57.37156026551352,597.6994525625342,3,1.1877376169779492,1,B,False,False,True,False,False,False
64.36939761561025,19,0,30.222282690822766,3864.065597777983,7,0.5545015718663895,0,B,False,False,False,False,False,True
38.59101531605877,13,0,5.675705117473264,2834.957967580968,3,1.1024201844358148,0,B,True,False,False,False,False,False
19.643866516459806,20,0,23.402686818644852,4564.861982991919,5,0.6925914116822098,1,B,False,False,False,False,False,True
26.939014531422902,0,0,26.55361461247232,4602.441775855865,3,0.9687167679284913,0,B,False,False,False,False,False,True
30.97482205708567,10,0,4.217663784131898,7135.124343303986,3,0.9984108032147221,0,B,False,False,False,True,False,False
25.093657690858432,4,0,40.72074952174906,1803.3648047219347,2,0.7992321902533093,1,B,False,False,True,False,False,False
127.87582620390542,2,0,5.7954887377094595,1456.9614315969459,4,1.3797409949961568,0,B,False,True,False,False,False,False
132.4691728362268,9,0,12.588943795930389,1463.6129444280568,4,0.6815028838527372,1,B,False,False,True,False,False,False
40.68768369684883,21,0,23.96511697340766,1038.910745795666,4,0.6619715105486371,0,B,True,False,False,False,False,False
63.44776214450743,8,0,13.377308691995955,4173.055195825766,8,0.6706562089670222,0,B,False,False,False,False,False,True
325.2080116211356,14,0,4.506033167403717,526.6451417604511,2,0.4993036317760435,0,B,False,True,False,False,False,False
8.159829911035084,5,0,40.48530281728992,2286.0101192044913,1,0.433421260585936,0,B,False,True,False,False,False,False
345.5155107646508,21,0,0.05181034072216097,554.6102817137555,3,0.8290957638424049,0,B,False,True,False,False,False,False
375.9490733737167,5,0,11.1627699398873,319.99224921749595,1,1.1968412175862093,0,B,False,False,False,True,False,False
140.83498048109422,22,0,0.6867318298495985,341.38875602049853,2,0.7191397052274489,0,B,False,False,False,False,True,False
92.4409381514805,21,0,15.954025712077032,2670.555865627392,1,2.198046633603105,0,B,False,False,False,False,False,True
92.6416852797416,7,1,0.6499860318779195,285.6150454808794,2,0.9795028482956711,0,B,False,False,False,False,False,True
9.361212815760961,1,0,0.8753740022149306,617.2401878038446,4,0.9251021670609354,0,B,False,False,True,False,False,False
110.3791994569814,23,1,10.193331407370255,686.1666816825626,2,1.1226125847190196,0,B,False,True,False,False,False,False
205.12813516420866,3,0,17.46349157757608,286.54437855449623,7,1.479221542945824,0,B,False,False,False,True,False,False
12.2243619312243,1,0,8.196029676558984,394.23165157282483,2,0.7996433966505587,0,B,False,True,False,False,False,False
16.40731793315454,8,0,36.796613969230876,1349.6786517159512,1,1.4581147595099049,1,B,False,False,True,False,False,False
316.4295644615364,4,1,39.26723911375097,1265.9403332325955,6,0.775433279628651,0,B,False,False,False,False,True,False
41.17175984957654,18,0,8.932218153909773,1626.2528233690846,2,2.0364157144650807,1,B,False,False,False,False,False,True
163.23032587864964,18,1,13.82742139718827,3698.981428416304,3,3.0434598124477557,0,B,False,True,False,False,False,False
16.870533404342435,8,0,57.99712811347504,324.98925444502527,2,1.0474795754877255,0,B,False,False,False,False,False,True
121.7789443656355,4,0,25.86817650122938,7389.00926571012,3,0.6258666711355431,0,B,False,False,True,False,False,False
119.03042081275606,15,0,2.163583304607797,639.7198636445887,3,1.0818869921217409,0,B,True,False,False,False,False,False
4.547887981065113,6,0,1.1068924887214693,1037.832462368174,2,1.5253588071235933,0,B,False,False,False,False,True,False
137.70465514341083,1,0,12.636947907624315,750.1833644279955,6,1.9472895825089063,0,B,False,False,False,True,False,False
28.512662936036776,13,0,27.73723516799687,809.7089658874941,2,1.5110932582847643,0,B,False,False,False,False,True,False
81.64049488176445,21,0,21.232011339446224,254.28103878042975,3,1.1072901728955002,0,B,True,False,False,False,False,False
40.626439174099886,0,0,14.774817450353636,886.739594486992,5,1.2519224536460256,0,B,False,False,False,True,False,False
177.15316919350252,7,0,27.018124764883638,1411.0906679556635,4,1.7442385099930071,0,B,False,True,False,False,False,False
209.78919916176824,16,0,2.0919766524755103,1027.5501644992164,4,0.9110261043250154,0,B,True,False,False,False,False,False
301.75018158508345,18,0,9.546725420000946,711.9580234658234,2,1.0703359268377024,0,B,False,False,False,False,True,False
252.39969158881243,5,0,23.362195835798595,1505.5314457363359,2,1.2876787424377452,0,B,False,True,False,False,False,False
195.59420945520796,13,0,2.6136795507626656,897.583677319581,4,1.1645032469612329,0,B,False,False,False,False,True,False
46.53853838436357,7,0,7.012432895323825,3200.991773384586,4,2.1591056058659546,0,B,False,True,False,False,False,False
44.66200536109147,10,0,9.221196796770752,1540.728278210142,1,1.1346106543280625,1,B,False,False,True,False,False,False
30.84477850880061,13,0,1.1694880925077051,1744.0354562576797,3,0.642197870776312,0,B,False,False,True,False,False,False
22.28519464985383,9,0,0.34166963367035214,4641.405548416906,5,1.0063096678071959,0,B,False,False,False,True,False,False
8.386179992932224,16,0,10.627534454628712,1239.3182980221382,2,4.068506334195124,0,B,False,False,False,False,True,False
112.51682318129015,11,0,35.62374782227849,1153.4683328997432,5,0.3846327652289639,0,B,True,False,False,False,False,False
52.88655905850104,3,0,1.6242404342493795,1950.2040289438903,2,1.4661834847581616,0,B,False,False,False,False,True,False
68.02214056458934,18,0,2.0796870115123367,1308.8878861980925,3,0.7311600632326143,0,B,True,False,False,False,False,False
126.30237559875519,16,0,0.8902177609690052,441.6511046386518,2,1.4440227407046329,0,B,False,False,False,True,False,False
57.44640479408179,4,0,6.7449329646233505,1043.544030926187,3,2.34834307852025,0,B,True,False,False,False,False,False
35.20325672395368,23,0,7.512831279414401,674.247912997507,2,0.7621356487425519,0,B,False,True,False,False,False,False
43.328982085784126,13,0,61.40248843341954,1825.4892811168972,6,0.5888369866381107,0,B,False,False,False,False,True,False
26.811218721447077,6,0,25.963657658436517,415.7327139397023,7,1.0933934464404074,0,B,False,False,False,True,False,False
185.47025424804204,2,0,6.8240881230302275,1467.2092549685597,4,2.3157546710275505,0,B,False,False,False,True,False,False
10.862736421831176,4,0,7.188174661769309,148.74713081348605,1,0.9845810316632149,0,B,False,False,False,False,True,False
92.75352239500897,4,0,8.074008399447163,1011.7773328868598,2,4.7358009028743275,0,B,False,False,False,False,False,True
62.397023039266585,7,0,13.38679854494824,2386.286628802518,2,1.8538427207908306,0,B,True,False,False,False,False,False
10.681691847517913,21,0,31.369585309891036,815.9404058521328,2,0.46085223381975854,0,B,False,True,False,False,False,False
43.65813765159432,2,0,3.9112171858106772,2376.372540362815,5,1.2133270977795654,0,B,False,False,False,False,False,True
116.70313615133412,22,0,4.226741120849461,1091.3026450895427,2,2.1548359882843457,1,B,False,False,False,False,False,True
43.385067513765705,0,0,69.75786749733936,3501.6086797276735,1,0.5815890894746832,0,B,True,False,False,False,False,False
21.696731297512276,1,0,10.075567727690444,8770.729311902096,2,1.3698308276636826,0,B,False,True,False,False,False,False
58.197415993842284,6,0,17.302441608707788,4713.968425138698,3,0.9273114792485314,1,B,False,False,True,False,False,False
9.724809556126258,14,0,24.78006325902861,1008.603757159164,2,0.8245578940744688,0,B,False,False,False,False,True,False
27.837970154492965,13,0,10.079610939286173,1126.7000264405801,4,0.5202160583193967,0,B,True,False,False,False,False,False
13.8839477364044,12,0,0.24818358946506522,527.2880595244753,2,1.6220475358839022,0,B,False,False,False,True,False,False
73.4488359274351,11,1,20.77434206807692,2808.925624986482,1,1.110903082805005,0,B,False,False,False,False,True,False
198.9738069668994,17,0,13.12417131854116,3462.480245150672,3,1.1442211695050244,0,B,False,False,False,False,False,True
91.73736996449833,1,0,31.522376686860483,683.6117622489587,4,0.84301207190272,0,B,True,False,False,False,False,False
423.96410106422735,6,0,24.19018391600382,1525.9515064188988,4,1.0777287715692938,1,B,False,False,True,False,False,False
193.15605250295616,9,0,7.5367867271420605,507.0936531266211,3,0.5993560863565175,0,B,False,False,True,False,False,False
19.04942172508087,19,0,0.6530761906107838,249.64152616117485,3,1.273605412516975,0,B,False,False,False,False,True,False
42.95674927355427,22,0,11.969880737231794,4006.684455058673,4,1.0423365286815227,0,B,True,False,False,False,False,False
88.26204570058569,9,0,59.568993905118454,337.85579557312167,1,1.517978440193412,1,B,False,False,False,False,False,True
22.73878995448619,5,0,2.821053795567555,3157.4482291638437,6,1.600958042698862,0,B,False,True,False,False,False,False
96.27126668943906,3,0,10.615627696211344,792.7930770662256,4,1.7967191143354577,0,B,False,False,False,True,False,False
89.34661427288408,7,1,1.9149040422513015,910.4019211068567,5,1.7904464725303553,1,B,False,False,True,False,False,False
77.54180826764707,12,0,42.003805552964835,1631.7497889098952,3,0.9364935184008284,0,B,False,False,False,True,False,False
49.26890875636319,4,1,26.343992311719923,1185.8993203051116,1,0.7612790046152147,1,B,False,False,False,False,False,True
16.51693729194947,7,1,11.556775667374318,1819.1772055096326,3,1.56454968342583,0,B,False,False,False,False,True,False
89.00955127116448,7,0,15.271867587099056,423.8653812525744,6,0.8535116068830935,1,B,False,False,False,False,False,True
59.88705227983626,8,0,15.572310703541183,1053.7942121236656,1,1.768067464161424,0,B,False,False,True,False,False,False
22.399779539074185,13,0,46.134969191340886,1246.0338047808004,4,0.5450748453054387,0,B,False,False,False,False,True,False
58.58404055001518,10,0,53.053273209630895,985.4087835565816,1,0.6801920884152988,0,B,False,False,False,True,False,False
35.52799723147615,22,0,16.41519417795828,798.1510533488606,2,1.2335848556593296,0,B,False,False,True,False,False,False
99.00684070437721,9,0,5.222323501981407,2845.2650324155275,2,2.570229083872558,0,B,False,False,False,False,True,False
99.87748842951726,6,0,15.302719905818819,1372.7121214616516,1,0.7628164775837374,0,B,False,False,False,False,True,False
29.03055342304108,12,0,12.177935173325102,685.5560505451366,4,1.4883973104247794,0,B,False,False,False,True,False,False
51.48416130932498,21,1,23.339851636423106,590.0175822055879,6,1.0292482540698968,0,B,True,False,False,False,False,False
30.783563091607345,8,0,29.83560921604904,197.80841355724175,1,1.0200699040673045,1,B,False,False,False,False,False,True
308.81529721918884,7,1,15.22674920077495,866.7122372153021,7,0.9997209501549035,0,B,True,False,False,False,False,False
36.74067177664306,16,0,10.911693744221973,1129.2160592713221,4,1.6879823687385584,0,B,True,False,False,False,False,False
77.64525179869179,23,0,29.166843646805468,277.764524236908,2,0.9007037397576148,0,B,True,False,False,False,False,False
478.1451903397791,13,0,8.867415645918047,1447.466784400725,8,1.0744933892520627,0,B,True,False,False,False,False,False
2.659976431800954,17,1,9.72710738889934,616.543057244898,4,1.8602030538658505,1,B,False,False,False,False,False,True
118.2777819224454,8,0,0.25937492590074707,497.1209062326429,3,1.4811371188294944,0,B,True,False,False,False,False,False
101.04420601557041,21,0,1.1188414642142654,599.9098399369037,3,1.5295508406547786,0,B,False,False,False,False,False,True
26.16293192050132,20,0,8.420841383896432,802.4677777130424,3,1.2208831687844672,1,B,False,False,True,False,False,False
10.468541755840473,22,0,0.11460925807036963,244.41480738088921,1,0.7315021703538425,0,B,False,False,False,False,True,False
31.998489432420847,14,1,3.4121487583400762,1435.6133601464735,4,0.7763601656004008,0,B,False,True,False,False,False,False
39.477776587958026,15,0,17.07225759316929,1914.324333059475,3,2.2826418518763916,0,B,False,True,False,False,False,False
81.46948876022502,19,0,14.867472747700532,1672.0876619185863,1,0.9199703754886726,0,B,False,False,False,True,False,False
10.498621810916289,8,0,12.549695669373072,498.5856814694585,4,0.5531691386939965,0,B,False,False,False,False,True,False
17.09215838662956,9,0,26.155146485068663,759.8805769586519,3,1.3018811705745077,1,B,False,False,True,False,False,False
30.940229876598742,13,0,6.726350765005791,543.7276118844925,3,1.187180992291965,0,B,False,False,False,False,True,False
619.1270673134298,11,0,16.176769695349893,6231.2551786581525,2,0.4831824994531798,0,B,False,False,False,True,False,False
34.76939458425539,7,0,15.515399620955783,685.1843416293474,4,0.5550291579980692,0,B,False,True,False,False,False,False
20.821108508110118,16,0,16.147158936509964,7947.670555975852,3,0.7724536536296067,1,B,False,False,True,False,False,False
141.35452803753375,16,0,16.8087172755836,539.4658351587827,5,0.5556626050044954,0,B,True,False,False,False,False,False
7.734078597465394,18,0,24.31950862302296,1240.6853406563998,4,0.6913275997231367,0,B,True,False,False,False,False,False
19.173274047219934,23,0,14.058541620907345,1151.5368002036387,3,0.5541353652857018,0,B,False,True,False,False,False,False
5.052869010732883,23,0,31.33201845343923,1109.6390956950897,5,3.208916221798868,1,B,False,False,False,False,False,True
48.89996341436263,17,0,8.37017962091591,2277.1479880609068,6,2.005981456882594,0,B,False,False,False,True,False,False
27.281765901631406,12,0,54.43322114431107,791.9257679988023,4,0.9198253771509078,1,B,False,True,False,False,False,False
268.92023555905666,16,1,0.5129157262196041,3984.2124090875996,0,0.8783305688288333,1,B,False,False,True,False,False,False
69.44980485511863,3,0,2.159473015203681,646.5276634712536,1,1.2420372882695951,0,B,False,False,False,False,True,False
50.57619194625673,17,0,1.3113554683371293,575.2960169281536,3,0.9590795304126173,0,B,False,False,False,True,False,False
16.399558889782814,20,0,8.651175072441546,499.9918390276552,3,1.3771461724169713,0,B,False,True,False,False,False,False
39.89028483658683,22,1,13.29673257145355,512.8556623780086,2,0.8306450859895815,0,B,False,False,False,False,False,True
164.6868559878704,9,1,8.76572827304474,2207.7633917440967,1,1.2852794326406536,0,B,False,True,False,False,False,False
17.34973404227329,9,1,3.538525231781154,1320.6612299047904,3,0.9498565237875817,0,B,True,False,False,False,False,False
154.48710408524374,4,0,3.9603088219807088,1985.1494672658334,1,0.5458407603633232,1,B,False,False,True,False,False,False
13.84126486547914,0,0,24.69023925792084,290.7016103538979,4,1.4095809460671402,1,B,False,False,False,False,False,True
41.95993930867093,13,1,0.8236548651022947,2004.3560581174822,3,1.103064873409192,0,B,True,False,False,False,False,False
129.99775559271123,9,0,71.52896560998255,5149.466518939621,3,1.0626921049731923,1,B,False,False,False,False,False,True
114.22013237893648,4,0,19.132606170132476,1065.3735300343071,2,1.1437092146332977,0,B,False,False,False,True,False,False
19.174323374779817,21,1,38.111486353099195,528.7230959943541,4,0.5465880928607119,1,B,False,False,True,False,False,False
27.018667013442357,8,0,3.0284958626860106,655.9385446820072,2,2.1631470842290814,0,B,False,False,True,False,False,False
49.57911757319025,16,0,12.287726130641186,514.4584389624353,4,2.1667110474060687,1,B,False,False,False,False,False,True
445.64172628272433,18,0,11.29220126943124,510.1859494780879,2,0.7421053006037805,0,B,False,False,False,False,True,False
422.8008167478042,4,1,14.545830960394941,3765.8660384394293,2,1.3232329569637185,0,B,False,False,False,False,True,False
214.79356757304575,0,0,22.554641324480073,8305.012594004134,4,1.2255244273259267,0,B,False,False,False,True,False,False
157.2540015044148,6,1,18.76332827698767,880.9778426847018,3,0.6757002487098831,0,B,False,False,False,True,False,False
10.733559536351942,0,0,7.48759731293797,1022.0599026673502,2,1.9123438108817439,0,B,False,False,False,True,False,False
236.26090892179934,9,0,30.522498591722865,883.8848708846825,2,2.563709995361546,0,B,False,False,False,True,False,False
14.982947875761118,2,0,0.21527909181107002,306.1194633941364,4,0.7498956198452292,1,B,False,False,False,False,False,True
16.89541363525583,16,0,4.380082289719203,741.2596421212318,1,1.02176925088077,0,B,False,False,False,True,False,False
81.87259071913789,22,0,10.99280594010911,988.9763980466896,2,0.9190853608295412,0,B,True,False,False,False,False,False
55.19357674483898,9,0,29.399967001277673,166.5603175647664,2,1.8412796306576613,0,B,False,False,False,False,True,False
53.375817011719995,8,0,7.63515512137538,296.31420569258665,2,2.031724221721156,0,B,False,True,False,False,False,False
12.071677025406961,8,0,22.44392985874132,1905.0879314526605,3,0.4950512655005686,0,B,True,False,False,False,False,False
34.63537517281497,10,0,4.62039305102353,2038.627538913832,6,0.3964872590872754,0,B,True,False,False,False,False,False
11.652704184275128,12,0,52.27337879681811,1541.3636433971224,2,0.998964525583224,0,B,False,False,False,False,True,False
214.06453577600226,8,0,0.23363869933412074,791.3854765670586,5,1.286768021183433,0,B,False,False,False,True,False,False
5.286688038398528,20,0,2.91902423300845,620.0719233055335,3,0.8356838223003676,0,B,False,False,False,False,False,True
110.51179796057606,11,0,0.33231879872969655,597.535082740218,0,1.0924059917016007,1,B,False,False,True,False,False,False
34.182819677353514,6,0,0.2593065951655496,865.6124941865534,3,1.1052932085968459,0,B,False,True,False,False,False,False
10.645769664912104,21,0,35.42258840142608,390.551465329657,2,0.8406855877177842,0,B,False,True,False,False,False,False
106.76481608683233,21,0,4.842370492321965,1631.6126035226976,4,1.2478299062399092,0,B,True,False,False,False,False,False
130.93949041133888,2,0,4.003835104512725,2216.596926574557,3,1.006390934619766,0,B,False,False,False,True,False,False
38.75855094166914,11,0,4.661652100546973,3020.8987826565008,3,1.076489101055512,0,B,False,False,False,True,False,False
295.54071862238675,12,0,24.354490336101183,3654.5996879893783,2,0.9677984778438857,0,B,False,True,False,False,False,False
23.47332649955769,21,0,5.604830948589511,109.12783138395505,0,1.9904002585478295,0,B,True,False,False,False,False,False
254.28274220964633,9,0,13.48792964415912,3070.7532156646002,0,1.2259473667680112,1,B,False,False,False,False,False,True
224.5618093673903,5,0,29.31654177301025,1406.9685472271578,2,0.8337007159858116,0,B,False,True,False,False,False,False
6.8548755306459235,20,0,5.757898409732784,497.20234747430084,1,1.2691981454686827,0,B,True,False,False,False,False,False
907.1738226284516,19,0,2.363978657018567,645.5811971356217,4,0.9952854803112259,0,B,False,False,False,False,False,True
70.25395810167535,4,0,1.047933832764383,795.3878650698382,1,1.3455686719803641,0,B,False,False,False,False,True,False
99.45844129749237,22,1,12.42855099943299,457.97240962844336,2,1.4461200160461514,0,B,False,False,False,True,False,False
11.369533492238645,12,0,13.96450358738908,841.5141649091462,2,1.4575434038089672,0,B,True,False,False,False,False,False
492.55393571818485,19,0,30.724413388602557,804.9320004626163,5,2.130622005918222,0,B,False,False,False,False,False,True
50.05324194819978,19,0,9.623811521450993,312.2810206254909,2,1.1338478018006841,0,B,False,True,False,False,False,False
26.938214913419447,8,0,30.287351588063117,1376.4427365976073,1,1.5100592127026833,1,B,False,False,False,False,True,False
69.1571704872992,8,0,10.838202294956725,2940.135469279579,3,1.0037958499351818,0,B,False,True,False,False,False,False
40.41983741366919,6,0,13.381944109653425,898.6656757837598,2,1.0874732721438507,0,B,True,False,False,False,False,False
103.5020691057388,6,0,11.569576925277069,1235.067925344966,4,1.0727092701434016,0,B,False,False,False,False,True,False
15.273472279815012,0,0,5.359018592227227,743.1715842051036,6,0.8922300100878603,1,B,False,False,True,False,False,False
237.41548332338726,17,0,27.835983171217652,1723.4143310399277,3,0.9414379353287224,0,B,False,False,False,False,True,False
292.3278992778889,11,0,32.352233750863796,2283.112320757695,3,0.7859951788662407,0,B,True,False,False,False,False,False
84.55342232325764,13,0,28.300093258738077,837.8915973416283,3,1.6343601816133577,0,B,False,False,False,False,False,True
113.64170735934529,14,0,1.7029113504222937,845.9297137069756,6,0.937969008082906,1,B,False,False,True,False,False,False
12.81932717932843,2,1,16.47168672908426,2089.376894751962,5,1.3872272131584542,0,B,True,False,False,False,False,False
14.158145072549178,2,0,8.807230570422686,960.7508991025918,4,1.0460526878025105,0,B,False,False,False,False,True,False
51.388488938489175,18,0,1.543051313756959,222.60292166708356,1,0.6699789016141965,0,B,False,False,False,False,True,False
17.27688784086821,8,0,0.9570138806512729,918.5100015732293,3,0.6223486658491978,1,B,False,False,False,False,False,True
1.5668498100675818,17,0,17.95220443242254,1068.533049120995,2,1.982380935089723,0,B,False,False,False,True,False,False
97.38804795264147,0,0,7.603440705892021,633.7952307164223,4,0.6693911348919225,0,B,False,False,False,True,False,False
383.95711802321074,16,1,7.222428159671612,1049.7620984073396,5,0.5948082361300652,0,B,True,False,False,False,False,False
102.72033873969767,21,0,3.594331417569582,2593.185585914964,2,1.3746067809064888,0,B,True,False,False,False,False,False
